ISO-10303-21;
HEADER;
FILE_DESCRIPTION(('Open CASCADE Model'),'2;1');
FILE_NAME('Open CASCADE Shape Model','2026-09-03T00:40:24',('Author'),(
    'Open CASCADE'),'Open CASCADE STEP processor 7.9','Open CASCADE 7.9'
  ,'Unknown');
FILE_SCHEMA(('AUTOMOTIVE_DESIGN { 1 0 10303 214 1 1 1 1 }'));
ENDSEC;
DATA;
#1 = APPLICATION_PROTOCOL_DEFINITION('international standard',
  'automotive_design',2000,#2);
#2 = APPLICATION_CONTEXT(
  'core data for automotive mechanical design processes');
#3 = SHAPE_DEFINITION_REPRESENTATION(#4,#10);
#4 = PRODUCT_DEFINITION_SHAPE('','',#5);
#5 = PRODUCT_DEFINITION('design','',#6,#9);
#6 = PRODUCT_DEFINITION_FORMATION('','',#7);
#7 = PRODUCT('Open CASCADE STEP translator 7.9 2',
  'Open CASCADE STEP translator 7.9 2','',(#8));
#8 = PRODUCT_CONTEXT('',#2,'mechanical');
#9 = PRODUCT_DEFINITION_CONTEXT('part definition',#2,'design');
#10 = ADVANCED_BREP_SHAPE_REPRESENTATION('',(#11,#15),#18393);
#11 = AXIS2_PLACEMENT_3D('',#12,#13,#14);
#12 = CARTESIAN_POINT('',(0.,0.,0.));
#13 = DIRECTION('',(0.,0.,1.));
#14 = DIRECTION('',(1.,0.,-0.));
#15 = MANIFOLD_SOLID_BREP('',#16);
#16 = CLOSED_SHELL('',(#17,#139,#215,#371,#397,#709,#899,#1071,#1147,
    #1391,#1467,#1548,#1634,#1705,#1759,#1840,#1916,#2135,#2211,#2282,
    #2358,#2429,#2456,#2510,#2581,#2608,#2655,#2914,#2990,#3061,#3088,
    #3115,#3122,#3198,#3269,#3296,#3323,#3330,#3357,#3392,#3419,#3426,
    #3581,#3657,#3766,#3793,#3820,#3927,#3962,#4124,#4151,#4262,#4266,
    #4293,#4305,#4377,#4426,#4473,#4499,#4550,#4576,#4610,#4618,#8827,
    #9598,#9646,#9746,#9817,#9843,#9894,#9920,#9971,#9997,#10006,#10128,
    #10199,#10225,#10276,#10302,#10353,#10379,#10408,#10414,#10495,
    #10572,#10597,#10628,#10709,#10786,#10811,#10842,#10850,#10926,
    #14355,#14382,#14409,#14436,#14463,#14490,#14517,#14544,#14571,
    #14598,#14625,#14652,#14679,#14706,#14733,#14760,#14787,#14814,
    #14841,#14868,#14895,#14922,#14949,#14976,#15003,#15030,#15057,
    #15084,#15111,#15138,#15165,#15192,#15219,#15246,#15273,#15300,
    #15327,#15354,#15381,#15408,#15435,#15462,#15489,#15516,#15543,
    #15570,#15597,#15624,#15651,#15678,#15705,#15732,#15759,#15786,
    #15813,#15840,#15867,#15894,#15921,#15948,#15975,#16002,#16029,
    #16056,#16083,#16110,#16137,#16164,#16191,#16218,#16245,#16272,
    #16299,#16326,#16353,#16380,#16407,#16434,#16461,#16488,#16515,
    #16542,#16569,#16596,#16623,#16650,#16677,#16704,#16731,#16758,
    #16785,#16812,#16839,#16866,#16893,#16920,#16947,#16974,#17001,
    #17028,#17055,#17082,#17109,#17136,#17163,#17190,#17217,#17244,
    #17271,#17298,#17325,#17352,#17379,#17406,#17433,#17460,#17487,
    #17514,#17541,#17568,#17595,#17622,#17649,#17676,#17703,#17730,
    #17757,#17784,#17811,#17838,#17865,#17892,#17919,#17946,#17973,
    #18000,#18027,#18054,#18081,#18108,#18135,#18162,#18189,#18216,
    #18243,#18270,#18297,#18324,#18351,#18358,#18386));
#17 = ADVANCED_FACE('',(#18),#33,.T.);
#18 = FACE_BOUND('',#19,.F.);
#19 = EDGE_LOOP('',(#20,#56,#82,#115));
#20 = ORIENTED_EDGE('',*,*,#21,.F.);
#21 = EDGE_CURVE('',#22,#24,#26,.T.);
#22 = VERTEX_POINT('',#23);
#23 = CARTESIAN_POINT('',(50.165750888103,6.5,36.2));
#24 = VERTEX_POINT('',#25);
#25 = CARTESIAN_POINT('',(50.165750888103,-6.5,36.2));
#26 = SURFACE_CURVE('',#27,(#32,#44),.PCURVE_S1.);
#27 = CIRCLE('',#28,16.5);
#28 = AXIS2_PLACEMENT_3D('',#29,#30,#31);
#29 = CARTESIAN_POINT('',(35.,0.,36.2));
#30 = DIRECTION('',(0.,0.,1.));
#31 = DIRECTION('',(0.919136417461,0.393939393939,-0.));
#32 = PCURVE('',#33,#38);
#33 = CYLINDRICAL_SURFACE('',#34,16.5);
#34 = AXIS2_PLACEMENT_3D('',#35,#36,#37);
#35 = CARTESIAN_POINT('',(35.,0.,36.2));
#36 = DIRECTION('',(-1.110223024625E-16,-0.,-1.));
#37 = DIRECTION('',(0.,1.,0.));
#38 = DEFINITIONAL_REPRESENTATION('',(#39),#43);
#39 = LINE('',#40,#41);
#40 = CARTESIAN_POINT('',(-5.117302629873,0.));
#41 = VECTOR('',#42,1.);
#42 = DIRECTION('',(-1.,0.));
#43 = ( GEOMETRIC_REPRESENTATION_CONTEXT(2)
PARAMETRIC_REPRESENTATION_CONTEXT() REPRESENTATION_CONTEXT('2D SPACE',''
  ) );
#44 = PCURVE('',#45,#50);
#45 = PLANE('',#46);
#46 = AXIS2_PLACEMENT_3D('',#47,#48,#49);
#47 = CARTESIAN_POINT('',(35.,-9.945019145741E-16,36.2));
#48 = DIRECTION('',(1.110223024625E-16,0.,1.));
#49 = DIRECTION('',(-1.,0.,1.110223024625E-16));
#50 = DEFINITIONAL_REPRESENTATION('',(#51),#55);
#51 = CIRCLE('',#52,16.5);
#52 = AXIS2_PLACEMENT_2D('',#53,#54);
#53 = CARTESIAN_POINT('',(0.,-9.945019145741E-16));
#54 = DIRECTION('',(-0.919136417461,-0.393939393939));
#55 = ( GEOMETRIC_REPRESENTATION_CONTEXT(2)
PARAMETRIC_REPRESENTATION_CONTEXT() REPRESENTATION_CONTEXT('2D SPACE',''
  ) );
#56 = ORIENTED_EDGE('',*,*,#57,.F.);
#57 = EDGE_CURVE('',#58,#22,#60,.T.);
#58 = VERTEX_POINT('',#59);
#59 = CARTESIAN_POINT('',(50.165750888103,6.5,40.));
#60 = SURFACE_CURVE('',#61,(#65,#71),.PCURVE_S1.);
#61 = LINE('',#62,#63);
#62 = CARTESIAN_POINT('',(50.165750888103,6.5,36.2));
#63 = VECTOR('',#64,1.);
#64 = DIRECTION('',(-1.110223024625E-16,-0.,-1.));
#65 = PCURVE('',#33,#66);
#66 = DEFINITIONAL_REPRESENTATION('',(#67),#70);
#67 = B_SPLINE_CURVE_WITH_KNOTS('',1,(#68,#69),.UNSPECIFIED.,.F.,.F.,(2,
    2),(-3.8,2.99767143984E-29),.PIECEWISE_BEZIER_KNOTS.);
#68 = CARTESIAN_POINT('',(-5.117302629873,-3.8));
#69 = CARTESIAN_POINT('',(-5.117302629873,-1.68373658217E-15));
#70 = ( GEOMETRIC_REPRESENTATION_CONTEXT(2)
PARAMETRIC_REPRESENTATION_CONTEXT() REPRESENTATION_CONTEXT('2D SPACE',''
  ) );
#71 = PCURVE('',#72,#77);
#72 = PLANE('',#73);
#73 = AXIS2_PLACEMENT_3D('',#74,#75,#76);
#74 = CARTESIAN_POINT('',(67.,6.5,36.2));
#75 = DIRECTION('',(0.,-1.,0.));
#76 = DIRECTION('',(-1.,0.,0.));
#77 = DEFINITIONAL_REPRESENTATION('',(#78),#81);
#78 = B_SPLINE_CURVE_WITH_KNOTS('',1,(#79,#80),.UNSPECIFIED.,.F.,.F.,(2,
    2),(-3.8000006,5.999999999062E-07),.PIECEWISE_BEZIER_KNOTS.);
#79 = CARTESIAN_POINT('',(16.834249111897,-3.8000006));
#80 = CARTESIAN_POINT('',(16.834249111897,5.999999999062E-07));
#81 = ( GEOMETRIC_REPRESENTATION_CONTEXT(2)
PARAMETRIC_REPRESENTATION_CONTEXT() REPRESENTATION_CONTEXT('2D SPACE',''
  ) );
#82 = ORIENTED_EDGE('',*,*,#83,.F.);
#83 = EDGE_CURVE('',#84,#58,#86,.T.);
#84 = VERTEX_POINT('',#85);
#85 = CARTESIAN_POINT('',(50.165750888103,-6.5,40.));
#86 = SURFACE_CURVE('',#87,(#92,#99),.PCURVE_S1.);
#87 = CIRCLE('',#88,16.5);
#88 = AXIS2_PLACEMENT_3D('',#89,#90,#91);
#89 = CARTESIAN_POINT('',(35.,0.,40.));
#90 = DIRECTION('',(0.,-0.,-1.));
#91 = DIRECTION('',(0.919136417461,-0.393939393939,0.));
#92 = PCURVE('',#33,#93);
#93 = DEFINITIONAL_REPRESENTATION('',(#94),#98);
#94 = LINE('',#95,#96);
#95 = CARTESIAN_POINT('',(-10.59066063807,-3.8));
#96 = VECTOR('',#97,1.);
#97 = DIRECTION('',(1.,-0.));
#98 = ( GEOMETRIC_REPRESENTATION_CONTEXT(2)
PARAMETRIC_REPRESENTATION_CONTEXT() REPRESENTATION_CONTEXT('2D SPACE',''
  ) );
#99 = PCURVE('',#100,#105);
#100 = PLANE('',#101);
#101 = AXIS2_PLACEMENT_3D('',#102,#103,#104);
#102 = CARTESIAN_POINT('',(35.,-9.945019145741E-16,40.));
#103 = DIRECTION('',(1.110223024625E-16,0.,1.));
#104 = DIRECTION('',(-1.,0.,1.110223024625E-16));
#105 = DEFINITIONAL_REPRESENTATION('',(#106),#114);
#106 = ( BOUNDED_CURVE() B_SPLINE_CURVE(2,(#107,#108,#109,#110,#111,#112
,#113),.UNSPECIFIED.,.T.,.F.) B_SPLINE_CURVE_WITH_KNOTS((1,2,2,2,2,1),(
    -2.094395102393,0.,2.094395102393,4.188790204786,6.28318530718,
8.377580409573),.UNSPECIFIED.) CURVE() GEOMETRIC_REPRESENTATION_ITEM()
RATIONAL_B_SPLINE_CURVE((1.,0.5,1.,0.5,1.,0.5,1.)) REPRESENTATION_ITEM(
  '') );
#107 = CARTESIAN_POINT('',(-15.1657508881,6.5));
#108 = CARTESIAN_POINT('',(-3.907420638905,32.767851073127));
#109 = CARTESIAN_POINT('',(13.21204056865,9.883925536564));
#110 = CARTESIAN_POINT('',(30.331501776206,-13.));
#111 = CARTESIAN_POINT('',(1.953710319453,-16.38392553656));
#112 = CARTESIAN_POINT('',(-26.4240811373,-19.76785107312));
#113 = CARTESIAN_POINT('',(-15.1657508881,6.5));
#114 = ( GEOMETRIC_REPRESENTATION_CONTEXT(2)
PARAMETRIC_REPRESENTATION_CONTEXT() REPRESENTATION_CONTEXT('2D SPACE',''
  ) );
#115 = ORIENTED_EDGE('',*,*,#116,.T.);
#116 = EDGE_CURVE('',#84,#24,#117,.T.);
#117 = SURFACE_CURVE('',#118,(#122,#128),.PCURVE_S1.);
#118 = LINE('',#119,#120);
#119 = CARTESIAN_POINT('',(50.165750888103,-6.5,36.2));
#120 = VECTOR('',#121,1.);
#121 = DIRECTION('',(-1.110223024625E-16,-0.,-1.));
#122 = PCURVE('',#33,#123);
#123 = DEFINITIONAL_REPRESENTATION('',(#124),#127);
#124 = B_SPLINE_CURVE_WITH_KNOTS('',1,(#125,#126),.UNSPECIFIED.,.F.,.F.,
  (2,2),(-3.8,-2.366582715663E-30),.PIECEWISE_BEZIER_KNOTS.);
#125 = CARTESIAN_POINT('',(-10.59066063807,-3.8));
#126 = CARTESIAN_POINT('',(-10.59066063807,-1.68373658217E-15));
#127 = ( GEOMETRIC_REPRESENTATION_CONTEXT(2)
PARAMETRIC_REPRESENTATION_CONTEXT() REPRESENTATION_CONTEXT('2D SPACE',''
  ) );
#128 = PCURVE('',#129,#134);
#129 = PLANE('',#130);
#130 = AXIS2_PLACEMENT_3D('',#131,#132,#133);
#131 = CARTESIAN_POINT('',(35.,-6.5,36.2));
#132 = DIRECTION('',(0.,1.,0.));
#133 = DIRECTION('',(1.,0.,0.));
#134 = DEFINITIONAL_REPRESENTATION('',(#135),#138);
#135 = B_SPLINE_CURVE_WITH_KNOTS('',1,(#136,#137),.UNSPECIFIED.,.F.,.F.,
  (2,2),(-3.8000006,5.999999999062E-07),.PIECEWISE_BEZIER_KNOTS.);
#136 = CARTESIAN_POINT('',(15.165750888103,-3.8000006));
#137 = CARTESIAN_POINT('',(15.165750888103,5.999999999062E-07));
#138 = ( GEOMETRIC_REPRESENTATION_CONTEXT(2)
PARAMETRIC_REPRESENTATION_CONTEXT() REPRESENTATION_CONTEXT('2D SPACE',''
  ) );
#139 = ADVANCED_FACE('',(#140),#129,.F.);
#140 = FACE_BOUND('',#141,.F.);
#141 = EDGE_LOOP('',(#142,#165,#166,#189));
#142 = ORIENTED_EDGE('',*,*,#143,.F.);
#143 = EDGE_CURVE('',#24,#144,#146,.T.);
#144 = VERTEX_POINT('',#145);
#145 = CARTESIAN_POINT('',(67.,-6.5,36.2));
#146 = SURFACE_CURVE('',#147,(#151,#158),.PCURVE_S1.);
#147 = LINE('',#148,#149);
#148 = CARTESIAN_POINT('',(35.,-6.5,36.2));
#149 = VECTOR('',#150,1.);
#150 = DIRECTION('',(1.,0.,0.));
#151 = PCURVE('',#129,#152);
#152 = DEFINITIONAL_REPRESENTATION('',(#153),#157);
#153 = LINE('',#154,#155);
#154 = CARTESIAN_POINT('',(0.,0.));
#155 = VECTOR('',#156,1.);
#156 = DIRECTION('',(1.,0.));
#157 = ( GEOMETRIC_REPRESENTATION_CONTEXT(2)
PARAMETRIC_REPRESENTATION_CONTEXT() REPRESENTATION_CONTEXT('2D SPACE',''
  ) );
#158 = PCURVE('',#45,#159);
#159 = DEFINITIONAL_REPRESENTATION('',(#160),#164);
#160 = LINE('',#161,#162);
#161 = CARTESIAN_POINT('',(0.,6.5));
#162 = VECTOR('',#163,1.);
#163 = DIRECTION('',(-1.,0.));
#164 = ( GEOMETRIC_REPRESENTATION_CONTEXT(2)
PARAMETRIC_REPRESENTATION_CONTEXT() REPRESENTATION_CONTEXT('2D SPACE',''
  ) );
#165 = ORIENTED_EDGE('',*,*,#116,.F.);
#166 = ORIENTED_EDGE('',*,*,#167,.T.);
#167 = EDGE_CURVE('',#84,#168,#170,.T.);
#168 = VERTEX_POINT('',#169);
#169 = CARTESIAN_POINT('',(67.,-6.5,40.));
#170 = SURFACE_CURVE('',#171,(#175,#182),.PCURVE_S1.);
#171 = LINE('',#172,#173);
#172 = CARTESIAN_POINT('',(35.,-6.5,40.));
#173 = VECTOR('',#174,1.);
#174 = DIRECTION('',(1.,0.,0.));
#175 = PCURVE('',#129,#176);
#176 = DEFINITIONAL_REPRESENTATION('',(#177),#181);
#177 = LINE('',#178,#179);
#178 = CARTESIAN_POINT('',(0.,-3.8));
#179 = VECTOR('',#180,1.);
#180 = DIRECTION('',(1.,0.));
#181 = ( GEOMETRIC_REPRESENTATION_CONTEXT(2)
PARAMETRIC_REPRESENTATION_CONTEXT() REPRESENTATION_CONTEXT('2D SPACE',''
  ) );
#182 = PCURVE('',#100,#183);
#183 = DEFINITIONAL_REPRESENTATION('',(#184),#188);
#184 = LINE('',#185,#186);
#185 = CARTESIAN_POINT('',(0.,6.5));
#186 = VECTOR('',#187,1.);
#187 = DIRECTION('',(-1.,0.));
#188 = ( GEOMETRIC_REPRESENTATION_CONTEXT(2)
PARAMETRIC_REPRESENTATION_CONTEXT() REPRESENTATION_CONTEXT('2D SPACE',''
  ) );
#189 = ORIENTED_EDGE('',*,*,#190,.F.);
#190 = EDGE_CURVE('',#144,#168,#191,.T.);
#191 = SURFACE_CURVE('',#192,(#196,#203),.PCURVE_S1.);
#192 = LINE('',#193,#194);
#193 = CARTESIAN_POINT('',(67.,-6.5,36.2));
#194 = VECTOR('',#195,1.);
#195 = DIRECTION('',(0.,0.,1.));
#196 = PCURVE('',#129,#197);
#197 = DEFINITIONAL_REPRESENTATION('',(#198),#202);
#198 = LINE('',#199,#200);
#199 = CARTESIAN_POINT('',(32.,0.));
#200 = VECTOR('',#201,1.);
#201 = DIRECTION('',(0.,-1.));
#202 = ( GEOMETRIC_REPRESENTATION_CONTEXT(2)
PARAMETRIC_REPRESENTATION_CONTEXT() REPRESENTATION_CONTEXT('2D SPACE',''
  ) );
#203 = PCURVE('',#204,#209);
#204 = PLANE('',#205);
#205 = AXIS2_PLACEMENT_3D('',#206,#207,#208);
#206 = CARTESIAN_POINT('',(67.,-6.5,36.2));
#207 = DIRECTION('',(-1.,0.,0.));
#208 = DIRECTION('',(0.,1.,0.));
#209 = DEFINITIONAL_REPRESENTATION('',(#210),#214);
#210 = LINE('',#211,#212);
#211 = CARTESIAN_POINT('',(0.,0.));
#212 = VECTOR('',#213,1.);
#213 = DIRECTION('',(0.,-1.));
#214 = ( GEOMETRIC_REPRESENTATION_CONTEXT(2)
PARAMETRIC_REPRESENTATION_CONTEXT() REPRESENTATION_CONTEXT('2D SPACE',''
  ) );
#215 = ADVANCED_FACE('',(#216),#204,.F.);
#216 = FACE_BOUND('',#217,.F.);
#217 = EDGE_LOOP('',(#218,#241,#242,#265,#297,#323,#350));
#218 = ORIENTED_EDGE('',*,*,#219,.F.);
#219 = EDGE_CURVE('',#144,#220,#222,.T.);
#220 = VERTEX_POINT('',#221);
#221 = CARTESIAN_POINT('',(67.,6.5,36.2));
#222 = SURFACE_CURVE('',#223,(#227,#234),.PCURVE_S1.);
#223 = LINE('',#224,#225);
#224 = CARTESIAN_POINT('',(67.,-6.5,36.2));
#225 = VECTOR('',#226,1.);
#226 = DIRECTION('',(0.,1.,0.));
#227 = PCURVE('',#204,#228);
#228 = DEFINITIONAL_REPRESENTATION('',(#229),#233);
#229 = LINE('',#230,#231);
#230 = CARTESIAN_POINT('',(0.,0.));
#231 = VECTOR('',#232,1.);
#232 = DIRECTION('',(1.,0.));
#233 = ( GEOMETRIC_REPRESENTATION_CONTEXT(2)
PARAMETRIC_REPRESENTATION_CONTEXT() REPRESENTATION_CONTEXT('2D SPACE',''
  ) );
#234 = PCURVE('',#45,#235);
#235 = DEFINITIONAL_REPRESENTATION('',(#236),#240);
#236 = LINE('',#237,#238);
#237 = CARTESIAN_POINT('',(-32.,6.5));
#238 = VECTOR('',#239,1.);
#239 = DIRECTION('',(0.,-1.));
#240 = ( GEOMETRIC_REPRESENTATION_CONTEXT(2)
PARAMETRIC_REPRESENTATION_CONTEXT() REPRESENTATION_CONTEXT('2D SPACE',''
  ) );
#241 = ORIENTED_EDGE('',*,*,#190,.T.);
#242 = ORIENTED_EDGE('',*,*,#243,.T.);
#243 = EDGE_CURVE('',#168,#244,#246,.T.);
#244 = VERTEX_POINT('',#245);
#245 = CARTESIAN_POINT('',(67.,-6.407195485179,40.));
#246 = SURFACE_CURVE('',#247,(#251,#258),.PCURVE_S1.);
#247 = LINE('',#248,#249);
#248 = CARTESIAN_POINT('',(67.,-6.5,40.));
#249 = VECTOR('',#250,1.);
#250 = DIRECTION('',(0.,1.,0.));
#251 = PCURVE('',#204,#252);
#252 = DEFINITIONAL_REPRESENTATION('',(#253),#257);
#253 = LINE('',#254,#255);
#254 = CARTESIAN_POINT('',(0.,-3.8));
#255 = VECTOR('',#256,1.);
#256 = DIRECTION('',(1.,0.));
#257 = ( GEOMETRIC_REPRESENTATION_CONTEXT(2)
PARAMETRIC_REPRESENTATION_CONTEXT() REPRESENTATION_CONTEXT('2D SPACE',''
  ) );
#258 = PCURVE('',#100,#259);
#259 = DEFINITIONAL_REPRESENTATION('',(#260),#264);
#260 = LINE('',#261,#262);
#261 = CARTESIAN_POINT('',(-32.,6.5));
#262 = VECTOR('',#263,1.);
#263 = DIRECTION('',(0.,-1.));
#264 = ( GEOMETRIC_REPRESENTATION_CONTEXT(2)
PARAMETRIC_REPRESENTATION_CONTEXT() REPRESENTATION_CONTEXT('2D SPACE',''
  ) );
#265 = ORIENTED_EDGE('',*,*,#266,.F.);
#266 = EDGE_CURVE('',#267,#244,#269,.T.);
#267 = VERTEX_POINT('',#268);
#268 = CARTESIAN_POINT('',(67.,-6.490675449434,38.448040529408));
#269 = SURFACE_CURVE('',#270,(#275,#282),.PCURVE_S1.);
#270 = ELLIPSE('',#271,173.43071575601,6.5);
#271 = AXIS2_PLACEMENT_3D('',#272,#273,#274);
#272 = CARTESIAN_POINT('',(67.,0.,38.1));
#273 = DIRECTION('',(-1.,0.,0.));
#274 = DIRECTION('',(0.,5.354469683199E-02,0.998565453759));
#275 = PCURVE('',#204,#276);
#276 = DEFINITIONAL_REPRESENTATION('',(#277),#281);
#277 = ELLIPSE('',#278,173.43071575601,6.5);
#278 = AXIS2_PLACEMENT_2D('',#279,#280);
#279 = CARTESIAN_POINT('',(6.5,-1.9));
#280 = DIRECTION('',(5.354469683199E-02,-0.998565453759));
#281 = ( GEOMETRIC_REPRESENTATION_CONTEXT(2)
PARAMETRIC_REPRESENTATION_CONTEXT() REPRESENTATION_CONTEXT('2D SPACE',''
  ) );
#282 = PCURVE('',#283,#288);
#283 = CYLINDRICAL_SURFACE('',#284,6.5);
#284 = AXIS2_PLACEMENT_3D('',#285,#286,#287);
#285 = CARTESIAN_POINT('',(67.,0.,38.1));
#286 = DIRECTION('',(3.747894351739E-02,5.35070772696E-02,0.997863879231
    ));
#287 = DIRECTION('',(4.503980061089E-19,0.998565453759,
    -5.354469683199E-02));
#288 = DEFINITIONAL_REPRESENTATION('',(#289),#296);
#289 = B_SPLINE_CURVE_WITH_KNOTS('',5,(#290,#291,#292,#293,#294,#295),
  .UNSPECIFIED.,.F.,.F.,(6,6),(4.712388976923,4.723545001685),
  .PIECEWISE_BEZIER_KNOTS.);
#290 = CARTESIAN_POINT('',(3.141592657052,-6.000000283279E-07));
#291 = CARTESIAN_POINT('',(3.139361452099,0.386687000979));
#292 = CARTESIAN_POINT('',(3.137130247147,0.773374601963));
#293 = CARTESIAN_POINT('',(3.134899042194,1.160058192455));
#294 = CARTESIAN_POINT('',(3.132667837242,1.546733761962));
#295 = CARTESIAN_POINT('',(3.13043663229,1.933397300238));
#296 = ( GEOMETRIC_REPRESENTATION_CONTEXT(2)
PARAMETRIC_REPRESENTATION_CONTEXT() REPRESENTATION_CONTEXT('2D SPACE',''
  ) );
#297 = ORIENTED_EDGE('',*,*,#298,.T.);
#298 = EDGE_CURVE('',#267,#299,#301,.T.);
#299 = VERTEX_POINT('',#300);
#300 = CARTESIAN_POINT('',(67.,6.490675449434,37.751959470592));
#301 = SURFACE_CURVE('',#302,(#306,#312),.PCURVE_S1.);
#302 = LINE('',#303,#304);
#303 = CARTESIAN_POINT('',(67.,-3.18988764742,38.271046941757));
#304 = VECTOR('',#305,1.);
#305 = DIRECTION('',(0.,0.998565453759,-5.354469683199E-02));
#306 = PCURVE('',#204,#307);
#307 = DEFINITIONAL_REPRESENTATION('',(#308),#311);
#308 = B_SPLINE_CURVE_WITH_KNOTS('',1,(#309,#310),.UNSPECIFIED.,.F.,.F.,
  (2,2),(-3.305529737273,9.694470262727),.PIECEWISE_BEZIER_KNOTS.);
#309 = CARTESIAN_POINT('',(9.324550565678E-03,-2.248040529408));
#310 = CARTESIAN_POINT('',(12.990675449434,-1.551959470592));
#311 = ( GEOMETRIC_REPRESENTATION_CONTEXT(2)
PARAMETRIC_REPRESENTATION_CONTEXT() REPRESENTATION_CONTEXT('2D SPACE',''
  ) );
#312 = PCURVE('',#313,#318);
#313 = PLANE('',#314);
#314 = AXIS2_PLACEMENT_3D('',#315,#316,#317);
#315 = CARTESIAN_POINT('',(67.,0.,38.1));
#316 = DIRECTION('',(3.747894351739E-02,5.35070772696E-02,0.997863879231
    ));
#317 = DIRECTION('',(4.503980061089E-19,0.998565453759,
    -5.354469683199E-02));
#318 = DEFINITIONAL_REPRESENTATION('',(#319),#322);
#319 = B_SPLINE_CURVE_WITH_KNOTS('',1,(#320,#321),.UNSPECIFIED.,.F.,.F.,
  (2,2),(-3.305529737273,9.694470262727),.PIECEWISE_BEZIER_KNOTS.);
#320 = CARTESIAN_POINT('',(-6.5,6.905057399569E-17));
#321 = CARTESIAN_POINT('',(6.5,7.650180777696E-17));
#322 = ( GEOMETRIC_REPRESENTATION_CONTEXT(2)
PARAMETRIC_REPRESENTATION_CONTEXT() REPRESENTATION_CONTEXT('2D SPACE',''
  ) );
#323 = ORIENTED_EDGE('',*,*,#324,.F.);
#324 = EDGE_CURVE('',#325,#299,#327,.T.);
#325 = VERTEX_POINT('',#326);
#326 = CARTESIAN_POINT('',(67.,6.5,37.925916066719));
#327 = SURFACE_CURVE('',#328,(#333,#340),.PCURVE_S1.);
#328 = ELLIPSE('',#329,173.43071575601,6.5);
#329 = AXIS2_PLACEMENT_3D('',#330,#331,#332);
#330 = CARTESIAN_POINT('',(67.,0.,38.1));
#331 = DIRECTION('',(-1.,0.,0.));
#332 = DIRECTION('',(0.,5.354469683199E-02,0.998565453759));
#333 = PCURVE('',#204,#334);
#334 = DEFINITIONAL_REPRESENTATION('',(#335),#339);
#335 = ELLIPSE('',#336,173.43071575601,6.5);
#336 = AXIS2_PLACEMENT_2D('',#337,#338);
#337 = CARTESIAN_POINT('',(6.5,-1.9));
#338 = DIRECTION('',(5.354469683199E-02,-0.998565453759));
#339 = ( GEOMETRIC_REPRESENTATION_CONTEXT(2)
PARAMETRIC_REPRESENTATION_CONTEXT() REPRESENTATION_CONTEXT('2D SPACE',''
  ) );
#340 = PCURVE('',#283,#341);
#341 = DEFINITIONAL_REPRESENTATION('',(#342),#349);
#342 = B_SPLINE_CURVE_WITH_KNOTS('',5,(#343,#344,#345,#346,#347,#348),
  .UNSPECIFIED.,.F.,.F.,(6,6),(1.555620947607,1.570796330252),
  .PIECEWISE_BEZIER_KNOTS.);
#343 = CARTESIAN_POINT('',(1.517537918796E-02,2.629926819407));
#344 = CARTESIAN_POINT('',(1.214030265894E-02,2.103981713091));
#345 = CARTESIAN_POINT('',(9.105226129917E-03,1.578006324189));
#346 = CARTESIAN_POINT('',(6.070149600889E-03,1.052010746124));
#347 = CARTESIAN_POINT('',(3.035073071861E-03,0.52600507348));
#348 = CARTESIAN_POINT('',(-3.457164332588E-09,-5.991571825348E-07));
#349 = ( GEOMETRIC_REPRESENTATION_CONTEXT(2)
PARAMETRIC_REPRESENTATION_CONTEXT() REPRESENTATION_CONTEXT('2D SPACE',''
  ) );
#350 = ORIENTED_EDGE('',*,*,#351,.F.);
#351 = EDGE_CURVE('',#220,#325,#352,.T.);
#352 = SURFACE_CURVE('',#353,(#357,#364),.PCURVE_S1.);
#353 = LINE('',#354,#355);
#354 = CARTESIAN_POINT('',(67.,6.5,36.2));
#355 = VECTOR('',#356,1.);
#356 = DIRECTION('',(0.,0.,1.));
#357 = PCURVE('',#204,#358);
#358 = DEFINITIONAL_REPRESENTATION('',(#359),#363);
#359 = LINE('',#360,#361);
#360 = CARTESIAN_POINT('',(13.,0.));
#361 = VECTOR('',#362,1.);
#362 = DIRECTION('',(0.,-1.));
#363 = ( GEOMETRIC_REPRESENTATION_CONTEXT(2)
PARAMETRIC_REPRESENTATION_CONTEXT() REPRESENTATION_CONTEXT('2D SPACE',''
  ) );
#364 = PCURVE('',#72,#365);
#365 = DEFINITIONAL_REPRESENTATION('',(#366),#370);
#366 = LINE('',#367,#368);
#367 = CARTESIAN_POINT('',(0.,-0.));
#368 = VECTOR('',#369,1.);
#369 = DIRECTION('',(0.,-1.));
#370 = ( GEOMETRIC_REPRESENTATION_CONTEXT(2)
PARAMETRIC_REPRESENTATION_CONTEXT() REPRESENTATION_CONTEXT('2D SPACE',''
  ) );
#371 = ADVANCED_FACE('',(#372),#313,.F.);
#372 = FACE_BOUND('',#373,.F.);
#373 = EDGE_LOOP('',(#374,#396));
#374 = ORIENTED_EDGE('',*,*,#375,.T.);
#375 = EDGE_CURVE('',#267,#299,#376,.T.);
#376 = SURFACE_CURVE('',#377,(#382,#389),.PCURVE_S1.);
#377 = CIRCLE('',#378,6.5);
#378 = AXIS2_PLACEMENT_3D('',#379,#380,#381);
#379 = CARTESIAN_POINT('',(67.,0.,38.1));
#380 = DIRECTION('',(3.747894351739E-02,5.35070772696E-02,0.997863879231
    ));
#381 = DIRECTION('',(8.840788751031E-19,0.998565453759,
    -5.354469683199E-02));
#382 = PCURVE('',#313,#383);
#383 = DEFINITIONAL_REPRESENTATION('',(#384),#388);
#384 = CIRCLE('',#385,6.5);
#385 = AXIS2_PLACEMENT_2D('',#386,#387);
#386 = CARTESIAN_POINT('',(0.,0.));
#387 = DIRECTION('',(1.,0.));
#388 = ( GEOMETRIC_REPRESENTATION_CONTEXT(2)
PARAMETRIC_REPRESENTATION_CONTEXT() REPRESENTATION_CONTEXT('2D SPACE',''
  ) );
#389 = PCURVE('',#283,#390);
#390 = DEFINITIONAL_REPRESENTATION('',(#391),#395);
#391 = LINE('',#392,#393);
#392 = CARTESIAN_POINT('',(0.,0.));
#393 = VECTOR('',#394,1.);
#394 = DIRECTION('',(1.,0.));
#395 = ( GEOMETRIC_REPRESENTATION_CONTEXT(2)
PARAMETRIC_REPRESENTATION_CONTEXT() REPRESENTATION_CONTEXT('2D SPACE',''
  ) );
#396 = ORIENTED_EDGE('',*,*,#298,.F.);
#397 = ADVANCED_FACE('',(#398),#283,.T.);
#398 = FACE_BOUND('',#399,.T.);
#399 = EDGE_LOOP('',(#400,#431,#452,#453,#480,#515,#516,#517,#518,#542,
    #574,#609,#644,#679));
#400 = ORIENTED_EDGE('',*,*,#401,.F.);
#401 = EDGE_CURVE('',#402,#404,#406,.T.);
#402 = VERTEX_POINT('',#403);
#403 = CARTESIAN_POINT('',(70.152017535521,10.990675449434,
    121.67333372014));
#404 = VERTEX_POINT('',#405);
#405 = CARTESIAN_POINT('',(74.841980859557,-1.7763568394E-15,
    122.08652038675));
#406 = SURFACE_CURVE('',#407,(#412,#419),.PCURVE_S1.);
#407 = CIRCLE('',#408,6.5);
#408 = AXIS2_PLACEMENT_3D('',#409,#410,#411);
#409 = CARTESIAN_POINT('',(70.152017535521,4.5,122.02137424954));
#410 = DIRECTION('',(3.747894351739E-02,5.35070772696E-02,0.997863879231
    ));
#411 = DIRECTION('',(8.840788751031E-19,0.998565453759,
    -5.354469683199E-02));
#412 = PCURVE('',#283,#413);
#413 = DEFINITIONAL_REPRESENTATION('',(#414),#418);
#414 = LINE('',#415,#416);
#415 = CARTESIAN_POINT('',(0.,84.101024193984));
#416 = VECTOR('',#417,1.);
#417 = DIRECTION('',(1.,0.));
#418 = ( GEOMETRIC_REPRESENTATION_CONTEXT(2)
PARAMETRIC_REPRESENTATION_CONTEXT() REPRESENTATION_CONTEXT('2D SPACE',''
  ) );
#419 = PCURVE('',#420,#425);
#420 = PLANE('',#421);
#421 = AXIS2_PLACEMENT_3D('',#422,#423,#424);
#422 = CARTESIAN_POINT('',(70.152017535521,4.5,122.02137424954));
#423 = DIRECTION('',(3.747894351739E-02,5.35070772696E-02,0.997863879231
    ));
#424 = DIRECTION('',(4.503980061089E-19,0.998565453759,
    -5.354469683199E-02));
#425 = DEFINITIONAL_REPRESENTATION('',(#426),#430);
#426 = CIRCLE('',#427,6.5);
#427 = AXIS2_PLACEMENT_2D('',#428,#429);
#428 = CARTESIAN_POINT('',(0.,0.));
#429 = DIRECTION('',(1.,0.));
#430 = ( GEOMETRIC_REPRESENTATION_CONTEXT(2)
PARAMETRIC_REPRESENTATION_CONTEXT() REPRESENTATION_CONTEXT('2D SPACE',''
  ) );
#431 = ORIENTED_EDGE('',*,*,#432,.F.);
#432 = EDGE_CURVE('',#299,#402,#433,.T.);
#433 = SEAM_CURVE('',#434,(#438,#445),.PCURVE_S1.);
#434 = LINE('',#435,#436);
#435 = CARTESIAN_POINT('',(67.,6.490675449434,37.751959470592));
#436 = VECTOR('',#437,1.);
#437 = DIRECTION('',(3.747894351739E-02,5.35070772696E-02,0.997863879231
    ));
#438 = PCURVE('',#283,#439);
#439 = DEFINITIONAL_REPRESENTATION('',(#440),#444);
#440 = LINE('',#441,#442);
#441 = CARTESIAN_POINT('',(6.28318530718,-0.));
#442 = VECTOR('',#443,1.);
#443 = DIRECTION('',(0.,1.));
#444 = ( GEOMETRIC_REPRESENTATION_CONTEXT(2)
PARAMETRIC_REPRESENTATION_CONTEXT() REPRESENTATION_CONTEXT('2D SPACE',''
  ) );
#445 = PCURVE('',#283,#446);
#446 = DEFINITIONAL_REPRESENTATION('',(#447),#451);
#447 = LINE('',#448,#449);
#448 = CARTESIAN_POINT('',(0.,-0.));
#449 = VECTOR('',#450,1.);
#450 = DIRECTION('',(0.,1.));
#451 = ( GEOMETRIC_REPRESENTATION_CONTEXT(2)
PARAMETRIC_REPRESENTATION_CONTEXT() REPRESENTATION_CONTEXT('2D SPACE',''
  ) );
#452 = ORIENTED_EDGE('',*,*,#324,.F.);
#453 = ORIENTED_EDGE('',*,*,#454,.F.);
#454 = EDGE_CURVE('',#455,#325,#457,.T.);
#455 = VERTEX_POINT('',#456);
#456 = CARTESIAN_POINT('',(65.886942431968,6.5,40.));
#457 = SURFACE_CURVE('',#458,(#463,#473),.PCURVE_S1.);
#458 = ELLIPSE('',#459,121.47925716908,6.5);
#459 = AXIS2_PLACEMENT_3D('',#460,#461,#462);
#460 = CARTESIAN_POINT('',(71.552914217975,6.5,159.3197628049));
#461 = DIRECTION('',(0.,-1.,0.));
#462 = DIRECTION('',(3.753271024064E-02,0.,0.9992953996));
#463 = PCURVE('',#283,#464);
#464 = DEFINITIONAL_REPRESENTATION('',(#465),#472);
#465 = B_SPLINE_CURVE_WITH_KNOTS('',5,(#466,#467,#468,#469,#470,#471),
  .UNSPECIFIED.,.F.,.F.,(6,6),(2.9421830436,3.143602332534),
  .PIECEWISE_BEZIER_KNOTS.);
#466 = CARTESIAN_POINT('',(0.201419288934,2.577843637073));
#467 = CARTESIAN_POINT('',(0.161135431147,1.609845264641));
#468 = CARTESIAN_POINT('',(0.12085157336,0.883036559457));
#469 = CARTESIAN_POINT('',(8.056771557355E-02,0.4006917468));
#470 = CARTESIAN_POINT('',(4.028385778677E-02,0.164447035152));
#471 = CARTESIAN_POINT('',(0.,0.174267611716));
#472 = ( GEOMETRIC_REPRESENTATION_CONTEXT(2)
PARAMETRIC_REPRESENTATION_CONTEXT() REPRESENTATION_CONTEXT('2D SPACE',''
  ) );
#473 = PCURVE('',#72,#474);
#474 = DEFINITIONAL_REPRESENTATION('',(#475),#479);
#475 = ELLIPSE('',#476,121.47925716908,6.5);
#476 = AXIS2_PLACEMENT_2D('',#477,#478);
#477 = CARTESIAN_POINT('',(-4.552914217975,-123.1197628049));
#478 = DIRECTION('',(-3.753271024064E-02,-0.9992953996));
#479 = ( GEOMETRIC_REPRESENTATION_CONTEXT(2)
PARAMETRIC_REPRESENTATION_CONTEXT() REPRESENTATION_CONTEXT('2D SPACE',''
  ) );
#480 = ORIENTED_EDGE('',*,*,#481,.T.);
#481 = EDGE_CURVE('',#455,#244,#482,.T.);
#482 = SURFACE_CURVE('',#483,(#488,#508),.PCURVE_S1.);
#483 = ELLIPSE('',#484,6.513914508065,6.5);
#484 = AXIS2_PLACEMENT_3D('',#485,#486,#487);
#485 = CARTESIAN_POINT('',(67.071362431455,0.101881077097,40.));
#486 = DIRECTION('',(1.110223024625E-16,-2.640350308633E-33,1.));
#487 = DIRECTION('',(0.573708773501,0.819059364886,-6.369446897702E-17)
  );
#488 = PCURVE('',#283,#489);
#489 = DEFINITIONAL_REPRESENTATION('',(#490),#507);
#490 = B_SPLINE_CURVE_WITH_KNOTS('',8,(#491,#492,#493,#494,#495,#496,
    #497,#498,#499,#500,#501,#502,#503,#504,#505,#506),.UNSPECIFIED.,.F.
  ,.F.,(9,7,9),(0.610022328827,2.594403984438,4.578785640049),
  .UNSPECIFIED.);
#491 = CARTESIAN_POINT('',(0.,2.252852895266));
#492 = CARTESIAN_POINT('',(0.248047706951,2.192382731002));
#493 = CARTESIAN_POINT('',(0.496095413903,2.107386771481));
#494 = CARTESIAN_POINT('',(0.744143120854,2.003535822535));
#495 = CARTESIAN_POINT('',(0.992190827806,1.889711955389));
#496 = CARTESIAN_POINT('',(1.240238534757,1.776927669041));
#497 = CARTESIAN_POINT('',(1.488286241708,1.676052867417));
#498 = CARTESIAN_POINT('',(1.73633394866,1.595580565551));
#499 = CARTESIAN_POINT('',(2.232429362563,1.485743912539));
#500 = CARTESIAN_POINT('',(2.480477069513,1.456379341641));
#501 = CARTESIAN_POINT('',(2.728524776462,1.457716782033));
#502 = CARTESIAN_POINT('',(2.976572483409,1.491553756611));
#503 = CARTESIAN_POINT('',(3.224620190364,1.555310654346));
#504 = CARTESIAN_POINT('',(3.472667897318,1.642142925253));
#505 = CARTESIAN_POINT('',(3.720715604271,1.742770104664));
#506 = CARTESIAN_POINT('',(3.968763311222,1.847383063855));
#507 = ( GEOMETRIC_REPRESENTATION_CONTEXT(2)
PARAMETRIC_REPRESENTATION_CONTEXT() REPRESENTATION_CONTEXT('2D SPACE',''
  ) );
#508 = PCURVE('',#100,#509);
#509 = DEFINITIONAL_REPRESENTATION('',(#510),#514);
#510 = ELLIPSE('',#511,6.513914508065,6.5);
#511 = AXIS2_PLACEMENT_2D('',#512,#513);
#512 = CARTESIAN_POINT('',(-32.07136243145,-0.101881077097));
#513 = DIRECTION('',(-0.573708773501,-0.819059364886));
#514 = ( GEOMETRIC_REPRESENTATION_CONTEXT(2)
PARAMETRIC_REPRESENTATION_CONTEXT() REPRESENTATION_CONTEXT('2D SPACE',''
  ) );
#515 = ORIENTED_EDGE('',*,*,#266,.F.);
#516 = ORIENTED_EDGE('',*,*,#375,.T.);
#517 = ORIENTED_EDGE('',*,*,#432,.T.);
#518 = ORIENTED_EDGE('',*,*,#519,.F.);
#519 = EDGE_CURVE('',#520,#402,#522,.T.);
#520 = VERTEX_POINT('',#521);
#521 = CARTESIAN_POINT('',(74.823880539668,9.,121.6046056441));
#522 = SURFACE_CURVE('',#523,(#528,#535),.PCURVE_S1.);
#523 = CIRCLE('',#524,6.5);
#524 = AXIS2_PLACEMENT_3D('',#525,#526,#527);
#525 = CARTESIAN_POINT('',(70.152017535521,4.5,122.02137424954));
#526 = DIRECTION('',(3.747894351739E-02,5.35070772696E-02,0.997863879231
    ));
#527 = DIRECTION('',(8.840788751031E-19,0.998565453759,
    -5.354469683199E-02));
#528 = PCURVE('',#283,#529);
#529 = DEFINITIONAL_REPRESENTATION('',(#530),#534);
#530 = LINE('',#531,#532);
#531 = CARTESIAN_POINT('',(0.,84.101024193984));
#532 = VECTOR('',#533,1.);
#533 = DIRECTION('',(1.,0.));
#534 = ( GEOMETRIC_REPRESENTATION_CONTEXT(2)
PARAMETRIC_REPRESENTATION_CONTEXT() REPRESENTATION_CONTEXT('2D SPACE',''
  ) );
#535 = PCURVE('',#420,#536);
#536 = DEFINITIONAL_REPRESENTATION('',(#537),#541);
#537 = CIRCLE('',#538,6.5);
#538 = AXIS2_PLACEMENT_2D('',#539,#540);
#539 = CARTESIAN_POINT('',(0.,0.));
#540 = DIRECTION('',(1.,0.));
#541 = ( GEOMETRIC_REPRESENTATION_CONTEXT(2)
PARAMETRIC_REPRESENTATION_CONTEXT() REPRESENTATION_CONTEXT('2D SPACE',''
  ) );
#542 = ORIENTED_EDGE('',*,*,#543,.T.);
#543 = EDGE_CURVE('',#520,#544,#546,.T.);
#544 = VERTEX_POINT('',#545);
#545 = CARTESIAN_POINT('',(74.686298600572,9.,120.07811093595));
#546 = SURFACE_CURVE('',#547,(#552,#562),.PCURVE_S1.);
#547 = ELLIPSE('',#548,121.47925716908,6.5);
#548 = AXIS2_PLACEMENT_3D('',#549,#550,#551);
#549 = CARTESIAN_POINT('',(73.304035071042,9.,205.94274849909));
#550 = DIRECTION('',(0.,1.,0.));
#551 = DIRECTION('',(3.753271024064E-02,-0.,0.9992953996));
#552 = PCURVE('',#283,#553);
#553 = DEFINITIONAL_REPRESENTATION('',(#554),#561);
#554 = B_SPLINE_CURVE_WITH_KNOTS('',5,(#555,#556,#557,#558,#559,#560),
  .UNSPECIFIED.,.F.,.F.,(6,6),(2.336855753439,2.395271117709),
  .PIECEWISE_BEZIER_KNOTS.);
#555 = CARTESIAN_POINT('',(5.480458085973,84.101024793984));
#556 = CARTESIAN_POINT('',(5.492141158827,83.079709184883));
#557 = CARTESIAN_POINT('',(5.503824231681,82.072742702182));
#558 = CARTESIAN_POINT('',(5.515507304535,81.080415770834));
#559 = CARTESIAN_POINT('',(5.527190377389,80.103010652015));
#560 = CARTESIAN_POINT('',(5.538873450243,79.140800961772));
#561 = ( GEOMETRIC_REPRESENTATION_CONTEXT(2)
PARAMETRIC_REPRESENTATION_CONTEXT() REPRESENTATION_CONTEXT('2D SPACE',''
  ) );
#562 = PCURVE('',#563,#568);
#563 = PLANE('',#564);
#564 = AXIS2_PLACEMENT_3D('',#565,#566,#567);
#565 = CARTESIAN_POINT('',(75.07600876776,9.,133.51068712477));
#566 = DIRECTION('',(0.,1.,0.));
#567 = DIRECTION('',(0.,-0.,1.));
#568 = DEFINITIONAL_REPRESENTATION('',(#569),#573);
#569 = ELLIPSE('',#570,121.47925716908,6.5);
#570 = AXIS2_PLACEMENT_2D('',#571,#572);
#571 = CARTESIAN_POINT('',(72.432061374323,-1.771973696719));
#572 = DIRECTION('',(0.9992953996,3.753271024064E-02));
#573 = ( GEOMETRIC_REPRESENTATION_CONTEXT(2)
PARAMETRIC_REPRESENTATION_CONTEXT() REPRESENTATION_CONTEXT('2D SPACE',''
  ) );
#574 = ORIENTED_EDGE('',*,*,#575,.F.);
#575 = EDGE_CURVE('',#576,#544,#578,.T.);
#576 = VERTEX_POINT('',#577);
#577 = CARTESIAN_POINT('',(76.126460230638,6.712695297426,
    119.46089880878));
#578 = SURFACE_CURVE('',#579,(#584,#597),.PCURVE_S1.);
#579 = ELLIPSE('',#580,6.974658243898,6.5);
#580 = AXIS2_PLACEMENT_3D('',#581,#582,#583);
#581 = CARTESIAN_POINT('',(70.152017535521,4.5,122.02137424954));
#582 = DIRECTION('',(0.393919298579,-7.956614639609E-18,0.919145030018)
  );
#583 = DIRECTION('',(-0.909082495611,0.147565477551,0.389606783833));
#584 = PCURVE('',#283,#585);
#585 = DEFINITIONAL_REPRESENTATION('',(#586),#596);
#586 = B_SPLINE_CURVE_WITH_KNOTS('',8,(#587,#588,#589,#590,#591,#592,
    #593,#594,#595),.UNSPECIFIED.,.F.,.F.,(9,9),(2.322300805504,
    4.278378355957),.PIECEWISE_BEZIER_KNOTS.);
#587 = CARTESIAN_POINT('',(3.756947457186,82.374375529283));
#588 = CARTESIAN_POINT('',(4.001457150992,81.922558795371));
#589 = CARTESIAN_POINT('',(4.245966844796,81.588716652696));
#590 = CARTESIAN_POINT('',(4.490476538609,81.414009257201));
#591 = CARTESIAN_POINT('',(4.7349862324,81.424552873056));
#592 = CARTESIAN_POINT('',(4.979495926222,81.623541897838));
#593 = CARTESIAN_POINT('',(5.224005620022,81.988138254788));
#594 = CARTESIAN_POINT('',(5.468515313833,82.4765105568));
#595 = CARTESIAN_POINT('',(5.713025007639,83.037545535966));
#596 = ( GEOMETRIC_REPRESENTATION_CONTEXT(2)
PARAMETRIC_REPRESENTATION_CONTEXT() REPRESENTATION_CONTEXT('2D SPACE',''
  ) );
#597 = PCURVE('',#598,#603);
#598 = PLANE('',#599);
#599 = AXIS2_PLACEMENT_3D('',#600,#601,#602);
#600 = CARTESIAN_POINT('',(76.126460230638,0.,119.46089880878));
#601 = DIRECTION('',(0.393919298579,-0.,0.919145030018));
#602 = DIRECTION('',(-0.919145030018,0.,0.393919298579));
#603 = DEFINITIONAL_REPRESENTATION('',(#604),#608);
#604 = ELLIPSE('',#605,6.974658243898,6.5);
#605 = AXIS2_PLACEMENT_2D('',#606,#607);
#606 = CARTESIAN_POINT('',(6.5,-4.5));
#607 = DIRECTION('',(0.989052288726,-0.147565477551));
#608 = ( GEOMETRIC_REPRESENTATION_CONTEXT(2)
PARAMETRIC_REPRESENTATION_CONTEXT() REPRESENTATION_CONTEXT('2D SPACE',''
  ) );
#609 = ORIENTED_EDGE('',*,*,#610,.F.);
#610 = EDGE_CURVE('',#611,#576,#613,.T.);
#611 = VERTEX_POINT('',#612);
#612 = CARTESIAN_POINT('',(76.126460230638,2.037128804983,
    119.46089880878));
#613 = SURFACE_CURVE('',#614,(#619,#632),.PCURVE_S1.);
#614 = ELLIPSE('',#615,18.124567124549,6.5);
#615 = AXIS2_PLACEMENT_3D('',#616,#617,#618);
#616 = CARTESIAN_POINT('',(69.472727907983,3.530207386389,
    103.93552338925));
#617 = DIRECTION('',(-0.919145030018,4.718852456533E-20,0.393919298579)
  );
#618 = DIRECTION('',(0.39327163902,5.731999908772E-02,0.91763382438));
#619 = PCURVE('',#283,#620);
#620 = DEFINITIONAL_REPRESENTATION('',(#621),#631);
#621 = B_SPLINE_CURVE_WITH_KNOTS('',8,(#622,#623,#624,#625,#626,#627,
    #628,#629,#630),.UNSPECIFIED.,.F.,.F.,(9,9),(5.611056388255,
    6.914139079937),.PIECEWISE_BEZIER_KNOTS.);
#622 = CARTESIAN_POINT('',(4.062857313488,79.21547763158));
#623 = CARTESIAN_POINT('',(4.225742649948,80.931413137157));
#624 = CARTESIAN_POINT('',(4.388627986406,82.245916846465));
#625 = CARTESIAN_POINT('',(4.551513322858,83.089614800964));
#626 = CARTESIAN_POINT('',(4.714398659317,83.415855295375));
#627 = CARTESIAN_POINT('',(4.877283995778,83.206594231385));
#628 = CARTESIAN_POINT('',(5.040169332248,82.475086966818));
#629 = CARTESIAN_POINT('',(5.203054668709,81.263612984933));
#630 = CARTESIAN_POINT('',(5.36594000517,79.637898606389));
#631 = ( GEOMETRIC_REPRESENTATION_CONTEXT(2)
PARAMETRIC_REPRESENTATION_CONTEXT() REPRESENTATION_CONTEXT('2D SPACE',''
  ) );
#632 = PCURVE('',#633,#638);
#633 = PLANE('',#634);
#634 = AXIS2_PLACEMENT_3D('',#635,#636,#637);
#635 = CARTESIAN_POINT('',(85.974442695117,0.,142.43952455923));
#636 = DIRECTION('',(-0.919145030018,0.,0.393919298579));
#637 = DIRECTION('',(-0.393919298579,0.,-0.919145030018));
#638 = DEFINITIONAL_REPRESENTATION('',(#639),#643);
#639 = ELLIPSE('',#640,18.124567124549,6.5);
#640 = AXIS2_PLACEMENT_2D('',#641,#642);
#641 = CARTESIAN_POINT('',(41.891105225499,-3.530207386389));
#642 = DIRECTION('',(-0.99835585725,-5.731999908772E-02));
#643 = ( GEOMETRIC_REPRESENTATION_CONTEXT(2)
PARAMETRIC_REPRESENTATION_CONTEXT() REPRESENTATION_CONTEXT('2D SPACE',''
  ) );
#644 = ORIENTED_EDGE('',*,*,#645,.F.);
#645 = EDGE_CURVE('',#646,#611,#648,.T.);
#646 = VERTEX_POINT('',#647);
#647 = CARTESIAN_POINT('',(74.868467144462,0.,120.00003870285));
#648 = SURFACE_CURVE('',#649,(#654,#667),.PCURVE_S1.);
#649 = ELLIPSE('',#650,6.974658243898,6.5);
#650 = AXIS2_PLACEMENT_3D('',#651,#652,#653);
#651 = CARTESIAN_POINT('',(70.152017535521,4.5,122.02137424954));
#652 = DIRECTION('',(0.393919298579,-7.956614639609E-18,0.919145030018)
  );
#653 = DIRECTION('',(-0.909082495611,0.147565477551,0.389606783833));
#654 = PCURVE('',#283,#655);
#655 = DEFINITIONAL_REPRESENTATION('',(#656),#666);
#656 = B_SPLINE_CURVE_WITH_KNOTS('',8,(#657,#658,#659,#660,#661,#662,
    #663,#664,#665),.UNSPECIFIED.,.F.,.F.,(9,9),(2.322300805504,
    4.278378355957),.PIECEWISE_BEZIER_KNOTS.);
#657 = CARTESIAN_POINT('',(3.756947457186,82.374375529283));
#658 = CARTESIAN_POINT('',(4.001457150992,81.922558795371));
#659 = CARTESIAN_POINT('',(4.245966844796,81.588716652696));
#660 = CARTESIAN_POINT('',(4.490476538609,81.414009257201));
#661 = CARTESIAN_POINT('',(4.7349862324,81.424552873056));
#662 = CARTESIAN_POINT('',(4.979495926222,81.623541897838));
#663 = CARTESIAN_POINT('',(5.224005620022,81.988138254788));
#664 = CARTESIAN_POINT('',(5.468515313833,82.4765105568));
#665 = CARTESIAN_POINT('',(5.713025007639,83.037545535966));
#666 = ( GEOMETRIC_REPRESENTATION_CONTEXT(2)
PARAMETRIC_REPRESENTATION_CONTEXT() REPRESENTATION_CONTEXT('2D SPACE',''
  ) );
#667 = PCURVE('',#668,#673);
#668 = PLANE('',#669);
#669 = AXIS2_PLACEMENT_3D('',#670,#671,#672);
#670 = CARTESIAN_POINT('',(76.126460230638,0.,119.46089880878));
#671 = DIRECTION('',(0.393919298579,-0.,0.919145030018));
#672 = DIRECTION('',(-0.919145030018,0.,0.393919298579));
#673 = DEFINITIONAL_REPRESENTATION('',(#674),#678);
#674 = ELLIPSE('',#675,6.974658243898,6.5);
#675 = AXIS2_PLACEMENT_2D('',#676,#677);
#676 = CARTESIAN_POINT('',(6.5,-4.5));
#677 = DIRECTION('',(0.989052288726,-0.147565477551));
#678 = ( GEOMETRIC_REPRESENTATION_CONTEXT(2)
PARAMETRIC_REPRESENTATION_CONTEXT() REPRESENTATION_CONTEXT('2D SPACE',''
  ) );
#679 = ORIENTED_EDGE('',*,*,#680,.F.);
#680 = EDGE_CURVE('',#404,#646,#681,.T.);
#681 = SURFACE_CURVE('',#682,(#687,#697),.PCURVE_S1.);
#682 = ELLIPSE('',#683,121.47925716908,6.5);
#683 = AXIS2_PLACEMENT_3D('',#684,#685,#686);
#684 = CARTESIAN_POINT('',(67.,0.,38.1));
#685 = DIRECTION('',(0.,1.,0.));
#686 = DIRECTION('',(3.753271024064E-02,-0.,0.9992953996));
#687 = PCURVE('',#283,#688);
#688 = DEFINITIONAL_REPRESENTATION('',(#689),#696);
#689 = B_SPLINE_CURVE_WITH_KNOTS('',5,(#690,#691,#692,#693,#694,#695),
  .UNSPECIFIED.,.F.,.F.,(6,6),(0.804736886423,0.853695173713),
  .PIECEWISE_BEZIER_KNOTS.);
#690 = CARTESIAN_POINT('',(3.948339218957,84.101024793984));
#691 = CARTESIAN_POINT('',(3.958130876415,83.245053715683));
#692 = CARTESIAN_POINT('',(3.967922533873,82.379003491674));
#693 = CARTESIAN_POINT('',(3.977714191331,81.503045095811));
#694 = CARTESIAN_POINT('',(3.987505848789,80.617353529438));
#695 = CARTESIAN_POINT('',(3.997297506247,79.722107611729));
#696 = ( GEOMETRIC_REPRESENTATION_CONTEXT(2)
PARAMETRIC_REPRESENTATION_CONTEXT() REPRESENTATION_CONTEXT('2D SPACE',''
  ) );
#697 = PCURVE('',#698,#703);
#698 = PLANE('',#699);
#699 = AXIS2_PLACEMENT_3D('',#700,#701,#702);
#700 = CARTESIAN_POINT('',(75.07600876776,0.,133.51068712477));
#701 = DIRECTION('',(0.,1.,0.));
#702 = DIRECTION('',(0.,-0.,1.));
#703 = DEFINITIONAL_REPRESENTATION('',(#704),#708);
#704 = ELLIPSE('',#705,121.47925716908,6.5);
#705 = AXIS2_PLACEMENT_2D('',#706,#707);
#706 = CARTESIAN_POINT('',(-95.41068712477,-8.07600876776));
#707 = DIRECTION('',(0.9992953996,3.753271024064E-02));
#708 = ( GEOMETRIC_REPRESENTATION_CONTEXT(2)
PARAMETRIC_REPRESENTATION_CONTEXT() REPRESENTATION_CONTEXT('2D SPACE',''
  ) );
#709 = ADVANCED_FACE('',(#710,#864),#563,.T.);
#710 = FACE_BOUND('',#711,.T.);
#711 = EDGE_LOOP('',(#712,#742,#770,#799,#822,#843,#844));
#712 = ORIENTED_EDGE('',*,*,#713,.T.);
#713 = EDGE_CURVE('',#714,#716,#718,.T.);
#714 = VERTEX_POINT('',#715);
#715 = CARTESIAN_POINT('',(70.769126808486,9.,121.75689884684));
#716 = VERTEX_POINT('',#717);
#717 = CARTESIAN_POINT('',(64.177574840403,9.,124.58184969031));
#718 = SURFACE_CURVE('',#719,(#723,#730),.PCURVE_S1.);
#719 = LINE('',#720,#721);
#720 = CARTESIAN_POINT('',(76.126460230638,9.,119.46089880878));
#721 = VECTOR('',#722,1.);
#722 = DIRECTION('',(-0.919145030018,0.,0.393919298579));
#723 = PCURVE('',#563,#724);
#724 = DEFINITIONAL_REPRESENTATION('',(#725),#729);
#725 = LINE('',#726,#727);
#726 = CARTESIAN_POINT('',(-14.04978831599,1.050451462878));
#727 = VECTOR('',#728,1.);
#728 = DIRECTION('',(0.393919298579,-0.919145030018));
#729 = ( GEOMETRIC_REPRESENTATION_CONTEXT(2)
PARAMETRIC_REPRESENTATION_CONTEXT() REPRESENTATION_CONTEXT('2D SPACE',''
  ) );
#730 = PCURVE('',#731,#736);
#731 = PLANE('',#732);
#732 = AXIS2_PLACEMENT_3D('',#733,#734,#735);
#733 = CARTESIAN_POINT('',(76.126460230638,0.,119.46089880878));
#734 = DIRECTION('',(0.393919298579,-0.,0.919145030018));
#735 = DIRECTION('',(-0.919145030018,0.,0.393919298579));
#736 = DEFINITIONAL_REPRESENTATION('',(#737),#741);
#737 = LINE('',#738,#739);
#738 = CARTESIAN_POINT('',(0.,-9.));
#739 = VECTOR('',#740,1.);
#740 = DIRECTION('',(1.,0.));
#741 = ( GEOMETRIC_REPRESENTATION_CONTEXT(2)
PARAMETRIC_REPRESENTATION_CONTEXT() REPRESENTATION_CONTEXT('2D SPACE',''
  ) );
#742 = ORIENTED_EDGE('',*,*,#743,.T.);
#743 = EDGE_CURVE('',#716,#744,#746,.T.);
#744 = VERTEX_POINT('',#745);
#745 = CARTESIAN_POINT('',(67.625126284914,9.,132.62613639417));
#746 = SURFACE_CURVE('',#747,(#751,#758),.PCURVE_S1.);
#747 = LINE('',#748,#749);
#748 = CARTESIAN_POINT('',(64.177574840403,9.,124.58184969031));
#749 = VECTOR('',#750,1.);
#750 = DIRECTION('',(0.393919298579,0.,0.919145030018));
#751 = PCURVE('',#563,#752);
#752 = DEFINITIONAL_REPRESENTATION('',(#753),#757);
#753 = LINE('',#754,#755);
#754 = CARTESIAN_POINT('',(-8.928837434461,-10.89843392735));
#755 = VECTOR('',#756,1.);
#756 = DIRECTION('',(0.919145030018,0.393919298579));
#757 = ( GEOMETRIC_REPRESENTATION_CONTEXT(2)
PARAMETRIC_REPRESENTATION_CONTEXT() REPRESENTATION_CONTEXT('2D SPACE',''
  ) );
#758 = PCURVE('',#759,#764);
#759 = PLANE('',#760);
#760 = AXIS2_PLACEMENT_3D('',#761,#762,#763);
#761 = CARTESIAN_POINT('',(64.177574840403,0.,124.58184969031));
#762 = DIRECTION('',(0.919145030018,0.,-0.393919298579));
#763 = DIRECTION('',(0.393919298579,0.,0.919145030018));
#764 = DEFINITIONAL_REPRESENTATION('',(#765),#769);
#765 = LINE('',#766,#767);
#766 = CARTESIAN_POINT('',(0.,-9.));
#767 = VECTOR('',#768,1.);
#768 = DIRECTION('',(1.,0.));
#769 = ( GEOMETRIC_REPRESENTATION_CONTEXT(2)
PARAMETRIC_REPRESENTATION_CONTEXT() REPRESENTATION_CONTEXT('2D SPACE',''
  ) );
#770 = ORIENTED_EDGE('',*,*,#771,.T.);
#771 = EDGE_CURVE('',#744,#772,#774,.T.);
#772 = VERTEX_POINT('',#773);
#773 = CARTESIAN_POINT('',(79.574011675148,9.,127.50518551264));
#774 = SURFACE_CURVE('',#775,(#780,#787),.PCURVE_S1.);
#775 = CIRCLE('',#776,17.5);
#776 = AXIS2_PLACEMENT_3D('',#777,#778,#779);
#777 = CARTESIAN_POINT('',(80.,9.,145.));
#778 = DIRECTION('',(1.015061051086E-16,1.,-1.015143913044E-16));
#779 = DIRECTION('',(-0.707135640862,-3.673653228812E-33,-0.707077920333
    ));
#780 = PCURVE('',#563,#781);
#781 = DEFINITIONAL_REPRESENTATION('',(#782),#786);
#782 = CIRCLE('',#783,17.5);
#783 = AXIS2_PLACEMENT_2D('',#784,#785);
#784 = CARTESIAN_POINT('',(11.489312875226,4.92399123224));
#785 = DIRECTION('',(-0.707077920333,-0.707135640862));
#786 = ( GEOMETRIC_REPRESENTATION_CONTEXT(2)
PARAMETRIC_REPRESENTATION_CONTEXT() REPRESENTATION_CONTEXT('2D SPACE',''
  ) );
#787 = PCURVE('',#788,#793);
#788 = CYLINDRICAL_SURFACE('',#789,17.5);
#789 = AXIS2_PLACEMENT_3D('',#790,#791,#792);
#790 = CARTESIAN_POINT('',(80.,0.,145.));
#791 = DIRECTION('',(-1.110223024625E-16,-1.,-0.));
#792 = DIRECTION('',(-1.,1.110223024625E-16,0.));
#793 = DEFINITIONAL_REPRESENTATION('',(#794),#798);
#794 = LINE('',#795,#796);
#795 = CARTESIAN_POINT('',(-5.49782795836,-9.));
#796 = VECTOR('',#797,1.);
#797 = DIRECTION('',(-1.,0.));
#798 = ( GEOMETRIC_REPRESENTATION_CONTEXT(2)
PARAMETRIC_REPRESENTATION_CONTEXT() REPRESENTATION_CONTEXT('2D SPACE',''
  ) );
#799 = ORIENTED_EDGE('',*,*,#800,.T.);
#800 = EDGE_CURVE('',#772,#801,#803,.T.);
#801 = VERTEX_POINT('',#802);
#802 = CARTESIAN_POINT('',(76.126460230638,9.,119.46089880878));
#803 = SURFACE_CURVE('',#804,(#808,#815),.PCURVE_S1.);
#804 = LINE('',#805,#806);
#805 = CARTESIAN_POINT('',(85.974442695117,9.,142.43952455923));
#806 = VECTOR('',#807,1.);
#807 = DIRECTION('',(-0.393919298579,0.,-0.919145030018));
#808 = PCURVE('',#563,#809);
#809 = DEFINITIONAL_REPRESENTATION('',(#810),#814);
#810 = LINE('',#811,#812);
#811 = CARTESIAN_POINT('',(8.928837434461,10.898433927357));
#812 = VECTOR('',#813,1.);
#813 = DIRECTION('',(-0.919145030018,-0.393919298579));
#814 = ( GEOMETRIC_REPRESENTATION_CONTEXT(2)
PARAMETRIC_REPRESENTATION_CONTEXT() REPRESENTATION_CONTEXT('2D SPACE',''
  ) );
#815 = PCURVE('',#633,#816);
#816 = DEFINITIONAL_REPRESENTATION('',(#817),#821);
#817 = LINE('',#818,#819);
#818 = CARTESIAN_POINT('',(0.,-9.));
#819 = VECTOR('',#820,1.);
#820 = DIRECTION('',(1.,0.));
#821 = ( GEOMETRIC_REPRESENTATION_CONTEXT(2)
PARAMETRIC_REPRESENTATION_CONTEXT() REPRESENTATION_CONTEXT('2D SPACE',''
  ) );
#822 = ORIENTED_EDGE('',*,*,#823,.T.);
#823 = EDGE_CURVE('',#801,#544,#824,.T.);
#824 = SURFACE_CURVE('',#825,(#829,#836),.PCURVE_S1.);
#825 = LINE('',#826,#827);
#826 = CARTESIAN_POINT('',(76.126460230638,9.,119.46089880878));
#827 = VECTOR('',#828,1.);
#828 = DIRECTION('',(-0.919145030018,0.,0.393919298579));
#829 = PCURVE('',#563,#830);
#830 = DEFINITIONAL_REPRESENTATION('',(#831),#835);
#831 = LINE('',#832,#833);
#832 = CARTESIAN_POINT('',(-14.04978831599,1.050451462878));
#833 = VECTOR('',#834,1.);
#834 = DIRECTION('',(0.393919298579,-0.919145030018));
#835 = ( GEOMETRIC_REPRESENTATION_CONTEXT(2)
PARAMETRIC_REPRESENTATION_CONTEXT() REPRESENTATION_CONTEXT('2D SPACE',''
  ) );
#836 = PCURVE('',#598,#837);
#837 = DEFINITIONAL_REPRESENTATION('',(#838),#842);
#838 = LINE('',#839,#840);
#839 = CARTESIAN_POINT('',(0.,-9.));
#840 = VECTOR('',#841,1.);
#841 = DIRECTION('',(1.,0.));
#842 = ( GEOMETRIC_REPRESENTATION_CONTEXT(2)
PARAMETRIC_REPRESENTATION_CONTEXT() REPRESENTATION_CONTEXT('2D SPACE',''
  ) );
#843 = ORIENTED_EDGE('',*,*,#543,.F.);
#844 = ORIENTED_EDGE('',*,*,#845,.T.);
#845 = EDGE_CURVE('',#520,#714,#846,.T.);
#846 = SURFACE_CURVE('',#847,(#851,#858),.PCURVE_S1.);
#847 = LINE('',#848,#849);
#848 = CARTESIAN_POINT('',(72.386034162958,9.,121.69616914145));
#849 = VECTOR('',#850,1.);
#850 = DIRECTION('',(-0.9992953996,0.,3.753271024064E-02));
#851 = PCURVE('',#563,#852);
#852 = DEFINITIONAL_REPRESENTATION('',(#853),#857);
#853 = LINE('',#854,#855);
#854 = CARTESIAN_POINT('',(-11.81451798332,-2.689974604802));
#855 = VECTOR('',#856,1.);
#856 = DIRECTION('',(3.753271024064E-02,-0.9992953996));
#857 = ( GEOMETRIC_REPRESENTATION_CONTEXT(2)
PARAMETRIC_REPRESENTATION_CONTEXT() REPRESENTATION_CONTEXT('2D SPACE',''
  ) );
#858 = PCURVE('',#420,#859);
#859 = DEFINITIONAL_REPRESENTATION('',(#860),#863);
#860 = B_SPLINE_CURVE_WITH_KNOTS('',1,(#861,#862),.UNSPECIFIED.,.F.,.F.,
  (2,2),(-4.264421299821,8.214247084335),.PIECEWISE_BEZIER_KNOTS.);
#861 = CARTESIAN_POINT('',(4.519527662763,-6.5));
#862 = CARTESIAN_POINT('',(4.494449562544,5.978643184682));
#863 = ( GEOMETRIC_REPRESENTATION_CONTEXT(2)
PARAMETRIC_REPRESENTATION_CONTEXT() REPRESENTATION_CONTEXT('2D SPACE',''
  ) );
#864 = FACE_BOUND('',#865,.T.);
#865 = EDGE_LOOP('',(#866));
#866 = ORIENTED_EDGE('',*,*,#867,.T.);
#867 = EDGE_CURVE('',#868,#868,#870,.T.);
#868 = VERTEX_POINT('',#869);
#869 = CARTESIAN_POINT('',(71.75,9.,145.));
#870 = SURFACE_CURVE('',#871,(#876,#887),.PCURVE_S1.);
#871 = CIRCLE('',#872,8.25);
#872 = AXIS2_PLACEMENT_3D('',#873,#874,#875);
#873 = CARTESIAN_POINT('',(80.,9.,145.));
#874 = DIRECTION('',(-1.290208724493E-14,-1.,-8.351144184119E-16));
#875 = DIRECTION('',(-1.,1.290208724493E-14,3.445055688534E-15));
#876 = PCURVE('',#563,#877);
#877 = DEFINITIONAL_REPRESENTATION('',(#878),#886);
#878 = ( BOUNDED_CURVE() B_SPLINE_CURVE(2,(#879,#880,#881,#882,#883,#884
,#885),.UNSPECIFIED.,.T.,.F.) B_SPLINE_CURVE_WITH_KNOTS((1,2,2,2,2,1),(
    -2.094395102393,0.,2.094395102393,4.188790204786,6.28318530718,
8.377580409573),.UNSPECIFIED.) CURVE() GEOMETRIC_REPRESENTATION_ITEM()
RATIONAL_B_SPLINE_CURVE((1.,0.5,1.,0.5,1.,0.5,1.)) REPRESENTATION_ITEM(
  '') );
#879 = CARTESIAN_POINT('',(11.489312875226,-3.32600876776));
#880 = CARTESIAN_POINT('',(-2.800106287217,-3.32600876776));
#881 = CARTESIAN_POINT('',(4.344603294004,9.048991232239));
#882 = CARTESIAN_POINT('',(11.489312875226,21.423991232239));
#883 = CARTESIAN_POINT('',(18.634022456447,9.04899123224));
#884 = CARTESIAN_POINT('',(25.778732037669,-3.32600876776));
#885 = CARTESIAN_POINT('',(11.489312875226,-3.32600876776));
#886 = ( GEOMETRIC_REPRESENTATION_CONTEXT(2)
PARAMETRIC_REPRESENTATION_CONTEXT() REPRESENTATION_CONTEXT('2D SPACE',''
  ) );
#887 = PCURVE('',#888,#893);
#888 = CYLINDRICAL_SURFACE('',#889,8.25);
#889 = AXIS2_PLACEMENT_3D('',#890,#891,#892);
#890 = CARTESIAN_POINT('',(80.,9.,145.));
#891 = DIRECTION('',(-1.110223024625E-16,-1.,-0.));
#892 = DIRECTION('',(-1.,1.110223024625E-16,0.));
#893 = DEFINITIONAL_REPRESENTATION('',(#894),#898);
#894 = LINE('',#895,#896);
#895 = CARTESIAN_POINT('',(-6.28318530718,0.));
#896 = VECTOR('',#897,1.);
#897 = DIRECTION('',(1.,-0.));
#898 = ( GEOMETRIC_REPRESENTATION_CONTEXT(2)
PARAMETRIC_REPRESENTATION_CONTEXT() REPRESENTATION_CONTEXT('2D SPACE',''
  ) );
#899 = ADVANCED_FACE('',(#900),#888,.T.);
#900 = FACE_BOUND('',#901,.F.);
#901 = EDGE_LOOP('',(#902,#925,#926,#927,#960,#988,#1017,#1045));
#902 = ORIENTED_EDGE('',*,*,#903,.F.);
#903 = EDGE_CURVE('',#868,#904,#906,.T.);
#904 = VERTEX_POINT('',#905);
#905 = CARTESIAN_POINT('',(71.75,21.5,145.));
#906 = SEAM_CURVE('',#907,(#911,#918),.PCURVE_S1.);
#907 = LINE('',#908,#909);
#908 = CARTESIAN_POINT('',(71.75,9.,145.));
#909 = VECTOR('',#910,1.);
#910 = DIRECTION('',(1.110223024625E-16,1.,0.));
#911 = PCURVE('',#888,#912);
#912 = DEFINITIONAL_REPRESENTATION('',(#913),#917);
#913 = LINE('',#914,#915);
#914 = CARTESIAN_POINT('',(-6.28318530718,0.));
#915 = VECTOR('',#916,1.);
#916 = DIRECTION('',(-0.,-1.));
#917 = ( GEOMETRIC_REPRESENTATION_CONTEXT(2)
PARAMETRIC_REPRESENTATION_CONTEXT() REPRESENTATION_CONTEXT('2D SPACE',''
  ) );
#918 = PCURVE('',#888,#919);
#919 = DEFINITIONAL_REPRESENTATION('',(#920),#924);
#920 = LINE('',#921,#922);
#921 = CARTESIAN_POINT('',(-0.,0.));
#922 = VECTOR('',#923,1.);
#923 = DIRECTION('',(-0.,-1.));
#924 = ( GEOMETRIC_REPRESENTATION_CONTEXT(2)
PARAMETRIC_REPRESENTATION_CONTEXT() REPRESENTATION_CONTEXT('2D SPACE',''
  ) );
#925 = ORIENTED_EDGE('',*,*,#867,.T.);
#926 = ORIENTED_EDGE('',*,*,#903,.T.);
#927 = ORIENTED_EDGE('',*,*,#928,.F.);
#928 = EDGE_CURVE('',#929,#904,#931,.T.);
#929 = VERTEX_POINT('',#930);
#930 = CARTESIAN_POINT('',(76.325,21.5,152.38626258672));
#931 = SURFACE_CURVE('',#932,(#937,#944),.PCURVE_S1.);
#932 = CIRCLE('',#933,8.25);
#933 = AXIS2_PLACEMENT_3D('',#934,#935,#936);
#934 = CARTESIAN_POINT('',(80.,21.5,145.));
#935 = DIRECTION('',(-1.110223024625E-16,-1.,-0.));
#936 = DIRECTION('',(-1.,1.110223024625E-16,0.));
#937 = PCURVE('',#888,#938);
#938 = DEFINITIONAL_REPRESENTATION('',(#939),#943);
#939 = LINE('',#940,#941);
#940 = CARTESIAN_POINT('',(-6.28318530718,-12.5));
#941 = VECTOR('',#942,1.);
#942 = DIRECTION('',(1.,-0.));
#943 = ( GEOMETRIC_REPRESENTATION_CONTEXT(2)
PARAMETRIC_REPRESENTATION_CONTEXT() REPRESENTATION_CONTEXT('2D SPACE',''
  ) );
#944 = PCURVE('',#945,#950);
#945 = PLANE('',#946);
#946 = AXIS2_PLACEMENT_3D('',#947,#948,#949);
#947 = CARTESIAN_POINT('',(90.525,21.5,134.475));
#948 = DIRECTION('',(1.110223024625E-16,1.,0.));
#949 = DIRECTION('',(0.,0.,1.));
#950 = DEFINITIONAL_REPRESENTATION('',(#951),#959);
#951 = ( BOUNDED_CURVE() B_SPLINE_CURVE(2,(#952,#953,#954,#955,#956,#957
,#958),.UNSPECIFIED.,.T.,.F.) B_SPLINE_CURVE_WITH_KNOTS((1,2,2,2,2,1),(
    -2.094395102393,0.,2.094395102393,4.188790204786,6.28318530718,
8.377580409573),.UNSPECIFIED.) CURVE() GEOMETRIC_REPRESENTATION_ITEM()
RATIONAL_B_SPLINE_CURVE((1.,0.5,1.,0.5,1.,0.5,1.)) REPRESENTATION_ITEM(
  '') );
#952 = CARTESIAN_POINT('',(10.525,-18.775));
#953 = CARTESIAN_POINT('',(-3.764419162443,-18.775));
#954 = CARTESIAN_POINT('',(3.380290418778,-6.4));
#955 = CARTESIAN_POINT('',(10.525,5.975));
#956 = CARTESIAN_POINT('',(17.669709581222,-6.4));
#957 = CARTESIAN_POINT('',(24.814419162443,-18.775));
#958 = CARTESIAN_POINT('',(10.525,-18.775));
#959 = ( GEOMETRIC_REPRESENTATION_CONTEXT(2)
PARAMETRIC_REPRESENTATION_CONTEXT() REPRESENTATION_CONTEXT('2D SPACE',''
  ) );
#960 = ORIENTED_EDGE('',*,*,#961,.F.);
#961 = EDGE_CURVE('',#962,#929,#964,.T.);
#962 = VERTEX_POINT('',#963);
#963 = CARTESIAN_POINT('',(76.325,23.5,152.38626258672));
#964 = SURFACE_CURVE('',#965,(#969,#976),.PCURVE_S1.);
#965 = LINE('',#966,#967);
#966 = CARTESIAN_POINT('',(76.325,9.,152.38626258672));
#967 = VECTOR('',#968,1.);
#968 = DIRECTION('',(-1.110223024625E-16,-1.,-0.));
#969 = PCURVE('',#888,#970);
#970 = DEFINITIONAL_REPRESENTATION('',(#971),#975);
#971 = LINE('',#972,#973);
#972 = CARTESIAN_POINT('',(-1.109114430792,0.));
#973 = VECTOR('',#974,1.);
#974 = DIRECTION('',(-0.,1.));
#975 = ( GEOMETRIC_REPRESENTATION_CONTEXT(2)
PARAMETRIC_REPRESENTATION_CONTEXT() REPRESENTATION_CONTEXT('2D SPACE',''
  ) );
#976 = PCURVE('',#977,#982);
#977 = PLANE('',#978);
#978 = AXIS2_PLACEMENT_3D('',#979,#980,#981);
#979 = CARTESIAN_POINT('',(76.325,21.4,145.));
#980 = DIRECTION('',(-1.,1.110223024625E-16,0.));
#981 = DIRECTION('',(0.,0.,1.));
#982 = DEFINITIONAL_REPRESENTATION('',(#983),#987);
#983 = LINE('',#984,#985);
#984 = CARTESIAN_POINT('',(7.386262586721,-12.4));
#985 = VECTOR('',#986,1.);
#986 = DIRECTION('',(-0.,-1.));
#987 = ( GEOMETRIC_REPRESENTATION_CONTEXT(2)
PARAMETRIC_REPRESENTATION_CONTEXT() REPRESENTATION_CONTEXT('2D SPACE',''
  ) );
#988 = ORIENTED_EDGE('',*,*,#989,.T.);
#989 = EDGE_CURVE('',#962,#990,#992,.T.);
#990 = VERTEX_POINT('',#991);
#991 = CARTESIAN_POINT('',(83.675,23.5,152.38626258672));
#992 = SURFACE_CURVE('',#993,(#998,#1005),.PCURVE_S1.);
#993 = CIRCLE('',#994,8.25);
#994 = AXIS2_PLACEMENT_3D('',#995,#996,#997);
#995 = CARTESIAN_POINT('',(80.,23.5,145.));
#996 = DIRECTION('',(1.110223024625E-16,1.,-0.));
#997 = DIRECTION('',(-1.,1.110223024625E-16,0.));
#998 = PCURVE('',#888,#999);
#999 = DEFINITIONAL_REPRESENTATION('',(#1000),#1004);
#1000 = LINE('',#1001,#1002);
#1001 = CARTESIAN_POINT('',(-0.,-14.5));
#1002 = VECTOR('',#1003,1.);
#1003 = DIRECTION('',(-1.,0.));
#1004 = ( GEOMETRIC_REPRESENTATION_CONTEXT(2)
PARAMETRIC_REPRESENTATION_CONTEXT() REPRESENTATION_CONTEXT('2D SPACE',''
  ) );
#1005 = PCURVE('',#1006,#1011);
#1006 = PLANE('',#1007);
#1007 = AXIS2_PLACEMENT_3D('',#1008,#1009,#1010);
#1008 = CARTESIAN_POINT('',(90.525,23.5,134.475));
#1009 = DIRECTION('',(1.110223024625E-16,1.,0.));
#1010 = DIRECTION('',(0.,0.,1.));
#1011 = DEFINITIONAL_REPRESENTATION('',(#1012),#1016);
#1012 = CIRCLE('',#1013,8.25);
#1013 = AXIS2_PLACEMENT_2D('',#1014,#1015);
#1014 = CARTESIAN_POINT('',(10.525,-10.525));
#1015 = DIRECTION('',(0.,-1.));
#1016 = ( GEOMETRIC_REPRESENTATION_CONTEXT(2)
PARAMETRIC_REPRESENTATION_CONTEXT() REPRESENTATION_CONTEXT('2D SPACE',''
  ) );
#1017 = ORIENTED_EDGE('',*,*,#1018,.T.);
#1018 = EDGE_CURVE('',#990,#1019,#1021,.T.);
#1019 = VERTEX_POINT('',#1020);
#1020 = CARTESIAN_POINT('',(83.675,21.5,152.38626258672));
#1021 = SURFACE_CURVE('',#1022,(#1026,#1033),.PCURVE_S1.);
#1022 = LINE('',#1023,#1024);
#1023 = CARTESIAN_POINT('',(83.675,9.,152.38626258672));
#1024 = VECTOR('',#1025,1.);
#1025 = DIRECTION('',(-1.110223024625E-16,-1.,-0.));
#1026 = PCURVE('',#888,#1027);
#1027 = DEFINITIONAL_REPRESENTATION('',(#1028),#1032);
#1028 = LINE('',#1029,#1030);
#1029 = CARTESIAN_POINT('',(-2.032478222798,0.));
#1030 = VECTOR('',#1031,1.);
#1031 = DIRECTION('',(-0.,1.));
#1032 = ( GEOMETRIC_REPRESENTATION_CONTEXT(2)
PARAMETRIC_REPRESENTATION_CONTEXT() REPRESENTATION_CONTEXT('2D SPACE',''
  ) );
#1033 = PCURVE('',#1034,#1039);
#1034 = PLANE('',#1035);
#1035 = AXIS2_PLACEMENT_3D('',#1036,#1037,#1038);
#1036 = CARTESIAN_POINT('',(83.675,21.4,145.));
#1037 = DIRECTION('',(-1.,1.110223024625E-16,0.));
#1038 = DIRECTION('',(0.,0.,1.));
#1039 = DEFINITIONAL_REPRESENTATION('',(#1040),#1044);
#1040 = LINE('',#1041,#1042);
#1041 = CARTESIAN_POINT('',(7.386262586721,-12.4));
#1042 = VECTOR('',#1043,1.);
#1043 = DIRECTION('',(-0.,-1.));
#1044 = ( GEOMETRIC_REPRESENTATION_CONTEXT(2)
PARAMETRIC_REPRESENTATION_CONTEXT() REPRESENTATION_CONTEXT('2D SPACE',''
  ) );
#1045 = ORIENTED_EDGE('',*,*,#1046,.F.);
#1046 = EDGE_CURVE('',#904,#1019,#1047,.T.);
#1047 = SURFACE_CURVE('',#1048,(#1053,#1060),.PCURVE_S1.);
#1048 = CIRCLE('',#1049,8.25);
#1049 = AXIS2_PLACEMENT_3D('',#1050,#1051,#1052);
#1050 = CARTESIAN_POINT('',(80.,21.5,145.));
#1051 = DIRECTION('',(-1.110223024625E-16,-1.,-0.));
#1052 = DIRECTION('',(-1.,1.110223024625E-16,0.));
#1053 = PCURVE('',#888,#1054);
#1054 = DEFINITIONAL_REPRESENTATION('',(#1055),#1059);
#1055 = LINE('',#1056,#1057);
#1056 = CARTESIAN_POINT('',(-6.28318530718,-12.5));
#1057 = VECTOR('',#1058,1.);
#1058 = DIRECTION('',(1.,-0.));
#1059 = ( GEOMETRIC_REPRESENTATION_CONTEXT(2)
PARAMETRIC_REPRESENTATION_CONTEXT() REPRESENTATION_CONTEXT('2D SPACE',''
  ) );
#1060 = PCURVE('',#945,#1061);
#1061 = DEFINITIONAL_REPRESENTATION('',(#1062),#1070);
#1062 = ( BOUNDED_CURVE() B_SPLINE_CURVE(2,(#1063,#1064,#1065,#1066,
#1067,#1068,#1069),.UNSPECIFIED.,.T.,.F.) B_SPLINE_CURVE_WITH_KNOTS((1,2
    ,2,2,2,1),(-2.094395102393,0.,2.094395102393,4.188790204786,
6.28318530718,8.377580409573),.UNSPECIFIED.) CURVE()
GEOMETRIC_REPRESENTATION_ITEM() RATIONAL_B_SPLINE_CURVE((1.,0.5,1.,0.5,
1.,0.5,1.)) REPRESENTATION_ITEM('') );
#1063 = CARTESIAN_POINT('',(10.525,-18.775));
#1064 = CARTESIAN_POINT('',(-3.764419162443,-18.775));
#1065 = CARTESIAN_POINT('',(3.380290418778,-6.4));
#1066 = CARTESIAN_POINT('',(10.525,5.975));
#1067 = CARTESIAN_POINT('',(17.669709581222,-6.4));
#1068 = CARTESIAN_POINT('',(24.814419162443,-18.775));
#1069 = CARTESIAN_POINT('',(10.525,-18.775));
#1070 = ( GEOMETRIC_REPRESENTATION_CONTEXT(2)
PARAMETRIC_REPRESENTATION_CONTEXT() REPRESENTATION_CONTEXT('2D SPACE',''
  ) );
#1071 = ADVANCED_FACE('',(#1072),#1034,.T.);
#1072 = FACE_BOUND('',#1073,.T.);
#1073 = EDGE_LOOP('',(#1074,#1075,#1098,#1126));
#1074 = ORIENTED_EDGE('',*,*,#1018,.T.);
#1075 = ORIENTED_EDGE('',*,*,#1076,.T.);
#1076 = EDGE_CURVE('',#1019,#1077,#1079,.T.);
#1077 = VERTEX_POINT('',#1078);
#1078 = CARTESIAN_POINT('',(83.675,21.5,155.525));
#1079 = SURFACE_CURVE('',#1080,(#1084,#1091),.PCURVE_S1.);
#1080 = LINE('',#1081,#1082);
#1081 = CARTESIAN_POINT('',(83.675,21.5,139.7375));
#1082 = VECTOR('',#1083,1.);
#1083 = DIRECTION('',(0.,0.,1.));
#1084 = PCURVE('',#1034,#1085);
#1085 = DEFINITIONAL_REPRESENTATION('',(#1086),#1090);
#1086 = LINE('',#1087,#1088);
#1087 = CARTESIAN_POINT('',(-5.2625,0.1));
#1088 = VECTOR('',#1089,1.);
#1089 = DIRECTION('',(1.,0.));
#1090 = ( GEOMETRIC_REPRESENTATION_CONTEXT(2)
PARAMETRIC_REPRESENTATION_CONTEXT() REPRESENTATION_CONTEXT('2D SPACE',''
  ) );
#1091 = PCURVE('',#945,#1092);
#1092 = DEFINITIONAL_REPRESENTATION('',(#1093),#1097);
#1093 = LINE('',#1094,#1095);
#1094 = CARTESIAN_POINT('',(5.2625,-6.85));
#1095 = VECTOR('',#1096,1.);
#1096 = DIRECTION('',(1.,0.));
#1097 = ( GEOMETRIC_REPRESENTATION_CONTEXT(2)
PARAMETRIC_REPRESENTATION_CONTEXT() REPRESENTATION_CONTEXT('2D SPACE',''
  ) );
#1098 = ORIENTED_EDGE('',*,*,#1099,.F.);
#1099 = EDGE_CURVE('',#1100,#1077,#1102,.T.);
#1100 = VERTEX_POINT('',#1101);
#1101 = CARTESIAN_POINT('',(83.675,23.5,155.525));
#1102 = SURFACE_CURVE('',#1103,(#1107,#1114),.PCURVE_S1.);
#1103 = LINE('',#1104,#1105);
#1104 = CARTESIAN_POINT('',(83.675,21.45,155.525));
#1105 = VECTOR('',#1106,1.);
#1106 = DIRECTION('',(-1.110223024625E-16,-1.,0.));
#1107 = PCURVE('',#1034,#1108);
#1108 = DEFINITIONAL_REPRESENTATION('',(#1109),#1113);
#1109 = LINE('',#1110,#1111);
#1110 = CARTESIAN_POINT('',(10.525,5.E-02));
#1111 = VECTOR('',#1112,1.);
#1112 = DIRECTION('',(0.,-1.));
#1113 = ( GEOMETRIC_REPRESENTATION_CONTEXT(2)
PARAMETRIC_REPRESENTATION_CONTEXT() REPRESENTATION_CONTEXT('2D SPACE',''
  ) );
#1114 = PCURVE('',#1115,#1120);
#1115 = PLANE('',#1116);
#1116 = AXIS2_PLACEMENT_3D('',#1117,#1118,#1119);
#1117 = CARTESIAN_POINT('',(91.525,23.5,155.525));
#1118 = DIRECTION('',(0.,0.,1.));
#1119 = DIRECTION('',(1.110223024625E-16,1.,0.));
#1120 = DEFINITIONAL_REPRESENTATION('',(#1121),#1125);
#1121 = LINE('',#1122,#1123);
#1122 = CARTESIAN_POINT('',(-2.05,7.85));
#1123 = VECTOR('',#1124,1.);
#1124 = DIRECTION('',(-1.,0.));
#1125 = ( GEOMETRIC_REPRESENTATION_CONTEXT(2)
PARAMETRIC_REPRESENTATION_CONTEXT() REPRESENTATION_CONTEXT('2D SPACE',''
  ) );
#1126 = ORIENTED_EDGE('',*,*,#1127,.F.);
#1127 = EDGE_CURVE('',#990,#1100,#1128,.T.);
#1128 = SURFACE_CURVE('',#1129,(#1133,#1140),.PCURVE_S1.);
#1129 = LINE('',#1130,#1131);
#1130 = CARTESIAN_POINT('',(83.675,23.5,139.7375));
#1131 = VECTOR('',#1132,1.);
#1132 = DIRECTION('',(0.,0.,1.));
#1133 = PCURVE('',#1034,#1134);
#1134 = DEFINITIONAL_REPRESENTATION('',(#1135),#1139);
#1135 = LINE('',#1136,#1137);
#1136 = CARTESIAN_POINT('',(-5.2625,2.1));
#1137 = VECTOR('',#1138,1.);
#1138 = DIRECTION('',(1.,0.));
#1139 = ( GEOMETRIC_REPRESENTATION_CONTEXT(2)
PARAMETRIC_REPRESENTATION_CONTEXT() REPRESENTATION_CONTEXT('2D SPACE',''
  ) );
#1140 = PCURVE('',#1006,#1141);
#1141 = DEFINITIONAL_REPRESENTATION('',(#1142),#1146);
#1142 = LINE('',#1143,#1144);
#1143 = CARTESIAN_POINT('',(5.2625,-6.85));
#1144 = VECTOR('',#1145,1.);
#1145 = DIRECTION('',(1.,0.));
#1146 = ( GEOMETRIC_REPRESENTATION_CONTEXT(2)
PARAMETRIC_REPRESENTATION_CONTEXT() REPRESENTATION_CONTEXT('2D SPACE',''
  ) );
#1147 = ADVANCED_FACE('',(#1148),#1115,.T.);
#1148 = FACE_BOUND('',#1149,.T.);
#1149 = EDGE_LOOP('',(#1150,#1180,#1208,#1236,#1264,#1292,#1320,#1341,
    #1342,#1365));
#1150 = ORIENTED_EDGE('',*,*,#1151,.F.);
#1151 = EDGE_CURVE('',#1152,#1154,#1156,.T.);
#1152 = VERTEX_POINT('',#1153);
#1153 = CARTESIAN_POINT('',(91.525,23.5,155.525));
#1154 = VERTEX_POINT('',#1155);
#1155 = CARTESIAN_POINT('',(90.525,23.5,155.525));
#1156 = SURFACE_CURVE('',#1157,(#1161,#1168),.PCURVE_S1.);
#1157 = LINE('',#1158,#1159);
#1158 = CARTESIAN_POINT('',(91.525,23.5,155.525));
#1159 = VECTOR('',#1160,1.);
#1160 = DIRECTION('',(-1.,1.110223024625E-16,0.));
#1161 = PCURVE('',#1115,#1162);
#1162 = DEFINITIONAL_REPRESENTATION('',(#1163),#1167);
#1163 = LINE('',#1164,#1165);
#1164 = CARTESIAN_POINT('',(0.,0.));
#1165 = VECTOR('',#1166,1.);
#1166 = DIRECTION('',(0.,1.));
#1167 = ( GEOMETRIC_REPRESENTATION_CONTEXT(2)
PARAMETRIC_REPRESENTATION_CONTEXT() REPRESENTATION_CONTEXT('2D SPACE',''
  ) );
#1168 = PCURVE('',#1169,#1174);
#1169 = PLANE('',#1170);
#1170 = AXIS2_PLACEMENT_3D('',#1171,#1172,#1173);
#1171 = CARTESIAN_POINT('',(90.525,23.5,133.275));
#1172 = DIRECTION('',(1.110223024625E-16,1.,0.));
#1173 = DIRECTION('',(0.,0.,1.));
#1174 = DEFINITIONAL_REPRESENTATION('',(#1175),#1179);
#1175 = LINE('',#1176,#1177);
#1176 = CARTESIAN_POINT('',(22.25,1.));
#1177 = VECTOR('',#1178,1.);
#1178 = DIRECTION('',(0.,-1.));
#1179 = ( GEOMETRIC_REPRESENTATION_CONTEXT(2)
PARAMETRIC_REPRESENTATION_CONTEXT() REPRESENTATION_CONTEXT('2D SPACE',''
  ) );
#1180 = ORIENTED_EDGE('',*,*,#1181,.T.);
#1181 = EDGE_CURVE('',#1152,#1182,#1184,.T.);
#1182 = VERTEX_POINT('',#1183);
#1183 = CARTESIAN_POINT('',(91.525,34.95,155.525));
#1184 = SURFACE_CURVE('',#1185,(#1189,#1196),.PCURVE_S1.);
#1185 = LINE('',#1186,#1187);
#1186 = CARTESIAN_POINT('',(91.525,23.5,155.525));
#1187 = VECTOR('',#1188,1.);
#1188 = DIRECTION('',(1.110223024625E-16,1.,0.));
#1189 = PCURVE('',#1115,#1190);
#1190 = DEFINITIONAL_REPRESENTATION('',(#1191),#1195);
#1191 = LINE('',#1192,#1193);
#1192 = CARTESIAN_POINT('',(0.,0.));
#1193 = VECTOR('',#1194,1.);
#1194 = DIRECTION('',(1.,0.));
#1195 = ( GEOMETRIC_REPRESENTATION_CONTEXT(2)
PARAMETRIC_REPRESENTATION_CONTEXT() REPRESENTATION_CONTEXT('2D SPACE',''
  ) );
#1196 = PCURVE('',#1197,#1202);
#1197 = PLANE('',#1198);
#1198 = AXIS2_PLACEMENT_3D('',#1199,#1200,#1201);
#1199 = CARTESIAN_POINT('',(91.525,23.5,134.475));
#1200 = DIRECTION('',(-1.,1.110223024625E-16,0.));
#1201 = DIRECTION('',(0.,0.,1.));
#1202 = DEFINITIONAL_REPRESENTATION('',(#1203),#1207);
#1203 = LINE('',#1204,#1205);
#1204 = CARTESIAN_POINT('',(21.05,0.));
#1205 = VECTOR('',#1206,1.);
#1206 = DIRECTION('',(0.,1.));
#1207 = ( GEOMETRIC_REPRESENTATION_CONTEXT(2)
PARAMETRIC_REPRESENTATION_CONTEXT() REPRESENTATION_CONTEXT('2D SPACE',''
  ) );
#1208 = ORIENTED_EDGE('',*,*,#1209,.F.);
#1209 = EDGE_CURVE('',#1210,#1182,#1212,.T.);
#1210 = VERTEX_POINT('',#1211);
#1211 = CARTESIAN_POINT('',(86.725,34.95,155.525));
#1212 = SURFACE_CURVE('',#1213,(#1217,#1224),.PCURVE_S1.);
#1213 = LINE('',#1214,#1215);
#1214 = CARTESIAN_POINT('',(86.725,34.95,155.525));
#1215 = VECTOR('',#1216,1.);
#1216 = DIRECTION('',(1.,-1.110223024625E-16,0.));
#1217 = PCURVE('',#1115,#1218);
#1218 = DEFINITIONAL_REPRESENTATION('',(#1219),#1223);
#1219 = LINE('',#1220,#1221);
#1220 = CARTESIAN_POINT('',(11.45,4.8));
#1221 = VECTOR('',#1222,1.);
#1222 = DIRECTION('',(0.,-1.));
#1223 = ( GEOMETRIC_REPRESENTATION_CONTEXT(2)
PARAMETRIC_REPRESENTATION_CONTEXT() REPRESENTATION_CONTEXT('2D SPACE',''
  ) );
#1224 = PCURVE('',#1225,#1230);
#1225 = PLANE('',#1226);
#1226 = AXIS2_PLACEMENT_3D('',#1227,#1228,#1229);
#1227 = CARTESIAN_POINT('',(90.525,34.95,133.275));
#1228 = DIRECTION('',(1.110223024625E-16,1.,0.));
#1229 = DIRECTION('',(0.,0.,1.));
#1230 = DEFINITIONAL_REPRESENTATION('',(#1231),#1235);
#1231 = LINE('',#1232,#1233);
#1232 = CARTESIAN_POINT('',(22.25,-3.8));
#1233 = VECTOR('',#1234,1.);
#1234 = DIRECTION('',(0.,1.));
#1235 = ( GEOMETRIC_REPRESENTATION_CONTEXT(2)
PARAMETRIC_REPRESENTATION_CONTEXT() REPRESENTATION_CONTEXT('2D SPACE',''
  ) );
#1236 = ORIENTED_EDGE('',*,*,#1237,.T.);
#1237 = EDGE_CURVE('',#1210,#1238,#1240,.T.);
#1238 = VERTEX_POINT('',#1239);
#1239 = CARTESIAN_POINT('',(86.725,32.95,155.525));
#1240 = SURFACE_CURVE('',#1241,(#1245,#1252),.PCURVE_S1.);
#1241 = LINE('',#1242,#1243);
#1242 = CARTESIAN_POINT('',(86.725,32.9,155.525));
#1243 = VECTOR('',#1244,1.);
#1244 = DIRECTION('',(-1.110223024625E-16,-1.,0.));
#1245 = PCURVE('',#1115,#1246);
#1246 = DEFINITIONAL_REPRESENTATION('',(#1247),#1251);
#1247 = LINE('',#1248,#1249);
#1248 = CARTESIAN_POINT('',(9.4,4.8));
#1249 = VECTOR('',#1250,1.);
#1250 = DIRECTION('',(-1.,0.));
#1251 = ( GEOMETRIC_REPRESENTATION_CONTEXT(2)
PARAMETRIC_REPRESENTATION_CONTEXT() REPRESENTATION_CONTEXT('2D SPACE',''
  ) );
#1252 = PCURVE('',#1253,#1258);
#1253 = PLANE('',#1254);
#1254 = AXIS2_PLACEMENT_3D('',#1255,#1256,#1257);
#1255 = CARTESIAN_POINT('',(86.725,32.85,137.975));
#1256 = DIRECTION('',(-1.,1.110223024625E-16,0.));
#1257 = DIRECTION('',(0.,0.,1.));
#1258 = DEFINITIONAL_REPRESENTATION('',(#1259),#1263);
#1259 = LINE('',#1260,#1261);
#1260 = CARTESIAN_POINT('',(17.55,5.E-02));
#1261 = VECTOR('',#1262,1.);
#1262 = DIRECTION('',(0.,-1.));
#1263 = ( GEOMETRIC_REPRESENTATION_CONTEXT(2)
PARAMETRIC_REPRESENTATION_CONTEXT() REPRESENTATION_CONTEXT('2D SPACE',''
  ) );
#1264 = ORIENTED_EDGE('',*,*,#1265,.F.);
#1265 = EDGE_CURVE('',#1266,#1238,#1268,.T.);
#1266 = VERTEX_POINT('',#1267);
#1267 = CARTESIAN_POINT('',(89.525,32.95,155.525));
#1268 = SURFACE_CURVE('',#1269,(#1273,#1280),.PCURVE_S1.);
#1269 = LINE('',#1270,#1271);
#1270 = CARTESIAN_POINT('',(90.525,32.95,155.525));
#1271 = VECTOR('',#1272,1.);
#1272 = DIRECTION('',(-1.,1.110223024625E-16,0.));
#1273 = PCURVE('',#1115,#1274);
#1274 = DEFINITIONAL_REPRESENTATION('',(#1275),#1279);
#1275 = LINE('',#1276,#1277);
#1276 = CARTESIAN_POINT('',(9.45,1.));
#1277 = VECTOR('',#1278,1.);
#1278 = DIRECTION('',(0.,1.));
#1279 = ( GEOMETRIC_REPRESENTATION_CONTEXT(2)
PARAMETRIC_REPRESENTATION_CONTEXT() REPRESENTATION_CONTEXT('2D SPACE',''
  ) );
#1280 = PCURVE('',#1281,#1286);
#1281 = PLANE('',#1282);
#1282 = AXIS2_PLACEMENT_3D('',#1283,#1284,#1285);
#1283 = CARTESIAN_POINT('',(90.525,32.95,134.475));
#1284 = DIRECTION('',(1.110223024625E-16,1.,0.));
#1285 = DIRECTION('',(0.,0.,1.));
#1286 = DEFINITIONAL_REPRESENTATION('',(#1287),#1291);
#1287 = LINE('',#1288,#1289);
#1288 = CARTESIAN_POINT('',(21.05,0.));
#1289 = VECTOR('',#1290,1.);
#1290 = DIRECTION('',(0.,-1.));
#1291 = ( GEOMETRIC_REPRESENTATION_CONTEXT(2)
PARAMETRIC_REPRESENTATION_CONTEXT() REPRESENTATION_CONTEXT('2D SPACE',''
  ) );
#1292 = ORIENTED_EDGE('',*,*,#1293,.F.);
#1293 = EDGE_CURVE('',#1294,#1266,#1296,.T.);
#1294 = VERTEX_POINT('',#1295);
#1295 = CARTESIAN_POINT('',(89.525,23.5,155.525));
#1296 = SURFACE_CURVE('',#1297,(#1301,#1308),.PCURVE_S1.);
#1297 = LINE('',#1298,#1299);
#1298 = CARTESIAN_POINT('',(89.525,23.5,155.525));
#1299 = VECTOR('',#1300,1.);
#1300 = DIRECTION('',(1.110223024625E-16,1.,0.));
#1301 = PCURVE('',#1115,#1302);
#1302 = DEFINITIONAL_REPRESENTATION('',(#1303),#1307);
#1303 = LINE('',#1304,#1305);
#1304 = CARTESIAN_POINT('',(-2.22044604925E-16,2.));
#1305 = VECTOR('',#1306,1.);
#1306 = DIRECTION('',(1.,0.));
#1307 = ( GEOMETRIC_REPRESENTATION_CONTEXT(2)
PARAMETRIC_REPRESENTATION_CONTEXT() REPRESENTATION_CONTEXT('2D SPACE',''
  ) );
#1308 = PCURVE('',#1309,#1314);
#1309 = PLANE('',#1310);
#1310 = AXIS2_PLACEMENT_3D('',#1311,#1312,#1313);
#1311 = CARTESIAN_POINT('',(89.525,23.5,134.475));
#1312 = DIRECTION('',(-1.,1.110223024625E-16,0.));
#1313 = DIRECTION('',(0.,0.,1.));
#1314 = DEFINITIONAL_REPRESENTATION('',(#1315),#1319);
#1315 = LINE('',#1316,#1317);
#1316 = CARTESIAN_POINT('',(21.05,0.));
#1317 = VECTOR('',#1318,1.);
#1318 = DIRECTION('',(0.,1.));
#1319 = ( GEOMETRIC_REPRESENTATION_CONTEXT(2)
PARAMETRIC_REPRESENTATION_CONTEXT() REPRESENTATION_CONTEXT('2D SPACE',''
  ) );
#1320 = ORIENTED_EDGE('',*,*,#1321,.T.);
#1321 = EDGE_CURVE('',#1294,#1100,#1322,.T.);
#1322 = SURFACE_CURVE('',#1323,(#1327,#1334),.PCURVE_S1.);
#1323 = LINE('',#1324,#1325);
#1324 = CARTESIAN_POINT('',(90.525,23.5,155.525));
#1325 = VECTOR('',#1326,1.);
#1326 = DIRECTION('',(-1.,1.110223024625E-16,0.));
#1327 = PCURVE('',#1115,#1328);
#1328 = DEFINITIONAL_REPRESENTATION('',(#1329),#1333);
#1329 = LINE('',#1330,#1331);
#1330 = CARTESIAN_POINT('',(-1.110223024625E-16,1.));
#1331 = VECTOR('',#1332,1.);
#1332 = DIRECTION('',(0.,1.));
#1333 = ( GEOMETRIC_REPRESENTATION_CONTEXT(2)
PARAMETRIC_REPRESENTATION_CONTEXT() REPRESENTATION_CONTEXT('2D SPACE',''
  ) );
#1334 = PCURVE('',#1006,#1335);
#1335 = DEFINITIONAL_REPRESENTATION('',(#1336),#1340);
#1336 = LINE('',#1337,#1338);
#1337 = CARTESIAN_POINT('',(21.05,0.));
#1338 = VECTOR('',#1339,1.);
#1339 = DIRECTION('',(0.,-1.));
#1340 = ( GEOMETRIC_REPRESENTATION_CONTEXT(2)
PARAMETRIC_REPRESENTATION_CONTEXT() REPRESENTATION_CONTEXT('2D SPACE',''
  ) );
#1341 = ORIENTED_EDGE('',*,*,#1099,.T.);
#1342 = ORIENTED_EDGE('',*,*,#1343,.F.);
#1343 = EDGE_CURVE('',#1344,#1077,#1346,.T.);
#1344 = VERTEX_POINT('',#1345);
#1345 = CARTESIAN_POINT('',(90.525,21.5,155.525));
#1346 = SURFACE_CURVE('',#1347,(#1351,#1358),.PCURVE_S1.);
#1347 = LINE('',#1348,#1349);
#1348 = CARTESIAN_POINT('',(90.525,21.5,155.525));
#1349 = VECTOR('',#1350,1.);
#1350 = DIRECTION('',(-1.,1.110223024625E-16,0.));
#1351 = PCURVE('',#1115,#1352);
#1352 = DEFINITIONAL_REPRESENTATION('',(#1353),#1357);
#1353 = LINE('',#1354,#1355);
#1354 = CARTESIAN_POINT('',(-2.,1.));
#1355 = VECTOR('',#1356,1.);
#1356 = DIRECTION('',(0.,1.));
#1357 = ( GEOMETRIC_REPRESENTATION_CONTEXT(2)
PARAMETRIC_REPRESENTATION_CONTEXT() REPRESENTATION_CONTEXT('2D SPACE',''
  ) );
#1358 = PCURVE('',#945,#1359);
#1359 = DEFINITIONAL_REPRESENTATION('',(#1360),#1364);
#1360 = LINE('',#1361,#1362);
#1361 = CARTESIAN_POINT('',(21.05,0.));
#1362 = VECTOR('',#1363,1.);
#1363 = DIRECTION('',(0.,-1.));
#1364 = ( GEOMETRIC_REPRESENTATION_CONTEXT(2)
PARAMETRIC_REPRESENTATION_CONTEXT() REPRESENTATION_CONTEXT('2D SPACE',''
  ) );
#1365 = ORIENTED_EDGE('',*,*,#1366,.T.);
#1366 = EDGE_CURVE('',#1344,#1154,#1367,.T.);
#1367 = SURFACE_CURVE('',#1368,(#1372,#1379),.PCURVE_S1.);
#1368 = LINE('',#1369,#1370);
#1369 = CARTESIAN_POINT('',(90.525,21.5,155.525));
#1370 = VECTOR('',#1371,1.);
#1371 = DIRECTION('',(1.110223024625E-16,1.,0.));
#1372 = PCURVE('',#1115,#1373);
#1373 = DEFINITIONAL_REPRESENTATION('',(#1374),#1378);
#1374 = LINE('',#1375,#1376);
#1375 = CARTESIAN_POINT('',(-2.,1.));
#1376 = VECTOR('',#1377,1.);
#1377 = DIRECTION('',(1.,0.));
#1378 = ( GEOMETRIC_REPRESENTATION_CONTEXT(2)
PARAMETRIC_REPRESENTATION_CONTEXT() REPRESENTATION_CONTEXT('2D SPACE',''
  ) );
#1379 = PCURVE('',#1380,#1385);
#1380 = PLANE('',#1381);
#1381 = AXIS2_PLACEMENT_3D('',#1382,#1383,#1384);
#1382 = CARTESIAN_POINT('',(90.525,21.5,134.475));
#1383 = DIRECTION('',(-1.,1.110223024625E-16,0.));
#1384 = DIRECTION('',(0.,0.,1.));
#1385 = DEFINITIONAL_REPRESENTATION('',(#1386),#1390);
#1386 = LINE('',#1387,#1388);
#1387 = CARTESIAN_POINT('',(21.05,0.));
#1388 = VECTOR('',#1389,1.);
#1389 = DIRECTION('',(0.,1.));
#1390 = ( GEOMETRIC_REPRESENTATION_CONTEXT(2)
PARAMETRIC_REPRESENTATION_CONTEXT() REPRESENTATION_CONTEXT('2D SPACE',''
  ) );
#1391 = ADVANCED_FACE('',(#1392),#1380,.F.);
#1392 = FACE_BOUND('',#1393,.F.);
#1393 = EDGE_LOOP('',(#1394,#1424,#1445,#1446));
#1394 = ORIENTED_EDGE('',*,*,#1395,.F.);
#1395 = EDGE_CURVE('',#1396,#1398,#1400,.T.);
#1396 = VERTEX_POINT('',#1397);
#1397 = CARTESIAN_POINT('',(90.525,21.5,134.475));
#1398 = VERTEX_POINT('',#1399);
#1399 = CARTESIAN_POINT('',(90.525,23.5,134.475));
#1400 = SURFACE_CURVE('',#1401,(#1405,#1412),.PCURVE_S1.);
#1401 = LINE('',#1402,#1403);
#1402 = CARTESIAN_POINT('',(90.525,21.5,134.475));
#1403 = VECTOR('',#1404,1.);
#1404 = DIRECTION('',(1.110223024625E-16,1.,0.));
#1405 = PCURVE('',#1380,#1406);
#1406 = DEFINITIONAL_REPRESENTATION('',(#1407),#1411);
#1407 = LINE('',#1408,#1409);
#1408 = CARTESIAN_POINT('',(0.,0.));
#1409 = VECTOR('',#1410,1.);
#1410 = DIRECTION('',(0.,1.));
#1411 = ( GEOMETRIC_REPRESENTATION_CONTEXT(2)
PARAMETRIC_REPRESENTATION_CONTEXT() REPRESENTATION_CONTEXT('2D SPACE',''
  ) );
#1412 = PCURVE('',#1413,#1418);
#1413 = PLANE('',#1414);
#1414 = AXIS2_PLACEMENT_3D('',#1415,#1416,#1417);
#1415 = CARTESIAN_POINT('',(90.525,21.5,134.475));
#1416 = DIRECTION('',(0.,0.,1.));
#1417 = DIRECTION('',(1.110223024625E-16,1.,0.));
#1418 = DEFINITIONAL_REPRESENTATION('',(#1419),#1423);
#1419 = LINE('',#1420,#1421);
#1420 = CARTESIAN_POINT('',(0.,0.));
#1421 = VECTOR('',#1422,1.);
#1422 = DIRECTION('',(1.,0.));
#1423 = ( GEOMETRIC_REPRESENTATION_CONTEXT(2)
PARAMETRIC_REPRESENTATION_CONTEXT() REPRESENTATION_CONTEXT('2D SPACE',''
  ) );
#1424 = ORIENTED_EDGE('',*,*,#1425,.T.);
#1425 = EDGE_CURVE('',#1396,#1344,#1426,.T.);
#1426 = SURFACE_CURVE('',#1427,(#1431,#1438),.PCURVE_S1.);
#1427 = LINE('',#1428,#1429);
#1428 = CARTESIAN_POINT('',(90.525,21.5,134.475));
#1429 = VECTOR('',#1430,1.);
#1430 = DIRECTION('',(0.,0.,1.));
#1431 = PCURVE('',#1380,#1432);
#1432 = DEFINITIONAL_REPRESENTATION('',(#1433),#1437);
#1433 = LINE('',#1434,#1435);
#1434 = CARTESIAN_POINT('',(0.,0.));
#1435 = VECTOR('',#1436,1.);
#1436 = DIRECTION('',(1.,0.));
#1437 = ( GEOMETRIC_REPRESENTATION_CONTEXT(2)
PARAMETRIC_REPRESENTATION_CONTEXT() REPRESENTATION_CONTEXT('2D SPACE',''
  ) );
#1438 = PCURVE('',#945,#1439);
#1439 = DEFINITIONAL_REPRESENTATION('',(#1440),#1444);
#1440 = LINE('',#1441,#1442);
#1441 = CARTESIAN_POINT('',(0.,0.));
#1442 = VECTOR('',#1443,1.);
#1443 = DIRECTION('',(1.,0.));
#1444 = ( GEOMETRIC_REPRESENTATION_CONTEXT(2)
PARAMETRIC_REPRESENTATION_CONTEXT() REPRESENTATION_CONTEXT('2D SPACE',''
  ) );
#1445 = ORIENTED_EDGE('',*,*,#1366,.T.);
#1446 = ORIENTED_EDGE('',*,*,#1447,.F.);
#1447 = EDGE_CURVE('',#1398,#1154,#1448,.T.);
#1448 = SURFACE_CURVE('',#1449,(#1453,#1460),.PCURVE_S1.);
#1449 = LINE('',#1450,#1451);
#1450 = CARTESIAN_POINT('',(90.525,23.5,134.475));
#1451 = VECTOR('',#1452,1.);
#1452 = DIRECTION('',(0.,0.,1.));
#1453 = PCURVE('',#1380,#1454);
#1454 = DEFINITIONAL_REPRESENTATION('',(#1455),#1459);
#1455 = LINE('',#1456,#1457);
#1456 = CARTESIAN_POINT('',(0.,2.));
#1457 = VECTOR('',#1458,1.);
#1458 = DIRECTION('',(1.,0.));
#1459 = ( GEOMETRIC_REPRESENTATION_CONTEXT(2)
PARAMETRIC_REPRESENTATION_CONTEXT() REPRESENTATION_CONTEXT('2D SPACE',''
  ) );
#1460 = PCURVE('',#1169,#1461);
#1461 = DEFINITIONAL_REPRESENTATION('',(#1462),#1466);
#1462 = LINE('',#1463,#1464);
#1463 = CARTESIAN_POINT('',(1.2,0.));
#1464 = VECTOR('',#1465,1.);
#1465 = DIRECTION('',(1.,0.));
#1466 = ( GEOMETRIC_REPRESENTATION_CONTEXT(2)
PARAMETRIC_REPRESENTATION_CONTEXT() REPRESENTATION_CONTEXT('2D SPACE',''
  ) );
#1467 = ADVANCED_FACE('',(#1468),#1413,.F.);
#1468 = FACE_BOUND('',#1469,.F.);
#1469 = EDGE_LOOP('',(#1470,#1493,#1494,#1522));
#1470 = ORIENTED_EDGE('',*,*,#1471,.F.);
#1471 = EDGE_CURVE('',#1396,#1472,#1474,.T.);
#1472 = VERTEX_POINT('',#1473);
#1473 = CARTESIAN_POINT('',(69.475,21.5,134.475));
#1474 = SURFACE_CURVE('',#1475,(#1479,#1486),.PCURVE_S1.);
#1475 = LINE('',#1476,#1477);
#1476 = CARTESIAN_POINT('',(90.525,21.5,134.475));
#1477 = VECTOR('',#1478,1.);
#1478 = DIRECTION('',(-1.,1.110223024625E-16,0.));
#1479 = PCURVE('',#1413,#1480);
#1480 = DEFINITIONAL_REPRESENTATION('',(#1481),#1485);
#1481 = LINE('',#1482,#1483);
#1482 = CARTESIAN_POINT('',(0.,0.));
#1483 = VECTOR('',#1484,1.);
#1484 = DIRECTION('',(0.,1.));
#1485 = ( GEOMETRIC_REPRESENTATION_CONTEXT(2)
PARAMETRIC_REPRESENTATION_CONTEXT() REPRESENTATION_CONTEXT('2D SPACE',''
  ) );
#1486 = PCURVE('',#945,#1487);
#1487 = DEFINITIONAL_REPRESENTATION('',(#1488),#1492);
#1488 = LINE('',#1489,#1490);
#1489 = CARTESIAN_POINT('',(0.,0.));
#1490 = VECTOR('',#1491,1.);
#1491 = DIRECTION('',(0.,-1.));
#1492 = ( GEOMETRIC_REPRESENTATION_CONTEXT(2)
PARAMETRIC_REPRESENTATION_CONTEXT() REPRESENTATION_CONTEXT('2D SPACE',''
  ) );
#1493 = ORIENTED_EDGE('',*,*,#1395,.T.);
#1494 = ORIENTED_EDGE('',*,*,#1495,.T.);
#1495 = EDGE_CURVE('',#1398,#1496,#1498,.T.);
#1496 = VERTEX_POINT('',#1497);
#1497 = CARTESIAN_POINT('',(69.475,23.5,134.475));
#1498 = SURFACE_CURVE('',#1499,(#1503,#1510),.PCURVE_S1.);
#1499 = LINE('',#1500,#1501);
#1500 = CARTESIAN_POINT('',(90.525,23.5,134.475));
#1501 = VECTOR('',#1502,1.);
#1502 = DIRECTION('',(-1.,1.110223024625E-16,0.));
#1503 = PCURVE('',#1413,#1504);
#1504 = DEFINITIONAL_REPRESENTATION('',(#1505),#1509);
#1505 = LINE('',#1506,#1507);
#1506 = CARTESIAN_POINT('',(2.,2.22044604925E-16));
#1507 = VECTOR('',#1508,1.);
#1508 = DIRECTION('',(0.,1.));
#1509 = ( GEOMETRIC_REPRESENTATION_CONTEXT(2)
PARAMETRIC_REPRESENTATION_CONTEXT() REPRESENTATION_CONTEXT('2D SPACE',''
  ) );
#1510 = PCURVE('',#1511,#1516);
#1511 = PLANE('',#1512);
#1512 = AXIS2_PLACEMENT_3D('',#1513,#1514,#1515);
#1513 = CARTESIAN_POINT('',(90.525,23.5,133.275));
#1514 = DIRECTION('',(1.110223024625E-16,1.,0.));
#1515 = DIRECTION('',(0.,0.,1.));
#1516 = DEFINITIONAL_REPRESENTATION('',(#1517),#1521);
#1517 = LINE('',#1518,#1519);
#1518 = CARTESIAN_POINT('',(1.2,0.));
#1519 = VECTOR('',#1520,1.);
#1520 = DIRECTION('',(0.,-1.));
#1521 = ( GEOMETRIC_REPRESENTATION_CONTEXT(2)
PARAMETRIC_REPRESENTATION_CONTEXT() REPRESENTATION_CONTEXT('2D SPACE',''
  ) );
#1522 = ORIENTED_EDGE('',*,*,#1523,.F.);
#1523 = EDGE_CURVE('',#1472,#1496,#1524,.T.);
#1524 = SURFACE_CURVE('',#1525,(#1529,#1536),.PCURVE_S1.);
#1525 = LINE('',#1526,#1527);
#1526 = CARTESIAN_POINT('',(69.475,21.5,134.475));
#1527 = VECTOR('',#1528,1.);
#1528 = DIRECTION('',(1.110223024625E-16,1.,0.));
#1529 = PCURVE('',#1413,#1530);
#1530 = DEFINITIONAL_REPRESENTATION('',(#1531),#1535);
#1531 = LINE('',#1532,#1533);
#1532 = CARTESIAN_POINT('',(-2.337019466836E-15,21.05));
#1533 = VECTOR('',#1534,1.);
#1534 = DIRECTION('',(1.,0.));
#1535 = ( GEOMETRIC_REPRESENTATION_CONTEXT(2)
PARAMETRIC_REPRESENTATION_CONTEXT() REPRESENTATION_CONTEXT('2D SPACE',''
  ) );
#1536 = PCURVE('',#1537,#1542);
#1537 = PLANE('',#1538);
#1538 = AXIS2_PLACEMENT_3D('',#1539,#1540,#1541);
#1539 = CARTESIAN_POINT('',(69.475,21.5,134.475));
#1540 = DIRECTION('',(-1.,1.110223024625E-16,0.));
#1541 = DIRECTION('',(0.,0.,1.));
#1542 = DEFINITIONAL_REPRESENTATION('',(#1543),#1547);
#1543 = LINE('',#1544,#1545);
#1544 = CARTESIAN_POINT('',(0.,0.));
#1545 = VECTOR('',#1546,1.);
#1546 = DIRECTION('',(0.,1.));
#1547 = ( GEOMETRIC_REPRESENTATION_CONTEXT(2)
PARAMETRIC_REPRESENTATION_CONTEXT() REPRESENTATION_CONTEXT('2D SPACE',''
  ) );
#1548 = ADVANCED_FACE('',(#1549),#1511,.F.);
#1549 = FACE_BOUND('',#1550,.F.);
#1550 = EDGE_LOOP('',(#1551,#1579,#1607,#1633));
#1551 = ORIENTED_EDGE('',*,*,#1552,.F.);
#1552 = EDGE_CURVE('',#1553,#1398,#1555,.T.);
#1553 = VERTEX_POINT('',#1554);
#1554 = CARTESIAN_POINT('',(90.525,23.5,133.275));
#1555 = SURFACE_CURVE('',#1556,(#1560,#1567),.PCURVE_S1.);
#1556 = LINE('',#1557,#1558);
#1557 = CARTESIAN_POINT('',(90.525,23.5,133.275));
#1558 = VECTOR('',#1559,1.);
#1559 = DIRECTION('',(0.,0.,1.));
#1560 = PCURVE('',#1511,#1561);
#1561 = DEFINITIONAL_REPRESENTATION('',(#1562),#1566);
#1562 = LINE('',#1563,#1564);
#1563 = CARTESIAN_POINT('',(0.,0.));
#1564 = VECTOR('',#1565,1.);
#1565 = DIRECTION('',(1.,0.));
#1566 = ( GEOMETRIC_REPRESENTATION_CONTEXT(2)
PARAMETRIC_REPRESENTATION_CONTEXT() REPRESENTATION_CONTEXT('2D SPACE',''
  ) );
#1567 = PCURVE('',#1568,#1573);
#1568 = PLANE('',#1569);
#1569 = AXIS2_PLACEMENT_3D('',#1570,#1571,#1572);
#1570 = CARTESIAN_POINT('',(90.525,23.5,133.275));
#1571 = DIRECTION('',(-1.,1.110223024625E-16,0.));
#1572 = DIRECTION('',(0.,0.,1.));
#1573 = DEFINITIONAL_REPRESENTATION('',(#1574),#1578);
#1574 = LINE('',#1575,#1576);
#1575 = CARTESIAN_POINT('',(0.,0.));
#1576 = VECTOR('',#1577,1.);
#1577 = DIRECTION('',(1.,0.));
#1578 = ( GEOMETRIC_REPRESENTATION_CONTEXT(2)
PARAMETRIC_REPRESENTATION_CONTEXT() REPRESENTATION_CONTEXT('2D SPACE',''
  ) );
#1579 = ORIENTED_EDGE('',*,*,#1580,.T.);
#1580 = EDGE_CURVE('',#1553,#1581,#1583,.T.);
#1581 = VERTEX_POINT('',#1582);
#1582 = CARTESIAN_POINT('',(69.475,23.5,133.275));
#1583 = SURFACE_CURVE('',#1584,(#1588,#1595),.PCURVE_S1.);
#1584 = LINE('',#1585,#1586);
#1585 = CARTESIAN_POINT('',(90.525,23.5,133.275));
#1586 = VECTOR('',#1587,1.);
#1587 = DIRECTION('',(-1.,1.110223024625E-16,0.));
#1588 = PCURVE('',#1511,#1589);
#1589 = DEFINITIONAL_REPRESENTATION('',(#1590),#1594);
#1590 = LINE('',#1591,#1592);
#1591 = CARTESIAN_POINT('',(0.,0.));
#1592 = VECTOR('',#1593,1.);
#1593 = DIRECTION('',(0.,-1.));
#1594 = ( GEOMETRIC_REPRESENTATION_CONTEXT(2)
PARAMETRIC_REPRESENTATION_CONTEXT() REPRESENTATION_CONTEXT('2D SPACE',''
  ) );
#1595 = PCURVE('',#1596,#1601);
#1596 = PLANE('',#1597);
#1597 = AXIS2_PLACEMENT_3D('',#1598,#1599,#1600);
#1598 = CARTESIAN_POINT('',(90.525,23.5,133.275));
#1599 = DIRECTION('',(0.,0.,1.));
#1600 = DIRECTION('',(1.110223024625E-16,1.,0.));
#1601 = DEFINITIONAL_REPRESENTATION('',(#1602),#1606);
#1602 = LINE('',#1603,#1604);
#1603 = CARTESIAN_POINT('',(0.,0.));
#1604 = VECTOR('',#1605,1.);
#1605 = DIRECTION('',(0.,1.));
#1606 = ( GEOMETRIC_REPRESENTATION_CONTEXT(2)
PARAMETRIC_REPRESENTATION_CONTEXT() REPRESENTATION_CONTEXT('2D SPACE',''
  ) );
#1607 = ORIENTED_EDGE('',*,*,#1608,.T.);
#1608 = EDGE_CURVE('',#1581,#1496,#1609,.T.);
#1609 = SURFACE_CURVE('',#1610,(#1614,#1621),.PCURVE_S1.);
#1610 = LINE('',#1611,#1612);
#1611 = CARTESIAN_POINT('',(69.475,23.5,133.275));
#1612 = VECTOR('',#1613,1.);
#1613 = DIRECTION('',(0.,0.,1.));
#1614 = PCURVE('',#1511,#1615);
#1615 = DEFINITIONAL_REPRESENTATION('',(#1616),#1620);
#1616 = LINE('',#1617,#1618);
#1617 = CARTESIAN_POINT('',(0.,-21.05));
#1618 = VECTOR('',#1619,1.);
#1619 = DIRECTION('',(1.,0.));
#1620 = ( GEOMETRIC_REPRESENTATION_CONTEXT(2)
PARAMETRIC_REPRESENTATION_CONTEXT() REPRESENTATION_CONTEXT('2D SPACE',''
  ) );
#1621 = PCURVE('',#1622,#1627);
#1622 = PLANE('',#1623);
#1623 = AXIS2_PLACEMENT_3D('',#1624,#1625,#1626);
#1624 = CARTESIAN_POINT('',(69.475,23.5,133.275));
#1625 = DIRECTION('',(-1.,1.110223024625E-16,0.));
#1626 = DIRECTION('',(0.,0.,1.));
#1627 = DEFINITIONAL_REPRESENTATION('',(#1628),#1632);
#1628 = LINE('',#1629,#1630);
#1629 = CARTESIAN_POINT('',(0.,0.));
#1630 = VECTOR('',#1631,1.);
#1631 = DIRECTION('',(1.,0.));
#1632 = ( GEOMETRIC_REPRESENTATION_CONTEXT(2)
PARAMETRIC_REPRESENTATION_CONTEXT() REPRESENTATION_CONTEXT('2D SPACE',''
  ) );
#1633 = ORIENTED_EDGE('',*,*,#1495,.F.);
#1634 = ADVANCED_FACE('',(#1635),#1596,.F.);
#1635 = FACE_BOUND('',#1636,.F.);
#1636 = EDGE_LOOP('',(#1637,#1638,#1661,#1684));
#1637 = ORIENTED_EDGE('',*,*,#1580,.F.);
#1638 = ORIENTED_EDGE('',*,*,#1639,.T.);
#1639 = EDGE_CURVE('',#1553,#1640,#1642,.T.);
#1640 = VERTEX_POINT('',#1641);
#1641 = CARTESIAN_POINT('',(90.525,34.95,133.275));
#1642 = SURFACE_CURVE('',#1643,(#1647,#1654),.PCURVE_S1.);
#1643 = LINE('',#1644,#1645);
#1644 = CARTESIAN_POINT('',(90.525,23.5,133.275));
#1645 = VECTOR('',#1646,1.);
#1646 = DIRECTION('',(1.110223024625E-16,1.,0.));
#1647 = PCURVE('',#1596,#1648);
#1648 = DEFINITIONAL_REPRESENTATION('',(#1649),#1653);
#1649 = LINE('',#1650,#1651);
#1650 = CARTESIAN_POINT('',(0.,0.));
#1651 = VECTOR('',#1652,1.);
#1652 = DIRECTION('',(1.,0.));
#1653 = ( GEOMETRIC_REPRESENTATION_CONTEXT(2)
PARAMETRIC_REPRESENTATION_CONTEXT() REPRESENTATION_CONTEXT('2D SPACE',''
  ) );
#1654 = PCURVE('',#1568,#1655);
#1655 = DEFINITIONAL_REPRESENTATION('',(#1656),#1660);
#1656 = LINE('',#1657,#1658);
#1657 = CARTESIAN_POINT('',(0.,0.));
#1658 = VECTOR('',#1659,1.);
#1659 = DIRECTION('',(0.,1.));
#1660 = ( GEOMETRIC_REPRESENTATION_CONTEXT(2)
PARAMETRIC_REPRESENTATION_CONTEXT() REPRESENTATION_CONTEXT('2D SPACE',''
  ) );
#1661 = ORIENTED_EDGE('',*,*,#1662,.T.);
#1662 = EDGE_CURVE('',#1640,#1663,#1665,.T.);
#1663 = VERTEX_POINT('',#1664);
#1664 = CARTESIAN_POINT('',(69.475,34.95,133.275));
#1665 = SURFACE_CURVE('',#1666,(#1670,#1677),.PCURVE_S1.);
#1666 = LINE('',#1667,#1668);
#1667 = CARTESIAN_POINT('',(90.525,34.95,133.275));
#1668 = VECTOR('',#1669,1.);
#1669 = DIRECTION('',(-1.,1.110223024625E-16,0.));
#1670 = PCURVE('',#1596,#1671);
#1671 = DEFINITIONAL_REPRESENTATION('',(#1672),#1676);
#1672 = LINE('',#1673,#1674);
#1673 = CARTESIAN_POINT('',(11.45,1.271205363196E-15));
#1674 = VECTOR('',#1675,1.);
#1675 = DIRECTION('',(0.,1.));
#1676 = ( GEOMETRIC_REPRESENTATION_CONTEXT(2)
PARAMETRIC_REPRESENTATION_CONTEXT() REPRESENTATION_CONTEXT('2D SPACE',''
  ) );
#1677 = PCURVE('',#1225,#1678);
#1678 = DEFINITIONAL_REPRESENTATION('',(#1679),#1683);
#1679 = LINE('',#1680,#1681);
#1680 = CARTESIAN_POINT('',(0.,0.));
#1681 = VECTOR('',#1682,1.);
#1682 = DIRECTION('',(0.,-1.));
#1683 = ( GEOMETRIC_REPRESENTATION_CONTEXT(2)
PARAMETRIC_REPRESENTATION_CONTEXT() REPRESENTATION_CONTEXT('2D SPACE',''
  ) );
#1684 = ORIENTED_EDGE('',*,*,#1685,.F.);
#1685 = EDGE_CURVE('',#1581,#1663,#1686,.T.);
#1686 = SURFACE_CURVE('',#1687,(#1691,#1698),.PCURVE_S1.);
#1687 = LINE('',#1688,#1689);
#1688 = CARTESIAN_POINT('',(69.475,23.5,133.275));
#1689 = VECTOR('',#1690,1.);
#1690 = DIRECTION('',(1.110223024625E-16,1.,0.));
#1691 = PCURVE('',#1596,#1692);
#1692 = DEFINITIONAL_REPRESENTATION('',(#1693),#1697);
#1693 = LINE('',#1694,#1695);
#1694 = CARTESIAN_POINT('',(-2.337019466836E-15,21.05));
#1695 = VECTOR('',#1696,1.);
#1696 = DIRECTION('',(1.,0.));
#1697 = ( GEOMETRIC_REPRESENTATION_CONTEXT(2)
PARAMETRIC_REPRESENTATION_CONTEXT() REPRESENTATION_CONTEXT('2D SPACE',''
  ) );
#1698 = PCURVE('',#1622,#1699);
#1699 = DEFINITIONAL_REPRESENTATION('',(#1700),#1704);
#1700 = LINE('',#1701,#1702);
#1701 = CARTESIAN_POINT('',(0.,0.));
#1702 = VECTOR('',#1703,1.);
#1703 = DIRECTION('',(0.,1.));
#1704 = ( GEOMETRIC_REPRESENTATION_CONTEXT(2)
PARAMETRIC_REPRESENTATION_CONTEXT() REPRESENTATION_CONTEXT('2D SPACE',''
  ) );
#1705 = ADVANCED_FACE('',(#1706),#1622,.T.);
#1706 = FACE_BOUND('',#1707,.T.);
#1707 = EDGE_LOOP('',(#1708,#1731,#1732,#1733));
#1708 = ORIENTED_EDGE('',*,*,#1709,.F.);
#1709 = EDGE_CURVE('',#1663,#1710,#1712,.T.);
#1710 = VERTEX_POINT('',#1711);
#1711 = CARTESIAN_POINT('',(69.475,34.95,134.475));
#1712 = SURFACE_CURVE('',#1713,(#1717,#1724),.PCURVE_S1.);
#1713 = LINE('',#1714,#1715);
#1714 = CARTESIAN_POINT('',(69.475,34.95,133.275));
#1715 = VECTOR('',#1716,1.);
#1716 = DIRECTION('',(0.,0.,1.));
#1717 = PCURVE('',#1622,#1718);
#1718 = DEFINITIONAL_REPRESENTATION('',(#1719),#1723);
#1719 = LINE('',#1720,#1721);
#1720 = CARTESIAN_POINT('',(0.,11.45));
#1721 = VECTOR('',#1722,1.);
#1722 = DIRECTION('',(1.,0.));
#1723 = ( GEOMETRIC_REPRESENTATION_CONTEXT(2)
PARAMETRIC_REPRESENTATION_CONTEXT() REPRESENTATION_CONTEXT('2D SPACE',''
  ) );
#1724 = PCURVE('',#1225,#1725);
#1725 = DEFINITIONAL_REPRESENTATION('',(#1726),#1730);
#1726 = LINE('',#1727,#1728);
#1727 = CARTESIAN_POINT('',(0.,-21.05));
#1728 = VECTOR('',#1729,1.);
#1729 = DIRECTION('',(1.,0.));
#1730 = ( GEOMETRIC_REPRESENTATION_CONTEXT(2)
PARAMETRIC_REPRESENTATION_CONTEXT() REPRESENTATION_CONTEXT('2D SPACE',''
  ) );
#1731 = ORIENTED_EDGE('',*,*,#1685,.F.);
#1732 = ORIENTED_EDGE('',*,*,#1608,.T.);
#1733 = ORIENTED_EDGE('',*,*,#1734,.T.);
#1734 = EDGE_CURVE('',#1496,#1710,#1735,.T.);
#1735 = SURFACE_CURVE('',#1736,(#1740,#1747),.PCURVE_S1.);
#1736 = LINE('',#1737,#1738);
#1737 = CARTESIAN_POINT('',(69.475,23.5,134.475));
#1738 = VECTOR('',#1739,1.);
#1739 = DIRECTION('',(1.110223024625E-16,1.,0.));
#1740 = PCURVE('',#1622,#1741);
#1741 = DEFINITIONAL_REPRESENTATION('',(#1742),#1746);
#1742 = LINE('',#1743,#1744);
#1743 = CARTESIAN_POINT('',(1.2,0.));
#1744 = VECTOR('',#1745,1.);
#1745 = DIRECTION('',(0.,1.));
#1746 = ( GEOMETRIC_REPRESENTATION_CONTEXT(2)
PARAMETRIC_REPRESENTATION_CONTEXT() REPRESENTATION_CONTEXT('2D SPACE',''
  ) );
#1747 = PCURVE('',#1748,#1753);
#1748 = PLANE('',#1749);
#1749 = AXIS2_PLACEMENT_3D('',#1750,#1751,#1752);
#1750 = CARTESIAN_POINT('',(70.475,23.5,134.475));
#1751 = DIRECTION('',(0.,0.,1.));
#1752 = DIRECTION('',(1.110223024625E-16,1.,0.));
#1753 = DEFINITIONAL_REPRESENTATION('',(#1754),#1758);
#1754 = LINE('',#1755,#1756);
#1755 = CARTESIAN_POINT('',(-1.110223024625E-16,1.));
#1756 = VECTOR('',#1757,1.);
#1757 = DIRECTION('',(1.,0.));
#1758 = ( GEOMETRIC_REPRESENTATION_CONTEXT(2)
PARAMETRIC_REPRESENTATION_CONTEXT() REPRESENTATION_CONTEXT('2D SPACE',''
  ) );
#1759 = ADVANCED_FACE('',(#1760),#1748,.F.);
#1760 = FACE_BOUND('',#1761,.F.);
#1761 = EDGE_LOOP('',(#1762,#1790,#1791,#1814));
#1762 = ORIENTED_EDGE('',*,*,#1763,.F.);
#1763 = EDGE_CURVE('',#1496,#1764,#1766,.T.);
#1764 = VERTEX_POINT('',#1765);
#1765 = CARTESIAN_POINT('',(68.475,23.5,134.475));
#1766 = SURFACE_CURVE('',#1767,(#1771,#1778),.PCURVE_S1.);
#1767 = LINE('',#1768,#1769);
#1768 = CARTESIAN_POINT('',(70.475,23.5,134.475));
#1769 = VECTOR('',#1770,1.);
#1770 = DIRECTION('',(-1.,1.110223024625E-16,0.));
#1771 = PCURVE('',#1748,#1772);
#1772 = DEFINITIONAL_REPRESENTATION('',(#1773),#1777);
#1773 = LINE('',#1774,#1775);
#1774 = CARTESIAN_POINT('',(0.,0.));
#1775 = VECTOR('',#1776,1.);
#1776 = DIRECTION('',(0.,1.));
#1777 = ( GEOMETRIC_REPRESENTATION_CONTEXT(2)
PARAMETRIC_REPRESENTATION_CONTEXT() REPRESENTATION_CONTEXT('2D SPACE',''
  ) );
#1778 = PCURVE('',#1779,#1784);
#1779 = PLANE('',#1780);
#1780 = AXIS2_PLACEMENT_3D('',#1781,#1782,#1783);
#1781 = CARTESIAN_POINT('',(90.525,23.5,133.275));
#1782 = DIRECTION('',(1.110223024625E-16,1.,0.));
#1783 = DIRECTION('',(0.,0.,1.));
#1784 = DEFINITIONAL_REPRESENTATION('',(#1785),#1789);
#1785 = LINE('',#1786,#1787);
#1786 = CARTESIAN_POINT('',(1.2,-20.05));
#1787 = VECTOR('',#1788,1.);
#1788 = DIRECTION('',(0.,-1.));
#1789 = ( GEOMETRIC_REPRESENTATION_CONTEXT(2)
PARAMETRIC_REPRESENTATION_CONTEXT() REPRESENTATION_CONTEXT('2D SPACE',''
  ) );
#1790 = ORIENTED_EDGE('',*,*,#1734,.T.);
#1791 = ORIENTED_EDGE('',*,*,#1792,.T.);
#1792 = EDGE_CURVE('',#1710,#1793,#1795,.T.);
#1793 = VERTEX_POINT('',#1794);
#1794 = CARTESIAN_POINT('',(68.475,34.95,134.475));
#1795 = SURFACE_CURVE('',#1796,(#1800,#1807),.PCURVE_S1.);
#1796 = LINE('',#1797,#1798);
#1797 = CARTESIAN_POINT('',(70.475,34.95,134.475));
#1798 = VECTOR('',#1799,1.);
#1799 = DIRECTION('',(-1.,1.110223024625E-16,0.));
#1800 = PCURVE('',#1748,#1801);
#1801 = DEFINITIONAL_REPRESENTATION('',(#1802),#1806);
#1802 = LINE('',#1803,#1804);
#1803 = CARTESIAN_POINT('',(11.45,-1.293964935201E-14));
#1804 = VECTOR('',#1805,1.);
#1805 = DIRECTION('',(0.,1.));
#1806 = ( GEOMETRIC_REPRESENTATION_CONTEXT(2)
PARAMETRIC_REPRESENTATION_CONTEXT() REPRESENTATION_CONTEXT('2D SPACE',''
  ) );
#1807 = PCURVE('',#1225,#1808);
#1808 = DEFINITIONAL_REPRESENTATION('',(#1809),#1813);
#1809 = LINE('',#1810,#1811);
#1810 = CARTESIAN_POINT('',(1.2,-20.05));
#1811 = VECTOR('',#1812,1.);
#1812 = DIRECTION('',(0.,-1.));
#1813 = ( GEOMETRIC_REPRESENTATION_CONTEXT(2)
PARAMETRIC_REPRESENTATION_CONTEXT() REPRESENTATION_CONTEXT('2D SPACE',''
  ) );
#1814 = ORIENTED_EDGE('',*,*,#1815,.F.);
#1815 = EDGE_CURVE('',#1764,#1793,#1816,.T.);
#1816 = SURFACE_CURVE('',#1817,(#1821,#1828),.PCURVE_S1.);
#1817 = LINE('',#1818,#1819);
#1818 = CARTESIAN_POINT('',(68.475,23.5,134.475));
#1819 = VECTOR('',#1820,1.);
#1820 = DIRECTION('',(1.110223024625E-16,1.,0.));
#1821 = PCURVE('',#1748,#1822);
#1822 = DEFINITIONAL_REPRESENTATION('',(#1823),#1827);
#1823 = LINE('',#1824,#1825);
#1824 = CARTESIAN_POINT('',(-2.22044604925E-16,2.));
#1825 = VECTOR('',#1826,1.);
#1826 = DIRECTION('',(1.,0.));
#1827 = ( GEOMETRIC_REPRESENTATION_CONTEXT(2)
PARAMETRIC_REPRESENTATION_CONTEXT() REPRESENTATION_CONTEXT('2D SPACE',''
  ) );
#1828 = PCURVE('',#1829,#1834);
#1829 = PLANE('',#1830);
#1830 = AXIS2_PLACEMENT_3D('',#1831,#1832,#1833);
#1831 = CARTESIAN_POINT('',(68.475,23.5,134.475));
#1832 = DIRECTION('',(-1.,1.110223024625E-16,0.));
#1833 = DIRECTION('',(0.,0.,1.));
#1834 = DEFINITIONAL_REPRESENTATION('',(#1835),#1839);
#1835 = LINE('',#1836,#1837);
#1836 = CARTESIAN_POINT('',(0.,0.));
#1837 = VECTOR('',#1838,1.);
#1838 = DIRECTION('',(0.,1.));
#1839 = ( GEOMETRIC_REPRESENTATION_CONTEXT(2)
PARAMETRIC_REPRESENTATION_CONTEXT() REPRESENTATION_CONTEXT('2D SPACE',''
  ) );
#1840 = ADVANCED_FACE('',(#1841),#1829,.T.);
#1841 = FACE_BOUND('',#1842,.T.);
#1842 = EDGE_LOOP('',(#1843,#1844,#1867,#1895));
#1843 = ORIENTED_EDGE('',*,*,#1815,.F.);
#1844 = ORIENTED_EDGE('',*,*,#1845,.T.);
#1845 = EDGE_CURVE('',#1764,#1846,#1848,.T.);
#1846 = VERTEX_POINT('',#1847);
#1847 = CARTESIAN_POINT('',(68.475,23.5,155.525));
#1848 = SURFACE_CURVE('',#1849,(#1853,#1860),.PCURVE_S1.);
#1849 = LINE('',#1850,#1851);
#1850 = CARTESIAN_POINT('',(68.475,23.5,134.475));
#1851 = VECTOR('',#1852,1.);
#1852 = DIRECTION('',(0.,0.,1.));
#1853 = PCURVE('',#1829,#1854);
#1854 = DEFINITIONAL_REPRESENTATION('',(#1855),#1859);
#1855 = LINE('',#1856,#1857);
#1856 = CARTESIAN_POINT('',(0.,0.));
#1857 = VECTOR('',#1858,1.);
#1858 = DIRECTION('',(1.,0.));
#1859 = ( GEOMETRIC_REPRESENTATION_CONTEXT(2)
PARAMETRIC_REPRESENTATION_CONTEXT() REPRESENTATION_CONTEXT('2D SPACE',''
  ) );
#1860 = PCURVE('',#1779,#1861);
#1861 = DEFINITIONAL_REPRESENTATION('',(#1862),#1866);
#1862 = LINE('',#1863,#1864);
#1863 = CARTESIAN_POINT('',(1.2,-22.05));
#1864 = VECTOR('',#1865,1.);
#1865 = DIRECTION('',(1.,0.));
#1866 = ( GEOMETRIC_REPRESENTATION_CONTEXT(2)
PARAMETRIC_REPRESENTATION_CONTEXT() REPRESENTATION_CONTEXT('2D SPACE',''
  ) );
#1867 = ORIENTED_EDGE('',*,*,#1868,.T.);
#1868 = EDGE_CURVE('',#1846,#1869,#1871,.T.);
#1869 = VERTEX_POINT('',#1870);
#1870 = CARTESIAN_POINT('',(68.475,34.95,155.525));
#1871 = SURFACE_CURVE('',#1872,(#1876,#1883),.PCURVE_S1.);
#1872 = LINE('',#1873,#1874);
#1873 = CARTESIAN_POINT('',(68.475,23.5,155.525));
#1874 = VECTOR('',#1875,1.);
#1875 = DIRECTION('',(1.110223024625E-16,1.,0.));
#1876 = PCURVE('',#1829,#1877);
#1877 = DEFINITIONAL_REPRESENTATION('',(#1878),#1882);
#1878 = LINE('',#1879,#1880);
#1879 = CARTESIAN_POINT('',(21.05,0.));
#1880 = VECTOR('',#1881,1.);
#1881 = DIRECTION('',(0.,1.));
#1882 = ( GEOMETRIC_REPRESENTATION_CONTEXT(2)
PARAMETRIC_REPRESENTATION_CONTEXT() REPRESENTATION_CONTEXT('2D SPACE',''
  ) );
#1883 = PCURVE('',#1884,#1889);
#1884 = PLANE('',#1885);
#1885 = AXIS2_PLACEMENT_3D('',#1886,#1887,#1888);
#1886 = CARTESIAN_POINT('',(70.475,23.5,155.525));
#1887 = DIRECTION('',(0.,0.,1.));
#1888 = DIRECTION('',(1.110223024625E-16,1.,0.));
#1889 = DEFINITIONAL_REPRESENTATION('',(#1890),#1894);
#1890 = LINE('',#1891,#1892);
#1891 = CARTESIAN_POINT('',(-2.22044604925E-16,2.));
#1892 = VECTOR('',#1893,1.);
#1893 = DIRECTION('',(1.,0.));
#1894 = ( GEOMETRIC_REPRESENTATION_CONTEXT(2)
PARAMETRIC_REPRESENTATION_CONTEXT() REPRESENTATION_CONTEXT('2D SPACE',''
  ) );
#1895 = ORIENTED_EDGE('',*,*,#1896,.F.);
#1896 = EDGE_CURVE('',#1793,#1869,#1897,.T.);
#1897 = SURFACE_CURVE('',#1898,(#1902,#1909),.PCURVE_S1.);
#1898 = LINE('',#1899,#1900);
#1899 = CARTESIAN_POINT('',(68.475,34.95,134.475));
#1900 = VECTOR('',#1901,1.);
#1901 = DIRECTION('',(0.,0.,1.));
#1902 = PCURVE('',#1829,#1903);
#1903 = DEFINITIONAL_REPRESENTATION('',(#1904),#1908);
#1904 = LINE('',#1905,#1906);
#1905 = CARTESIAN_POINT('',(0.,11.45));
#1906 = VECTOR('',#1907,1.);
#1907 = DIRECTION('',(1.,0.));
#1908 = ( GEOMETRIC_REPRESENTATION_CONTEXT(2)
PARAMETRIC_REPRESENTATION_CONTEXT() REPRESENTATION_CONTEXT('2D SPACE',''
  ) );
#1909 = PCURVE('',#1225,#1910);
#1910 = DEFINITIONAL_REPRESENTATION('',(#1911),#1915);
#1911 = LINE('',#1912,#1913);
#1912 = CARTESIAN_POINT('',(1.2,-22.05));
#1913 = VECTOR('',#1914,1.);
#1914 = DIRECTION('',(1.,0.));
#1915 = ( GEOMETRIC_REPRESENTATION_CONTEXT(2)
PARAMETRIC_REPRESENTATION_CONTEXT() REPRESENTATION_CONTEXT('2D SPACE',''
  ) );
#1916 = ADVANCED_FACE('',(#1917),#1884,.T.);
#1917 = FACE_BOUND('',#1918,.T.);
#1918 = EDGE_LOOP('',(#1919,#1942,#1965,#1988,#2011,#2034,#2062,#2085,
    #2113,#2134));
#1919 = ORIENTED_EDGE('',*,*,#1920,.F.);
#1920 = EDGE_CURVE('',#1921,#1846,#1923,.T.);
#1921 = VERTEX_POINT('',#1922);
#1922 = CARTESIAN_POINT('',(69.475,23.5,155.525));
#1923 = SURFACE_CURVE('',#1924,(#1928,#1935),.PCURVE_S1.);
#1924 = LINE('',#1925,#1926);
#1925 = CARTESIAN_POINT('',(70.475,23.5,155.525));
#1926 = VECTOR('',#1927,1.);
#1927 = DIRECTION('',(-1.,1.110223024625E-16,0.));
#1928 = PCURVE('',#1884,#1929);
#1929 = DEFINITIONAL_REPRESENTATION('',(#1930),#1934);
#1930 = LINE('',#1931,#1932);
#1931 = CARTESIAN_POINT('',(0.,0.));
#1932 = VECTOR('',#1933,1.);
#1933 = DIRECTION('',(0.,1.));
#1934 = ( GEOMETRIC_REPRESENTATION_CONTEXT(2)
PARAMETRIC_REPRESENTATION_CONTEXT() REPRESENTATION_CONTEXT('2D SPACE',''
  ) );
#1935 = PCURVE('',#1779,#1936);
#1936 = DEFINITIONAL_REPRESENTATION('',(#1937),#1941);
#1937 = LINE('',#1938,#1939);
#1938 = CARTESIAN_POINT('',(22.25,-20.05));
#1939 = VECTOR('',#1940,1.);
#1940 = DIRECTION('',(0.,-1.));
#1941 = ( GEOMETRIC_REPRESENTATION_CONTEXT(2)
PARAMETRIC_REPRESENTATION_CONTEXT() REPRESENTATION_CONTEXT('2D SPACE',''
  ) );
#1942 = ORIENTED_EDGE('',*,*,#1943,.F.);
#1943 = EDGE_CURVE('',#1944,#1921,#1946,.T.);
#1944 = VERTEX_POINT('',#1945);
#1945 = CARTESIAN_POINT('',(69.475,21.5,155.525));
#1946 = SURFACE_CURVE('',#1947,(#1951,#1958),.PCURVE_S1.);
#1947 = LINE('',#1948,#1949);
#1948 = CARTESIAN_POINT('',(69.475,21.5,155.525));
#1949 = VECTOR('',#1950,1.);
#1950 = DIRECTION('',(1.110223024625E-16,1.,0.));
#1951 = PCURVE('',#1884,#1952);
#1952 = DEFINITIONAL_REPRESENTATION('',(#1953),#1957);
#1953 = LINE('',#1954,#1955);
#1954 = CARTESIAN_POINT('',(-2.,1.));
#1955 = VECTOR('',#1956,1.);
#1956 = DIRECTION('',(1.,0.));
#1957 = ( GEOMETRIC_REPRESENTATION_CONTEXT(2)
PARAMETRIC_REPRESENTATION_CONTEXT() REPRESENTATION_CONTEXT('2D SPACE',''
  ) );
#1958 = PCURVE('',#1537,#1959);
#1959 = DEFINITIONAL_REPRESENTATION('',(#1960),#1964);
#1960 = LINE('',#1961,#1962);
#1961 = CARTESIAN_POINT('',(21.05,0.));
#1962 = VECTOR('',#1963,1.);
#1963 = DIRECTION('',(0.,1.));
#1964 = ( GEOMETRIC_REPRESENTATION_CONTEXT(2)
PARAMETRIC_REPRESENTATION_CONTEXT() REPRESENTATION_CONTEXT('2D SPACE',''
  ) );
#1965 = ORIENTED_EDGE('',*,*,#1966,.F.);
#1966 = EDGE_CURVE('',#1967,#1944,#1969,.T.);
#1967 = VERTEX_POINT('',#1968);
#1968 = CARTESIAN_POINT('',(76.325,21.5,155.525));
#1969 = SURFACE_CURVE('',#1970,(#1974,#1981),.PCURVE_S1.);
#1970 = LINE('',#1971,#1972);
#1971 = CARTESIAN_POINT('',(90.525,21.5,155.525));
#1972 = VECTOR('',#1973,1.);
#1973 = DIRECTION('',(-1.,1.110223024625E-16,0.));
#1974 = PCURVE('',#1884,#1975);
#1975 = DEFINITIONAL_REPRESENTATION('',(#1976),#1980);
#1976 = LINE('',#1977,#1978);
#1977 = CARTESIAN_POINT('',(-2.,-20.05));
#1978 = VECTOR('',#1979,1.);
#1979 = DIRECTION('',(0.,1.));
#1980 = ( GEOMETRIC_REPRESENTATION_CONTEXT(2)
PARAMETRIC_REPRESENTATION_CONTEXT() REPRESENTATION_CONTEXT('2D SPACE',''
  ) );
#1981 = PCURVE('',#945,#1982);
#1982 = DEFINITIONAL_REPRESENTATION('',(#1983),#1987);
#1983 = LINE('',#1984,#1985);
#1984 = CARTESIAN_POINT('',(21.05,0.));
#1985 = VECTOR('',#1986,1.);
#1986 = DIRECTION('',(0.,-1.));
#1987 = ( GEOMETRIC_REPRESENTATION_CONTEXT(2)
PARAMETRIC_REPRESENTATION_CONTEXT() REPRESENTATION_CONTEXT('2D SPACE',''
  ) );
#1988 = ORIENTED_EDGE('',*,*,#1989,.F.);
#1989 = EDGE_CURVE('',#1990,#1967,#1992,.T.);
#1990 = VERTEX_POINT('',#1991);
#1991 = CARTESIAN_POINT('',(76.325,23.5,155.525));
#1992 = SURFACE_CURVE('',#1993,(#1997,#2004),.PCURVE_S1.);
#1993 = LINE('',#1994,#1995);
#1994 = CARTESIAN_POINT('',(76.325,21.45,155.525));
#1995 = VECTOR('',#1996,1.);
#1996 = DIRECTION('',(-1.110223024625E-16,-1.,0.));
#1997 = PCURVE('',#1884,#1998);
#1998 = DEFINITIONAL_REPRESENTATION('',(#1999),#2003);
#1999 = LINE('',#2000,#2001);
#2000 = CARTESIAN_POINT('',(-2.05,-5.85));
#2001 = VECTOR('',#2002,1.);
#2002 = DIRECTION('',(-1.,0.));
#2003 = ( GEOMETRIC_REPRESENTATION_CONTEXT(2)
PARAMETRIC_REPRESENTATION_CONTEXT() REPRESENTATION_CONTEXT('2D SPACE',''
  ) );
#2004 = PCURVE('',#977,#2005);
#2005 = DEFINITIONAL_REPRESENTATION('',(#2006),#2010);
#2006 = LINE('',#2007,#2008);
#2007 = CARTESIAN_POINT('',(10.525,5.E-02));
#2008 = VECTOR('',#2009,1.);
#2009 = DIRECTION('',(0.,-1.));
#2010 = ( GEOMETRIC_REPRESENTATION_CONTEXT(2)
PARAMETRIC_REPRESENTATION_CONTEXT() REPRESENTATION_CONTEXT('2D SPACE',''
  ) );
#2011 = ORIENTED_EDGE('',*,*,#2012,.T.);
#2012 = EDGE_CURVE('',#1990,#2013,#2015,.T.);
#2013 = VERTEX_POINT('',#2014);
#2014 = CARTESIAN_POINT('',(70.475,23.5,155.525));
#2015 = SURFACE_CURVE('',#2016,(#2020,#2027),.PCURVE_S1.);
#2016 = LINE('',#2017,#2018);
#2017 = CARTESIAN_POINT('',(90.525,23.5,155.525));
#2018 = VECTOR('',#2019,1.);
#2019 = DIRECTION('',(-1.,1.110223024625E-16,0.));
#2020 = PCURVE('',#1884,#2021);
#2021 = DEFINITIONAL_REPRESENTATION('',(#2022),#2026);
#2022 = LINE('',#2023,#2024);
#2023 = CARTESIAN_POINT('',(2.225997164373E-15,-20.05));
#2024 = VECTOR('',#2025,1.);
#2025 = DIRECTION('',(0.,1.));
#2026 = ( GEOMETRIC_REPRESENTATION_CONTEXT(2)
PARAMETRIC_REPRESENTATION_CONTEXT() REPRESENTATION_CONTEXT('2D SPACE',''
  ) );
#2027 = PCURVE('',#1006,#2028);
#2028 = DEFINITIONAL_REPRESENTATION('',(#2029),#2033);
#2029 = LINE('',#2030,#2031);
#2030 = CARTESIAN_POINT('',(21.05,0.));
#2031 = VECTOR('',#2032,1.);
#2032 = DIRECTION('',(0.,-1.));
#2033 = ( GEOMETRIC_REPRESENTATION_CONTEXT(2)
PARAMETRIC_REPRESENTATION_CONTEXT() REPRESENTATION_CONTEXT('2D SPACE',''
  ) );
#2034 = ORIENTED_EDGE('',*,*,#2035,.T.);
#2035 = EDGE_CURVE('',#2013,#2036,#2038,.T.);
#2036 = VERTEX_POINT('',#2037);
#2037 = CARTESIAN_POINT('',(70.475,32.95,155.525));
#2038 = SURFACE_CURVE('',#2039,(#2043,#2050),.PCURVE_S1.);
#2039 = LINE('',#2040,#2041);
#2040 = CARTESIAN_POINT('',(70.475,23.5,155.525));
#2041 = VECTOR('',#2042,1.);
#2042 = DIRECTION('',(1.110223024625E-16,1.,0.));
#2043 = PCURVE('',#1884,#2044);
#2044 = DEFINITIONAL_REPRESENTATION('',(#2045),#2049);
#2045 = LINE('',#2046,#2047);
#2046 = CARTESIAN_POINT('',(0.,0.));
#2047 = VECTOR('',#2048,1.);
#2048 = DIRECTION('',(1.,0.));
#2049 = ( GEOMETRIC_REPRESENTATION_CONTEXT(2)
PARAMETRIC_REPRESENTATION_CONTEXT() REPRESENTATION_CONTEXT('2D SPACE',''
  ) );
#2050 = PCURVE('',#2051,#2056);
#2051 = PLANE('',#2052);
#2052 = AXIS2_PLACEMENT_3D('',#2053,#2054,#2055);
#2053 = CARTESIAN_POINT('',(70.475,23.5,134.475));
#2054 = DIRECTION('',(-1.,1.110223024625E-16,0.));
#2055 = DIRECTION('',(0.,0.,1.));
#2056 = DEFINITIONAL_REPRESENTATION('',(#2057),#2061);
#2057 = LINE('',#2058,#2059);
#2058 = CARTESIAN_POINT('',(21.05,0.));
#2059 = VECTOR('',#2060,1.);
#2060 = DIRECTION('',(0.,1.));
#2061 = ( GEOMETRIC_REPRESENTATION_CONTEXT(2)
PARAMETRIC_REPRESENTATION_CONTEXT() REPRESENTATION_CONTEXT('2D SPACE',''
  ) );
#2062 = ORIENTED_EDGE('',*,*,#2063,.F.);
#2063 = EDGE_CURVE('',#2064,#2036,#2066,.T.);
#2064 = VERTEX_POINT('',#2065);
#2065 = CARTESIAN_POINT('',(73.275,32.95,155.525));
#2066 = SURFACE_CURVE('',#2067,(#2071,#2078),.PCURVE_S1.);
#2067 = LINE('',#2068,#2069);
#2068 = CARTESIAN_POINT('',(90.525,32.95,155.525));
#2069 = VECTOR('',#2070,1.);
#2070 = DIRECTION('',(-1.,1.110223024625E-16,0.));
#2071 = PCURVE('',#1884,#2072);
#2072 = DEFINITIONAL_REPRESENTATION('',(#2073),#2077);
#2073 = LINE('',#2074,#2075);
#2074 = CARTESIAN_POINT('',(9.45,-20.05));
#2075 = VECTOR('',#2076,1.);
#2076 = DIRECTION('',(0.,1.));
#2077 = ( GEOMETRIC_REPRESENTATION_CONTEXT(2)
PARAMETRIC_REPRESENTATION_CONTEXT() REPRESENTATION_CONTEXT('2D SPACE',''
  ) );
#2078 = PCURVE('',#1281,#2079);
#2079 = DEFINITIONAL_REPRESENTATION('',(#2080),#2084);
#2080 = LINE('',#2081,#2082);
#2081 = CARTESIAN_POINT('',(21.05,0.));
#2082 = VECTOR('',#2083,1.);
#2083 = DIRECTION('',(0.,-1.));
#2084 = ( GEOMETRIC_REPRESENTATION_CONTEXT(2)
PARAMETRIC_REPRESENTATION_CONTEXT() REPRESENTATION_CONTEXT('2D SPACE',''
  ) );
#2085 = ORIENTED_EDGE('',*,*,#2086,.F.);
#2086 = EDGE_CURVE('',#2087,#2064,#2089,.T.);
#2087 = VERTEX_POINT('',#2088);
#2088 = CARTESIAN_POINT('',(73.275,34.95,155.525));
#2089 = SURFACE_CURVE('',#2090,(#2094,#2101),.PCURVE_S1.);
#2090 = LINE('',#2091,#2092);
#2091 = CARTESIAN_POINT('',(73.275,32.9,155.525));
#2092 = VECTOR('',#2093,1.);
#2093 = DIRECTION('',(-1.110223024625E-16,-1.,0.));
#2094 = PCURVE('',#1884,#2095);
#2095 = DEFINITIONAL_REPRESENTATION('',(#2096),#2100);
#2096 = LINE('',#2097,#2098);
#2097 = CARTESIAN_POINT('',(9.4,-2.8));
#2098 = VECTOR('',#2099,1.);
#2099 = DIRECTION('',(-1.,0.));
#2100 = ( GEOMETRIC_REPRESENTATION_CONTEXT(2)
PARAMETRIC_REPRESENTATION_CONTEXT() REPRESENTATION_CONTEXT('2D SPACE',''
  ) );
#2101 = PCURVE('',#2102,#2107);
#2102 = PLANE('',#2103);
#2103 = AXIS2_PLACEMENT_3D('',#2104,#2105,#2106);
#2104 = CARTESIAN_POINT('',(73.275,32.85,137.975));
#2105 = DIRECTION('',(-1.,1.110223024625E-16,0.));
#2106 = DIRECTION('',(0.,0.,1.));
#2107 = DEFINITIONAL_REPRESENTATION('',(#2108),#2112);
#2108 = LINE('',#2109,#2110);
#2109 = CARTESIAN_POINT('',(17.55,5.E-02));
#2110 = VECTOR('',#2111,1.);
#2111 = DIRECTION('',(0.,-1.));
#2112 = ( GEOMETRIC_REPRESENTATION_CONTEXT(2)
PARAMETRIC_REPRESENTATION_CONTEXT() REPRESENTATION_CONTEXT('2D SPACE',''
  ) );
#2113 = ORIENTED_EDGE('',*,*,#2114,.F.);
#2114 = EDGE_CURVE('',#1869,#2087,#2115,.T.);
#2115 = SURFACE_CURVE('',#2116,(#2120,#2127),.PCURVE_S1.);
#2116 = LINE('',#2117,#2118);
#2117 = CARTESIAN_POINT('',(68.475,34.95,155.525));
#2118 = VECTOR('',#2119,1.);
#2119 = DIRECTION('',(1.,-1.110223024625E-16,0.));
#2120 = PCURVE('',#1884,#2121);
#2121 = DEFINITIONAL_REPRESENTATION('',(#2122),#2126);
#2122 = LINE('',#2123,#2124);
#2123 = CARTESIAN_POINT('',(11.45,2.));
#2124 = VECTOR('',#2125,1.);
#2125 = DIRECTION('',(0.,-1.));
#2126 = ( GEOMETRIC_REPRESENTATION_CONTEXT(2)
PARAMETRIC_REPRESENTATION_CONTEXT() REPRESENTATION_CONTEXT('2D SPACE',''
  ) );
#2127 = PCURVE('',#1225,#2128);
#2128 = DEFINITIONAL_REPRESENTATION('',(#2129),#2133);
#2129 = LINE('',#2130,#2131);
#2130 = CARTESIAN_POINT('',(22.25,-22.05));
#2131 = VECTOR('',#2132,1.);
#2132 = DIRECTION('',(0.,1.));
#2133 = ( GEOMETRIC_REPRESENTATION_CONTEXT(2)
PARAMETRIC_REPRESENTATION_CONTEXT() REPRESENTATION_CONTEXT('2D SPACE',''
  ) );
#2134 = ORIENTED_EDGE('',*,*,#1868,.F.);
#2135 = ADVANCED_FACE('',(#2136),#2102,.F.);
#2136 = FACE_BOUND('',#2137,.F.);
#2137 = EDGE_LOOP('',(#2138,#2168,#2189,#2190));
#2138 = ORIENTED_EDGE('',*,*,#2139,.F.);
#2139 = EDGE_CURVE('',#2140,#2142,#2144,.T.);
#2140 = VERTEX_POINT('',#2141);
#2141 = CARTESIAN_POINT('',(73.275,32.95,137.975));
#2142 = VERTEX_POINT('',#2143);
#2143 = CARTESIAN_POINT('',(73.275,34.95,137.975));
#2144 = SURFACE_CURVE('',#2145,(#2149,#2156),.PCURVE_S1.);
#2145 = LINE('',#2146,#2147);
#2146 = CARTESIAN_POINT('',(73.275,32.85,137.975));
#2147 = VECTOR('',#2148,1.);
#2148 = DIRECTION('',(1.110223024625E-16,1.,0.));
#2149 = PCURVE('',#2102,#2150);
#2150 = DEFINITIONAL_REPRESENTATION('',(#2151),#2155);
#2151 = LINE('',#2152,#2153);
#2152 = CARTESIAN_POINT('',(0.,0.));
#2153 = VECTOR('',#2154,1.);
#2154 = DIRECTION('',(0.,1.));
#2155 = ( GEOMETRIC_REPRESENTATION_CONTEXT(2)
PARAMETRIC_REPRESENTATION_CONTEXT() REPRESENTATION_CONTEXT('2D SPACE',''
  ) );
#2156 = PCURVE('',#2157,#2162);
#2157 = PLANE('',#2158);
#2158 = AXIS2_PLACEMENT_3D('',#2159,#2160,#2161);
#2159 = CARTESIAN_POINT('',(86.725,32.85,137.975));
#2160 = DIRECTION('',(0.,0.,1.));
#2161 = DIRECTION('',(1.110223024625E-16,1.,0.));
#2162 = DEFINITIONAL_REPRESENTATION('',(#2163),#2167);
#2163 = LINE('',#2164,#2165);
#2164 = CARTESIAN_POINT('',(-1.493249968121E-15,13.45));
#2165 = VECTOR('',#2166,1.);
#2166 = DIRECTION('',(1.,0.));
#2167 = ( GEOMETRIC_REPRESENTATION_CONTEXT(2)
PARAMETRIC_REPRESENTATION_CONTEXT() REPRESENTATION_CONTEXT('2D SPACE',''
  ) );
#2168 = ORIENTED_EDGE('',*,*,#2169,.T.);
#2169 = EDGE_CURVE('',#2140,#2064,#2170,.T.);
#2170 = SURFACE_CURVE('',#2171,(#2175,#2182),.PCURVE_S1.);
#2171 = LINE('',#2172,#2173);
#2172 = CARTESIAN_POINT('',(73.275,32.95,136.225));
#2173 = VECTOR('',#2174,1.);
#2174 = DIRECTION('',(0.,0.,1.));
#2175 = PCURVE('',#2102,#2176);
#2176 = DEFINITIONAL_REPRESENTATION('',(#2177),#2181);
#2177 = LINE('',#2178,#2179);
#2178 = CARTESIAN_POINT('',(-1.75,0.1));
#2179 = VECTOR('',#2180,1.);
#2180 = DIRECTION('',(1.,0.));
#2181 = ( GEOMETRIC_REPRESENTATION_CONTEXT(2)
PARAMETRIC_REPRESENTATION_CONTEXT() REPRESENTATION_CONTEXT('2D SPACE',''
  ) );
#2182 = PCURVE('',#1281,#2183);
#2183 = DEFINITIONAL_REPRESENTATION('',(#2184),#2188);
#2184 = LINE('',#2185,#2186);
#2185 = CARTESIAN_POINT('',(1.75,-17.25));
#2186 = VECTOR('',#2187,1.);
#2187 = DIRECTION('',(1.,0.));
#2188 = ( GEOMETRIC_REPRESENTATION_CONTEXT(2)
PARAMETRIC_REPRESENTATION_CONTEXT() REPRESENTATION_CONTEXT('2D SPACE',''
  ) );
#2189 = ORIENTED_EDGE('',*,*,#2086,.F.);
#2190 = ORIENTED_EDGE('',*,*,#2191,.F.);
#2191 = EDGE_CURVE('',#2142,#2087,#2192,.T.);
#2192 = SURFACE_CURVE('',#2193,(#2197,#2204),.PCURVE_S1.);
#2193 = LINE('',#2194,#2195);
#2194 = CARTESIAN_POINT('',(73.275,34.95,136.225));
#2195 = VECTOR('',#2196,1.);
#2196 = DIRECTION('',(0.,0.,1.));
#2197 = PCURVE('',#2102,#2198);
#2198 = DEFINITIONAL_REPRESENTATION('',(#2199),#2203);
#2199 = LINE('',#2200,#2201);
#2200 = CARTESIAN_POINT('',(-1.75,2.1));
#2201 = VECTOR('',#2202,1.);
#2202 = DIRECTION('',(1.,0.));
#2203 = ( GEOMETRIC_REPRESENTATION_CONTEXT(2)
PARAMETRIC_REPRESENTATION_CONTEXT() REPRESENTATION_CONTEXT('2D SPACE',''
  ) );
#2204 = PCURVE('',#1225,#2205);
#2205 = DEFINITIONAL_REPRESENTATION('',(#2206),#2210);
#2206 = LINE('',#2207,#2208);
#2207 = CARTESIAN_POINT('',(2.95,-17.25));
#2208 = VECTOR('',#2209,1.);
#2209 = DIRECTION('',(1.,0.));
#2210 = ( GEOMETRIC_REPRESENTATION_CONTEXT(2)
PARAMETRIC_REPRESENTATION_CONTEXT() REPRESENTATION_CONTEXT('2D SPACE',''
  ) );
#2211 = ADVANCED_FACE('',(#2212),#2157,.T.);
#2212 = FACE_BOUND('',#2213,.T.);
#2213 = EDGE_LOOP('',(#2214,#2215,#2238,#2261));
#2214 = ORIENTED_EDGE('',*,*,#2139,.F.);
#2215 = ORIENTED_EDGE('',*,*,#2216,.T.);
#2216 = EDGE_CURVE('',#2140,#2217,#2219,.T.);
#2217 = VERTEX_POINT('',#2218);
#2218 = CARTESIAN_POINT('',(86.725,32.95,137.975));
#2219 = SURFACE_CURVE('',#2220,(#2224,#2231),.PCURVE_S1.);
#2220 = LINE('',#2221,#2222);
#2221 = CARTESIAN_POINT('',(88.625,32.95,137.975));
#2222 = VECTOR('',#2223,1.);
#2223 = DIRECTION('',(1.,-1.110223024625E-16,0.));
#2224 = PCURVE('',#2157,#2225);
#2225 = DEFINITIONAL_REPRESENTATION('',(#2226),#2230);
#2226 = LINE('',#2227,#2228);
#2227 = CARTESIAN_POINT('',(0.1,-1.9));
#2228 = VECTOR('',#2229,1.);
#2229 = DIRECTION('',(0.,-1.));
#2230 = ( GEOMETRIC_REPRESENTATION_CONTEXT(2)
PARAMETRIC_REPRESENTATION_CONTEXT() REPRESENTATION_CONTEXT('2D SPACE',''
  ) );
#2231 = PCURVE('',#1281,#2232);
#2232 = DEFINITIONAL_REPRESENTATION('',(#2233),#2237);
#2233 = LINE('',#2234,#2235);
#2234 = CARTESIAN_POINT('',(3.5,-1.9));
#2235 = VECTOR('',#2236,1.);
#2236 = DIRECTION('',(0.,1.));
#2237 = ( GEOMETRIC_REPRESENTATION_CONTEXT(2)
PARAMETRIC_REPRESENTATION_CONTEXT() REPRESENTATION_CONTEXT('2D SPACE',''
  ) );
#2238 = ORIENTED_EDGE('',*,*,#2239,.T.);
#2239 = EDGE_CURVE('',#2217,#2240,#2242,.T.);
#2240 = VERTEX_POINT('',#2241);
#2241 = CARTESIAN_POINT('',(86.725,34.95,137.975));
#2242 = SURFACE_CURVE('',#2243,(#2247,#2254),.PCURVE_S1.);
#2243 = LINE('',#2244,#2245);
#2244 = CARTESIAN_POINT('',(86.725,32.85,137.975));
#2245 = VECTOR('',#2246,1.);
#2246 = DIRECTION('',(1.110223024625E-16,1.,0.));
#2247 = PCURVE('',#2157,#2248);
#2248 = DEFINITIONAL_REPRESENTATION('',(#2249),#2253);
#2249 = LINE('',#2250,#2251);
#2250 = CARTESIAN_POINT('',(0.,0.));
#2251 = VECTOR('',#2252,1.);
#2252 = DIRECTION('',(1.,0.));
#2253 = ( GEOMETRIC_REPRESENTATION_CONTEXT(2)
PARAMETRIC_REPRESENTATION_CONTEXT() REPRESENTATION_CONTEXT('2D SPACE',''
  ) );
#2254 = PCURVE('',#1253,#2255);
#2255 = DEFINITIONAL_REPRESENTATION('',(#2256),#2260);
#2256 = LINE('',#2257,#2258);
#2257 = CARTESIAN_POINT('',(0.,0.));
#2258 = VECTOR('',#2259,1.);
#2259 = DIRECTION('',(0.,1.));
#2260 = ( GEOMETRIC_REPRESENTATION_CONTEXT(2)
PARAMETRIC_REPRESENTATION_CONTEXT() REPRESENTATION_CONTEXT('2D SPACE',''
  ) );
#2261 = ORIENTED_EDGE('',*,*,#2262,.F.);
#2262 = EDGE_CURVE('',#2142,#2240,#2263,.T.);
#2263 = SURFACE_CURVE('',#2264,(#2268,#2275),.PCURVE_S1.);
#2264 = LINE('',#2265,#2266);
#2265 = CARTESIAN_POINT('',(88.625,34.95,137.975));
#2266 = VECTOR('',#2267,1.);
#2267 = DIRECTION('',(1.,-1.110223024625E-16,0.));
#2268 = PCURVE('',#2157,#2269);
#2269 = DEFINITIONAL_REPRESENTATION('',(#2270),#2274);
#2270 = LINE('',#2271,#2272);
#2271 = CARTESIAN_POINT('',(2.1,-1.9));
#2272 = VECTOR('',#2273,1.);
#2273 = DIRECTION('',(0.,-1.));
#2274 = ( GEOMETRIC_REPRESENTATION_CONTEXT(2)
PARAMETRIC_REPRESENTATION_CONTEXT() REPRESENTATION_CONTEXT('2D SPACE',''
  ) );
#2275 = PCURVE('',#1225,#2276);
#2276 = DEFINITIONAL_REPRESENTATION('',(#2277),#2281);
#2277 = LINE('',#2278,#2279);
#2278 = CARTESIAN_POINT('',(4.7,-1.9));
#2279 = VECTOR('',#2280,1.);
#2280 = DIRECTION('',(0.,1.));
#2281 = ( GEOMETRIC_REPRESENTATION_CONTEXT(2)
PARAMETRIC_REPRESENTATION_CONTEXT() REPRESENTATION_CONTEXT('2D SPACE',''
  ) );
#2282 = ADVANCED_FACE('',(#2283),#2051,.F.);
#2283 = FACE_BOUND('',#2284,.F.);
#2284 = EDGE_LOOP('',(#2285,#2308,#2336,#2357));
#2285 = ORIENTED_EDGE('',*,*,#2286,.T.);
#2286 = EDGE_CURVE('',#2036,#2287,#2289,.T.);
#2287 = VERTEX_POINT('',#2288);
#2288 = CARTESIAN_POINT('',(70.475,32.95,135.675));
#2289 = SURFACE_CURVE('',#2290,(#2294,#2301),.PCURVE_S1.);
#2290 = LINE('',#2291,#2292);
#2291 = CARTESIAN_POINT('',(70.475,32.95,134.475));
#2292 = VECTOR('',#2293,1.);
#2293 = DIRECTION('',(0.,0.,-1.));
#2294 = PCURVE('',#2051,#2295);
#2295 = DEFINITIONAL_REPRESENTATION('',(#2296),#2300);
#2296 = LINE('',#2297,#2298);
#2297 = CARTESIAN_POINT('',(0.,9.45));
#2298 = VECTOR('',#2299,1.);
#2299 = DIRECTION('',(-1.,0.));
#2300 = ( GEOMETRIC_REPRESENTATION_CONTEXT(2)
PARAMETRIC_REPRESENTATION_CONTEXT() REPRESENTATION_CONTEXT('2D SPACE',''
  ) );
#2301 = PCURVE('',#1281,#2302);
#2302 = DEFINITIONAL_REPRESENTATION('',(#2303),#2307);
#2303 = LINE('',#2304,#2305);
#2304 = CARTESIAN_POINT('',(0.,-20.05));
#2305 = VECTOR('',#2306,1.);
#2306 = DIRECTION('',(-1.,0.));
#2307 = ( GEOMETRIC_REPRESENTATION_CONTEXT(2)
PARAMETRIC_REPRESENTATION_CONTEXT() REPRESENTATION_CONTEXT('2D SPACE',''
  ) );
#2308 = ORIENTED_EDGE('',*,*,#2309,.T.);
#2309 = EDGE_CURVE('',#2287,#2310,#2312,.T.);
#2310 = VERTEX_POINT('',#2311);
#2311 = CARTESIAN_POINT('',(70.475,23.5,135.675));
#2312 = SURFACE_CURVE('',#2313,(#2317,#2324),.PCURVE_S1.);
#2313 = LINE('',#2314,#2315);
#2314 = CARTESIAN_POINT('',(70.475,23.5,135.675));
#2315 = VECTOR('',#2316,1.);
#2316 = DIRECTION('',(-1.110223024625E-16,-1.,0.));
#2317 = PCURVE('',#2051,#2318);
#2318 = DEFINITIONAL_REPRESENTATION('',(#2319),#2323);
#2319 = LINE('',#2320,#2321);
#2320 = CARTESIAN_POINT('',(1.2,0.));
#2321 = VECTOR('',#2322,1.);
#2322 = DIRECTION('',(0.,-1.));
#2323 = ( GEOMETRIC_REPRESENTATION_CONTEXT(2)
PARAMETRIC_REPRESENTATION_CONTEXT() REPRESENTATION_CONTEXT('2D SPACE',''
  ) );
#2324 = PCURVE('',#2325,#2330);
#2325 = PLANE('',#2326);
#2326 = AXIS2_PLACEMENT_3D('',#2327,#2328,#2329);
#2327 = CARTESIAN_POINT('',(90.525,23.5,135.675));
#2328 = DIRECTION('',(0.,0.,1.));
#2329 = DIRECTION('',(1.110223024625E-16,1.,0.));
#2330 = DEFINITIONAL_REPRESENTATION('',(#2331),#2335);
#2331 = LINE('',#2332,#2333);
#2332 = CARTESIAN_POINT('',(-2.225997164373E-15,20.05));
#2333 = VECTOR('',#2334,1.);
#2334 = DIRECTION('',(-1.,0.));
#2335 = ( GEOMETRIC_REPRESENTATION_CONTEXT(2)
PARAMETRIC_REPRESENTATION_CONTEXT() REPRESENTATION_CONTEXT('2D SPACE',''
  ) );
#2336 = ORIENTED_EDGE('',*,*,#2337,.T.);
#2337 = EDGE_CURVE('',#2310,#2013,#2338,.T.);
#2338 = SURFACE_CURVE('',#2339,(#2343,#2350),.PCURVE_S1.);
#2339 = LINE('',#2340,#2341);
#2340 = CARTESIAN_POINT('',(70.475,23.5,134.475));
#2341 = VECTOR('',#2342,1.);
#2342 = DIRECTION('',(0.,0.,1.));
#2343 = PCURVE('',#2051,#2344);
#2344 = DEFINITIONAL_REPRESENTATION('',(#2345),#2349);
#2345 = LINE('',#2346,#2347);
#2346 = CARTESIAN_POINT('',(0.,0.));
#2347 = VECTOR('',#2348,1.);
#2348 = DIRECTION('',(1.,0.));
#2349 = ( GEOMETRIC_REPRESENTATION_CONTEXT(2)
PARAMETRIC_REPRESENTATION_CONTEXT() REPRESENTATION_CONTEXT('2D SPACE',''
  ) );
#2350 = PCURVE('',#1006,#2351);
#2351 = DEFINITIONAL_REPRESENTATION('',(#2352),#2356);
#2352 = LINE('',#2353,#2354);
#2353 = CARTESIAN_POINT('',(0.,-20.05));
#2354 = VECTOR('',#2355,1.);
#2355 = DIRECTION('',(1.,0.));
#2356 = ( GEOMETRIC_REPRESENTATION_CONTEXT(2)
PARAMETRIC_REPRESENTATION_CONTEXT() REPRESENTATION_CONTEXT('2D SPACE',''
  ) );
#2357 = ORIENTED_EDGE('',*,*,#2035,.T.);
#2358 = ADVANCED_FACE('',(#2359),#2325,.T.);
#2359 = FACE_BOUND('',#2360,.T.);
#2360 = EDGE_LOOP('',(#2361,#2384,#2407,#2428));
#2361 = ORIENTED_EDGE('',*,*,#2362,.F.);
#2362 = EDGE_CURVE('',#2363,#2310,#2365,.T.);
#2363 = VERTEX_POINT('',#2364);
#2364 = CARTESIAN_POINT('',(89.525,23.5,135.675));
#2365 = SURFACE_CURVE('',#2366,(#2370,#2377),.PCURVE_S1.);
#2366 = LINE('',#2367,#2368);
#2367 = CARTESIAN_POINT('',(90.525,23.5,135.675));
#2368 = VECTOR('',#2369,1.);
#2369 = DIRECTION('',(-1.,1.110223024625E-16,0.));
#2370 = PCURVE('',#2325,#2371);
#2371 = DEFINITIONAL_REPRESENTATION('',(#2372),#2376);
#2372 = LINE('',#2373,#2374);
#2373 = CARTESIAN_POINT('',(0.,0.));
#2374 = VECTOR('',#2375,1.);
#2375 = DIRECTION('',(0.,1.));
#2376 = ( GEOMETRIC_REPRESENTATION_CONTEXT(2)
PARAMETRIC_REPRESENTATION_CONTEXT() REPRESENTATION_CONTEXT('2D SPACE',''
  ) );
#2377 = PCURVE('',#1006,#2378);
#2378 = DEFINITIONAL_REPRESENTATION('',(#2379),#2383);
#2379 = LINE('',#2380,#2381);
#2380 = CARTESIAN_POINT('',(1.2,0.));
#2381 = VECTOR('',#2382,1.);
#2382 = DIRECTION('',(0.,-1.));
#2383 = ( GEOMETRIC_REPRESENTATION_CONTEXT(2)
PARAMETRIC_REPRESENTATION_CONTEXT() REPRESENTATION_CONTEXT('2D SPACE',''
  ) );
#2384 = ORIENTED_EDGE('',*,*,#2385,.F.);
#2385 = EDGE_CURVE('',#2386,#2363,#2388,.T.);
#2386 = VERTEX_POINT('',#2387);
#2387 = CARTESIAN_POINT('',(89.525,32.95,135.675));
#2388 = SURFACE_CURVE('',#2389,(#2393,#2400),.PCURVE_S1.);
#2389 = LINE('',#2390,#2391);
#2390 = CARTESIAN_POINT('',(89.525,23.5,135.675));
#2391 = VECTOR('',#2392,1.);
#2392 = DIRECTION('',(-1.110223024625E-16,-1.,0.));
#2393 = PCURVE('',#2325,#2394);
#2394 = DEFINITIONAL_REPRESENTATION('',(#2395),#2399);
#2395 = LINE('',#2396,#2397);
#2396 = CARTESIAN_POINT('',(-1.110223024625E-16,1.));
#2397 = VECTOR('',#2398,1.);
#2398 = DIRECTION('',(-1.,0.));
#2399 = ( GEOMETRIC_REPRESENTATION_CONTEXT(2)
PARAMETRIC_REPRESENTATION_CONTEXT() REPRESENTATION_CONTEXT('2D SPACE',''
  ) );
#2400 = PCURVE('',#1309,#2401);
#2401 = DEFINITIONAL_REPRESENTATION('',(#2402),#2406);
#2402 = LINE('',#2403,#2404);
#2403 = CARTESIAN_POINT('',(1.2,0.));
#2404 = VECTOR('',#2405,1.);
#2405 = DIRECTION('',(0.,-1.));
#2406 = ( GEOMETRIC_REPRESENTATION_CONTEXT(2)
PARAMETRIC_REPRESENTATION_CONTEXT() REPRESENTATION_CONTEXT('2D SPACE',''
  ) );
#2407 = ORIENTED_EDGE('',*,*,#2408,.T.);
#2408 = EDGE_CURVE('',#2386,#2287,#2409,.T.);
#2409 = SURFACE_CURVE('',#2410,(#2414,#2421),.PCURVE_S1.);
#2410 = LINE('',#2411,#2412);
#2411 = CARTESIAN_POINT('',(90.525,32.95,135.675));
#2412 = VECTOR('',#2413,1.);
#2413 = DIRECTION('',(-1.,1.110223024625E-16,0.));
#2414 = PCURVE('',#2325,#2415);
#2415 = DEFINITIONAL_REPRESENTATION('',(#2416),#2420);
#2416 = LINE('',#2417,#2418);
#2417 = CARTESIAN_POINT('',(9.45,1.049160758271E-15));
#2418 = VECTOR('',#2419,1.);
#2419 = DIRECTION('',(0.,1.));
#2420 = ( GEOMETRIC_REPRESENTATION_CONTEXT(2)
PARAMETRIC_REPRESENTATION_CONTEXT() REPRESENTATION_CONTEXT('2D SPACE',''
  ) );
#2421 = PCURVE('',#1281,#2422);
#2422 = DEFINITIONAL_REPRESENTATION('',(#2423),#2427);
#2423 = LINE('',#2424,#2425);
#2424 = CARTESIAN_POINT('',(1.2,0.));
#2425 = VECTOR('',#2426,1.);
#2426 = DIRECTION('',(0.,-1.));
#2427 = ( GEOMETRIC_REPRESENTATION_CONTEXT(2)
PARAMETRIC_REPRESENTATION_CONTEXT() REPRESENTATION_CONTEXT('2D SPACE',''
  ) );
#2428 = ORIENTED_EDGE('',*,*,#2309,.T.);
#2429 = ADVANCED_FACE('',(#2430),#1779,.F.);
#2430 = FACE_BOUND('',#2431,.F.);
#2431 = EDGE_LOOP('',(#2432,#2453,#2454,#2455));
#2432 = ORIENTED_EDGE('',*,*,#2433,.F.);
#2433 = EDGE_CURVE('',#1496,#1921,#2434,.T.);
#2434 = SURFACE_CURVE('',#2435,(#2439,#2446),.PCURVE_S1.);
#2435 = LINE('',#2436,#2437);
#2436 = CARTESIAN_POINT('',(69.475,23.5,134.475));
#2437 = VECTOR('',#2438,1.);
#2438 = DIRECTION('',(0.,0.,1.));
#2439 = PCURVE('',#1779,#2440);
#2440 = DEFINITIONAL_REPRESENTATION('',(#2441),#2445);
#2441 = LINE('',#2442,#2443);
#2442 = CARTESIAN_POINT('',(1.2,-21.05));
#2443 = VECTOR('',#2444,1.);
#2444 = DIRECTION('',(1.,0.));
#2445 = ( GEOMETRIC_REPRESENTATION_CONTEXT(2)
PARAMETRIC_REPRESENTATION_CONTEXT() REPRESENTATION_CONTEXT('2D SPACE',''
  ) );
#2446 = PCURVE('',#1537,#2447);
#2447 = DEFINITIONAL_REPRESENTATION('',(#2448),#2452);
#2448 = LINE('',#2449,#2450);
#2449 = CARTESIAN_POINT('',(0.,2.));
#2450 = VECTOR('',#2451,1.);
#2451 = DIRECTION('',(1.,0.));
#2452 = ( GEOMETRIC_REPRESENTATION_CONTEXT(2)
PARAMETRIC_REPRESENTATION_CONTEXT() REPRESENTATION_CONTEXT('2D SPACE',''
  ) );
#2453 = ORIENTED_EDGE('',*,*,#1763,.T.);
#2454 = ORIENTED_EDGE('',*,*,#1845,.T.);
#2455 = ORIENTED_EDGE('',*,*,#1920,.F.);
#2456 = ADVANCED_FACE('',(#2457),#1568,.F.);
#2457 = FACE_BOUND('',#2458,.F.);
#2458 = EDGE_LOOP('',(#2459,#2482,#2483,#2484));
#2459 = ORIENTED_EDGE('',*,*,#2460,.F.);
#2460 = EDGE_CURVE('',#1640,#2461,#2463,.T.);
#2461 = VERTEX_POINT('',#2462);
#2462 = CARTESIAN_POINT('',(90.525,34.95,134.475));
#2463 = SURFACE_CURVE('',#2464,(#2468,#2475),.PCURVE_S1.);
#2464 = LINE('',#2465,#2466);
#2465 = CARTESIAN_POINT('',(90.525,34.95,133.275));
#2466 = VECTOR('',#2467,1.);
#2467 = DIRECTION('',(0.,0.,1.));
#2468 = PCURVE('',#1568,#2469);
#2469 = DEFINITIONAL_REPRESENTATION('',(#2470),#2474);
#2470 = LINE('',#2471,#2472);
#2471 = CARTESIAN_POINT('',(0.,11.45));
#2472 = VECTOR('',#2473,1.);
#2473 = DIRECTION('',(1.,0.));
#2474 = ( GEOMETRIC_REPRESENTATION_CONTEXT(2)
PARAMETRIC_REPRESENTATION_CONTEXT() REPRESENTATION_CONTEXT('2D SPACE',''
  ) );
#2475 = PCURVE('',#1225,#2476);
#2476 = DEFINITIONAL_REPRESENTATION('',(#2477),#2481);
#2477 = LINE('',#2478,#2479);
#2478 = CARTESIAN_POINT('',(0.,0.));
#2479 = VECTOR('',#2480,1.);
#2480 = DIRECTION('',(1.,0.));
#2481 = ( GEOMETRIC_REPRESENTATION_CONTEXT(2)
PARAMETRIC_REPRESENTATION_CONTEXT() REPRESENTATION_CONTEXT('2D SPACE',''
  ) );
#2482 = ORIENTED_EDGE('',*,*,#1639,.F.);
#2483 = ORIENTED_EDGE('',*,*,#1552,.T.);
#2484 = ORIENTED_EDGE('',*,*,#2485,.F.);
#2485 = EDGE_CURVE('',#2461,#1398,#2486,.T.);
#2486 = SURFACE_CURVE('',#2487,(#2491,#2498),.PCURVE_S1.);
#2487 = LINE('',#2488,#2489);
#2488 = CARTESIAN_POINT('',(90.525,34.95,134.475));
#2489 = VECTOR('',#2490,1.);
#2490 = DIRECTION('',(-1.110223024625E-16,-1.,0.));
#2491 = PCURVE('',#1568,#2492);
#2492 = DEFINITIONAL_REPRESENTATION('',(#2493),#2497);
#2493 = LINE('',#2494,#2495);
#2494 = CARTESIAN_POINT('',(1.2,11.45));
#2495 = VECTOR('',#2496,1.);
#2496 = DIRECTION('',(0.,-1.));
#2497 = ( GEOMETRIC_REPRESENTATION_CONTEXT(2)
PARAMETRIC_REPRESENTATION_CONTEXT() REPRESENTATION_CONTEXT('2D SPACE',''
  ) );
#2498 = PCURVE('',#2499,#2504);
#2499 = PLANE('',#2500);
#2500 = AXIS2_PLACEMENT_3D('',#2501,#2502,#2503);
#2501 = CARTESIAN_POINT('',(91.525,23.5,134.475));
#2502 = DIRECTION('',(0.,0.,1.));
#2503 = DIRECTION('',(1.110223024625E-16,1.,0.));
#2504 = DEFINITIONAL_REPRESENTATION('',(#2505),#2509);
#2505 = LINE('',#2506,#2507);
#2506 = CARTESIAN_POINT('',(11.45,1.));
#2507 = VECTOR('',#2508,1.);
#2508 = DIRECTION('',(-1.,0.));
#2509 = ( GEOMETRIC_REPRESENTATION_CONTEXT(2)
PARAMETRIC_REPRESENTATION_CONTEXT() REPRESENTATION_CONTEXT('2D SPACE',''
  ) );
#2510 = ADVANCED_FACE('',(#2511),#2499,.F.);
#2511 = FACE_BOUND('',#2512,.F.);
#2512 = EDGE_LOOP('',(#2513,#2536,#2559,#2580));
#2513 = ORIENTED_EDGE('',*,*,#2514,.F.);
#2514 = EDGE_CURVE('',#2515,#1398,#2517,.T.);
#2515 = VERTEX_POINT('',#2516);
#2516 = CARTESIAN_POINT('',(91.525,23.5,134.475));
#2517 = SURFACE_CURVE('',#2518,(#2522,#2529),.PCURVE_S1.);
#2518 = LINE('',#2519,#2520);
#2519 = CARTESIAN_POINT('',(91.525,23.5,134.475));
#2520 = VECTOR('',#2521,1.);
#2521 = DIRECTION('',(-1.,1.110223024625E-16,0.));
#2522 = PCURVE('',#2499,#2523);
#2523 = DEFINITIONAL_REPRESENTATION('',(#2524),#2528);
#2524 = LINE('',#2525,#2526);
#2525 = CARTESIAN_POINT('',(0.,0.));
#2526 = VECTOR('',#2527,1.);
#2527 = DIRECTION('',(0.,1.));
#2528 = ( GEOMETRIC_REPRESENTATION_CONTEXT(2)
PARAMETRIC_REPRESENTATION_CONTEXT() REPRESENTATION_CONTEXT('2D SPACE',''
  ) );
#2529 = PCURVE('',#1169,#2530);
#2530 = DEFINITIONAL_REPRESENTATION('',(#2531),#2535);
#2531 = LINE('',#2532,#2533);
#2532 = CARTESIAN_POINT('',(1.2,1.));
#2533 = VECTOR('',#2534,1.);
#2534 = DIRECTION('',(0.,-1.));
#2535 = ( GEOMETRIC_REPRESENTATION_CONTEXT(2)
PARAMETRIC_REPRESENTATION_CONTEXT() REPRESENTATION_CONTEXT('2D SPACE',''
  ) );
#2536 = ORIENTED_EDGE('',*,*,#2537,.T.);
#2537 = EDGE_CURVE('',#2515,#2538,#2540,.T.);
#2538 = VERTEX_POINT('',#2539);
#2539 = CARTESIAN_POINT('',(91.525,34.95,134.475));
#2540 = SURFACE_CURVE('',#2541,(#2545,#2552),.PCURVE_S1.);
#2541 = LINE('',#2542,#2543);
#2542 = CARTESIAN_POINT('',(91.525,23.5,134.475));
#2543 = VECTOR('',#2544,1.);
#2544 = DIRECTION('',(1.110223024625E-16,1.,0.));
#2545 = PCURVE('',#2499,#2546);
#2546 = DEFINITIONAL_REPRESENTATION('',(#2547),#2551);
#2547 = LINE('',#2548,#2549);
#2548 = CARTESIAN_POINT('',(0.,0.));
#2549 = VECTOR('',#2550,1.);
#2550 = DIRECTION('',(1.,0.));
#2551 = ( GEOMETRIC_REPRESENTATION_CONTEXT(2)
PARAMETRIC_REPRESENTATION_CONTEXT() REPRESENTATION_CONTEXT('2D SPACE',''
  ) );
#2552 = PCURVE('',#1197,#2553);
#2553 = DEFINITIONAL_REPRESENTATION('',(#2554),#2558);
#2554 = LINE('',#2555,#2556);
#2555 = CARTESIAN_POINT('',(0.,0.));
#2556 = VECTOR('',#2557,1.);
#2557 = DIRECTION('',(0.,1.));
#2558 = ( GEOMETRIC_REPRESENTATION_CONTEXT(2)
PARAMETRIC_REPRESENTATION_CONTEXT() REPRESENTATION_CONTEXT('2D SPACE',''
  ) );
#2559 = ORIENTED_EDGE('',*,*,#2560,.T.);
#2560 = EDGE_CURVE('',#2538,#2461,#2561,.T.);
#2561 = SURFACE_CURVE('',#2562,(#2566,#2573),.PCURVE_S1.);
#2562 = LINE('',#2563,#2564);
#2563 = CARTESIAN_POINT('',(91.525,34.95,134.475));
#2564 = VECTOR('',#2565,1.);
#2565 = DIRECTION('',(-1.,1.110223024625E-16,0.));
#2566 = PCURVE('',#2499,#2567);
#2567 = DEFINITIONAL_REPRESENTATION('',(#2568),#2572);
#2568 = LINE('',#2569,#2570);
#2569 = CARTESIAN_POINT('',(11.45,1.271205363196E-15));
#2570 = VECTOR('',#2571,1.);
#2571 = DIRECTION('',(0.,1.));
#2572 = ( GEOMETRIC_REPRESENTATION_CONTEXT(2)
PARAMETRIC_REPRESENTATION_CONTEXT() REPRESENTATION_CONTEXT('2D SPACE',''
  ) );
#2573 = PCURVE('',#1225,#2574);
#2574 = DEFINITIONAL_REPRESENTATION('',(#2575),#2579);
#2575 = LINE('',#2576,#2577);
#2576 = CARTESIAN_POINT('',(1.2,1.));
#2577 = VECTOR('',#2578,1.);
#2578 = DIRECTION('',(0.,-1.));
#2579 = ( GEOMETRIC_REPRESENTATION_CONTEXT(2)
PARAMETRIC_REPRESENTATION_CONTEXT() REPRESENTATION_CONTEXT('2D SPACE',''
  ) );
#2580 = ORIENTED_EDGE('',*,*,#2485,.T.);
#2581 = ADVANCED_FACE('',(#2582),#1537,.T.);
#2582 = FACE_BOUND('',#2583,.T.);
#2583 = EDGE_LOOP('',(#2584,#2585,#2606,#2607));
#2584 = ORIENTED_EDGE('',*,*,#1523,.F.);
#2585 = ORIENTED_EDGE('',*,*,#2586,.T.);
#2586 = EDGE_CURVE('',#1472,#1944,#2587,.T.);
#2587 = SURFACE_CURVE('',#2588,(#2592,#2599),.PCURVE_S1.);
#2588 = LINE('',#2589,#2590);
#2589 = CARTESIAN_POINT('',(69.475,21.5,134.475));
#2590 = VECTOR('',#2591,1.);
#2591 = DIRECTION('',(0.,0.,1.));
#2592 = PCURVE('',#1537,#2593);
#2593 = DEFINITIONAL_REPRESENTATION('',(#2594),#2598);
#2594 = LINE('',#2595,#2596);
#2595 = CARTESIAN_POINT('',(0.,0.));
#2596 = VECTOR('',#2597,1.);
#2597 = DIRECTION('',(1.,0.));
#2598 = ( GEOMETRIC_REPRESENTATION_CONTEXT(2)
PARAMETRIC_REPRESENTATION_CONTEXT() REPRESENTATION_CONTEXT('2D SPACE',''
  ) );
#2599 = PCURVE('',#945,#2600);
#2600 = DEFINITIONAL_REPRESENTATION('',(#2601),#2605);
#2601 = LINE('',#2602,#2603);
#2602 = CARTESIAN_POINT('',(0.,-21.05));
#2603 = VECTOR('',#2604,1.);
#2604 = DIRECTION('',(1.,0.));
#2605 = ( GEOMETRIC_REPRESENTATION_CONTEXT(2)
PARAMETRIC_REPRESENTATION_CONTEXT() REPRESENTATION_CONTEXT('2D SPACE',''
  ) );
#2606 = ORIENTED_EDGE('',*,*,#1943,.T.);
#2607 = ORIENTED_EDGE('',*,*,#2433,.F.);
#2608 = ADVANCED_FACE('',(#2609),#1309,.T.);
#2609 = FACE_BOUND('',#2610,.T.);
#2610 = EDGE_LOOP('',(#2611,#2632,#2633,#2654));
#2611 = ORIENTED_EDGE('',*,*,#2612,.T.);
#2612 = EDGE_CURVE('',#1266,#2386,#2613,.T.);
#2613 = SURFACE_CURVE('',#2614,(#2618,#2625),.PCURVE_S1.);
#2614 = LINE('',#2615,#2616);
#2615 = CARTESIAN_POINT('',(89.525,32.95,134.475));
#2616 = VECTOR('',#2617,1.);
#2617 = DIRECTION('',(0.,0.,-1.));
#2618 = PCURVE('',#1309,#2619);
#2619 = DEFINITIONAL_REPRESENTATION('',(#2620),#2624);
#2620 = LINE('',#2621,#2622);
#2621 = CARTESIAN_POINT('',(0.,9.45));
#2622 = VECTOR('',#2623,1.);
#2623 = DIRECTION('',(-1.,0.));
#2624 = ( GEOMETRIC_REPRESENTATION_CONTEXT(2)
PARAMETRIC_REPRESENTATION_CONTEXT() REPRESENTATION_CONTEXT('2D SPACE',''
  ) );
#2625 = PCURVE('',#1281,#2626);
#2626 = DEFINITIONAL_REPRESENTATION('',(#2627),#2631);
#2627 = LINE('',#2628,#2629);
#2628 = CARTESIAN_POINT('',(0.,-1.));
#2629 = VECTOR('',#2630,1.);
#2630 = DIRECTION('',(-1.,0.));
#2631 = ( GEOMETRIC_REPRESENTATION_CONTEXT(2)
PARAMETRIC_REPRESENTATION_CONTEXT() REPRESENTATION_CONTEXT('2D SPACE',''
  ) );
#2632 = ORIENTED_EDGE('',*,*,#2385,.T.);
#2633 = ORIENTED_EDGE('',*,*,#2634,.T.);
#2634 = EDGE_CURVE('',#2363,#1294,#2635,.T.);
#2635 = SURFACE_CURVE('',#2636,(#2640,#2647),.PCURVE_S1.);
#2636 = LINE('',#2637,#2638);
#2637 = CARTESIAN_POINT('',(89.525,23.5,134.475));
#2638 = VECTOR('',#2639,1.);
#2639 = DIRECTION('',(0.,0.,1.));
#2640 = PCURVE('',#1309,#2641);
#2641 = DEFINITIONAL_REPRESENTATION('',(#2642),#2646);
#2642 = LINE('',#2643,#2644);
#2643 = CARTESIAN_POINT('',(0.,0.));
#2644 = VECTOR('',#2645,1.);
#2645 = DIRECTION('',(1.,0.));
#2646 = ( GEOMETRIC_REPRESENTATION_CONTEXT(2)
PARAMETRIC_REPRESENTATION_CONTEXT() REPRESENTATION_CONTEXT('2D SPACE',''
  ) );
#2647 = PCURVE('',#1006,#2648);
#2648 = DEFINITIONAL_REPRESENTATION('',(#2649),#2653);
#2649 = LINE('',#2650,#2651);
#2650 = CARTESIAN_POINT('',(0.,-1.));
#2651 = VECTOR('',#2652,1.);
#2652 = DIRECTION('',(1.,0.));
#2653 = ( GEOMETRIC_REPRESENTATION_CONTEXT(2)
PARAMETRIC_REPRESENTATION_CONTEXT() REPRESENTATION_CONTEXT('2D SPACE',''
  ) );
#2654 = ORIENTED_EDGE('',*,*,#1293,.T.);
#2655 = ADVANCED_FACE('',(#2656,#2686,#2800),#1281,.F.);
#2656 = FACE_BOUND('',#2657,.F.);
#2657 = EDGE_LOOP('',(#2658,#2659,#2660,#2661,#2662,#2663,#2664,#2665));
#2658 = ORIENTED_EDGE('',*,*,#1265,.F.);
#2659 = ORIENTED_EDGE('',*,*,#2612,.T.);
#2660 = ORIENTED_EDGE('',*,*,#2408,.T.);
#2661 = ORIENTED_EDGE('',*,*,#2286,.F.);
#2662 = ORIENTED_EDGE('',*,*,#2063,.F.);
#2663 = ORIENTED_EDGE('',*,*,#2169,.F.);
#2664 = ORIENTED_EDGE('',*,*,#2216,.T.);
#2665 = ORIENTED_EDGE('',*,*,#2666,.T.);
#2666 = EDGE_CURVE('',#2217,#1238,#2667,.T.);
#2667 = SURFACE_CURVE('',#2668,(#2672,#2679),.PCURVE_S1.);
#2668 = LINE('',#2669,#2670);
#2669 = CARTESIAN_POINT('',(86.725,32.95,136.225));
#2670 = VECTOR('',#2671,1.);
#2671 = DIRECTION('',(0.,0.,1.));
#2672 = PCURVE('',#1281,#2673);
#2673 = DEFINITIONAL_REPRESENTATION('',(#2674),#2678);
#2674 = LINE('',#2675,#2676);
#2675 = CARTESIAN_POINT('',(1.75,-3.8));
#2676 = VECTOR('',#2677,1.);
#2677 = DIRECTION('',(1.,0.));
#2678 = ( GEOMETRIC_REPRESENTATION_CONTEXT(2)
PARAMETRIC_REPRESENTATION_CONTEXT() REPRESENTATION_CONTEXT('2D SPACE',''
  ) );
#2679 = PCURVE('',#1253,#2680);
#2680 = DEFINITIONAL_REPRESENTATION('',(#2681),#2685);
#2681 = LINE('',#2682,#2683);
#2682 = CARTESIAN_POINT('',(-1.75,0.1));
#2683 = VECTOR('',#2684,1.);
#2684 = DIRECTION('',(1.,0.));
#2685 = ( GEOMETRIC_REPRESENTATION_CONTEXT(2)
PARAMETRIC_REPRESENTATION_CONTEXT() REPRESENTATION_CONTEXT('2D SPACE',''
  ) );
#2686 = FACE_BOUND('',#2687,.F.);
#2687 = EDGE_LOOP('',(#2688,#2718,#2746,#2774));
#2688 = ORIENTED_EDGE('',*,*,#2689,.F.);
#2689 = EDGE_CURVE('',#2690,#2692,#2694,.T.);
#2690 = VERTEX_POINT('',#2691);
#2691 = CARTESIAN_POINT('',(72.425,32.95,154.675));
#2692 = VERTEX_POINT('',#2693);
#2693 = CARTESIAN_POINT('',(72.425,32.95,153.475));
#2694 = SURFACE_CURVE('',#2695,(#2699,#2706),.PCURVE_S1.);
#2695 = LINE('',#2696,#2697);
#2696 = CARTESIAN_POINT('',(72.425,32.95,143.975));
#2697 = VECTOR('',#2698,1.);
#2698 = DIRECTION('',(0.,0.,-1.));
#2699 = PCURVE('',#1281,#2700);
#2700 = DEFINITIONAL_REPRESENTATION('',(#2701),#2705);
#2701 = LINE('',#2702,#2703);
#2702 = CARTESIAN_POINT('',(9.5,-18.1));
#2703 = VECTOR('',#2704,1.);
#2704 = DIRECTION('',(-1.,0.));
#2705 = ( GEOMETRIC_REPRESENTATION_CONTEXT(2)
PARAMETRIC_REPRESENTATION_CONTEXT() REPRESENTATION_CONTEXT('2D SPACE',''
  ) );
#2706 = PCURVE('',#2707,#2712);
#2707 = PLANE('',#2708);
#2708 = AXIS2_PLACEMENT_3D('',#2709,#2710,#2711);
#2709 = CARTESIAN_POINT('',(72.425,24.5,153.475));
#2710 = DIRECTION('',(-1.,1.110223024625E-16,0.));
#2711 = DIRECTION('',(0.,0.,1.));
#2712 = DEFINITIONAL_REPRESENTATION('',(#2713),#2717);
#2713 = LINE('',#2714,#2715);
#2714 = CARTESIAN_POINT('',(-9.5,8.45));
#2715 = VECTOR('',#2716,1.);
#2716 = DIRECTION('',(-1.,0.));
#2717 = ( GEOMETRIC_REPRESENTATION_CONTEXT(2)
PARAMETRIC_REPRESENTATION_CONTEXT() REPRESENTATION_CONTEXT('2D SPACE',''
  ) );
#2718 = ORIENTED_EDGE('',*,*,#2719,.T.);
#2719 = EDGE_CURVE('',#2690,#2720,#2722,.T.);
#2720 = VERTEX_POINT('',#2721);
#2721 = CARTESIAN_POINT('',(70.625,32.95,154.675));
#2722 = SURFACE_CURVE('',#2723,(#2727,#2734),.PCURVE_S1.);
#2723 = LINE('',#2724,#2725);
#2724 = CARTESIAN_POINT('',(81.475,32.95,154.675));
#2725 = VECTOR('',#2726,1.);
#2726 = DIRECTION('',(-1.,1.110223024625E-16,0.));
#2727 = PCURVE('',#1281,#2728);
#2728 = DEFINITIONAL_REPRESENTATION('',(#2729),#2733);
#2729 = LINE('',#2730,#2731);
#2730 = CARTESIAN_POINT('',(20.2,-9.05));
#2731 = VECTOR('',#2732,1.);
#2732 = DIRECTION('',(0.,-1.));
#2733 = ( GEOMETRIC_REPRESENTATION_CONTEXT(2)
PARAMETRIC_REPRESENTATION_CONTEXT() REPRESENTATION_CONTEXT('2D SPACE',''
  ) );
#2734 = PCURVE('',#2735,#2740);
#2735 = PLANE('',#2736);
#2736 = AXIS2_PLACEMENT_3D('',#2737,#2738,#2739);
#2737 = CARTESIAN_POINT('',(72.425,24.5,154.675));
#2738 = DIRECTION('',(0.,0.,1.));
#2739 = DIRECTION('',(1.110223024625E-16,1.,0.));
#2740 = DEFINITIONAL_REPRESENTATION('',(#2741),#2745);
#2741 = LINE('',#2742,#2743);
#2742 = CARTESIAN_POINT('',(8.45,-9.05));
#2743 = VECTOR('',#2744,1.);
#2744 = DIRECTION('',(0.,1.));
#2745 = ( GEOMETRIC_REPRESENTATION_CONTEXT(2)
PARAMETRIC_REPRESENTATION_CONTEXT() REPRESENTATION_CONTEXT('2D SPACE',''
  ) );
#2746 = ORIENTED_EDGE('',*,*,#2747,.T.);
#2747 = EDGE_CURVE('',#2720,#2748,#2750,.T.);
#2748 = VERTEX_POINT('',#2749);
#2749 = CARTESIAN_POINT('',(70.625,32.95,153.475));
#2750 = SURFACE_CURVE('',#2751,(#2755,#2762),.PCURVE_S1.);
#2751 = LINE('',#2752,#2753);
#2752 = CARTESIAN_POINT('',(70.625,32.95,143.975));
#2753 = VECTOR('',#2754,1.);
#2754 = DIRECTION('',(0.,0.,-1.));
#2755 = PCURVE('',#1281,#2756);
#2756 = DEFINITIONAL_REPRESENTATION('',(#2757),#2761);
#2757 = LINE('',#2758,#2759);
#2758 = CARTESIAN_POINT('',(9.5,-19.9));
#2759 = VECTOR('',#2760,1.);
#2760 = DIRECTION('',(-1.,0.));
#2761 = ( GEOMETRIC_REPRESENTATION_CONTEXT(2)
PARAMETRIC_REPRESENTATION_CONTEXT() REPRESENTATION_CONTEXT('2D SPACE',''
  ) );
#2762 = PCURVE('',#2763,#2768);
#2763 = PLANE('',#2764);
#2764 = AXIS2_PLACEMENT_3D('',#2765,#2766,#2767);
#2765 = CARTESIAN_POINT('',(70.625,24.5,153.475));
#2766 = DIRECTION('',(-1.,1.110223024625E-16,0.));
#2767 = DIRECTION('',(0.,0.,1.));
#2768 = DEFINITIONAL_REPRESENTATION('',(#2769),#2773);
#2769 = LINE('',#2770,#2771);
#2770 = CARTESIAN_POINT('',(-9.5,8.45));
#2771 = VECTOR('',#2772,1.);
#2772 = DIRECTION('',(-1.,0.));
#2773 = ( GEOMETRIC_REPRESENTATION_CONTEXT(2)
PARAMETRIC_REPRESENTATION_CONTEXT() REPRESENTATION_CONTEXT('2D SPACE',''
  ) );
#2774 = ORIENTED_EDGE('',*,*,#2775,.F.);
#2775 = EDGE_CURVE('',#2692,#2748,#2776,.T.);
#2776 = SURFACE_CURVE('',#2777,(#2781,#2788),.PCURVE_S1.);
#2777 = LINE('',#2778,#2779);
#2778 = CARTESIAN_POINT('',(81.475,32.95,153.475));
#2779 = VECTOR('',#2780,1.);
#2780 = DIRECTION('',(-1.,1.110223024625E-16,0.));
#2781 = PCURVE('',#1281,#2782);
#2782 = DEFINITIONAL_REPRESENTATION('',(#2783),#2787);
#2783 = LINE('',#2784,#2785);
#2784 = CARTESIAN_POINT('',(19.,-9.05));
#2785 = VECTOR('',#2786,1.);
#2786 = DIRECTION('',(0.,-1.));
#2787 = ( GEOMETRIC_REPRESENTATION_CONTEXT(2)
PARAMETRIC_REPRESENTATION_CONTEXT() REPRESENTATION_CONTEXT('2D SPACE',''
  ) );
#2788 = PCURVE('',#2789,#2794);
#2789 = PLANE('',#2790);
#2790 = AXIS2_PLACEMENT_3D('',#2791,#2792,#2793);
#2791 = CARTESIAN_POINT('',(72.425,24.5,153.475));
#2792 = DIRECTION('',(0.,0.,1.));
#2793 = DIRECTION('',(1.110223024625E-16,1.,0.));
#2794 = DEFINITIONAL_REPRESENTATION('',(#2795),#2799);
#2795 = LINE('',#2796,#2797);
#2796 = CARTESIAN_POINT('',(8.45,-9.05));
#2797 = VECTOR('',#2798,1.);
#2798 = DIRECTION('',(0.,1.));
#2799 = ( GEOMETRIC_REPRESENTATION_CONTEXT(2)
PARAMETRIC_REPRESENTATION_CONTEXT() REPRESENTATION_CONTEXT('2D SPACE',''
  ) );
#2800 = FACE_BOUND('',#2801,.F.);
#2801 = EDGE_LOOP('',(#2802,#2832,#2860,#2888));
#2802 = ORIENTED_EDGE('',*,*,#2803,.F.);
#2803 = EDGE_CURVE('',#2804,#2806,#2808,.T.);
#2804 = VERTEX_POINT('',#2805);
#2805 = CARTESIAN_POINT('',(89.375,32.95,154.675));
#2806 = VERTEX_POINT('',#2807);
#2807 = CARTESIAN_POINT('',(89.375,32.95,153.475));
#2808 = SURFACE_CURVE('',#2809,(#2813,#2820),.PCURVE_S1.);
#2809 = LINE('',#2810,#2811);
#2810 = CARTESIAN_POINT('',(89.375,32.95,143.975));
#2811 = VECTOR('',#2812,1.);
#2812 = DIRECTION('',(0.,0.,-1.));
#2813 = PCURVE('',#1281,#2814);
#2814 = DEFINITIONAL_REPRESENTATION('',(#2815),#2819);
#2815 = LINE('',#2816,#2817);
#2816 = CARTESIAN_POINT('',(9.5,-1.15));
#2817 = VECTOR('',#2818,1.);
#2818 = DIRECTION('',(-1.,0.));
#2819 = ( GEOMETRIC_REPRESENTATION_CONTEXT(2)
PARAMETRIC_REPRESENTATION_CONTEXT() REPRESENTATION_CONTEXT('2D SPACE',''
  ) );
#2820 = PCURVE('',#2821,#2826);
#2821 = PLANE('',#2822);
#2822 = AXIS2_PLACEMENT_3D('',#2823,#2824,#2825);
#2823 = CARTESIAN_POINT('',(89.375,24.5,153.475));
#2824 = DIRECTION('',(-1.,1.110223024625E-16,0.));
#2825 = DIRECTION('',(0.,0.,1.));
#2826 = DEFINITIONAL_REPRESENTATION('',(#2827),#2831);
#2827 = LINE('',#2828,#2829);
#2828 = CARTESIAN_POINT('',(-9.5,8.45));
#2829 = VECTOR('',#2830,1.);
#2830 = DIRECTION('',(-1.,0.));
#2831 = ( GEOMETRIC_REPRESENTATION_CONTEXT(2)
PARAMETRIC_REPRESENTATION_CONTEXT() REPRESENTATION_CONTEXT('2D SPACE',''
  ) );
#2832 = ORIENTED_EDGE('',*,*,#2833,.T.);
#2833 = EDGE_CURVE('',#2804,#2834,#2836,.T.);
#2834 = VERTEX_POINT('',#2835);
#2835 = CARTESIAN_POINT('',(87.575,32.95,154.675));
#2836 = SURFACE_CURVE('',#2837,(#2841,#2848),.PCURVE_S1.);
#2837 = LINE('',#2838,#2839);
#2838 = CARTESIAN_POINT('',(89.95,32.95,154.675));
#2839 = VECTOR('',#2840,1.);
#2840 = DIRECTION('',(-1.,1.110223024625E-16,0.));
#2841 = PCURVE('',#1281,#2842);
#2842 = DEFINITIONAL_REPRESENTATION('',(#2843),#2847);
#2843 = LINE('',#2844,#2845);
#2844 = CARTESIAN_POINT('',(20.2,-0.575));
#2845 = VECTOR('',#2846,1.);
#2846 = DIRECTION('',(0.,-1.));
#2847 = ( GEOMETRIC_REPRESENTATION_CONTEXT(2)
PARAMETRIC_REPRESENTATION_CONTEXT() REPRESENTATION_CONTEXT('2D SPACE',''
  ) );
#2848 = PCURVE('',#2849,#2854);
#2849 = PLANE('',#2850);
#2850 = AXIS2_PLACEMENT_3D('',#2851,#2852,#2853);
#2851 = CARTESIAN_POINT('',(89.375,24.5,154.675));
#2852 = DIRECTION('',(0.,0.,1.));
#2853 = DIRECTION('',(1.110223024625E-16,1.,0.));
#2854 = DEFINITIONAL_REPRESENTATION('',(#2855),#2859);
#2855 = LINE('',#2856,#2857);
#2856 = CARTESIAN_POINT('',(8.45,-0.575));
#2857 = VECTOR('',#2858,1.);
#2858 = DIRECTION('',(0.,1.));
#2859 = ( GEOMETRIC_REPRESENTATION_CONTEXT(2)
PARAMETRIC_REPRESENTATION_CONTEXT() REPRESENTATION_CONTEXT('2D SPACE',''
  ) );
#2860 = ORIENTED_EDGE('',*,*,#2861,.T.);
#2861 = EDGE_CURVE('',#2834,#2862,#2864,.T.);
#2862 = VERTEX_POINT('',#2863);
#2863 = CARTESIAN_POINT('',(87.575,32.95,153.475));
#2864 = SURFACE_CURVE('',#2865,(#2869,#2876),.PCURVE_S1.);
#2865 = LINE('',#2866,#2867);
#2866 = CARTESIAN_POINT('',(87.575,32.95,143.975));
#2867 = VECTOR('',#2868,1.);
#2868 = DIRECTION('',(0.,0.,-1.));
#2869 = PCURVE('',#1281,#2870);
#2870 = DEFINITIONAL_REPRESENTATION('',(#2871),#2875);
#2871 = LINE('',#2872,#2873);
#2872 = CARTESIAN_POINT('',(9.5,-2.95));
#2873 = VECTOR('',#2874,1.);
#2874 = DIRECTION('',(-1.,0.));
#2875 = ( GEOMETRIC_REPRESENTATION_CONTEXT(2)
PARAMETRIC_REPRESENTATION_CONTEXT() REPRESENTATION_CONTEXT('2D SPACE',''
  ) );
#2876 = PCURVE('',#2877,#2882);
#2877 = PLANE('',#2878);
#2878 = AXIS2_PLACEMENT_3D('',#2879,#2880,#2881);
#2879 = CARTESIAN_POINT('',(87.575,24.5,153.475));
#2880 = DIRECTION('',(-1.,1.110223024625E-16,0.));
#2881 = DIRECTION('',(0.,0.,1.));
#2882 = DEFINITIONAL_REPRESENTATION('',(#2883),#2887);
#2883 = LINE('',#2884,#2885);
#2884 = CARTESIAN_POINT('',(-9.5,8.45));
#2885 = VECTOR('',#2886,1.);
#2886 = DIRECTION('',(-1.,0.));
#2887 = ( GEOMETRIC_REPRESENTATION_CONTEXT(2)
PARAMETRIC_REPRESENTATION_CONTEXT() REPRESENTATION_CONTEXT('2D SPACE',''
  ) );
#2888 = ORIENTED_EDGE('',*,*,#2889,.F.);
#2889 = EDGE_CURVE('',#2806,#2862,#2890,.T.);
#2890 = SURFACE_CURVE('',#2891,(#2895,#2902),.PCURVE_S1.);
#2891 = LINE('',#2892,#2893);
#2892 = CARTESIAN_POINT('',(89.95,32.95,153.475));
#2893 = VECTOR('',#2894,1.);
#2894 = DIRECTION('',(-1.,1.110223024625E-16,0.));
#2895 = PCURVE('',#1281,#2896);
#2896 = DEFINITIONAL_REPRESENTATION('',(#2897),#2901);
#2897 = LINE('',#2898,#2899);
#2898 = CARTESIAN_POINT('',(19.,-0.575));
#2899 = VECTOR('',#2900,1.);
#2900 = DIRECTION('',(0.,-1.));
#2901 = ( GEOMETRIC_REPRESENTATION_CONTEXT(2)
PARAMETRIC_REPRESENTATION_CONTEXT() REPRESENTATION_CONTEXT('2D SPACE',''
  ) );
#2902 = PCURVE('',#2903,#2908);
#2903 = PLANE('',#2904);
#2904 = AXIS2_PLACEMENT_3D('',#2905,#2906,#2907);
#2905 = CARTESIAN_POINT('',(89.375,24.5,153.475));
#2906 = DIRECTION('',(0.,0.,1.));
#2907 = DIRECTION('',(1.110223024625E-16,1.,0.));
#2908 = DEFINITIONAL_REPRESENTATION('',(#2909),#2913);
#2909 = LINE('',#2910,#2911);
#2910 = CARTESIAN_POINT('',(8.45,-0.575));
#2911 = VECTOR('',#2912,1.);
#2912 = DIRECTION('',(0.,1.));
#2913 = ( GEOMETRIC_REPRESENTATION_CONTEXT(2)
PARAMETRIC_REPRESENTATION_CONTEXT() REPRESENTATION_CONTEXT('2D SPACE',''
  ) );
#2914 = ADVANCED_FACE('',(#2915),#2849,.T.);
#2915 = FACE_BOUND('',#2916,.T.);
#2916 = EDGE_LOOP('',(#2917,#2940,#2968,#2989));
#2917 = ORIENTED_EDGE('',*,*,#2918,.F.);
#2918 = EDGE_CURVE('',#2919,#2834,#2921,.T.);
#2919 = VERTEX_POINT('',#2920);
#2920 = CARTESIAN_POINT('',(87.575,24.5,154.675));
#2921 = SURFACE_CURVE('',#2922,(#2926,#2933),.PCURVE_S1.);
#2922 = LINE('',#2923,#2924);
#2923 = CARTESIAN_POINT('',(87.575,24.5,154.675));
#2924 = VECTOR('',#2925,1.);
#2925 = DIRECTION('',(1.110223024625E-16,1.,0.));
#2926 = PCURVE('',#2849,#2927);
#2927 = DEFINITIONAL_REPRESENTATION('',(#2928),#2932);
#2928 = LINE('',#2929,#2930);
#2929 = CARTESIAN_POINT('',(-1.998401444325E-16,1.8));
#2930 = VECTOR('',#2931,1.);
#2931 = DIRECTION('',(1.,0.));
#2932 = ( GEOMETRIC_REPRESENTATION_CONTEXT(2)
PARAMETRIC_REPRESENTATION_CONTEXT() REPRESENTATION_CONTEXT('2D SPACE',''
  ) );
#2933 = PCURVE('',#2877,#2934);
#2934 = DEFINITIONAL_REPRESENTATION('',(#2935),#2939);
#2935 = LINE('',#2936,#2937);
#2936 = CARTESIAN_POINT('',(1.2,0.));
#2937 = VECTOR('',#2938,1.);
#2938 = DIRECTION('',(0.,1.));
#2939 = ( GEOMETRIC_REPRESENTATION_CONTEXT(2)
PARAMETRIC_REPRESENTATION_CONTEXT() REPRESENTATION_CONTEXT('2D SPACE',''
  ) );
#2940 = ORIENTED_EDGE('',*,*,#2941,.F.);
#2941 = EDGE_CURVE('',#2942,#2919,#2944,.T.);
#2942 = VERTEX_POINT('',#2943);
#2943 = CARTESIAN_POINT('',(89.375,24.5,154.675));
#2944 = SURFACE_CURVE('',#2945,(#2949,#2956),.PCURVE_S1.);
#2945 = LINE('',#2946,#2947);
#2946 = CARTESIAN_POINT('',(89.375,24.5,154.675));
#2947 = VECTOR('',#2948,1.);
#2948 = DIRECTION('',(-1.,1.110223024625E-16,0.));
#2949 = PCURVE('',#2849,#2950);
#2950 = DEFINITIONAL_REPRESENTATION('',(#2951),#2955);
#2951 = LINE('',#2952,#2953);
#2952 = CARTESIAN_POINT('',(0.,0.));
#2953 = VECTOR('',#2954,1.);
#2954 = DIRECTION('',(0.,1.));
#2955 = ( GEOMETRIC_REPRESENTATION_CONTEXT(2)
PARAMETRIC_REPRESENTATION_CONTEXT() REPRESENTATION_CONTEXT('2D SPACE',''
  ) );
#2956 = PCURVE('',#2957,#2962);
#2957 = PLANE('',#2958);
#2958 = AXIS2_PLACEMENT_3D('',#2959,#2960,#2961);
#2959 = CARTESIAN_POINT('',(89.375,24.5,153.475));
#2960 = DIRECTION('',(1.110223024625E-16,1.,0.));
#2961 = DIRECTION('',(0.,0.,1.));
#2962 = DEFINITIONAL_REPRESENTATION('',(#2963),#2967);
#2963 = LINE('',#2964,#2965);
#2964 = CARTESIAN_POINT('',(1.2,0.));
#2965 = VECTOR('',#2966,1.);
#2966 = DIRECTION('',(0.,-1.));
#2967 = ( GEOMETRIC_REPRESENTATION_CONTEXT(2)
PARAMETRIC_REPRESENTATION_CONTEXT() REPRESENTATION_CONTEXT('2D SPACE',''
  ) );
#2968 = ORIENTED_EDGE('',*,*,#2969,.T.);
#2969 = EDGE_CURVE('',#2942,#2804,#2970,.T.);
#2970 = SURFACE_CURVE('',#2971,(#2975,#2982),.PCURVE_S1.);
#2971 = LINE('',#2972,#2973);
#2972 = CARTESIAN_POINT('',(89.375,24.5,154.675));
#2973 = VECTOR('',#2974,1.);
#2974 = DIRECTION('',(1.110223024625E-16,1.,0.));
#2975 = PCURVE('',#2849,#2976);
#2976 = DEFINITIONAL_REPRESENTATION('',(#2977),#2981);
#2977 = LINE('',#2978,#2979);
#2978 = CARTESIAN_POINT('',(0.,0.));
#2979 = VECTOR('',#2980,1.);
#2980 = DIRECTION('',(1.,0.));
#2981 = ( GEOMETRIC_REPRESENTATION_CONTEXT(2)
PARAMETRIC_REPRESENTATION_CONTEXT() REPRESENTATION_CONTEXT('2D SPACE',''
  ) );
#2982 = PCURVE('',#2821,#2983);
#2983 = DEFINITIONAL_REPRESENTATION('',(#2984),#2988);
#2984 = LINE('',#2985,#2986);
#2985 = CARTESIAN_POINT('',(1.2,0.));
#2986 = VECTOR('',#2987,1.);
#2987 = DIRECTION('',(0.,1.));
#2988 = ( GEOMETRIC_REPRESENTATION_CONTEXT(2)
PARAMETRIC_REPRESENTATION_CONTEXT() REPRESENTATION_CONTEXT('2D SPACE',''
  ) );
#2989 = ORIENTED_EDGE('',*,*,#2833,.T.);
#2990 = ADVANCED_FACE('',(#2991),#2957,.F.);
#2991 = FACE_BOUND('',#2992,.F.);
#2992 = EDGE_LOOP('',(#2993,#3016,#3039,#3060));
#2993 = ORIENTED_EDGE('',*,*,#2994,.F.);
#2994 = EDGE_CURVE('',#2995,#2942,#2997,.T.);
#2995 = VERTEX_POINT('',#2996);
#2996 = CARTESIAN_POINT('',(89.375,24.5,153.475));
#2997 = SURFACE_CURVE('',#2998,(#3002,#3009),.PCURVE_S1.);
#2998 = LINE('',#2999,#3000);
#2999 = CARTESIAN_POINT('',(89.375,24.5,153.475));
#3000 = VECTOR('',#3001,1.);
#3001 = DIRECTION('',(0.,0.,1.));
#3002 = PCURVE('',#2957,#3003);
#3003 = DEFINITIONAL_REPRESENTATION('',(#3004),#3008);
#3004 = LINE('',#3005,#3006);
#3005 = CARTESIAN_POINT('',(0.,0.));
#3006 = VECTOR('',#3007,1.);
#3007 = DIRECTION('',(1.,0.));
#3008 = ( GEOMETRIC_REPRESENTATION_CONTEXT(2)
PARAMETRIC_REPRESENTATION_CONTEXT() REPRESENTATION_CONTEXT('2D SPACE',''
  ) );
#3009 = PCURVE('',#2821,#3010);
#3010 = DEFINITIONAL_REPRESENTATION('',(#3011),#3015);
#3011 = LINE('',#3012,#3013);
#3012 = CARTESIAN_POINT('',(0.,0.));
#3013 = VECTOR('',#3014,1.);
#3014 = DIRECTION('',(1.,0.));
#3015 = ( GEOMETRIC_REPRESENTATION_CONTEXT(2)
PARAMETRIC_REPRESENTATION_CONTEXT() REPRESENTATION_CONTEXT('2D SPACE',''
  ) );
#3016 = ORIENTED_EDGE('',*,*,#3017,.T.);
#3017 = EDGE_CURVE('',#2995,#3018,#3020,.T.);
#3018 = VERTEX_POINT('',#3019);
#3019 = CARTESIAN_POINT('',(87.575,24.5,153.475));
#3020 = SURFACE_CURVE('',#3021,(#3025,#3032),.PCURVE_S1.);
#3021 = LINE('',#3022,#3023);
#3022 = CARTESIAN_POINT('',(89.375,24.5,153.475));
#3023 = VECTOR('',#3024,1.);
#3024 = DIRECTION('',(-1.,1.110223024625E-16,0.));
#3025 = PCURVE('',#2957,#3026);
#3026 = DEFINITIONAL_REPRESENTATION('',(#3027),#3031);
#3027 = LINE('',#3028,#3029);
#3028 = CARTESIAN_POINT('',(0.,0.));
#3029 = VECTOR('',#3030,1.);
#3030 = DIRECTION('',(0.,-1.));
#3031 = ( GEOMETRIC_REPRESENTATION_CONTEXT(2)
PARAMETRIC_REPRESENTATION_CONTEXT() REPRESENTATION_CONTEXT('2D SPACE',''
  ) );
#3032 = PCURVE('',#2903,#3033);
#3033 = DEFINITIONAL_REPRESENTATION('',(#3034),#3038);
#3034 = LINE('',#3035,#3036);
#3035 = CARTESIAN_POINT('',(0.,0.));
#3036 = VECTOR('',#3037,1.);
#3037 = DIRECTION('',(0.,1.));
#3038 = ( GEOMETRIC_REPRESENTATION_CONTEXT(2)
PARAMETRIC_REPRESENTATION_CONTEXT() REPRESENTATION_CONTEXT('2D SPACE',''
  ) );
#3039 = ORIENTED_EDGE('',*,*,#3040,.T.);
#3040 = EDGE_CURVE('',#3018,#2919,#3041,.T.);
#3041 = SURFACE_CURVE('',#3042,(#3046,#3053),.PCURVE_S1.);
#3042 = LINE('',#3043,#3044);
#3043 = CARTESIAN_POINT('',(87.575,24.5,153.475));
#3044 = VECTOR('',#3045,1.);
#3045 = DIRECTION('',(0.,0.,1.));
#3046 = PCURVE('',#2957,#3047);
#3047 = DEFINITIONAL_REPRESENTATION('',(#3048),#3052);
#3048 = LINE('',#3049,#3050);
#3049 = CARTESIAN_POINT('',(0.,-1.8));
#3050 = VECTOR('',#3051,1.);
#3051 = DIRECTION('',(1.,0.));
#3052 = ( GEOMETRIC_REPRESENTATION_CONTEXT(2)
PARAMETRIC_REPRESENTATION_CONTEXT() REPRESENTATION_CONTEXT('2D SPACE',''
  ) );
#3053 = PCURVE('',#2877,#3054);
#3054 = DEFINITIONAL_REPRESENTATION('',(#3055),#3059);
#3055 = LINE('',#3056,#3057);
#3056 = CARTESIAN_POINT('',(0.,0.));
#3057 = VECTOR('',#3058,1.);
#3058 = DIRECTION('',(1.,0.));
#3059 = ( GEOMETRIC_REPRESENTATION_CONTEXT(2)
PARAMETRIC_REPRESENTATION_CONTEXT() REPRESENTATION_CONTEXT('2D SPACE',''
  ) );
#3060 = ORIENTED_EDGE('',*,*,#2941,.F.);
#3061 = ADVANCED_FACE('',(#3062),#2877,.T.);
#3062 = FACE_BOUND('',#3063,.T.);
#3063 = EDGE_LOOP('',(#3064,#3085,#3086,#3087));
#3064 = ORIENTED_EDGE('',*,*,#3065,.F.);
#3065 = EDGE_CURVE('',#3018,#2862,#3066,.T.);
#3066 = SURFACE_CURVE('',#3067,(#3071,#3078),.PCURVE_S1.);
#3067 = LINE('',#3068,#3069);
#3068 = CARTESIAN_POINT('',(87.575,24.5,153.475));
#3069 = VECTOR('',#3070,1.);
#3070 = DIRECTION('',(1.110223024625E-16,1.,0.));
#3071 = PCURVE('',#2877,#3072);
#3072 = DEFINITIONAL_REPRESENTATION('',(#3073),#3077);
#3073 = LINE('',#3074,#3075);
#3074 = CARTESIAN_POINT('',(0.,0.));
#3075 = VECTOR('',#3076,1.);
#3076 = DIRECTION('',(0.,1.));
#3077 = ( GEOMETRIC_REPRESENTATION_CONTEXT(2)
PARAMETRIC_REPRESENTATION_CONTEXT() REPRESENTATION_CONTEXT('2D SPACE',''
  ) );
#3078 = PCURVE('',#2903,#3079);
#3079 = DEFINITIONAL_REPRESENTATION('',(#3080),#3084);
#3080 = LINE('',#3081,#3082);
#3081 = CARTESIAN_POINT('',(-1.998401444325E-16,1.8));
#3082 = VECTOR('',#3083,1.);
#3083 = DIRECTION('',(1.,0.));
#3084 = ( GEOMETRIC_REPRESENTATION_CONTEXT(2)
PARAMETRIC_REPRESENTATION_CONTEXT() REPRESENTATION_CONTEXT('2D SPACE',''
  ) );
#3085 = ORIENTED_EDGE('',*,*,#3040,.T.);
#3086 = ORIENTED_EDGE('',*,*,#2918,.T.);
#3087 = ORIENTED_EDGE('',*,*,#2861,.T.);
#3088 = ADVANCED_FACE('',(#3089),#2903,.F.);
#3089 = FACE_BOUND('',#3090,.F.);
#3090 = EDGE_LOOP('',(#3091,#3092,#3093,#3114));
#3091 = ORIENTED_EDGE('',*,*,#3065,.F.);
#3092 = ORIENTED_EDGE('',*,*,#3017,.F.);
#3093 = ORIENTED_EDGE('',*,*,#3094,.T.);
#3094 = EDGE_CURVE('',#2995,#2806,#3095,.T.);
#3095 = SURFACE_CURVE('',#3096,(#3100,#3107),.PCURVE_S1.);
#3096 = LINE('',#3097,#3098);
#3097 = CARTESIAN_POINT('',(89.375,24.5,153.475));
#3098 = VECTOR('',#3099,1.);
#3099 = DIRECTION('',(1.110223024625E-16,1.,0.));
#3100 = PCURVE('',#2903,#3101);
#3101 = DEFINITIONAL_REPRESENTATION('',(#3102),#3106);
#3102 = LINE('',#3103,#3104);
#3103 = CARTESIAN_POINT('',(0.,0.));
#3104 = VECTOR('',#3105,1.);
#3105 = DIRECTION('',(1.,0.));
#3106 = ( GEOMETRIC_REPRESENTATION_CONTEXT(2)
PARAMETRIC_REPRESENTATION_CONTEXT() REPRESENTATION_CONTEXT('2D SPACE',''
  ) );
#3107 = PCURVE('',#2821,#3108);
#3108 = DEFINITIONAL_REPRESENTATION('',(#3109),#3113);
#3109 = LINE('',#3110,#3111);
#3110 = CARTESIAN_POINT('',(0.,0.));
#3111 = VECTOR('',#3112,1.);
#3112 = DIRECTION('',(0.,1.));
#3113 = ( GEOMETRIC_REPRESENTATION_CONTEXT(2)
PARAMETRIC_REPRESENTATION_CONTEXT() REPRESENTATION_CONTEXT('2D SPACE',''
  ) );
#3114 = ORIENTED_EDGE('',*,*,#2889,.T.);
#3115 = ADVANCED_FACE('',(#3116),#2821,.F.);
#3116 = FACE_BOUND('',#3117,.F.);
#3117 = EDGE_LOOP('',(#3118,#3119,#3120,#3121));
#3118 = ORIENTED_EDGE('',*,*,#3094,.F.);
#3119 = ORIENTED_EDGE('',*,*,#2994,.T.);
#3120 = ORIENTED_EDGE('',*,*,#2969,.T.);
#3121 = ORIENTED_EDGE('',*,*,#2803,.T.);
#3122 = ADVANCED_FACE('',(#3123),#2735,.T.);
#3123 = FACE_BOUND('',#3124,.T.);
#3124 = EDGE_LOOP('',(#3125,#3148,#3176,#3197));
#3125 = ORIENTED_EDGE('',*,*,#3126,.F.);
#3126 = EDGE_CURVE('',#3127,#2720,#3129,.T.);
#3127 = VERTEX_POINT('',#3128);
#3128 = CARTESIAN_POINT('',(70.625,24.5,154.675));
#3129 = SURFACE_CURVE('',#3130,(#3134,#3141),.PCURVE_S1.);
#3130 = LINE('',#3131,#3132);
#3131 = CARTESIAN_POINT('',(70.625,24.5,154.675));
#3132 = VECTOR('',#3133,1.);
#3133 = DIRECTION('',(1.110223024625E-16,1.,0.));
#3134 = PCURVE('',#2735,#3135);
#3135 = DEFINITIONAL_REPRESENTATION('',(#3136),#3140);
#3136 = LINE('',#3137,#3138);
#3137 = CARTESIAN_POINT('',(-1.998401444325E-16,1.8));
#3138 = VECTOR('',#3139,1.);
#3139 = DIRECTION('',(1.,0.));
#3140 = ( GEOMETRIC_REPRESENTATION_CONTEXT(2)
PARAMETRIC_REPRESENTATION_CONTEXT() REPRESENTATION_CONTEXT('2D SPACE',''
  ) );
#3141 = PCURVE('',#2763,#3142);
#3142 = DEFINITIONAL_REPRESENTATION('',(#3143),#3147);
#3143 = LINE('',#3144,#3145);
#3144 = CARTESIAN_POINT('',(1.2,0.));
#3145 = VECTOR('',#3146,1.);
#3146 = DIRECTION('',(0.,1.));
#3147 = ( GEOMETRIC_REPRESENTATION_CONTEXT(2)
PARAMETRIC_REPRESENTATION_CONTEXT() REPRESENTATION_CONTEXT('2D SPACE',''
  ) );
#3148 = ORIENTED_EDGE('',*,*,#3149,.F.);
#3149 = EDGE_CURVE('',#3150,#3127,#3152,.T.);
#3150 = VERTEX_POINT('',#3151);
#3151 = CARTESIAN_POINT('',(72.425,24.5,154.675));
#3152 = SURFACE_CURVE('',#3153,(#3157,#3164),.PCURVE_S1.);
#3153 = LINE('',#3154,#3155);
#3154 = CARTESIAN_POINT('',(72.425,24.5,154.675));
#3155 = VECTOR('',#3156,1.);
#3156 = DIRECTION('',(-1.,1.110223024625E-16,0.));
#3157 = PCURVE('',#2735,#3158);
#3158 = DEFINITIONAL_REPRESENTATION('',(#3159),#3163);
#3159 = LINE('',#3160,#3161);
#3160 = CARTESIAN_POINT('',(0.,0.));
#3161 = VECTOR('',#3162,1.);
#3162 = DIRECTION('',(0.,1.));
#3163 = ( GEOMETRIC_REPRESENTATION_CONTEXT(2)
PARAMETRIC_REPRESENTATION_CONTEXT() REPRESENTATION_CONTEXT('2D SPACE',''
  ) );
#3164 = PCURVE('',#3165,#3170);
#3165 = PLANE('',#3166);
#3166 = AXIS2_PLACEMENT_3D('',#3167,#3168,#3169);
#3167 = CARTESIAN_POINT('',(72.425,24.5,153.475));
#3168 = DIRECTION('',(1.110223024625E-16,1.,0.));
#3169 = DIRECTION('',(0.,0.,1.));
#3170 = DEFINITIONAL_REPRESENTATION('',(#3171),#3175);
#3171 = LINE('',#3172,#3173);
#3172 = CARTESIAN_POINT('',(1.2,0.));
#3173 = VECTOR('',#3174,1.);
#3174 = DIRECTION('',(0.,-1.));
#3175 = ( GEOMETRIC_REPRESENTATION_CONTEXT(2)
PARAMETRIC_REPRESENTATION_CONTEXT() REPRESENTATION_CONTEXT('2D SPACE',''
  ) );
#3176 = ORIENTED_EDGE('',*,*,#3177,.T.);
#3177 = EDGE_CURVE('',#3150,#2690,#3178,.T.);
#3178 = SURFACE_CURVE('',#3179,(#3183,#3190),.PCURVE_S1.);
#3179 = LINE('',#3180,#3181);
#3180 = CARTESIAN_POINT('',(72.425,24.5,154.675));
#3181 = VECTOR('',#3182,1.);
#3182 = DIRECTION('',(1.110223024625E-16,1.,0.));
#3183 = PCURVE('',#2735,#3184);
#3184 = DEFINITIONAL_REPRESENTATION('',(#3185),#3189);
#3185 = LINE('',#3186,#3187);
#3186 = CARTESIAN_POINT('',(0.,0.));
#3187 = VECTOR('',#3188,1.);
#3188 = DIRECTION('',(1.,0.));
#3189 = ( GEOMETRIC_REPRESENTATION_CONTEXT(2)
PARAMETRIC_REPRESENTATION_CONTEXT() REPRESENTATION_CONTEXT('2D SPACE',''
  ) );
#3190 = PCURVE('',#2707,#3191);
#3191 = DEFINITIONAL_REPRESENTATION('',(#3192),#3196);
#3192 = LINE('',#3193,#3194);
#3193 = CARTESIAN_POINT('',(1.2,0.));
#3194 = VECTOR('',#3195,1.);
#3195 = DIRECTION('',(0.,1.));
#3196 = ( GEOMETRIC_REPRESENTATION_CONTEXT(2)
PARAMETRIC_REPRESENTATION_CONTEXT() REPRESENTATION_CONTEXT('2D SPACE',''
  ) );
#3197 = ORIENTED_EDGE('',*,*,#2719,.T.);
#3198 = ADVANCED_FACE('',(#3199),#3165,.F.);
#3199 = FACE_BOUND('',#3200,.F.);
#3200 = EDGE_LOOP('',(#3201,#3224,#3247,#3268));
#3201 = ORIENTED_EDGE('',*,*,#3202,.F.);
#3202 = EDGE_CURVE('',#3203,#3150,#3205,.T.);
#3203 = VERTEX_POINT('',#3204);
#3204 = CARTESIAN_POINT('',(72.425,24.5,153.475));
#3205 = SURFACE_CURVE('',#3206,(#3210,#3217),.PCURVE_S1.);
#3206 = LINE('',#3207,#3208);
#3207 = CARTESIAN_POINT('',(72.425,24.5,153.475));
#3208 = VECTOR('',#3209,1.);
#3209 = DIRECTION('',(0.,0.,1.));
#3210 = PCURVE('',#3165,#3211);
#3211 = DEFINITIONAL_REPRESENTATION('',(#3212),#3216);
#3212 = LINE('',#3213,#3214);
#3213 = CARTESIAN_POINT('',(0.,0.));
#3214 = VECTOR('',#3215,1.);
#3215 = DIRECTION('',(1.,0.));
#3216 = ( GEOMETRIC_REPRESENTATION_CONTEXT(2)
PARAMETRIC_REPRESENTATION_CONTEXT() REPRESENTATION_CONTEXT('2D SPACE',''
  ) );
#3217 = PCURVE('',#2707,#3218);
#3218 = DEFINITIONAL_REPRESENTATION('',(#3219),#3223);
#3219 = LINE('',#3220,#3221);
#3220 = CARTESIAN_POINT('',(0.,0.));
#3221 = VECTOR('',#3222,1.);
#3222 = DIRECTION('',(1.,0.));
#3223 = ( GEOMETRIC_REPRESENTATION_CONTEXT(2)
PARAMETRIC_REPRESENTATION_CONTEXT() REPRESENTATION_CONTEXT('2D SPACE',''
  ) );
#3224 = ORIENTED_EDGE('',*,*,#3225,.T.);
#3225 = EDGE_CURVE('',#3203,#3226,#3228,.T.);
#3226 = VERTEX_POINT('',#3227);
#3227 = CARTESIAN_POINT('',(70.625,24.5,153.475));
#3228 = SURFACE_CURVE('',#3229,(#3233,#3240),.PCURVE_S1.);
#3229 = LINE('',#3230,#3231);
#3230 = CARTESIAN_POINT('',(72.425,24.5,153.475));
#3231 = VECTOR('',#3232,1.);
#3232 = DIRECTION('',(-1.,1.110223024625E-16,0.));
#3233 = PCURVE('',#3165,#3234);
#3234 = DEFINITIONAL_REPRESENTATION('',(#3235),#3239);
#3235 = LINE('',#3236,#3237);
#3236 = CARTESIAN_POINT('',(0.,0.));
#3237 = VECTOR('',#3238,1.);
#3238 = DIRECTION('',(0.,-1.));
#3239 = ( GEOMETRIC_REPRESENTATION_CONTEXT(2)
PARAMETRIC_REPRESENTATION_CONTEXT() REPRESENTATION_CONTEXT('2D SPACE',''
  ) );
#3240 = PCURVE('',#2789,#3241);
#3241 = DEFINITIONAL_REPRESENTATION('',(#3242),#3246);
#3242 = LINE('',#3243,#3244);
#3243 = CARTESIAN_POINT('',(0.,0.));
#3244 = VECTOR('',#3245,1.);
#3245 = DIRECTION('',(0.,1.));
#3246 = ( GEOMETRIC_REPRESENTATION_CONTEXT(2)
PARAMETRIC_REPRESENTATION_CONTEXT() REPRESENTATION_CONTEXT('2D SPACE',''
  ) );
#3247 = ORIENTED_EDGE('',*,*,#3248,.T.);
#3248 = EDGE_CURVE('',#3226,#3127,#3249,.T.);
#3249 = SURFACE_CURVE('',#3250,(#3254,#3261),.PCURVE_S1.);
#3250 = LINE('',#3251,#3252);
#3251 = CARTESIAN_POINT('',(70.625,24.5,153.475));
#3252 = VECTOR('',#3253,1.);
#3253 = DIRECTION('',(0.,0.,1.));
#3254 = PCURVE('',#3165,#3255);
#3255 = DEFINITIONAL_REPRESENTATION('',(#3256),#3260);
#3256 = LINE('',#3257,#3258);
#3257 = CARTESIAN_POINT('',(0.,-1.8));
#3258 = VECTOR('',#3259,1.);
#3259 = DIRECTION('',(1.,0.));
#3260 = ( GEOMETRIC_REPRESENTATION_CONTEXT(2)
PARAMETRIC_REPRESENTATION_CONTEXT() REPRESENTATION_CONTEXT('2D SPACE',''
  ) );
#3261 = PCURVE('',#2763,#3262);
#3262 = DEFINITIONAL_REPRESENTATION('',(#3263),#3267);
#3263 = LINE('',#3264,#3265);
#3264 = CARTESIAN_POINT('',(0.,0.));
#3265 = VECTOR('',#3266,1.);
#3266 = DIRECTION('',(1.,0.));
#3267 = ( GEOMETRIC_REPRESENTATION_CONTEXT(2)
PARAMETRIC_REPRESENTATION_CONTEXT() REPRESENTATION_CONTEXT('2D SPACE',''
  ) );
#3268 = ORIENTED_EDGE('',*,*,#3149,.F.);
#3269 = ADVANCED_FACE('',(#3270),#2763,.T.);
#3270 = FACE_BOUND('',#3271,.T.);
#3271 = EDGE_LOOP('',(#3272,#3293,#3294,#3295));
#3272 = ORIENTED_EDGE('',*,*,#3273,.F.);
#3273 = EDGE_CURVE('',#3226,#2748,#3274,.T.);
#3274 = SURFACE_CURVE('',#3275,(#3279,#3286),.PCURVE_S1.);
#3275 = LINE('',#3276,#3277);
#3276 = CARTESIAN_POINT('',(70.625,24.5,153.475));
#3277 = VECTOR('',#3278,1.);
#3278 = DIRECTION('',(1.110223024625E-16,1.,0.));
#3279 = PCURVE('',#2763,#3280);
#3280 = DEFINITIONAL_REPRESENTATION('',(#3281),#3285);
#3281 = LINE('',#3282,#3283);
#3282 = CARTESIAN_POINT('',(0.,0.));
#3283 = VECTOR('',#3284,1.);
#3284 = DIRECTION('',(0.,1.));
#3285 = ( GEOMETRIC_REPRESENTATION_CONTEXT(2)
PARAMETRIC_REPRESENTATION_CONTEXT() REPRESENTATION_CONTEXT('2D SPACE',''
  ) );
#3286 = PCURVE('',#2789,#3287);
#3287 = DEFINITIONAL_REPRESENTATION('',(#3288),#3292);
#3288 = LINE('',#3289,#3290);
#3289 = CARTESIAN_POINT('',(-1.998401444325E-16,1.8));
#3290 = VECTOR('',#3291,1.);
#3291 = DIRECTION('',(1.,0.));
#3292 = ( GEOMETRIC_REPRESENTATION_CONTEXT(2)
PARAMETRIC_REPRESENTATION_CONTEXT() REPRESENTATION_CONTEXT('2D SPACE',''
  ) );
#3293 = ORIENTED_EDGE('',*,*,#3248,.T.);
#3294 = ORIENTED_EDGE('',*,*,#3126,.T.);
#3295 = ORIENTED_EDGE('',*,*,#2747,.T.);
#3296 = ADVANCED_FACE('',(#3297),#2789,.F.);
#3297 = FACE_BOUND('',#3298,.F.);
#3298 = EDGE_LOOP('',(#3299,#3300,#3301,#3322));
#3299 = ORIENTED_EDGE('',*,*,#3273,.F.);
#3300 = ORIENTED_EDGE('',*,*,#3225,.F.);
#3301 = ORIENTED_EDGE('',*,*,#3302,.T.);
#3302 = EDGE_CURVE('',#3203,#2692,#3303,.T.);
#3303 = SURFACE_CURVE('',#3304,(#3308,#3315),.PCURVE_S1.);
#3304 = LINE('',#3305,#3306);
#3305 = CARTESIAN_POINT('',(72.425,24.5,153.475));
#3306 = VECTOR('',#3307,1.);
#3307 = DIRECTION('',(1.110223024625E-16,1.,0.));
#3308 = PCURVE('',#2789,#3309);
#3309 = DEFINITIONAL_REPRESENTATION('',(#3310),#3314);
#3310 = LINE('',#3311,#3312);
#3311 = CARTESIAN_POINT('',(0.,0.));
#3312 = VECTOR('',#3313,1.);
#3313 = DIRECTION('',(1.,0.));
#3314 = ( GEOMETRIC_REPRESENTATION_CONTEXT(2)
PARAMETRIC_REPRESENTATION_CONTEXT() REPRESENTATION_CONTEXT('2D SPACE',''
  ) );
#3315 = PCURVE('',#2707,#3316);
#3316 = DEFINITIONAL_REPRESENTATION('',(#3317),#3321);
#3317 = LINE('',#3318,#3319);
#3318 = CARTESIAN_POINT('',(0.,0.));
#3319 = VECTOR('',#3320,1.);
#3320 = DIRECTION('',(0.,1.));
#3321 = ( GEOMETRIC_REPRESENTATION_CONTEXT(2)
PARAMETRIC_REPRESENTATION_CONTEXT() REPRESENTATION_CONTEXT('2D SPACE',''
  ) );
#3322 = ORIENTED_EDGE('',*,*,#2775,.T.);
#3323 = ADVANCED_FACE('',(#3324),#2707,.F.);
#3324 = FACE_BOUND('',#3325,.F.);
#3325 = EDGE_LOOP('',(#3326,#3327,#3328,#3329));
#3326 = ORIENTED_EDGE('',*,*,#3302,.F.);
#3327 = ORIENTED_EDGE('',*,*,#3202,.T.);
#3328 = ORIENTED_EDGE('',*,*,#3177,.T.);
#3329 = ORIENTED_EDGE('',*,*,#2689,.T.);
#3330 = ADVANCED_FACE('',(#3331),#1253,.T.);
#3331 = FACE_BOUND('',#3332,.T.);
#3332 = EDGE_LOOP('',(#3333,#3334,#3335,#3336));
#3333 = ORIENTED_EDGE('',*,*,#2239,.F.);
#3334 = ORIENTED_EDGE('',*,*,#2666,.T.);
#3335 = ORIENTED_EDGE('',*,*,#1237,.F.);
#3336 = ORIENTED_EDGE('',*,*,#3337,.F.);
#3337 = EDGE_CURVE('',#2240,#1210,#3338,.T.);
#3338 = SURFACE_CURVE('',#3339,(#3343,#3350),.PCURVE_S1.);
#3339 = LINE('',#3340,#3341);
#3340 = CARTESIAN_POINT('',(86.725,34.95,136.225));
#3341 = VECTOR('',#3342,1.);
#3342 = DIRECTION('',(0.,0.,1.));
#3343 = PCURVE('',#1253,#3344);
#3344 = DEFINITIONAL_REPRESENTATION('',(#3345),#3349);
#3345 = LINE('',#3346,#3347);
#3346 = CARTESIAN_POINT('',(-1.75,2.1));
#3347 = VECTOR('',#3348,1.);
#3348 = DIRECTION('',(1.,0.));
#3349 = ( GEOMETRIC_REPRESENTATION_CONTEXT(2)
PARAMETRIC_REPRESENTATION_CONTEXT() REPRESENTATION_CONTEXT('2D SPACE',''
  ) );
#3350 = PCURVE('',#1225,#3351);
#3351 = DEFINITIONAL_REPRESENTATION('',(#3352),#3356);
#3352 = LINE('',#3353,#3354);
#3353 = CARTESIAN_POINT('',(2.95,-3.8));
#3354 = VECTOR('',#3355,1.);
#3355 = DIRECTION('',(1.,0.));
#3356 = ( GEOMETRIC_REPRESENTATION_CONTEXT(2)
PARAMETRIC_REPRESENTATION_CONTEXT() REPRESENTATION_CONTEXT('2D SPACE',''
  ) );
#3357 = ADVANCED_FACE('',(#3358),#1225,.T.);
#3358 = FACE_BOUND('',#3359,.T.);
#3359 = EDGE_LOOP('',(#3360,#3361,#3362,#3363,#3364,#3365,#3366,#3367,
    #3368,#3369,#3370,#3391));
#3360 = ORIENTED_EDGE('',*,*,#2460,.F.);
#3361 = ORIENTED_EDGE('',*,*,#1662,.T.);
#3362 = ORIENTED_EDGE('',*,*,#1709,.T.);
#3363 = ORIENTED_EDGE('',*,*,#1792,.T.);
#3364 = ORIENTED_EDGE('',*,*,#1896,.T.);
#3365 = ORIENTED_EDGE('',*,*,#2114,.T.);
#3366 = ORIENTED_EDGE('',*,*,#2191,.F.);
#3367 = ORIENTED_EDGE('',*,*,#2262,.T.);
#3368 = ORIENTED_EDGE('',*,*,#3337,.T.);
#3369 = ORIENTED_EDGE('',*,*,#1209,.T.);
#3370 = ORIENTED_EDGE('',*,*,#3371,.F.);
#3371 = EDGE_CURVE('',#2538,#1182,#3372,.T.);
#3372 = SURFACE_CURVE('',#3373,(#3377,#3384),.PCURVE_S1.);
#3373 = LINE('',#3374,#3375);
#3374 = CARTESIAN_POINT('',(91.525,34.95,134.475));
#3375 = VECTOR('',#3376,1.);
#3376 = DIRECTION('',(0.,0.,1.));
#3377 = PCURVE('',#1225,#3378);
#3378 = DEFINITIONAL_REPRESENTATION('',(#3379),#3383);
#3379 = LINE('',#3380,#3381);
#3380 = CARTESIAN_POINT('',(1.2,1.));
#3381 = VECTOR('',#3382,1.);
#3382 = DIRECTION('',(1.,0.));
#3383 = ( GEOMETRIC_REPRESENTATION_CONTEXT(2)
PARAMETRIC_REPRESENTATION_CONTEXT() REPRESENTATION_CONTEXT('2D SPACE',''
  ) );
#3384 = PCURVE('',#1197,#3385);
#3385 = DEFINITIONAL_REPRESENTATION('',(#3386),#3390);
#3386 = LINE('',#3387,#3388);
#3387 = CARTESIAN_POINT('',(0.,11.45));
#3388 = VECTOR('',#3389,1.);
#3389 = DIRECTION('',(1.,0.));
#3390 = ( GEOMETRIC_REPRESENTATION_CONTEXT(2)
PARAMETRIC_REPRESENTATION_CONTEXT() REPRESENTATION_CONTEXT('2D SPACE',''
  ) );
#3391 = ORIENTED_EDGE('',*,*,#2560,.T.);
#3392 = ADVANCED_FACE('',(#3393),#1197,.F.);
#3393 = FACE_BOUND('',#3394,.F.);
#3394 = EDGE_LOOP('',(#3395,#3396,#3417,#3418));
#3395 = ORIENTED_EDGE('',*,*,#2537,.F.);
#3396 = ORIENTED_EDGE('',*,*,#3397,.T.);
#3397 = EDGE_CURVE('',#2515,#1152,#3398,.T.);
#3398 = SURFACE_CURVE('',#3399,(#3403,#3410),.PCURVE_S1.);
#3399 = LINE('',#3400,#3401);
#3400 = CARTESIAN_POINT('',(91.525,23.5,134.475));
#3401 = VECTOR('',#3402,1.);
#3402 = DIRECTION('',(0.,0.,1.));
#3403 = PCURVE('',#1197,#3404);
#3404 = DEFINITIONAL_REPRESENTATION('',(#3405),#3409);
#3405 = LINE('',#3406,#3407);
#3406 = CARTESIAN_POINT('',(0.,0.));
#3407 = VECTOR('',#3408,1.);
#3408 = DIRECTION('',(1.,0.));
#3409 = ( GEOMETRIC_REPRESENTATION_CONTEXT(2)
PARAMETRIC_REPRESENTATION_CONTEXT() REPRESENTATION_CONTEXT('2D SPACE',''
  ) );
#3410 = PCURVE('',#1169,#3411);
#3411 = DEFINITIONAL_REPRESENTATION('',(#3412),#3416);
#3412 = LINE('',#3413,#3414);
#3413 = CARTESIAN_POINT('',(1.2,1.));
#3414 = VECTOR('',#3415,1.);
#3415 = DIRECTION('',(1.,0.));
#3416 = ( GEOMETRIC_REPRESENTATION_CONTEXT(2)
PARAMETRIC_REPRESENTATION_CONTEXT() REPRESENTATION_CONTEXT('2D SPACE',''
  ) );
#3417 = ORIENTED_EDGE('',*,*,#1181,.T.);
#3418 = ORIENTED_EDGE('',*,*,#3371,.F.);
#3419 = ADVANCED_FACE('',(#3420),#1169,.F.);
#3420 = FACE_BOUND('',#3421,.F.);
#3421 = EDGE_LOOP('',(#3422,#3423,#3424,#3425));
#3422 = ORIENTED_EDGE('',*,*,#2514,.T.);
#3423 = ORIENTED_EDGE('',*,*,#1447,.T.);
#3424 = ORIENTED_EDGE('',*,*,#1151,.F.);
#3425 = ORIENTED_EDGE('',*,*,#3397,.F.);
#3426 = ADVANCED_FACE('',(#3427,#3457),#1006,.T.);
#3427 = FACE_BOUND('',#3428,.T.);
#3428 = EDGE_LOOP('',(#3429,#3430,#3431,#3432,#3433,#3434,#3455,#3456));
#3429 = ORIENTED_EDGE('',*,*,#1321,.F.);
#3430 = ORIENTED_EDGE('',*,*,#2634,.F.);
#3431 = ORIENTED_EDGE('',*,*,#2362,.T.);
#3432 = ORIENTED_EDGE('',*,*,#2337,.T.);
#3433 = ORIENTED_EDGE('',*,*,#2012,.F.);
#3434 = ORIENTED_EDGE('',*,*,#3435,.F.);
#3435 = EDGE_CURVE('',#962,#1990,#3436,.T.);
#3436 = SURFACE_CURVE('',#3437,(#3441,#3448),.PCURVE_S1.);
#3437 = LINE('',#3438,#3439);
#3438 = CARTESIAN_POINT('',(76.325,23.5,139.7375));
#3439 = VECTOR('',#3440,1.);
#3440 = DIRECTION('',(0.,0.,1.));
#3441 = PCURVE('',#1006,#3442);
#3442 = DEFINITIONAL_REPRESENTATION('',(#3443),#3447);
#3443 = LINE('',#3444,#3445);
#3444 = CARTESIAN_POINT('',(5.2625,-14.2));
#3445 = VECTOR('',#3446,1.);
#3446 = DIRECTION('',(1.,0.));
#3447 = ( GEOMETRIC_REPRESENTATION_CONTEXT(2)
PARAMETRIC_REPRESENTATION_CONTEXT() REPRESENTATION_CONTEXT('2D SPACE',''
  ) );
#3448 = PCURVE('',#977,#3449);
#3449 = DEFINITIONAL_REPRESENTATION('',(#3450),#3454);
#3450 = LINE('',#3451,#3452);
#3451 = CARTESIAN_POINT('',(-5.2625,2.1));
#3452 = VECTOR('',#3453,1.);
#3453 = DIRECTION('',(1.,0.));
#3454 = ( GEOMETRIC_REPRESENTATION_CONTEXT(2)
PARAMETRIC_REPRESENTATION_CONTEXT() REPRESENTATION_CONTEXT('2D SPACE',''
  ) );
#3455 = ORIENTED_EDGE('',*,*,#989,.T.);
#3456 = ORIENTED_EDGE('',*,*,#1127,.T.);
#3457 = FACE_BOUND('',#3458,.T.);
#3458 = EDGE_LOOP('',(#3459,#3494,#3522,#3555));
#3459 = ORIENTED_EDGE('',*,*,#3460,.T.);
#3460 = EDGE_CURVE('',#3461,#3463,#3465,.T.);
#3461 = VERTEX_POINT('',#3462);
#3462 = CARTESIAN_POINT('',(83.675,23.5,150.36137808776));
#3463 = VERTEX_POINT('',#3464);
#3464 = CARTESIAN_POINT('',(76.325,23.5,150.36137808776));
#3465 = SURFACE_CURVE('',#3466,(#3471,#3482),.PCURVE_S1.);
#3466 = CIRCLE('',#3467,6.5);
#3467 = AXIS2_PLACEMENT_3D('',#3468,#3469,#3470);
#3468 = CARTESIAN_POINT('',(80.,23.5,145.));
#3469 = DIRECTION('',(-1.110223024625E-16,-1.,-0.));
#3470 = DIRECTION('',(-1.,1.110223024625E-16,0.));
#3471 = PCURVE('',#1006,#3472);
#3472 = DEFINITIONAL_REPRESENTATION('',(#3473),#3481);
#3473 = ( BOUNDED_CURVE() B_SPLINE_CURVE(2,(#3474,#3475,#3476,#3477,
#3478,#3479,#3480),.UNSPECIFIED.,.T.,.F.) B_SPLINE_CURVE_WITH_KNOTS((1,2
    ,2,2,2,1),(-2.094395102393,0.,2.094395102393,4.188790204786,
6.28318530718,8.377580409573),.UNSPECIFIED.) CURVE()
GEOMETRIC_REPRESENTATION_ITEM() RATIONAL_B_SPLINE_CURVE((1.,0.5,1.,0.5,
1.,0.5,1.)) REPRESENTATION_ITEM('') );
#3474 = CARTESIAN_POINT('',(10.525,-17.025));
#3475 = CARTESIAN_POINT('',(-0.733330249198,-17.025));
#3476 = CARTESIAN_POINT('',(4.895834875401,-7.275));
#3477 = CARTESIAN_POINT('',(10.525,2.475));
#3478 = CARTESIAN_POINT('',(16.154165124599,-7.275));
#3479 = CARTESIAN_POINT('',(21.783330249198,-17.025));
#3480 = CARTESIAN_POINT('',(10.525,-17.025));
#3481 = ( GEOMETRIC_REPRESENTATION_CONTEXT(2)
PARAMETRIC_REPRESENTATION_CONTEXT() REPRESENTATION_CONTEXT('2D SPACE',''
  ) );
#3482 = PCURVE('',#3483,#3488);
#3483 = CYLINDRICAL_SURFACE('',#3484,6.5);
#3484 = AXIS2_PLACEMENT_3D('',#3485,#3486,#3487);
#3485 = CARTESIAN_POINT('',(80.,8.15,145.));
#3486 = DIRECTION('',(-1.110223024625E-16,-1.,-0.));
#3487 = DIRECTION('',(-1.,1.110223024625E-16,0.));
#3488 = DEFINITIONAL_REPRESENTATION('',(#3489),#3493);
#3489 = LINE('',#3490,#3491);
#3490 = CARTESIAN_POINT('',(-6.28318530718,-15.35));
#3491 = VECTOR('',#3492,1.);
#3492 = DIRECTION('',(1.,-0.));
#3493 = ( GEOMETRIC_REPRESENTATION_CONTEXT(2)
PARAMETRIC_REPRESENTATION_CONTEXT() REPRESENTATION_CONTEXT('2D SPACE',''
  ) );
#3494 = ORIENTED_EDGE('',*,*,#3495,.F.);
#3495 = EDGE_CURVE('',#3496,#3463,#3498,.T.);
#3496 = VERTEX_POINT('',#3497);
#3497 = CARTESIAN_POINT('',(76.325,23.5,145.));
#3498 = SURFACE_CURVE('',#3499,(#3503,#3510),.PCURVE_S1.);
#3499 = LINE('',#3500,#3501);
#3500 = CARTESIAN_POINT('',(76.325,23.5,139.7375));
#3501 = VECTOR('',#3502,1.);
#3502 = DIRECTION('',(0.,0.,1.));
#3503 = PCURVE('',#1006,#3504);
#3504 = DEFINITIONAL_REPRESENTATION('',(#3505),#3509);
#3505 = LINE('',#3506,#3507);
#3506 = CARTESIAN_POINT('',(5.2625,-14.2));
#3507 = VECTOR('',#3508,1.);
#3508 = DIRECTION('',(1.,0.));
#3509 = ( GEOMETRIC_REPRESENTATION_CONTEXT(2)
PARAMETRIC_REPRESENTATION_CONTEXT() REPRESENTATION_CONTEXT('2D SPACE',''
  ) );
#3510 = PCURVE('',#3511,#3516);
#3511 = PLANE('',#3512);
#3512 = AXIS2_PLACEMENT_3D('',#3513,#3514,#3515);
#3513 = CARTESIAN_POINT('',(76.325,21.4,145.));
#3514 = DIRECTION('',(-1.,1.110223024625E-16,0.));
#3515 = DIRECTION('',(0.,0.,1.));
#3516 = DEFINITIONAL_REPRESENTATION('',(#3517),#3521);
#3517 = LINE('',#3518,#3519);
#3518 = CARTESIAN_POINT('',(-5.2625,2.1));
#3519 = VECTOR('',#3520,1.);
#3520 = DIRECTION('',(1.,0.));
#3521 = ( GEOMETRIC_REPRESENTATION_CONTEXT(2)
PARAMETRIC_REPRESENTATION_CONTEXT() REPRESENTATION_CONTEXT('2D SPACE',''
  ) );
#3522 = ORIENTED_EDGE('',*,*,#3523,.T.);
#3523 = EDGE_CURVE('',#3496,#3524,#3526,.T.);
#3524 = VERTEX_POINT('',#3525);
#3525 = CARTESIAN_POINT('',(83.675,23.5,145.));
#3526 = SURFACE_CURVE('',#3527,(#3532,#3543),.PCURVE_S1.);
#3527 = CIRCLE('',#3528,3.675);
#3528 = AXIS2_PLACEMENT_3D('',#3529,#3530,#3531);
#3529 = CARTESIAN_POINT('',(80.,23.5,145.));
#3530 = DIRECTION('',(-1.110223024625E-16,-1.,-0.));
#3531 = DIRECTION('',(-1.,1.110223024625E-16,0.));
#3532 = PCURVE('',#1006,#3533);
#3533 = DEFINITIONAL_REPRESENTATION('',(#3534),#3542);
#3534 = ( BOUNDED_CURVE() B_SPLINE_CURVE(2,(#3535,#3536,#3537,#3538,
#3539,#3540,#3541),.UNSPECIFIED.,.T.,.F.) B_SPLINE_CURVE_WITH_KNOTS((1,2
    ,2,2,2,1),(-2.094395102393,0.,2.094395102393,4.188790204786,
6.28318530718,8.377580409573),.UNSPECIFIED.) CURVE()
GEOMETRIC_REPRESENTATION_ITEM() RATIONAL_B_SPLINE_CURVE((1.,0.5,1.,0.5,
1.,0.5,1.)) REPRESENTATION_ITEM('') );
#3535 = CARTESIAN_POINT('',(10.525,-14.2));
#3536 = CARTESIAN_POINT('',(4.159713282184,-14.2));
#3537 = CARTESIAN_POINT('',(7.342356641092,-8.6875));
#3538 = CARTESIAN_POINT('',(10.525,-3.175));
#3539 = CARTESIAN_POINT('',(13.707643358908,-8.6875));
#3540 = CARTESIAN_POINT('',(16.890286717816,-14.2));
#3541 = CARTESIAN_POINT('',(10.525,-14.2));
#3542 = ( GEOMETRIC_REPRESENTATION_CONTEXT(2)
PARAMETRIC_REPRESENTATION_CONTEXT() REPRESENTATION_CONTEXT('2D SPACE',''
  ) );
#3543 = PCURVE('',#3544,#3549);
#3544 = CYLINDRICAL_SURFACE('',#3545,3.675);
#3545 = AXIS2_PLACEMENT_3D('',#3546,#3547,#3548);
#3546 = CARTESIAN_POINT('',(80.,21.4,145.));
#3547 = DIRECTION('',(-1.110223024625E-16,-1.,-0.));
#3548 = DIRECTION('',(-1.,1.110223024625E-16,0.));
#3549 = DEFINITIONAL_REPRESENTATION('',(#3550),#3554);
#3550 = LINE('',#3551,#3552);
#3551 = CARTESIAN_POINT('',(-6.28318530718,-2.1));
#3552 = VECTOR('',#3553,1.);
#3553 = DIRECTION('',(1.,-0.));
#3554 = ( GEOMETRIC_REPRESENTATION_CONTEXT(2)
PARAMETRIC_REPRESENTATION_CONTEXT() REPRESENTATION_CONTEXT('2D SPACE',''
  ) );
#3555 = ORIENTED_EDGE('',*,*,#3556,.T.);
#3556 = EDGE_CURVE('',#3524,#3461,#3557,.T.);
#3557 = SURFACE_CURVE('',#3558,(#3562,#3569),.PCURVE_S1.);
#3558 = LINE('',#3559,#3560);
#3559 = CARTESIAN_POINT('',(83.675,23.5,139.7375));
#3560 = VECTOR('',#3561,1.);
#3561 = DIRECTION('',(0.,0.,1.));
#3562 = PCURVE('',#1006,#3563);
#3563 = DEFINITIONAL_REPRESENTATION('',(#3564),#3568);
#3564 = LINE('',#3565,#3566);
#3565 = CARTESIAN_POINT('',(5.2625,-6.85));
#3566 = VECTOR('',#3567,1.);
#3567 = DIRECTION('',(1.,0.));
#3568 = ( GEOMETRIC_REPRESENTATION_CONTEXT(2)
PARAMETRIC_REPRESENTATION_CONTEXT() REPRESENTATION_CONTEXT('2D SPACE',''
  ) );
#3569 = PCURVE('',#3570,#3575);
#3570 = PLANE('',#3571);
#3571 = AXIS2_PLACEMENT_3D('',#3572,#3573,#3574);
#3572 = CARTESIAN_POINT('',(83.675,21.4,145.));
#3573 = DIRECTION('',(-1.,1.110223024625E-16,0.));
#3574 = DIRECTION('',(0.,0.,1.));
#3575 = DEFINITIONAL_REPRESENTATION('',(#3576),#3580);
#3576 = LINE('',#3577,#3578);
#3577 = CARTESIAN_POINT('',(-5.2625,2.1));
#3578 = VECTOR('',#3579,1.);
#3579 = DIRECTION('',(1.,0.));
#3580 = ( GEOMETRIC_REPRESENTATION_CONTEXT(2)
PARAMETRIC_REPRESENTATION_CONTEXT() REPRESENTATION_CONTEXT('2D SPACE',''
  ) );
#3581 = ADVANCED_FACE('',(#3582),#3570,.T.);
#3582 = FACE_BOUND('',#3583,.T.);
#3583 = EDGE_LOOP('',(#3584,#3607,#3635,#3656));
#3584 = ORIENTED_EDGE('',*,*,#3585,.F.);
#3585 = EDGE_CURVE('',#3586,#3524,#3588,.T.);
#3586 = VERTEX_POINT('',#3587);
#3587 = CARTESIAN_POINT('',(83.675,21.5,145.));
#3588 = SURFACE_CURVE('',#3589,(#3593,#3600),.PCURVE_S1.);
#3589 = LINE('',#3590,#3591);
#3590 = CARTESIAN_POINT('',(83.675,21.4,145.));
#3591 = VECTOR('',#3592,1.);
#3592 = DIRECTION('',(1.110223024625E-16,1.,0.));
#3593 = PCURVE('',#3570,#3594);
#3594 = DEFINITIONAL_REPRESENTATION('',(#3595),#3599);
#3595 = LINE('',#3596,#3597);
#3596 = CARTESIAN_POINT('',(0.,0.));
#3597 = VECTOR('',#3598,1.);
#3598 = DIRECTION('',(0.,1.));
#3599 = ( GEOMETRIC_REPRESENTATION_CONTEXT(2)
PARAMETRIC_REPRESENTATION_CONTEXT() REPRESENTATION_CONTEXT('2D SPACE',''
  ) );
#3600 = PCURVE('',#3544,#3601);
#3601 = DEFINITIONAL_REPRESENTATION('',(#3602),#3606);
#3602 = LINE('',#3603,#3604);
#3603 = CARTESIAN_POINT('',(-3.14159265359,0.));
#3604 = VECTOR('',#3605,1.);
#3605 = DIRECTION('',(-0.,-1.));
#3606 = ( GEOMETRIC_REPRESENTATION_CONTEXT(2)
PARAMETRIC_REPRESENTATION_CONTEXT() REPRESENTATION_CONTEXT('2D SPACE',''
  ) );
#3607 = ORIENTED_EDGE('',*,*,#3608,.T.);
#3608 = EDGE_CURVE('',#3586,#3609,#3611,.T.);
#3609 = VERTEX_POINT('',#3610);
#3610 = CARTESIAN_POINT('',(83.675,21.5,150.36137808776));
#3611 = SURFACE_CURVE('',#3612,(#3616,#3623),.PCURVE_S1.);
#3612 = LINE('',#3613,#3614);
#3613 = CARTESIAN_POINT('',(83.675,21.5,139.7375));
#3614 = VECTOR('',#3615,1.);
#3615 = DIRECTION('',(0.,0.,1.));
#3616 = PCURVE('',#3570,#3617);
#3617 = DEFINITIONAL_REPRESENTATION('',(#3618),#3622);
#3618 = LINE('',#3619,#3620);
#3619 = CARTESIAN_POINT('',(-5.2625,0.1));
#3620 = VECTOR('',#3621,1.);
#3621 = DIRECTION('',(1.,0.));
#3622 = ( GEOMETRIC_REPRESENTATION_CONTEXT(2)
PARAMETRIC_REPRESENTATION_CONTEXT() REPRESENTATION_CONTEXT('2D SPACE',''
  ) );
#3623 = PCURVE('',#3624,#3629);
#3624 = PLANE('',#3625);
#3625 = AXIS2_PLACEMENT_3D('',#3626,#3627,#3628);
#3626 = CARTESIAN_POINT('',(90.525,21.5,134.475));
#3627 = DIRECTION('',(1.110223024625E-16,1.,0.));
#3628 = DIRECTION('',(0.,0.,1.));
#3629 = DEFINITIONAL_REPRESENTATION('',(#3630),#3634);
#3630 = LINE('',#3631,#3632);
#3631 = CARTESIAN_POINT('',(5.2625,-6.85));
#3632 = VECTOR('',#3633,1.);
#3633 = DIRECTION('',(1.,0.));
#3634 = ( GEOMETRIC_REPRESENTATION_CONTEXT(2)
PARAMETRIC_REPRESENTATION_CONTEXT() REPRESENTATION_CONTEXT('2D SPACE',''
  ) );
#3635 = ORIENTED_EDGE('',*,*,#3636,.F.);
#3636 = EDGE_CURVE('',#3461,#3609,#3637,.T.);
#3637 = SURFACE_CURVE('',#3638,(#3642,#3649),.PCURVE_S1.);
#3638 = LINE('',#3639,#3640);
#3639 = CARTESIAN_POINT('',(83.675,8.9,150.36137808776));
#3640 = VECTOR('',#3641,1.);
#3641 = DIRECTION('',(-1.110223024625E-16,-1.,-0.));
#3642 = PCURVE('',#3570,#3643);
#3643 = DEFINITIONAL_REPRESENTATION('',(#3644),#3648);
#3644 = LINE('',#3645,#3646);
#3645 = CARTESIAN_POINT('',(5.361378087768,-12.5));
#3646 = VECTOR('',#3647,1.);
#3647 = DIRECTION('',(-0.,-1.));
#3648 = ( GEOMETRIC_REPRESENTATION_CONTEXT(2)
PARAMETRIC_REPRESENTATION_CONTEXT() REPRESENTATION_CONTEXT('2D SPACE',''
  ) );
#3649 = PCURVE('',#3483,#3650);
#3650 = DEFINITIONAL_REPRESENTATION('',(#3651),#3655);
#3651 = LINE('',#3652,#3653);
#3652 = CARTESIAN_POINT('',(-2.171695803918,-0.75));
#3653 = VECTOR('',#3654,1.);
#3654 = DIRECTION('',(-0.,1.));
#3655 = ( GEOMETRIC_REPRESENTATION_CONTEXT(2)
PARAMETRIC_REPRESENTATION_CONTEXT() REPRESENTATION_CONTEXT('2D SPACE',''
  ) );
#3656 = ORIENTED_EDGE('',*,*,#3556,.F.);
#3657 = ADVANCED_FACE('',(#3658),#3624,.F.);
#3658 = FACE_BOUND('',#3659,.F.);
#3659 = EDGE_LOOP('',(#3660,#3661,#3689,#3717,#3740));
#3660 = ORIENTED_EDGE('',*,*,#3608,.T.);
#3661 = ORIENTED_EDGE('',*,*,#3662,.F.);
#3662 = EDGE_CURVE('',#3663,#3609,#3665,.T.);
#3663 = VERTEX_POINT('',#3664);
#3664 = CARTESIAN_POINT('',(73.5,21.5,145.));
#3665 = SURFACE_CURVE('',#3666,(#3671,#3682),.PCURVE_S1.);
#3666 = CIRCLE('',#3667,6.5);
#3667 = AXIS2_PLACEMENT_3D('',#3668,#3669,#3670);
#3668 = CARTESIAN_POINT('',(80.,21.5,145.));
#3669 = DIRECTION('',(-1.110223024625E-16,-1.,-0.));
#3670 = DIRECTION('',(-1.,1.110223024625E-16,0.));
#3671 = PCURVE('',#3624,#3672);
#3672 = DEFINITIONAL_REPRESENTATION('',(#3673),#3681);
#3673 = ( BOUNDED_CURVE() B_SPLINE_CURVE(2,(#3674,#3675,#3676,#3677,
#3678,#3679,#3680),.UNSPECIFIED.,.T.,.F.) B_SPLINE_CURVE_WITH_KNOTS((1,2
    ,2,2,2,1),(-2.094395102393,0.,2.094395102393,4.188790204786,
6.28318530718,8.377580409573),.UNSPECIFIED.) CURVE()
GEOMETRIC_REPRESENTATION_ITEM() RATIONAL_B_SPLINE_CURVE((1.,0.5,1.,0.5,
1.,0.5,1.)) REPRESENTATION_ITEM('') );
#3674 = CARTESIAN_POINT('',(10.525,-17.025));
#3675 = CARTESIAN_POINT('',(-0.733330249198,-17.025));
#3676 = CARTESIAN_POINT('',(4.895834875401,-7.275));
#3677 = CARTESIAN_POINT('',(10.525,2.475));
#3678 = CARTESIAN_POINT('',(16.154165124599,-7.275));
#3679 = CARTESIAN_POINT('',(21.783330249198,-17.025));
#3680 = CARTESIAN_POINT('',(10.525,-17.025));
#3681 = ( GEOMETRIC_REPRESENTATION_CONTEXT(2)
PARAMETRIC_REPRESENTATION_CONTEXT() REPRESENTATION_CONTEXT('2D SPACE',''
  ) );
#3682 = PCURVE('',#3483,#3683);
#3683 = DEFINITIONAL_REPRESENTATION('',(#3684),#3688);
#3684 = LINE('',#3685,#3686);
#3685 = CARTESIAN_POINT('',(-6.28318530718,-13.35));
#3686 = VECTOR('',#3687,1.);
#3687 = DIRECTION('',(1.,-0.));
#3688 = ( GEOMETRIC_REPRESENTATION_CONTEXT(2)
PARAMETRIC_REPRESENTATION_CONTEXT() REPRESENTATION_CONTEXT('2D SPACE',''
  ) );
#3689 = ORIENTED_EDGE('',*,*,#3690,.F.);
#3690 = EDGE_CURVE('',#3691,#3663,#3693,.T.);
#3691 = VERTEX_POINT('',#3692);
#3692 = CARTESIAN_POINT('',(76.325,21.5,150.36137808776));
#3693 = SURFACE_CURVE('',#3694,(#3699,#3710),.PCURVE_S1.);
#3694 = CIRCLE('',#3695,6.5);
#3695 = AXIS2_PLACEMENT_3D('',#3696,#3697,#3698);
#3696 = CARTESIAN_POINT('',(80.,21.5,145.));
#3697 = DIRECTION('',(-1.110223024625E-16,-1.,-0.));
#3698 = DIRECTION('',(-1.,1.110223024625E-16,0.));
#3699 = PCURVE('',#3624,#3700);
#3700 = DEFINITIONAL_REPRESENTATION('',(#3701),#3709);
#3701 = ( BOUNDED_CURVE() B_SPLINE_CURVE(2,(#3702,#3703,#3704,#3705,
#3706,#3707,#3708),.UNSPECIFIED.,.T.,.F.) B_SPLINE_CURVE_WITH_KNOTS((1,2
    ,2,2,2,1),(-2.094395102393,0.,2.094395102393,4.188790204786,
6.28318530718,8.377580409573),.UNSPECIFIED.) CURVE()
GEOMETRIC_REPRESENTATION_ITEM() RATIONAL_B_SPLINE_CURVE((1.,0.5,1.,0.5,
1.,0.5,1.)) REPRESENTATION_ITEM('') );
#3702 = CARTESIAN_POINT('',(10.525,-17.025));
#3703 = CARTESIAN_POINT('',(-0.733330249198,-17.025));
#3704 = CARTESIAN_POINT('',(4.895834875401,-7.275));
#3705 = CARTESIAN_POINT('',(10.525,2.475));
#3706 = CARTESIAN_POINT('',(16.154165124599,-7.275));
#3707 = CARTESIAN_POINT('',(21.783330249198,-17.025));
#3708 = CARTESIAN_POINT('',(10.525,-17.025));
#3709 = ( GEOMETRIC_REPRESENTATION_CONTEXT(2)
PARAMETRIC_REPRESENTATION_CONTEXT() REPRESENTATION_CONTEXT('2D SPACE',''
  ) );
#3710 = PCURVE('',#3483,#3711);
#3711 = DEFINITIONAL_REPRESENTATION('',(#3712),#3716);
#3712 = LINE('',#3713,#3714);
#3713 = CARTESIAN_POINT('',(-6.28318530718,-13.35));
#3714 = VECTOR('',#3715,1.);
#3715 = DIRECTION('',(1.,-0.));
#3716 = ( GEOMETRIC_REPRESENTATION_CONTEXT(2)
PARAMETRIC_REPRESENTATION_CONTEXT() REPRESENTATION_CONTEXT('2D SPACE',''
  ) );
#3717 = ORIENTED_EDGE('',*,*,#3718,.F.);
#3718 = EDGE_CURVE('',#3719,#3691,#3721,.T.);
#3719 = VERTEX_POINT('',#3720);
#3720 = CARTESIAN_POINT('',(76.325,21.5,145.));
#3721 = SURFACE_CURVE('',#3722,(#3726,#3733),.PCURVE_S1.);
#3722 = LINE('',#3723,#3724);
#3723 = CARTESIAN_POINT('',(76.325,21.5,139.7375));
#3724 = VECTOR('',#3725,1.);
#3725 = DIRECTION('',(0.,0.,1.));
#3726 = PCURVE('',#3624,#3727);
#3727 = DEFINITIONAL_REPRESENTATION('',(#3728),#3732);
#3728 = LINE('',#3729,#3730);
#3729 = CARTESIAN_POINT('',(5.2625,-14.2));
#3730 = VECTOR('',#3731,1.);
#3731 = DIRECTION('',(1.,0.));
#3732 = ( GEOMETRIC_REPRESENTATION_CONTEXT(2)
PARAMETRIC_REPRESENTATION_CONTEXT() REPRESENTATION_CONTEXT('2D SPACE',''
  ) );
#3733 = PCURVE('',#3511,#3734);
#3734 = DEFINITIONAL_REPRESENTATION('',(#3735),#3739);
#3735 = LINE('',#3736,#3737);
#3736 = CARTESIAN_POINT('',(-5.2625,0.1));
#3737 = VECTOR('',#3738,1.);
#3738 = DIRECTION('',(1.,0.));
#3739 = ( GEOMETRIC_REPRESENTATION_CONTEXT(2)
PARAMETRIC_REPRESENTATION_CONTEXT() REPRESENTATION_CONTEXT('2D SPACE',''
  ) );
#3740 = ORIENTED_EDGE('',*,*,#3741,.T.);
#3741 = EDGE_CURVE('',#3719,#3586,#3742,.T.);
#3742 = SURFACE_CURVE('',#3743,(#3748,#3759),.PCURVE_S1.);
#3743 = CIRCLE('',#3744,3.675);
#3744 = AXIS2_PLACEMENT_3D('',#3745,#3746,#3747);
#3745 = CARTESIAN_POINT('',(80.,21.5,145.));
#3746 = DIRECTION('',(-1.110223024625E-16,-1.,-0.));
#3747 = DIRECTION('',(-1.,1.110223024625E-16,0.));
#3748 = PCURVE('',#3624,#3749);
#3749 = DEFINITIONAL_REPRESENTATION('',(#3750),#3758);
#3750 = ( BOUNDED_CURVE() B_SPLINE_CURVE(2,(#3751,#3752,#3753,#3754,
#3755,#3756,#3757),.UNSPECIFIED.,.T.,.F.) B_SPLINE_CURVE_WITH_KNOTS((1,2
    ,2,2,2,1),(-2.094395102393,0.,2.094395102393,4.188790204786,
6.28318530718,8.377580409573),.UNSPECIFIED.) CURVE()
GEOMETRIC_REPRESENTATION_ITEM() RATIONAL_B_SPLINE_CURVE((1.,0.5,1.,0.5,
1.,0.5,1.)) REPRESENTATION_ITEM('') );
#3751 = CARTESIAN_POINT('',(10.525,-14.2));
#3752 = CARTESIAN_POINT('',(4.159713282184,-14.2));
#3753 = CARTESIAN_POINT('',(7.342356641092,-8.6875));
#3754 = CARTESIAN_POINT('',(10.525,-3.175));
#3755 = CARTESIAN_POINT('',(13.707643358908,-8.6875));
#3756 = CARTESIAN_POINT('',(16.890286717816,-14.2));
#3757 = CARTESIAN_POINT('',(10.525,-14.2));
#3758 = ( GEOMETRIC_REPRESENTATION_CONTEXT(2)
PARAMETRIC_REPRESENTATION_CONTEXT() REPRESENTATION_CONTEXT('2D SPACE',''
  ) );
#3759 = PCURVE('',#3544,#3760);
#3760 = DEFINITIONAL_REPRESENTATION('',(#3761),#3765);
#3761 = LINE('',#3762,#3763);
#3762 = CARTESIAN_POINT('',(-6.28318530718,-0.1));
#3763 = VECTOR('',#3764,1.);
#3764 = DIRECTION('',(1.,-0.));
#3765 = ( GEOMETRIC_REPRESENTATION_CONTEXT(2)
PARAMETRIC_REPRESENTATION_CONTEXT() REPRESENTATION_CONTEXT('2D SPACE',''
  ) );
#3766 = ADVANCED_FACE('',(#3767),#3544,.F.);
#3767 = FACE_BOUND('',#3768,.T.);
#3768 = EDGE_LOOP('',(#3769,#3790,#3791,#3792));
#3769 = ORIENTED_EDGE('',*,*,#3770,.F.);
#3770 = EDGE_CURVE('',#3719,#3496,#3771,.T.);
#3771 = SURFACE_CURVE('',#3772,(#3776,#3783),.PCURVE_S1.);
#3772 = LINE('',#3773,#3774);
#3773 = CARTESIAN_POINT('',(76.325,21.4,145.));
#3774 = VECTOR('',#3775,1.);
#3775 = DIRECTION('',(1.110223024625E-16,1.,0.));
#3776 = PCURVE('',#3544,#3777);
#3777 = DEFINITIONAL_REPRESENTATION('',(#3778),#3782);
#3778 = LINE('',#3779,#3780);
#3779 = CARTESIAN_POINT('',(-6.28318530718,0.));
#3780 = VECTOR('',#3781,1.);
#3781 = DIRECTION('',(-0.,-1.));
#3782 = ( GEOMETRIC_REPRESENTATION_CONTEXT(2)
PARAMETRIC_REPRESENTATION_CONTEXT() REPRESENTATION_CONTEXT('2D SPACE',''
  ) );
#3783 = PCURVE('',#3511,#3784);
#3784 = DEFINITIONAL_REPRESENTATION('',(#3785),#3789);
#3785 = LINE('',#3786,#3787);
#3786 = CARTESIAN_POINT('',(0.,0.));
#3787 = VECTOR('',#3788,1.);
#3788 = DIRECTION('',(0.,1.));
#3789 = ( GEOMETRIC_REPRESENTATION_CONTEXT(2)
PARAMETRIC_REPRESENTATION_CONTEXT() REPRESENTATION_CONTEXT('2D SPACE',''
  ) );
#3790 = ORIENTED_EDGE('',*,*,#3741,.T.);
#3791 = ORIENTED_EDGE('',*,*,#3585,.T.);
#3792 = ORIENTED_EDGE('',*,*,#3523,.F.);
#3793 = ADVANCED_FACE('',(#3794),#3511,.F.);
#3794 = FACE_BOUND('',#3795,.F.);
#3795 = EDGE_LOOP('',(#3796,#3797,#3798,#3819));
#3796 = ORIENTED_EDGE('',*,*,#3770,.F.);
#3797 = ORIENTED_EDGE('',*,*,#3718,.T.);
#3798 = ORIENTED_EDGE('',*,*,#3799,.F.);
#3799 = EDGE_CURVE('',#3463,#3691,#3800,.T.);
#3800 = SURFACE_CURVE('',#3801,(#3805,#3812),.PCURVE_S1.);
#3801 = LINE('',#3802,#3803);
#3802 = CARTESIAN_POINT('',(76.325,8.9,150.36137808776));
#3803 = VECTOR('',#3804,1.);
#3804 = DIRECTION('',(-1.110223024625E-16,-1.,-0.));
#3805 = PCURVE('',#3511,#3806);
#3806 = DEFINITIONAL_REPRESENTATION('',(#3807),#3811);
#3807 = LINE('',#3808,#3809);
#3808 = CARTESIAN_POINT('',(5.361378087768,-12.5));
#3809 = VECTOR('',#3810,1.);
#3810 = DIRECTION('',(-0.,-1.));
#3811 = ( GEOMETRIC_REPRESENTATION_CONTEXT(2)
PARAMETRIC_REPRESENTATION_CONTEXT() REPRESENTATION_CONTEXT('2D SPACE',''
  ) );
#3812 = PCURVE('',#3483,#3813);
#3813 = DEFINITIONAL_REPRESENTATION('',(#3814),#3818);
#3814 = LINE('',#3815,#3816);
#3815 = CARTESIAN_POINT('',(-0.969896849672,-0.75));
#3816 = VECTOR('',#3817,1.);
#3817 = DIRECTION('',(-0.,1.));
#3818 = ( GEOMETRIC_REPRESENTATION_CONTEXT(2)
PARAMETRIC_REPRESENTATION_CONTEXT() REPRESENTATION_CONTEXT('2D SPACE',''
  ) );
#3819 = ORIENTED_EDGE('',*,*,#3495,.F.);
#3820 = ADVANCED_FACE('',(#3821),#3483,.F.);
#3821 = FACE_BOUND('',#3822,.T.);
#3822 = EDGE_LOOP('',(#3823,#3852,#3874,#3898,#3919,#3920,#3921,#3922,
    #3923,#3924,#3925,#3926));
#3823 = ORIENTED_EDGE('',*,*,#3824,.F.);
#3824 = EDGE_CURVE('',#3825,#3825,#3827,.T.);
#3825 = VERTEX_POINT('',#3826);
#3826 = CARTESIAN_POINT('',(74.025557304883,8.16,147.56047544076));
#3827 = SURFACE_CURVE('',#3828,(#3833,#3840),.PCURVE_S1.);
#3828 = CIRCLE('',#3829,6.5);
#3829 = AXIS2_PLACEMENT_3D('',#3830,#3831,#3832);
#3830 = CARTESIAN_POINT('',(80.,8.16,145.));
#3831 = DIRECTION('',(-0.,1.,0.));
#3832 = DIRECTION('',(-0.919145030018,-0.,0.393919298579));
#3833 = PCURVE('',#3483,#3834);
#3834 = DEFINITIONAL_REPRESENTATION('',(#3835),#3839);
#3835 = LINE('',#3836,#3837);
#3836 = CARTESIAN_POINT('',(-0.404891786285,-1.E-02));
#3837 = VECTOR('',#3838,1.);
#3838 = DIRECTION('',(-1.,-0.));
#3839 = ( GEOMETRIC_REPRESENTATION_CONTEXT(2)
PARAMETRIC_REPRESENTATION_CONTEXT() REPRESENTATION_CONTEXT('2D SPACE',''
  ) );
#3840 = PCURVE('',#3841,#3846);
#3841 = PLANE('',#3842);
#3842 = AXIS2_PLACEMENT_3D('',#3843,#3844,#3845);
#3843 = CARTESIAN_POINT('',(80.,8.16,145.));
#3844 = DIRECTION('',(1.110223024625E-16,1.,0.));
#3845 = DIRECTION('',(0.,0.,1.));
#3846 = DEFINITIONAL_REPRESENTATION('',(#3847),#3851);
#3847 = CIRCLE('',#3848,6.5);
#3848 = AXIS2_PLACEMENT_2D('',#3849,#3850);
#3849 = CARTESIAN_POINT('',(0.,0.));
#3850 = DIRECTION('',(0.393919298579,-0.919145030018));
#3851 = ( GEOMETRIC_REPRESENTATION_CONTEXT(2)
PARAMETRIC_REPRESENTATION_CONTEXT() REPRESENTATION_CONTEXT('2D SPACE',''
  ) );
#3852 = ORIENTED_EDGE('',*,*,#3853,.T.);
#3853 = EDGE_CURVE('',#3825,#3854,#3856,.T.);
#3854 = VERTEX_POINT('',#3855);
#3855 = CARTESIAN_POINT('',(74.025557304883,9.,147.56047544076));
#3856 = SEAM_CURVE('',#3857,(#3861,#3868),.PCURVE_S1.);
#3857 = LINE('',#3858,#3859);
#3858 = CARTESIAN_POINT('',(74.025557304883,0.,147.56047544076));
#3859 = VECTOR('',#3860,1.);
#3860 = DIRECTION('',(0.,1.,0.));
#3861 = PCURVE('',#3483,#3862);
#3862 = DEFINITIONAL_REPRESENTATION('',(#3863),#3867);
#3863 = LINE('',#3864,#3865);
#3864 = CARTESIAN_POINT('',(-0.404891786285,8.15));
#3865 = VECTOR('',#3866,1.);
#3866 = DIRECTION('',(-0.,-1.));
#3867 = ( GEOMETRIC_REPRESENTATION_CONTEXT(2)
PARAMETRIC_REPRESENTATION_CONTEXT() REPRESENTATION_CONTEXT('2D SPACE',''
  ) );
#3868 = PCURVE('',#3483,#3869);
#3869 = DEFINITIONAL_REPRESENTATION('',(#3870),#3873);
#3870 = B_SPLINE_CURVE_WITH_KNOTS('',1,(#3871,#3872),.UNSPECIFIED.,.F.,
  .F.,(2,2),(8.16,9.),.PIECEWISE_BEZIER_KNOTS.);
#3871 = CARTESIAN_POINT('',(-6.688077093465,-1.E-02));
#3872 = CARTESIAN_POINT('',(-6.688077093465,-0.85));
#3873 = ( GEOMETRIC_REPRESENTATION_CONTEXT(2)
PARAMETRIC_REPRESENTATION_CONTEXT() REPRESENTATION_CONTEXT('2D SPACE',''
  ) );
#3874 = ORIENTED_EDGE('',*,*,#3875,.T.);
#3875 = EDGE_CURVE('',#3854,#3876,#3878,.T.);
#3876 = VERTEX_POINT('',#3877);
#3877 = CARTESIAN_POINT('',(73.5,9.,145.));
#3878 = SEAM_CURVE('',#3879,(#3884,#3891),.PCURVE_S1.);
#3879 = CIRCLE('',#3880,6.5);
#3880 = AXIS2_PLACEMENT_3D('',#3881,#3882,#3883);
#3881 = CARTESIAN_POINT('',(80.,9.,145.));
#3882 = DIRECTION('',(0.,-1.,0.));
#3883 = DIRECTION('',(-0.919145030018,0.,0.393919298579));
#3884 = PCURVE('',#3483,#3885);
#3885 = DEFINITIONAL_REPRESENTATION('',(#3886),#3890);
#3886 = LINE('',#3887,#3888);
#3887 = CARTESIAN_POINT('',(-0.404891786285,-0.85));
#3888 = VECTOR('',#3889,1.);
#3889 = DIRECTION('',(1.,-0.));
#3890 = ( GEOMETRIC_REPRESENTATION_CONTEXT(2)
PARAMETRIC_REPRESENTATION_CONTEXT() REPRESENTATION_CONTEXT('2D SPACE',''
  ) );
#3891 = PCURVE('',#3483,#3892);
#3892 = DEFINITIONAL_REPRESENTATION('',(#3893),#3897);
#3893 = LINE('',#3894,#3895);
#3894 = CARTESIAN_POINT('',(-6.688077093465,-0.85));
#3895 = VECTOR('',#3896,1.);
#3896 = DIRECTION('',(1.,-0.));
#3897 = ( GEOMETRIC_REPRESENTATION_CONTEXT(2)
PARAMETRIC_REPRESENTATION_CONTEXT() REPRESENTATION_CONTEXT('2D SPACE',''
  ) );
#3898 = ORIENTED_EDGE('',*,*,#3899,.F.);
#3899 = EDGE_CURVE('',#3663,#3876,#3900,.T.);
#3900 = SEAM_CURVE('',#3901,(#3905,#3912),.PCURVE_S1.);
#3901 = LINE('',#3902,#3903);
#3902 = CARTESIAN_POINT('',(73.5,21.5,145.));
#3903 = VECTOR('',#3904,1.);
#3904 = DIRECTION('',(-1.110223024625E-16,-1.,0.));
#3905 = PCURVE('',#3483,#3906);
#3906 = DEFINITIONAL_REPRESENTATION('',(#3907),#3911);
#3907 = LINE('',#3908,#3909);
#3908 = CARTESIAN_POINT('',(-0.,-13.35));
#3909 = VECTOR('',#3910,1.);
#3910 = DIRECTION('',(0.,1.));
#3911 = ( GEOMETRIC_REPRESENTATION_CONTEXT(2)
PARAMETRIC_REPRESENTATION_CONTEXT() REPRESENTATION_CONTEXT('2D SPACE',''
  ) );
#3912 = PCURVE('',#3483,#3913);
#3913 = DEFINITIONAL_REPRESENTATION('',(#3914),#3918);
#3914 = LINE('',#3915,#3916);
#3915 = CARTESIAN_POINT('',(-6.28318530718,-13.35));
#3916 = VECTOR('',#3917,1.);
#3917 = DIRECTION('',(0.,1.));
#3918 = ( GEOMETRIC_REPRESENTATION_CONTEXT(2)
PARAMETRIC_REPRESENTATION_CONTEXT() REPRESENTATION_CONTEXT('2D SPACE',''
  ) );
#3919 = ORIENTED_EDGE('',*,*,#3690,.F.);
#3920 = ORIENTED_EDGE('',*,*,#3799,.F.);
#3921 = ORIENTED_EDGE('',*,*,#3460,.F.);
#3922 = ORIENTED_EDGE('',*,*,#3636,.T.);
#3923 = ORIENTED_EDGE('',*,*,#3662,.F.);
#3924 = ORIENTED_EDGE('',*,*,#3899,.T.);
#3925 = ORIENTED_EDGE('',*,*,#3875,.F.);
#3926 = ORIENTED_EDGE('',*,*,#3853,.F.);
#3927 = ADVANCED_FACE('',(#3928,#3959),#3841,.F.);
#3928 = FACE_BOUND('',#3929,.F.);
#3929 = EDGE_LOOP('',(#3930));
#3930 = ORIENTED_EDGE('',*,*,#3931,.T.);
#3931 = EDGE_CURVE('',#3932,#3932,#3934,.T.);
#3932 = VERTEX_POINT('',#3933);
#3933 = CARTESIAN_POINT('',(66.9,8.16,145.));
#3934 = SURFACE_CURVE('',#3935,(#3940,#3947),.PCURVE_S1.);
#3935 = CIRCLE('',#3936,13.1);
#3936 = AXIS2_PLACEMENT_3D('',#3937,#3938,#3939);
#3937 = CARTESIAN_POINT('',(80.,8.16,145.));
#3938 = DIRECTION('',(1.110223024625E-16,1.,-0.));
#3939 = DIRECTION('',(-1.,1.110223024625E-16,0.));
#3940 = PCURVE('',#3841,#3941);
#3941 = DEFINITIONAL_REPRESENTATION('',(#3942),#3946);
#3942 = CIRCLE('',#3943,13.1);
#3943 = AXIS2_PLACEMENT_2D('',#3944,#3945);
#3944 = CARTESIAN_POINT('',(0.,0.));
#3945 = DIRECTION('',(0.,-1.));
#3946 = ( GEOMETRIC_REPRESENTATION_CONTEXT(2)
PARAMETRIC_REPRESENTATION_CONTEXT() REPRESENTATION_CONTEXT('2D SPACE',''
  ) );
#3947 = PCURVE('',#3948,#3953);
#3948 = CYLINDRICAL_SURFACE('',#3949,13.1);
#3949 = AXIS2_PLACEMENT_3D('',#3950,#3951,#3952);
#3950 = CARTESIAN_POINT('',(80.,-1.E-02,145.));
#3951 = DIRECTION('',(-1.110223024625E-16,-1.,-0.));
#3952 = DIRECTION('',(-1.,1.110223024625E-16,0.));
#3953 = DEFINITIONAL_REPRESENTATION('',(#3954),#3958);
#3954 = LINE('',#3955,#3956);
#3955 = CARTESIAN_POINT('',(-0.,-8.17));
#3956 = VECTOR('',#3957,1.);
#3957 = DIRECTION('',(-1.,0.));
#3958 = ( GEOMETRIC_REPRESENTATION_CONTEXT(2)
PARAMETRIC_REPRESENTATION_CONTEXT() REPRESENTATION_CONTEXT('2D SPACE',''
  ) );
#3959 = FACE_BOUND('',#3960,.F.);
#3960 = EDGE_LOOP('',(#3961));
#3961 = ORIENTED_EDGE('',*,*,#3824,.F.);
#3962 = ADVANCED_FACE('',(#3963),#3948,.F.);
#3963 = FACE_BOUND('',#3964,.T.);
#3964 = EDGE_LOOP('',(#3965,#3991,#4019,#4052,#4073,#4074,#4075,#4103));
#3965 = ORIENTED_EDGE('',*,*,#3966,.F.);
#3966 = EDGE_CURVE('',#3967,#3969,#3971,.T.);
#3967 = VERTEX_POINT('',#3968);
#3968 = CARTESIAN_POINT('',(66.95963740458,1.44777108029E-15,
    146.24857654149));
#3969 = VERTEX_POINT('',#3970);
#3970 = CARTESIAN_POINT('',(66.95963740458,1.44777108029E-15,
    143.7514234585));
#3971 = SURFACE_CURVE('',#3972,(#3977,#3984),.PCURVE_S1.);
#3972 = CIRCLE('',#3973,13.1);
#3973 = AXIS2_PLACEMENT_3D('',#3974,#3975,#3976);
#3974 = CARTESIAN_POINT('',(80.,0.,145.));
#3975 = DIRECTION('',(1.110223024625E-16,1.,-3.892940572953E-32));
#3976 = DIRECTION('',(-0.995447526368,1.10516876358E-16,
    9.531118637377E-02));
#3977 = PCURVE('',#3948,#3978);
#3978 = DEFINITIONAL_REPRESENTATION('',(#3979),#3983);
#3979 = LINE('',#3980,#3981);
#3980 = CARTESIAN_POINT('',(-9.545608415306E-02,-1.E-02));
#3981 = VECTOR('',#3982,1.);
#3982 = DIRECTION('',(-1.,-0.));
#3983 = ( GEOMETRIC_REPRESENTATION_CONTEXT(2)
PARAMETRIC_REPRESENTATION_CONTEXT() REPRESENTATION_CONTEXT('2D SPACE',''
  ) );
#3984 = PCURVE('',#698,#3985);
#3985 = DEFINITIONAL_REPRESENTATION('',(#3986),#3990);
#3986 = CIRCLE('',#3987,13.1);
#3987 = AXIS2_PLACEMENT_2D('',#3988,#3989);
#3988 = CARTESIAN_POINT('',(11.489312875226,4.92399123224));
#3989 = DIRECTION('',(9.531118637377E-02,-0.995447526368));
#3990 = ( GEOMETRIC_REPRESENTATION_CONTEXT(2)
PARAMETRIC_REPRESENTATION_CONTEXT() REPRESENTATION_CONTEXT('2D SPACE',''
  ) );
#3991 = ORIENTED_EDGE('',*,*,#3992,.F.);
#3992 = EDGE_CURVE('',#3993,#3967,#3995,.T.);
#3993 = VERTEX_POINT('',#3994);
#3994 = CARTESIAN_POINT('',(66.95963740458,0.8,146.24857654149));
#3995 = SURFACE_CURVE('',#3996,(#4000,#4007),.PCURVE_S1.);
#3996 = LINE('',#3997,#3998);
#3997 = CARTESIAN_POINT('',(66.95963740458,-9.999999999999E-03,
    146.24857654149));
#3998 = VECTOR('',#3999,1.);
#3999 = DIRECTION('',(-1.110223024625E-16,-1.,-0.));
#4000 = PCURVE('',#3948,#4001);
#4001 = DEFINITIONAL_REPRESENTATION('',(#4002),#4006);
#4002 = LINE('',#4003,#4004);
#4003 = CARTESIAN_POINT('',(-9.545608415306E-02,0.));
#4004 = VECTOR('',#4005,1.);
#4005 = DIRECTION('',(-0.,1.));
#4006 = ( GEOMETRIC_REPRESENTATION_CONTEXT(2)
PARAMETRIC_REPRESENTATION_CONTEXT() REPRESENTATION_CONTEXT('2D SPACE',''
  ) );
#4007 = PCURVE('',#4008,#4013);
#4008 = CYLINDRICAL_SURFACE('',#4009,1.25);
#4009 = AXIS2_PLACEMENT_3D('',#4010,#4011,#4012);
#4010 = CARTESIAN_POINT('',(66.9,-2.4,145.));
#4011 = DIRECTION('',(-1.110223024625E-16,-1.,-0.));
#4012 = DIRECTION('',(-1.,1.110223024625E-16,0.));
#4013 = DEFINITIONAL_REPRESENTATION('',(#4014),#4018);
#4014 = LINE('',#4015,#4016);
#4015 = CARTESIAN_POINT('',(-1.618524368871,-2.39));
#4016 = VECTOR('',#4017,1.);
#4017 = DIRECTION('',(-0.,1.));
#4018 = ( GEOMETRIC_REPRESENTATION_CONTEXT(2)
PARAMETRIC_REPRESENTATION_CONTEXT() REPRESENTATION_CONTEXT('2D SPACE',''
  ) );
#4019 = ORIENTED_EDGE('',*,*,#4020,.T.);
#4020 = EDGE_CURVE('',#3993,#4021,#4023,.T.);
#4021 = VERTEX_POINT('',#4022);
#4022 = CARTESIAN_POINT('',(66.9,0.8,145.));
#4023 = SURFACE_CURVE('',#4024,(#4029,#4036),.PCURVE_S1.);
#4024 = CIRCLE('',#4025,13.1);
#4025 = AXIS2_PLACEMENT_3D('',#4026,#4027,#4028);
#4026 = CARTESIAN_POINT('',(80.,0.8,145.));
#4027 = DIRECTION('',(-1.110223024625E-16,-1.,-0.));
#4028 = DIRECTION('',(-1.,1.110223024625E-16,0.));
#4029 = PCURVE('',#3948,#4030);
#4030 = DEFINITIONAL_REPRESENTATION('',(#4031),#4035);
#4031 = LINE('',#4032,#4033);
#4032 = CARTESIAN_POINT('',(-6.28318530718,-0.81));
#4033 = VECTOR('',#4034,1.);
#4034 = DIRECTION('',(1.,-0.));
#4035 = ( GEOMETRIC_REPRESENTATION_CONTEXT(2)
PARAMETRIC_REPRESENTATION_CONTEXT() REPRESENTATION_CONTEXT('2D SPACE',''
  ) );
#4036 = PCURVE('',#4037,#4042);
#4037 = PLANE('',#4038);
#4038 = AXIS2_PLACEMENT_3D('',#4039,#4040,#4041);
#4039 = CARTESIAN_POINT('',(66.9,0.8,145.));
#4040 = DIRECTION('',(1.110223024625E-16,1.,0.));
#4041 = DIRECTION('',(0.,0.,1.));
#4042 = DEFINITIONAL_REPRESENTATION('',(#4043),#4051);
#4043 = ( BOUNDED_CURVE() B_SPLINE_CURVE(2,(#4044,#4045,#4046,#4047,
#4048,#4049,#4050),.UNSPECIFIED.,.T.,.F.) B_SPLINE_CURVE_WITH_KNOTS((1,2
    ,2,2,2,1),(-2.094395102393,0.,2.094395102393,4.188790204786,
6.28318530718,8.377580409573),.UNSPECIFIED.) CURVE()
GEOMETRIC_REPRESENTATION_ITEM() RATIONAL_B_SPLINE_CURVE((1.,0.5,1.,0.5,
1.,0.5,1.)) REPRESENTATION_ITEM('') );
#4044 = CARTESIAN_POINT('',(0.,0.));
#4045 = CARTESIAN_POINT('',(-22.68986557915,0.));
#4046 = CARTESIAN_POINT('',(-11.34493278957,19.65));
#4047 = CARTESIAN_POINT('',(-3.208574613766E-15,39.3));
#4048 = CARTESIAN_POINT('',(11.344932789576,19.65));
#4049 = CARTESIAN_POINT('',(22.689865579152,1.95399252334E-14));
#4050 = CARTESIAN_POINT('',(0.,0.));
#4051 = ( GEOMETRIC_REPRESENTATION_CONTEXT(2)
PARAMETRIC_REPRESENTATION_CONTEXT() REPRESENTATION_CONTEXT('2D SPACE',''
  ) );
#4052 = ORIENTED_EDGE('',*,*,#4053,.T.);
#4053 = EDGE_CURVE('',#4021,#3932,#4054,.T.);
#4054 = SEAM_CURVE('',#4055,(#4059,#4066),.PCURVE_S1.);
#4055 = LINE('',#4056,#4057);
#4056 = CARTESIAN_POINT('',(66.9,-9.999999999999E-03,145.));
#4057 = VECTOR('',#4058,1.);
#4058 = DIRECTION('',(1.110223024625E-16,1.,0.));
#4059 = PCURVE('',#3948,#4060);
#4060 = DEFINITIONAL_REPRESENTATION('',(#4061),#4065);
#4061 = LINE('',#4062,#4063);
#4062 = CARTESIAN_POINT('',(-0.,0.));
#4063 = VECTOR('',#4064,1.);
#4064 = DIRECTION('',(-0.,-1.));
#4065 = ( GEOMETRIC_REPRESENTATION_CONTEXT(2)
PARAMETRIC_REPRESENTATION_CONTEXT() REPRESENTATION_CONTEXT('2D SPACE',''
  ) );
#4066 = PCURVE('',#3948,#4067);
#4067 = DEFINITIONAL_REPRESENTATION('',(#4068),#4072);
#4068 = LINE('',#4069,#4070);
#4069 = CARTESIAN_POINT('',(-6.28318530718,0.));
#4070 = VECTOR('',#4071,1.);
#4071 = DIRECTION('',(-0.,-1.));
#4072 = ( GEOMETRIC_REPRESENTATION_CONTEXT(2)
PARAMETRIC_REPRESENTATION_CONTEXT() REPRESENTATION_CONTEXT('2D SPACE',''
  ) );
#4073 = ORIENTED_EDGE('',*,*,#3931,.T.);
#4074 = ORIENTED_EDGE('',*,*,#4053,.F.);
#4075 = ORIENTED_EDGE('',*,*,#4076,.T.);
#4076 = EDGE_CURVE('',#4021,#4077,#4079,.T.);
#4077 = VERTEX_POINT('',#4078);
#4078 = CARTESIAN_POINT('',(66.95963740458,0.8,143.7514234585));
#4079 = SURFACE_CURVE('',#4080,(#4085,#4092),.PCURVE_S1.);
#4080 = CIRCLE('',#4081,13.1);
#4081 = AXIS2_PLACEMENT_3D('',#4082,#4083,#4084);
#4082 = CARTESIAN_POINT('',(80.,0.8,145.));
#4083 = DIRECTION('',(-1.110223024625E-16,-1.,-0.));
#4084 = DIRECTION('',(-1.,1.110223024625E-16,0.));
#4085 = PCURVE('',#3948,#4086);
#4086 = DEFINITIONAL_REPRESENTATION('',(#4087),#4091);
#4087 = LINE('',#4088,#4089);
#4088 = CARTESIAN_POINT('',(-6.28318530718,-0.81));
#4089 = VECTOR('',#4090,1.);
#4090 = DIRECTION('',(1.,-0.));
#4091 = ( GEOMETRIC_REPRESENTATION_CONTEXT(2)
PARAMETRIC_REPRESENTATION_CONTEXT() REPRESENTATION_CONTEXT('2D SPACE',''
  ) );
#4092 = PCURVE('',#4037,#4093);
#4093 = DEFINITIONAL_REPRESENTATION('',(#4094),#4102);
#4094 = ( BOUNDED_CURVE() B_SPLINE_CURVE(2,(#4095,#4096,#4097,#4098,
#4099,#4100,#4101),.UNSPECIFIED.,.T.,.F.) B_SPLINE_CURVE_WITH_KNOTS((1,2
    ,2,2,2,1),(-2.094395102393,0.,2.094395102393,4.188790204786,
6.28318530718,8.377580409573),.UNSPECIFIED.) CURVE()
GEOMETRIC_REPRESENTATION_ITEM() RATIONAL_B_SPLINE_CURVE((1.,0.5,1.,0.5,
1.,0.5,1.)) REPRESENTATION_ITEM('') );
#4095 = CARTESIAN_POINT('',(0.,0.));
#4096 = CARTESIAN_POINT('',(-22.68986557915,0.));
#4097 = CARTESIAN_POINT('',(-11.34493278957,19.65));
#4098 = CARTESIAN_POINT('',(-3.208574613766E-15,39.3));
#4099 = CARTESIAN_POINT('',(11.344932789576,19.65));
#4100 = CARTESIAN_POINT('',(22.689865579152,1.95399252334E-14));
#4101 = CARTESIAN_POINT('',(0.,0.));
#4102 = ( GEOMETRIC_REPRESENTATION_CONTEXT(2)
PARAMETRIC_REPRESENTATION_CONTEXT() REPRESENTATION_CONTEXT('2D SPACE',''
  ) );
#4103 = ORIENTED_EDGE('',*,*,#4104,.T.);
#4104 = EDGE_CURVE('',#4077,#3969,#4105,.T.);
#4105 = SURFACE_CURVE('',#4106,(#4110,#4117),.PCURVE_S1.);
#4106 = LINE('',#4107,#4108);
#4107 = CARTESIAN_POINT('',(66.95963740458,-9.999999999999E-03,
    143.7514234585));
#4108 = VECTOR('',#4109,1.);
#4109 = DIRECTION('',(-1.110223024625E-16,-1.,-0.));
#4110 = PCURVE('',#3948,#4111);
#4111 = DEFINITIONAL_REPRESENTATION('',(#4112),#4116);
#4112 = LINE('',#4113,#4114);
#4113 = CARTESIAN_POINT('',(-6.187729223027,0.));
#4114 = VECTOR('',#4115,1.);
#4115 = DIRECTION('',(-0.,1.));
#4116 = ( GEOMETRIC_REPRESENTATION_CONTEXT(2)
PARAMETRIC_REPRESENTATION_CONTEXT() REPRESENTATION_CONTEXT('2D SPACE',''
  ) );
#4117 = PCURVE('',#4008,#4118);
#4118 = DEFINITIONAL_REPRESENTATION('',(#4119),#4123);
#4119 = LINE('',#4120,#4121);
#4120 = CARTESIAN_POINT('',(-4.664660938308,-2.39));
#4121 = VECTOR('',#4122,1.);
#4122 = DIRECTION('',(-0.,1.));
#4123 = ( GEOMETRIC_REPRESENTATION_CONTEXT(2)
PARAMETRIC_REPRESENTATION_CONTEXT() REPRESENTATION_CONTEXT('2D SPACE',''
  ) );
#4124 = ADVANCED_FACE('',(#4125),#4037,.T.);
#4125 = FACE_BOUND('',#4126,.T.);
#4126 = EDGE_LOOP('',(#4127,#4128,#4150));
#4127 = ORIENTED_EDGE('',*,*,#4020,.F.);
#4128 = ORIENTED_EDGE('',*,*,#4129,.T.);
#4129 = EDGE_CURVE('',#3993,#4077,#4130,.T.);
#4130 = SURFACE_CURVE('',#4131,(#4136,#4143),.PCURVE_S1.);
#4131 = CIRCLE('',#4132,1.25);
#4132 = AXIS2_PLACEMENT_3D('',#4133,#4134,#4135);
#4133 = CARTESIAN_POINT('',(66.9,0.8,145.));
#4134 = DIRECTION('',(1.110223024625E-16,1.,-0.));
#4135 = DIRECTION('',(-1.,1.110223024625E-16,0.));
#4136 = PCURVE('',#4037,#4137);
#4137 = DEFINITIONAL_REPRESENTATION('',(#4138),#4142);
#4138 = CIRCLE('',#4139,1.25);
#4139 = AXIS2_PLACEMENT_2D('',#4140,#4141);
#4140 = CARTESIAN_POINT('',(0.,0.));
#4141 = DIRECTION('',(0.,-1.));
#4142 = ( GEOMETRIC_REPRESENTATION_CONTEXT(2)
PARAMETRIC_REPRESENTATION_CONTEXT() REPRESENTATION_CONTEXT('2D SPACE',''
  ) );
#4143 = PCURVE('',#4008,#4144);
#4144 = DEFINITIONAL_REPRESENTATION('',(#4145),#4149);
#4145 = LINE('',#4146,#4147);
#4146 = CARTESIAN_POINT('',(-0.,-3.2));
#4147 = VECTOR('',#4148,1.);
#4148 = DIRECTION('',(-1.,0.));
#4149 = ( GEOMETRIC_REPRESENTATION_CONTEXT(2)
PARAMETRIC_REPRESENTATION_CONTEXT() REPRESENTATION_CONTEXT('2D SPACE',''
  ) );
#4150 = ORIENTED_EDGE('',*,*,#4076,.F.);
#4151 = ADVANCED_FACE('',(#4152),#4008,.T.);
#4152 = FACE_BOUND('',#4153,.F.);
#4153 = EDGE_LOOP('',(#4154,#4183,#4206,#4232,#4233,#4234,#4235,#4261));
#4154 = ORIENTED_EDGE('',*,*,#4155,.F.);
#4155 = EDGE_CURVE('',#4156,#4156,#4158,.T.);
#4156 = VERTEX_POINT('',#4157);
#4157 = CARTESIAN_POINT('',(65.65,-2.4,145.));
#4158 = SURFACE_CURVE('',#4159,(#4164,#4171),.PCURVE_S1.);
#4159 = CIRCLE('',#4160,1.25);
#4160 = AXIS2_PLACEMENT_3D('',#4161,#4162,#4163);
#4161 = CARTESIAN_POINT('',(66.9,-2.4,145.));
#4162 = DIRECTION('',(1.110223024625E-16,1.,-0.));
#4163 = DIRECTION('',(-1.,1.110223024625E-16,0.));
#4164 = PCURVE('',#4008,#4165);
#4165 = DEFINITIONAL_REPRESENTATION('',(#4166),#4170);
#4166 = LINE('',#4167,#4168);
#4167 = CARTESIAN_POINT('',(-0.,0.));
#4168 = VECTOR('',#4169,1.);
#4169 = DIRECTION('',(-1.,0.));
#4170 = ( GEOMETRIC_REPRESENTATION_CONTEXT(2)
PARAMETRIC_REPRESENTATION_CONTEXT() REPRESENTATION_CONTEXT('2D SPACE',''
  ) );
#4171 = PCURVE('',#4172,#4177);
#4172 = PLANE('',#4173);
#4173 = AXIS2_PLACEMENT_3D('',#4174,#4175,#4176);
#4174 = CARTESIAN_POINT('',(66.9,-2.4,145.));
#4175 = DIRECTION('',(1.110223024625E-16,1.,0.));
#4176 = DIRECTION('',(0.,0.,1.));
#4177 = DEFINITIONAL_REPRESENTATION('',(#4178),#4182);
#4178 = CIRCLE('',#4179,1.25);
#4179 = AXIS2_PLACEMENT_2D('',#4180,#4181);
#4180 = CARTESIAN_POINT('',(0.,0.));
#4181 = DIRECTION('',(0.,-1.));
#4182 = ( GEOMETRIC_REPRESENTATION_CONTEXT(2)
PARAMETRIC_REPRESENTATION_CONTEXT() REPRESENTATION_CONTEXT('2D SPACE',''
  ) );
#4183 = ORIENTED_EDGE('',*,*,#4184,.T.);
#4184 = EDGE_CURVE('',#4156,#4185,#4187,.T.);
#4185 = VERTEX_POINT('',#4186);
#4186 = CARTESIAN_POINT('',(65.65,1.593170040337E-15,145.));
#4187 = SEAM_CURVE('',#4188,(#4192,#4199),.PCURVE_S1.);
#4188 = LINE('',#4189,#4190);
#4189 = CARTESIAN_POINT('',(65.65,-2.4,145.));
#4190 = VECTOR('',#4191,1.);
#4191 = DIRECTION('',(1.110223024625E-16,1.,0.));
#4192 = PCURVE('',#4008,#4193);
#4193 = DEFINITIONAL_REPRESENTATION('',(#4194),#4198);
#4194 = LINE('',#4195,#4196);
#4195 = CARTESIAN_POINT('',(-6.28318530718,0.));
#4196 = VECTOR('',#4197,1.);
#4197 = DIRECTION('',(-0.,-1.));
#4198 = ( GEOMETRIC_REPRESENTATION_CONTEXT(2)
PARAMETRIC_REPRESENTATION_CONTEXT() REPRESENTATION_CONTEXT('2D SPACE',''
  ) );
#4199 = PCURVE('',#4008,#4200);
#4200 = DEFINITIONAL_REPRESENTATION('',(#4201),#4205);
#4201 = LINE('',#4202,#4203);
#4202 = CARTESIAN_POINT('',(-0.,0.));
#4203 = VECTOR('',#4204,1.);
#4204 = DIRECTION('',(-0.,-1.));
#4205 = ( GEOMETRIC_REPRESENTATION_CONTEXT(2)
PARAMETRIC_REPRESENTATION_CONTEXT() REPRESENTATION_CONTEXT('2D SPACE',''
  ) );
#4206 = ORIENTED_EDGE('',*,*,#4207,.F.);
#4207 = EDGE_CURVE('',#3967,#4185,#4208,.T.);
#4208 = SURFACE_CURVE('',#4209,(#4214,#4221),.PCURVE_S1.);
#4209 = CIRCLE('',#4210,1.25);
#4210 = AXIS2_PLACEMENT_3D('',#4211,#4212,#4213);
#4211 = CARTESIAN_POINT('',(66.9,1.454392162259E-15,145.));
#4212 = DIRECTION('',(-1.110223024625E-16,-1.,-0.));
#4213 = DIRECTION('',(-1.,1.110223024625E-16,0.));
#4214 = PCURVE('',#4008,#4215);
#4215 = DEFINITIONAL_REPRESENTATION('',(#4216),#4220);
#4216 = LINE('',#4217,#4218);
#4217 = CARTESIAN_POINT('',(-6.28318530718,-2.4));
#4218 = VECTOR('',#4219,1.);
#4219 = DIRECTION('',(1.,-0.));
#4220 = ( GEOMETRIC_REPRESENTATION_CONTEXT(2)
PARAMETRIC_REPRESENTATION_CONTEXT() REPRESENTATION_CONTEXT('2D SPACE',''
  ) );
#4221 = PCURVE('',#698,#4222);
#4222 = DEFINITIONAL_REPRESENTATION('',(#4223),#4231);
#4223 = ( BOUNDED_CURVE() B_SPLINE_CURVE(2,(#4224,#4225,#4226,#4227,
#4228,#4229,#4230),.UNSPECIFIED.,.T.,.F.) B_SPLINE_CURVE_WITH_KNOTS((1,2
    ,2,2,2,1),(-2.094395102393,0.,2.094395102393,4.188790204786,
6.28318530718,8.377580409573),.UNSPECIFIED.) CURVE()
GEOMETRIC_REPRESENTATION_ITEM() RATIONAL_B_SPLINE_CURVE((1.,0.5,1.,0.5,
1.,0.5,1.)) REPRESENTATION_ITEM('') );
#4224 = CARTESIAN_POINT('',(11.489312875226,-9.42600876776));
#4225 = CARTESIAN_POINT('',(9.324249365765,-9.42600876776));
#4226 = CARTESIAN_POINT('',(10.406781120495,-7.55100876776));
#4227 = CARTESIAN_POINT('',(11.489312875226,-5.67600876776));
#4228 = CARTESIAN_POINT('',(12.571844629956,-7.55100876776));
#4229 = CARTESIAN_POINT('',(13.654376384687,-9.42600876776));
#4230 = CARTESIAN_POINT('',(11.489312875226,-9.42600876776));
#4231 = ( GEOMETRIC_REPRESENTATION_CONTEXT(2)
PARAMETRIC_REPRESENTATION_CONTEXT() REPRESENTATION_CONTEXT('2D SPACE',''
  ) );
#4232 = ORIENTED_EDGE('',*,*,#3992,.F.);
#4233 = ORIENTED_EDGE('',*,*,#4129,.T.);
#4234 = ORIENTED_EDGE('',*,*,#4104,.T.);
#4235 = ORIENTED_EDGE('',*,*,#4236,.F.);
#4236 = EDGE_CURVE('',#4185,#3969,#4237,.T.);
#4237 = SURFACE_CURVE('',#4238,(#4243,#4250),.PCURVE_S1.);
#4238 = CIRCLE('',#4239,1.25);
#4239 = AXIS2_PLACEMENT_3D('',#4240,#4241,#4242);
#4240 = CARTESIAN_POINT('',(66.9,1.454392162259E-15,145.));
#4241 = DIRECTION('',(-1.110223024625E-16,-1.,-0.));
#4242 = DIRECTION('',(-1.,1.110223024625E-16,0.));
#4243 = PCURVE('',#4008,#4244);
#4244 = DEFINITIONAL_REPRESENTATION('',(#4245),#4249);
#4245 = LINE('',#4246,#4247);
#4246 = CARTESIAN_POINT('',(-6.28318530718,-2.4));
#4247 = VECTOR('',#4248,1.);
#4248 = DIRECTION('',(1.,-0.));
#4249 = ( GEOMETRIC_REPRESENTATION_CONTEXT(2)
PARAMETRIC_REPRESENTATION_CONTEXT() REPRESENTATION_CONTEXT('2D SPACE',''
  ) );
#4250 = PCURVE('',#698,#4251);
#4251 = DEFINITIONAL_REPRESENTATION('',(#4252),#4260);
#4252 = ( BOUNDED_CURVE() B_SPLINE_CURVE(2,(#4253,#4254,#4255,#4256,
#4257,#4258,#4259),.UNSPECIFIED.,.T.,.F.) B_SPLINE_CURVE_WITH_KNOTS((1,2
    ,2,2,2,1),(-2.094395102393,0.,2.094395102393,4.188790204786,
6.28318530718,8.377580409573),.UNSPECIFIED.) CURVE()
GEOMETRIC_REPRESENTATION_ITEM() RATIONAL_B_SPLINE_CURVE((1.,0.5,1.,0.5,
1.,0.5,1.)) REPRESENTATION_ITEM('') );
#4253 = CARTESIAN_POINT('',(11.489312875226,-9.42600876776));
#4254 = CARTESIAN_POINT('',(9.324249365765,-9.42600876776));
#4255 = CARTESIAN_POINT('',(10.406781120495,-7.55100876776));
#4256 = CARTESIAN_POINT('',(11.489312875226,-5.67600876776));
#4257 = CARTESIAN_POINT('',(12.571844629956,-7.55100876776));
#4258 = CARTESIAN_POINT('',(13.654376384687,-9.42600876776));
#4259 = CARTESIAN_POINT('',(11.489312875226,-9.42600876776));
#4260 = ( GEOMETRIC_REPRESENTATION_CONTEXT(2)
PARAMETRIC_REPRESENTATION_CONTEXT() REPRESENTATION_CONTEXT('2D SPACE',''
  ) );
#4261 = ORIENTED_EDGE('',*,*,#4184,.F.);
#4262 = ADVANCED_FACE('',(#4263),#4172,.F.);
#4263 = FACE_BOUND('',#4264,.F.);
#4264 = EDGE_LOOP('',(#4265));
#4265 = ORIENTED_EDGE('',*,*,#4155,.T.);
#4266 = ADVANCED_FACE('',(#4267),#977,.F.);
#4267 = FACE_BOUND('',#4268,.F.);
#4268 = EDGE_LOOP('',(#4269,#4270,#4291,#4292));
#4269 = ORIENTED_EDGE('',*,*,#961,.T.);
#4270 = ORIENTED_EDGE('',*,*,#4271,.T.);
#4271 = EDGE_CURVE('',#929,#1967,#4272,.T.);
#4272 = SURFACE_CURVE('',#4273,(#4277,#4284),.PCURVE_S1.);
#4273 = LINE('',#4274,#4275);
#4274 = CARTESIAN_POINT('',(76.325,21.5,139.7375));
#4275 = VECTOR('',#4276,1.);
#4276 = DIRECTION('',(0.,0.,1.));
#4277 = PCURVE('',#977,#4278);
#4278 = DEFINITIONAL_REPRESENTATION('',(#4279),#4283);
#4279 = LINE('',#4280,#4281);
#4280 = CARTESIAN_POINT('',(-5.2625,0.1));
#4281 = VECTOR('',#4282,1.);
#4282 = DIRECTION('',(1.,0.));
#4283 = ( GEOMETRIC_REPRESENTATION_CONTEXT(2)
PARAMETRIC_REPRESENTATION_CONTEXT() REPRESENTATION_CONTEXT('2D SPACE',''
  ) );
#4284 = PCURVE('',#945,#4285);
#4285 = DEFINITIONAL_REPRESENTATION('',(#4286),#4290);
#4286 = LINE('',#4287,#4288);
#4287 = CARTESIAN_POINT('',(5.2625,-14.2));
#4288 = VECTOR('',#4289,1.);
#4289 = DIRECTION('',(1.,0.));
#4290 = ( GEOMETRIC_REPRESENTATION_CONTEXT(2)
PARAMETRIC_REPRESENTATION_CONTEXT() REPRESENTATION_CONTEXT('2D SPACE',''
  ) );
#4291 = ORIENTED_EDGE('',*,*,#1989,.F.);
#4292 = ORIENTED_EDGE('',*,*,#3435,.F.);
#4293 = ADVANCED_FACE('',(#4294),#945,.F.);
#4294 = FACE_BOUND('',#4295,.F.);
#4295 = EDGE_LOOP('',(#4296,#4297,#4298,#4299,#4300,#4301,#4302,#4303,
    #4304));
#4296 = ORIENTED_EDGE('',*,*,#1343,.F.);
#4297 = ORIENTED_EDGE('',*,*,#1425,.F.);
#4298 = ORIENTED_EDGE('',*,*,#1471,.T.);
#4299 = ORIENTED_EDGE('',*,*,#2586,.T.);
#4300 = ORIENTED_EDGE('',*,*,#1966,.F.);
#4301 = ORIENTED_EDGE('',*,*,#4271,.F.);
#4302 = ORIENTED_EDGE('',*,*,#928,.T.);
#4303 = ORIENTED_EDGE('',*,*,#1046,.T.);
#4304 = ORIENTED_EDGE('',*,*,#1076,.T.);
#4305 = ADVANCED_FACE('',(#4306),#788,.T.);
#4306 = FACE_BOUND('',#4307,.F.);
#4307 = EDGE_LOOP('',(#4308,#4338,#4357,#4358));
#4308 = ORIENTED_EDGE('',*,*,#4309,.T.);
#4309 = EDGE_CURVE('',#4310,#4312,#4314,.T.);
#4310 = VERTEX_POINT('',#4311);
#4311 = CARTESIAN_POINT('',(79.574011675148,2.364710232361E-17,
    127.50518551264));
#4312 = VERTEX_POINT('',#4313);
#4313 = CARTESIAN_POINT('',(67.625126284914,6.869434862658E-16,
    132.62613639417));
#4314 = SURFACE_CURVE('',#4315,(#4320,#4327),.PCURVE_S1.);
#4315 = CIRCLE('',#4316,17.5);
#4316 = AXIS2_PLACEMENT_3D('',#4317,#4318,#4319);
#4317 = CARTESIAN_POINT('',(80.,0.,145.));
#4318 = DIRECTION('',(-1.123735654524E-16,-1.,1.384565958021E-18));
#4319 = DIRECTION('',(-2.434218999153E-02,1.351262989921E-18,
    -0.999703684992));
#4320 = PCURVE('',#788,#4321);
#4321 = DEFINITIONAL_REPRESENTATION('',(#4322),#4326);
#4322 = LINE('',#4323,#4324);
#4323 = CARTESIAN_POINT('',(-11.01991888216,0.));
#4324 = VECTOR('',#4325,1.);
#4325 = DIRECTION('',(1.,-0.));
#4326 = ( GEOMETRIC_REPRESENTATION_CONTEXT(2)
PARAMETRIC_REPRESENTATION_CONTEXT() REPRESENTATION_CONTEXT('2D SPACE',''
  ) );
#4327 = PCURVE('',#698,#4328);
#4328 = DEFINITIONAL_REPRESENTATION('',(#4329),#4337);
#4329 = ( BOUNDED_CURVE() B_SPLINE_CURVE(2,(#4330,#4331,#4332,#4333,
#4334,#4335,#4336),.UNSPECIFIED.,.T.,.F.) B_SPLINE_CURVE_WITH_KNOTS((1,2
    ,2,2,2,1),(-2.094395102393,0.,2.094395102393,4.188790204786,
6.28318530718,8.377580409573),.UNSPECIFIED.) CURVE()
GEOMETRIC_REPRESENTATION_ITEM() RATIONAL_B_SPLINE_CURVE((1.,0.5,1.,0.5,
1.,0.5,1.)) REPRESENTATION_ITEM('') );
#4330 = CARTESIAN_POINT('',(-6.005501612133,4.498002907388));
#4331 = CARTESIAN_POINT('',(-6.743335034207,34.799910468485));
#4332 = CARTESIAN_POINT('',(19.867803407868,20.287939175214));
#4333 = CARTESIAN_POINT('',(46.478941849943,5.775967881943));
#4334 = CARTESIAN_POINT('',(20.605636829942,-10.01396838588));
#4335 = CARTESIAN_POINT('',(-5.267668190058,-25.8039046537));
#4336 = CARTESIAN_POINT('',(-6.005501612133,4.498002907388));
#4337 = ( GEOMETRIC_REPRESENTATION_CONTEXT(2)
PARAMETRIC_REPRESENTATION_CONTEXT() REPRESENTATION_CONTEXT('2D SPACE',''
  ) );
#4338 = ORIENTED_EDGE('',*,*,#4339,.F.);
#4339 = EDGE_CURVE('',#744,#4312,#4340,.T.);
#4340 = SURFACE_CURVE('',#4341,(#4345,#4351),.PCURVE_S1.);
#4341 = LINE('',#4342,#4343);
#4342 = CARTESIAN_POINT('',(67.625126284914,7.105905885894E-16,
    132.62613639417));
#4343 = VECTOR('',#4344,1.);
#4344 = DIRECTION('',(-1.110223024625E-16,-1.,-0.));
#4345 = PCURVE('',#788,#4346);
#4346 = DEFINITIONAL_REPRESENTATION('',(#4347),#4350);
#4347 = B_SPLINE_CURVE_WITH_KNOTS('',1,(#4348,#4349),.UNSPECIFIED.,.F.,
  .F.,(2,2),(-9.,2.364710232358E-17),.PIECEWISE_BEZIER_KNOTS.);
#4348 = CARTESIAN_POINT('',(-5.49782795836,-9.));
#4349 = CARTESIAN_POINT('',(-5.49782795836,6.869434862659E-16));
#4350 = ( GEOMETRIC_REPRESENTATION_CONTEXT(2)
PARAMETRIC_REPRESENTATION_CONTEXT() REPRESENTATION_CONTEXT('2D SPACE',''
  ) );
#4351 = PCURVE('',#759,#4352);
#4352 = DEFINITIONAL_REPRESENTATION('',(#4353),#4356);
#4353 = B_SPLINE_CURVE_WITH_KNOTS('',1,(#4354,#4355),.UNSPECIFIED.,.F.,
  .F.,(2,2),(-9.0000006,5.999999993367E-07),.PIECEWISE_BEZIER_KNOTS.);
#4354 = CARTESIAN_POINT('',(8.751923190728,-9.0000006));
#4355 = CARTESIAN_POINT('',(8.751923190728,5.999999986261E-07));
#4356 = ( GEOMETRIC_REPRESENTATION_CONTEXT(2)
PARAMETRIC_REPRESENTATION_CONTEXT() REPRESENTATION_CONTEXT('2D SPACE',''
  ) );
#4357 = ORIENTED_EDGE('',*,*,#771,.T.);
#4358 = ORIENTED_EDGE('',*,*,#4359,.T.);
#4359 = EDGE_CURVE('',#772,#4310,#4360,.T.);
#4360 = SURFACE_CURVE('',#4361,(#4365,#4371),.PCURVE_S1.);
#4361 = LINE('',#4362,#4363);
#4362 = CARTESIAN_POINT('',(79.574011675149,7.105905885894E-16,
    127.50518551264));
#4363 = VECTOR('',#4364,1.);
#4364 = DIRECTION('',(-1.110223024625E-16,-1.,-0.));
#4365 = PCURVE('',#788,#4366);
#4366 = DEFINITIONAL_REPRESENTATION('',(#4367),#4370);
#4367 = B_SPLINE_CURVE_WITH_KNOTS('',1,(#4368,#4369),.UNSPECIFIED.,.F.,
  .F.,(2,2),(-9.,6.869434862659E-16),.PIECEWISE_BEZIER_KNOTS.);
#4368 = CARTESIAN_POINT('',(-11.01991888216,-9.));
#4369 = CARTESIAN_POINT('',(-11.01991888216,2.364710232359E-17));
#4370 = ( GEOMETRIC_REPRESENTATION_CONTEXT(2)
PARAMETRIC_REPRESENTATION_CONTEXT() REPRESENTATION_CONTEXT('2D SPACE',''
  ) );
#4371 = PCURVE('',#633,#4372);
#4372 = DEFINITIONAL_REPRESENTATION('',(#4373),#4376);
#4373 = B_SPLINE_CURVE_WITH_KNOTS('',1,(#4374,#4375),.UNSPECIFIED.,.F.,
  .F.,(2,2),(-9.0000006,6.000000006633E-07),.PIECEWISE_BEZIER_KNOTS.);
#4374 = CARTESIAN_POINT('',(16.248076809272,-9.0000006));
#4375 = CARTESIAN_POINT('',(16.248076809272,5.999999999527E-07));
#4376 = ( GEOMETRIC_REPRESENTATION_CONTEXT(2)
PARAMETRIC_REPRESENTATION_CONTEXT() REPRESENTATION_CONTEXT('2D SPACE',''
  ) );
#4377 = ADVANCED_FACE('',(#4378),#759,.F.);
#4378 = FACE_BOUND('',#4379,.F.);
#4379 = EDGE_LOOP('',(#4380,#4403,#4424,#4425));
#4380 = ORIENTED_EDGE('',*,*,#4381,.F.);
#4381 = EDGE_CURVE('',#4382,#4312,#4384,.T.);
#4382 = VERTEX_POINT('',#4383);
#4383 = CARTESIAN_POINT('',(64.177574840403,0.,124.58184969031));
#4384 = SURFACE_CURVE('',#4385,(#4389,#4396),.PCURVE_S1.);
#4385 = LINE('',#4386,#4387);
#4386 = CARTESIAN_POINT('',(64.177574840403,0.,124.58184969031));
#4387 = VECTOR('',#4388,1.);
#4388 = DIRECTION('',(0.393919298579,0.,0.919145030018));
#4389 = PCURVE('',#759,#4390);
#4390 = DEFINITIONAL_REPRESENTATION('',(#4391),#4395);
#4391 = LINE('',#4392,#4393);
#4392 = CARTESIAN_POINT('',(0.,0.));
#4393 = VECTOR('',#4394,1.);
#4394 = DIRECTION('',(1.,0.));
#4395 = ( GEOMETRIC_REPRESENTATION_CONTEXT(2)
PARAMETRIC_REPRESENTATION_CONTEXT() REPRESENTATION_CONTEXT('2D SPACE',''
  ) );
#4396 = PCURVE('',#698,#4397);
#4397 = DEFINITIONAL_REPRESENTATION('',(#4398),#4402);
#4398 = LINE('',#4399,#4400);
#4399 = CARTESIAN_POINT('',(-8.928837434461,-10.89843392735));
#4400 = VECTOR('',#4401,1.);
#4401 = DIRECTION('',(0.919145030018,0.393919298579));
#4402 = ( GEOMETRIC_REPRESENTATION_CONTEXT(2)
PARAMETRIC_REPRESENTATION_CONTEXT() REPRESENTATION_CONTEXT('2D SPACE',''
  ) );
#4403 = ORIENTED_EDGE('',*,*,#4404,.T.);
#4404 = EDGE_CURVE('',#4382,#716,#4405,.T.);
#4405 = SURFACE_CURVE('',#4406,(#4410,#4417),.PCURVE_S1.);
#4406 = LINE('',#4407,#4408);
#4407 = CARTESIAN_POINT('',(64.177574840403,0.,124.58184969031));
#4408 = VECTOR('',#4409,1.);
#4409 = DIRECTION('',(0.,1.,0.));
#4410 = PCURVE('',#759,#4411);
#4411 = DEFINITIONAL_REPRESENTATION('',(#4412),#4416);
#4412 = LINE('',#4413,#4414);
#4413 = CARTESIAN_POINT('',(0.,0.));
#4414 = VECTOR('',#4415,1.);
#4415 = DIRECTION('',(0.,-1.));
#4416 = ( GEOMETRIC_REPRESENTATION_CONTEXT(2)
PARAMETRIC_REPRESENTATION_CONTEXT() REPRESENTATION_CONTEXT('2D SPACE',''
  ) );
#4417 = PCURVE('',#731,#4418);
#4418 = DEFINITIONAL_REPRESENTATION('',(#4419),#4423);
#4419 = LINE('',#4420,#4421);
#4420 = CARTESIAN_POINT('',(13.,0.));
#4421 = VECTOR('',#4422,1.);
#4422 = DIRECTION('',(0.,-1.));
#4423 = ( GEOMETRIC_REPRESENTATION_CONTEXT(2)
PARAMETRIC_REPRESENTATION_CONTEXT() REPRESENTATION_CONTEXT('2D SPACE',''
  ) );
#4424 = ORIENTED_EDGE('',*,*,#743,.T.);
#4425 = ORIENTED_EDGE('',*,*,#4339,.T.);
#4426 = ADVANCED_FACE('',(#4427),#731,.F.);
#4427 = FACE_BOUND('',#4428,.F.);
#4428 = EDGE_LOOP('',(#4429,#4452,#4471,#4472));
#4429 = ORIENTED_EDGE('',*,*,#4430,.F.);
#4430 = EDGE_CURVE('',#4431,#4382,#4433,.T.);
#4431 = VERTEX_POINT('',#4432);
#4432 = CARTESIAN_POINT('',(69.534908262556,0.,122.28584965224));
#4433 = SURFACE_CURVE('',#4434,(#4438,#4445),.PCURVE_S1.);
#4434 = LINE('',#4435,#4436);
#4435 = CARTESIAN_POINT('',(76.126460230638,0.,119.46089880878));
#4436 = VECTOR('',#4437,1.);
#4437 = DIRECTION('',(-0.919145030018,0.,0.393919298579));
#4438 = PCURVE('',#731,#4439);
#4439 = DEFINITIONAL_REPRESENTATION('',(#4440),#4444);
#4440 = LINE('',#4441,#4442);
#4441 = CARTESIAN_POINT('',(0.,0.));
#4442 = VECTOR('',#4443,1.);
#4443 = DIRECTION('',(1.,0.));
#4444 = ( GEOMETRIC_REPRESENTATION_CONTEXT(2)
PARAMETRIC_REPRESENTATION_CONTEXT() REPRESENTATION_CONTEXT('2D SPACE',''
  ) );
#4445 = PCURVE('',#698,#4446);
#4446 = DEFINITIONAL_REPRESENTATION('',(#4447),#4451);
#4447 = LINE('',#4448,#4449);
#4448 = CARTESIAN_POINT('',(-14.04978831599,1.050451462878));
#4449 = VECTOR('',#4450,1.);
#4450 = DIRECTION('',(0.393919298579,-0.919145030018));
#4451 = ( GEOMETRIC_REPRESENTATION_CONTEXT(2)
PARAMETRIC_REPRESENTATION_CONTEXT() REPRESENTATION_CONTEXT('2D SPACE',''
  ) );
#4452 = ORIENTED_EDGE('',*,*,#4453,.T.);
#4453 = EDGE_CURVE('',#4431,#714,#4454,.T.);
#4454 = SURFACE_CURVE('',#4455,(#4459,#4465),.PCURVE_S1.);
#4455 = LINE('',#4456,#4457);
#4456 = CARTESIAN_POINT('',(69.915230300227,2.773332446125,
    122.12285449324));
#4457 = VECTOR('',#4458,1.);
#4458 = DIRECTION('',(0.135634075293,0.989052288726,-5.812888941144E-02)
  );
#4459 = PCURVE('',#731,#4460);
#4460 = DEFINITIONAL_REPRESENTATION('',(#4461),#4464);
#4461 = B_SPLINE_CURVE_WITH_KNOTS('',1,(#4462,#4463),.UNSPECIFIED.,.F.,
  .F.,(2,2),(-2.804030158705,6.295589853892),.PIECEWISE_BEZIER_KNOTS.);
#4462 = CARTESIAN_POINT('',(7.171394886346,4.943061075473E-16));
#4463 = CARTESIAN_POINT('',(5.828605113654,-9.));
#4464 = ( GEOMETRIC_REPRESENTATION_CONTEXT(2)
PARAMETRIC_REPRESENTATION_CONTEXT() REPRESENTATION_CONTEXT('2D SPACE',''
  ) );
#4465 = PCURVE('',#420,#4466);
#4466 = DEFINITIONAL_REPRESENTATION('',(#4467),#4470);
#4467 = B_SPLINE_CURVE_WITH_KNOTS('',1,(#4468,#4469),.UNSPECIFIED.,.F.,
  .F.,(2,2),(-2.804030158705,6.295589853892),.PIECEWISE_BEZIER_KNOTS.);
#4468 = CARTESIAN_POINT('',(-4.507705797173,0.617543147921));
#4469 = CARTESIAN_POINT('',(4.507705797173,-0.617543147921));
#4470 = ( GEOMETRIC_REPRESENTATION_CONTEXT(2)
PARAMETRIC_REPRESENTATION_CONTEXT() REPRESENTATION_CONTEXT('2D SPACE',''
  ) );
#4471 = ORIENTED_EDGE('',*,*,#713,.T.);
#4472 = ORIENTED_EDGE('',*,*,#4404,.F.);
#4473 = ADVANCED_FACE('',(#4474),#598,.F.);
#4474 = FACE_BOUND('',#4475,.F.);
#4475 = EDGE_LOOP('',(#4476,#4477,#4498));
#4476 = ORIENTED_EDGE('',*,*,#575,.F.);
#4477 = ORIENTED_EDGE('',*,*,#4478,.T.);
#4478 = EDGE_CURVE('',#576,#801,#4479,.T.);
#4479 = SURFACE_CURVE('',#4480,(#4484,#4491),.PCURVE_S1.);
#4480 = LINE('',#4481,#4482);
#4481 = CARTESIAN_POINT('',(76.126460230638,0.,119.46089880878));
#4482 = VECTOR('',#4483,1.);
#4483 = DIRECTION('',(0.,1.,0.));
#4484 = PCURVE('',#598,#4485);
#4485 = DEFINITIONAL_REPRESENTATION('',(#4486),#4490);
#4486 = LINE('',#4487,#4488);
#4487 = CARTESIAN_POINT('',(0.,0.));
#4488 = VECTOR('',#4489,1.);
#4489 = DIRECTION('',(0.,-1.));
#4490 = ( GEOMETRIC_REPRESENTATION_CONTEXT(2)
PARAMETRIC_REPRESENTATION_CONTEXT() REPRESENTATION_CONTEXT('2D SPACE',''
  ) );
#4491 = PCURVE('',#633,#4492);
#4492 = DEFINITIONAL_REPRESENTATION('',(#4493),#4497);
#4493 = LINE('',#4494,#4495);
#4494 = CARTESIAN_POINT('',(25.,0.));
#4495 = VECTOR('',#4496,1.);
#4496 = DIRECTION('',(0.,-1.));
#4497 = ( GEOMETRIC_REPRESENTATION_CONTEXT(2)
PARAMETRIC_REPRESENTATION_CONTEXT() REPRESENTATION_CONTEXT('2D SPACE',''
  ) );
#4498 = ORIENTED_EDGE('',*,*,#823,.T.);
#4499 = ADVANCED_FACE('',(#4500),#633,.F.);
#4500 = FACE_BOUND('',#4501,.F.);
#4501 = EDGE_LOOP('',(#4502,#4525,#4526,#4527,#4528,#4529));
#4502 = ORIENTED_EDGE('',*,*,#4503,.F.);
#4503 = EDGE_CURVE('',#4310,#4504,#4506,.T.);
#4504 = VERTEX_POINT('',#4505);
#4505 = CARTESIAN_POINT('',(76.126460230638,0.,119.46089880878));
#4506 = SURFACE_CURVE('',#4507,(#4511,#4518),.PCURVE_S1.);
#4507 = LINE('',#4508,#4509);
#4508 = CARTESIAN_POINT('',(85.974442695117,0.,142.43952455923));
#4509 = VECTOR('',#4510,1.);
#4510 = DIRECTION('',(-0.393919298579,0.,-0.919145030018));
#4511 = PCURVE('',#633,#4512);
#4512 = DEFINITIONAL_REPRESENTATION('',(#4513),#4517);
#4513 = LINE('',#4514,#4515);
#4514 = CARTESIAN_POINT('',(0.,0.));
#4515 = VECTOR('',#4516,1.);
#4516 = DIRECTION('',(1.,0.));
#4517 = ( GEOMETRIC_REPRESENTATION_CONTEXT(2)
PARAMETRIC_REPRESENTATION_CONTEXT() REPRESENTATION_CONTEXT('2D SPACE',''
  ) );
#4518 = PCURVE('',#698,#4519);
#4519 = DEFINITIONAL_REPRESENTATION('',(#4520),#4524);
#4520 = LINE('',#4521,#4522);
#4521 = CARTESIAN_POINT('',(8.928837434461,10.898433927357));
#4522 = VECTOR('',#4523,1.);
#4523 = DIRECTION('',(-0.919145030018,-0.393919298579));
#4524 = ( GEOMETRIC_REPRESENTATION_CONTEXT(2)
PARAMETRIC_REPRESENTATION_CONTEXT() REPRESENTATION_CONTEXT('2D SPACE',''
  ) );
#4525 = ORIENTED_EDGE('',*,*,#4359,.F.);
#4526 = ORIENTED_EDGE('',*,*,#800,.T.);
#4527 = ORIENTED_EDGE('',*,*,#4478,.F.);
#4528 = ORIENTED_EDGE('',*,*,#610,.F.);
#4529 = ORIENTED_EDGE('',*,*,#4530,.F.);
#4530 = EDGE_CURVE('',#4504,#611,#4531,.T.);
#4531 = SURFACE_CURVE('',#4532,(#4536,#4543),.PCURVE_S1.);
#4532 = LINE('',#4533,#4534);
#4533 = CARTESIAN_POINT('',(76.126460230638,0.,119.46089880878));
#4534 = VECTOR('',#4535,1.);
#4535 = DIRECTION('',(0.,1.,0.));
#4536 = PCURVE('',#633,#4537);
#4537 = DEFINITIONAL_REPRESENTATION('',(#4538),#4542);
#4538 = LINE('',#4539,#4540);
#4539 = CARTESIAN_POINT('',(25.,0.));
#4540 = VECTOR('',#4541,1.);
#4541 = DIRECTION('',(0.,-1.));
#4542 = ( GEOMETRIC_REPRESENTATION_CONTEXT(2)
PARAMETRIC_REPRESENTATION_CONTEXT() REPRESENTATION_CONTEXT('2D SPACE',''
  ) );
#4543 = PCURVE('',#668,#4544);
#4544 = DEFINITIONAL_REPRESENTATION('',(#4545),#4549);
#4545 = LINE('',#4546,#4547);
#4546 = CARTESIAN_POINT('',(0.,0.));
#4547 = VECTOR('',#4548,1.);
#4548 = DIRECTION('',(0.,-1.));
#4549 = ( GEOMETRIC_REPRESENTATION_CONTEXT(2)
PARAMETRIC_REPRESENTATION_CONTEXT() REPRESENTATION_CONTEXT('2D SPACE',''
  ) );
#4550 = ADVANCED_FACE('',(#4551),#668,.F.);
#4551 = FACE_BOUND('',#4552,.F.);
#4552 = EDGE_LOOP('',(#4553,#4574,#4575));
#4553 = ORIENTED_EDGE('',*,*,#4554,.F.);
#4554 = EDGE_CURVE('',#4504,#646,#4555,.T.);
#4555 = SURFACE_CURVE('',#4556,(#4560,#4567),.PCURVE_S1.);
#4556 = LINE('',#4557,#4558);
#4557 = CARTESIAN_POINT('',(76.126460230638,0.,119.46089880878));
#4558 = VECTOR('',#4559,1.);
#4559 = DIRECTION('',(-0.919145030018,0.,0.393919298579));
#4560 = PCURVE('',#668,#4561);
#4561 = DEFINITIONAL_REPRESENTATION('',(#4562),#4566);
#4562 = LINE('',#4563,#4564);
#4563 = CARTESIAN_POINT('',(0.,0.));
#4564 = VECTOR('',#4565,1.);
#4565 = DIRECTION('',(1.,0.));
#4566 = ( GEOMETRIC_REPRESENTATION_CONTEXT(2)
PARAMETRIC_REPRESENTATION_CONTEXT() REPRESENTATION_CONTEXT('2D SPACE',''
  ) );
#4567 = PCURVE('',#698,#4568);
#4568 = DEFINITIONAL_REPRESENTATION('',(#4569),#4573);
#4569 = LINE('',#4570,#4571);
#4570 = CARTESIAN_POINT('',(-14.04978831599,1.050451462878));
#4571 = VECTOR('',#4572,1.);
#4572 = DIRECTION('',(0.393919298579,-0.919145030018));
#4573 = ( GEOMETRIC_REPRESENTATION_CONTEXT(2)
PARAMETRIC_REPRESENTATION_CONTEXT() REPRESENTATION_CONTEXT('2D SPACE',''
  ) );
#4574 = ORIENTED_EDGE('',*,*,#4530,.T.);
#4575 = ORIENTED_EDGE('',*,*,#645,.F.);
#4576 = ADVANCED_FACE('',(#4577,#4605),#698,.F.);
#4577 = FACE_BOUND('',#4578,.F.);
#4578 = EDGE_LOOP('',(#4579,#4580,#4581,#4582,#4583,#4584,#4585));
#4579 = ORIENTED_EDGE('',*,*,#4430,.T.);
#4580 = ORIENTED_EDGE('',*,*,#4381,.T.);
#4581 = ORIENTED_EDGE('',*,*,#4309,.F.);
#4582 = ORIENTED_EDGE('',*,*,#4503,.T.);
#4583 = ORIENTED_EDGE('',*,*,#4554,.T.);
#4584 = ORIENTED_EDGE('',*,*,#680,.F.);
#4585 = ORIENTED_EDGE('',*,*,#4586,.T.);
#4586 = EDGE_CURVE('',#404,#4431,#4587,.T.);
#4587 = SURFACE_CURVE('',#4588,(#4592,#4599),.PCURVE_S1.);
#4588 = LINE('',#4589,#4590);
#4589 = CARTESIAN_POINT('',(72.404134482847,-2.442007746486E-16,
    122.1780838841));
#4590 = VECTOR('',#4591,1.);
#4591 = DIRECTION('',(-0.9992953996,0.,3.753271024064E-02));
#4592 = PCURVE('',#698,#4593);
#4593 = DEFINITIONAL_REPRESENTATION('',(#4594),#4598);
#4594 = LINE('',#4595,#4596);
#4595 = CARTESIAN_POINT('',(-11.33260324067,-2.671874284913));
#4596 = VECTOR('',#4597,1.);
#4597 = DIRECTION('',(3.753271024064E-02,-0.9992953996));
#4598 = ( GEOMETRIC_REPRESENTATION_CONTEXT(2)
PARAMETRIC_REPRESENTATION_CONTEXT() REPRESENTATION_CONTEXT('2D SPACE',''
  ) );
#4599 = PCURVE('',#420,#4600);
#4600 = DEFINITIONAL_REPRESENTATION('',(#4601),#4604);
#4601 = B_SPLINE_CURVE_WITH_KNOTS('',1,(#4602,#4603),.UNSPECIFIED.,.F.,
  .F.,(2,2),(-4.246308217446,8.232360166709),.PIECEWISE_BEZIER_KNOTS.);
#4602 = CARTESIAN_POINT('',(-4.493401801319,-6.5));
#4603 = CARTESIAN_POINT('',(-4.518479901538,5.978643184682));
#4604 = ( GEOMETRIC_REPRESENTATION_CONTEXT(2)
PARAMETRIC_REPRESENTATION_CONTEXT() REPRESENTATION_CONTEXT('2D SPACE',''
  ) );
#4605 = FACE_BOUND('',#4606,.F.);
#4606 = EDGE_LOOP('',(#4607,#4608,#4609));
#4607 = ORIENTED_EDGE('',*,*,#3966,.F.);
#4608 = ORIENTED_EDGE('',*,*,#4207,.T.);
#4609 = ORIENTED_EDGE('',*,*,#4236,.T.);
#4610 = ADVANCED_FACE('',(#4611),#420,.T.);
#4611 = FACE_BOUND('',#4612,.T.);
#4612 = EDGE_LOOP('',(#4613,#4614,#4615,#4616,#4617));
#4613 = ORIENTED_EDGE('',*,*,#519,.T.);
#4614 = ORIENTED_EDGE('',*,*,#401,.T.);
#4615 = ORIENTED_EDGE('',*,*,#4586,.T.);
#4616 = ORIENTED_EDGE('',*,*,#4453,.T.);
#4617 = ORIENTED_EDGE('',*,*,#845,.F.);
#4618 = ADVANCED_FACE('',(#4619,#4646,#8792),#100,.T.);
#4619 = FACE_BOUND('',#4620,.T.);
#4620 = EDGE_LOOP('',(#4621,#4622,#4623,#4624,#4625));
#4621 = ORIENTED_EDGE('',*,*,#83,.F.);
#4622 = ORIENTED_EDGE('',*,*,#167,.T.);
#4623 = ORIENTED_EDGE('',*,*,#243,.T.);
#4624 = ORIENTED_EDGE('',*,*,#481,.F.);
#4625 = ORIENTED_EDGE('',*,*,#4626,.T.);
#4626 = EDGE_CURVE('',#455,#58,#4627,.T.);
#4627 = SURFACE_CURVE('',#4628,(#4632,#4639),.PCURVE_S1.);
#4628 = LINE('',#4629,#4630);
#4629 = CARTESIAN_POINT('',(67.,6.5,40.));
#4630 = VECTOR('',#4631,1.);
#4631 = DIRECTION('',(-1.,0.,0.));
#4632 = PCURVE('',#100,#4633);
#4633 = DEFINITIONAL_REPRESENTATION('',(#4634),#4638);
#4634 = LINE('',#4635,#4636);
#4635 = CARTESIAN_POINT('',(-32.,-6.5));
#4636 = VECTOR('',#4637,1.);
#4637 = DIRECTION('',(1.,0.));
#4638 = ( GEOMETRIC_REPRESENTATION_CONTEXT(2)
PARAMETRIC_REPRESENTATION_CONTEXT() REPRESENTATION_CONTEXT('2D SPACE',''
  ) );
#4639 = PCURVE('',#72,#4640);
#4640 = DEFINITIONAL_REPRESENTATION('',(#4641),#4645);
#4641 = LINE('',#4642,#4643);
#4642 = CARTESIAN_POINT('',(0.,-3.8));
#4643 = VECTOR('',#4644,1.);
#4644 = DIRECTION('',(1.,0.));
#4645 = ( GEOMETRIC_REPRESENTATION_CONTEXT(2)
PARAMETRIC_REPRESENTATION_CONTEXT() REPRESENTATION_CONTEXT('2D SPACE',''
  ) );
#4646 = FACE_BOUND('',#4647,.T.);
#4647 = EDGE_LOOP('',(#4648,#4678,#4706,#4732,#4758,#4784,#4810,#4836,
    #4862,#4888,#4914,#4940,#4966,#4992,#5020,#5048,#5076,#5104,#5132,
    #5160,#5188,#5216,#5244,#5272,#5300,#5328,#5356,#5384,#5412,#5440,
    #5466,#5492,#5518,#5544,#5570,#5596,#5622,#5648,#5674,#5700,#5726,
    #5752,#5778,#5804,#5830,#5856,#5882,#5910,#5938,#5966,#5994,#6022,
    #6050,#6078,#6106,#6134,#6162,#6190,#6218,#6246,#6274,#6302,#6330,
    #6358,#6386,#6414,#6442,#6470,#6498,#6526,#6554,#6582,#6610,#6638,
    #6666,#6694,#6722,#6750,#6778,#6806,#6834,#6862,#6890,#6918,#6946,
    #6974,#7002,#7030,#7058,#7086,#7114,#7142,#7170,#7198,#7226,#7254,
    #7282,#7310,#7338,#7366,#7394,#7422,#7450,#7478,#7506,#7534,#7562,
    #7590,#7618,#7646,#7674,#7702,#7730,#7758,#7786,#7814,#7842,#7870,
    #7898,#7926,#7954,#7982,#8010,#8038,#8066,#8094,#8122,#8150,#8178,
    #8206,#8234,#8262,#8290,#8318,#8346,#8374,#8402,#8430,#8458,#8486,
    #8514,#8542,#8570,#8598,#8626,#8654,#8682,#8710,#8738,#8766));
#4648 = ORIENTED_EDGE('',*,*,#4649,.T.);
#4649 = EDGE_CURVE('',#4650,#4652,#4654,.T.);
#4650 = VERTEX_POINT('',#4651);
#4651 = CARTESIAN_POINT('',(47.947079786577,7.475,40.));
#4652 = VERTEX_POINT('',#4653);
#4653 = CARTESIAN_POINT('',(48.436970992173,6.553648644497,40.));
#4654 = SURFACE_CURVE('',#4655,(#4659,#4666),.PCURVE_S1.);
#4655 = LINE('',#4656,#4657);
#4656 = CARTESIAN_POINT('',(48.314498190774,6.783986483373,40.));
#4657 = VECTOR('',#4658,1.);
#4658 = DIRECTION('',(0.469471562786,-0.882947592859,-5.212181384117E-17
    ));
#4659 = PCURVE('',#100,#4660);
#4660 = DEFINITIONAL_REPRESENTATION('',(#4661),#4665);
#4661 = LINE('',#4662,#4663);
#4662 = CARTESIAN_POINT('',(-13.31449819077,-6.783986483373));
#4663 = VECTOR('',#4664,1.);
#4664 = DIRECTION('',(-0.469471562786,0.882947592859));
#4665 = ( GEOMETRIC_REPRESENTATION_CONTEXT(2)
PARAMETRIC_REPRESENTATION_CONTEXT() REPRESENTATION_CONTEXT('2D SPACE',''
  ) );
#4666 = PCURVE('',#4667,#4672);
#4667 = PLANE('',#4668);
#4668 = AXIS2_PLACEMENT_3D('',#4669,#4670,#4671);
#4669 = CARTESIAN_POINT('',(48.436970992173,6.553648644497,37.5));
#4670 = DIRECTION('',(-0.882947592859,-0.469471562786,9.802687471293E-17
    ));
#4671 = DIRECTION('',(-0.469471562786,0.882947592859,5.212181384117E-17)
  );
#4672 = DEFINITIONAL_REPRESENTATION('',(#4673),#4677);
#4673 = LINE('',#4674,#4675);
#4674 = CARTESIAN_POINT('',(0.260873737851,-2.5));
#4675 = VECTOR('',#4676,1.);
#4676 = DIRECTION('',(-1.,0.));
#4677 = ( GEOMETRIC_REPRESENTATION_CONTEXT(2)
PARAMETRIC_REPRESENTATION_CONTEXT() REPRESENTATION_CONTEXT('2D SPACE',''
  ) );
#4678 = ORIENTED_EDGE('',*,*,#4679,.T.);
#4679 = EDGE_CURVE('',#4652,#4680,#4682,.T.);
#4680 = VERTEX_POINT('',#4681);
#4681 = CARTESIAN_POINT('',(48.861398625773,5.600368571568,40.));
#4682 = SURFACE_CURVE('',#4683,(#4687,#4694),.PCURVE_S1.);
#4683 = LINE('',#4684,#4685);
#4684 = CARTESIAN_POINT('',(48.436970992173,6.553648644497,40.));
#4685 = VECTOR('',#4686,1.);
#4686 = DIRECTION('',(0.406736643076,-0.913545457643,0.));
#4687 = PCURVE('',#100,#4688);
#4688 = DEFINITIONAL_REPRESENTATION('',(#4689),#4693);
#4689 = LINE('',#4690,#4691);
#4690 = CARTESIAN_POINT('',(-13.43697099217,-6.553648644497));
#4691 = VECTOR('',#4692,1.);
#4692 = DIRECTION('',(-0.406736643076,0.913545457643));
#4693 = ( GEOMETRIC_REPRESENTATION_CONTEXT(2)
PARAMETRIC_REPRESENTATION_CONTEXT() REPRESENTATION_CONTEXT('2D SPACE',''
  ) );
#4694 = PCURVE('',#4695,#4700);
#4695 = PLANE('',#4696);
#4696 = AXIS2_PLACEMENT_3D('',#4697,#4698,#4699);
#4697 = CARTESIAN_POINT('',(48.861398625773,5.600368571568,37.5));
#4698 = DIRECTION('',(-0.913545457643,-0.406736643076,1.014239201117E-16
    ));
#4699 = DIRECTION('',(-0.406736643076,0.913545457643,4.515683861015E-17)
  );
#4700 = DEFINITIONAL_REPRESENTATION('',(#4701),#4705);
#4701 = LINE('',#4702,#4703);
#4702 = CARTESIAN_POINT('',(1.043494951405,-2.5));
#4703 = VECTOR('',#4704,1.);
#4704 = DIRECTION('',(-1.,-4.515683861015E-17));
#4705 = ( GEOMETRIC_REPRESENTATION_CONTEXT(2)
PARAMETRIC_REPRESENTATION_CONTEXT() REPRESENTATION_CONTEXT('2D SPACE',''
  ) );
#4706 = ORIENTED_EDGE('',*,*,#4707,.T.);
#4707 = EDGE_CURVE('',#4680,#4708,#4710,.T.);
#4708 = VERTEX_POINT('',#4709);
#4709 = CARTESIAN_POINT('',(49.218294918613,4.619804065905,40.));
#4710 = SURFACE_CURVE('',#4711,(#4715,#4721),.PCURVE_S1.);
#4711 = LINE('',#4712,#4713);
#4712 = CARTESIAN_POINT('',(49.129070845403,4.864945192321,40.));
#4713 = VECTOR('',#4714,1.);
#4714 = DIRECTION('',(0.342020143326,-0.939692620786,-3.797186380058E-17
    ));
#4715 = PCURVE('',#100,#4716);
#4716 = DEFINITIONAL_REPRESENTATION('',(#4717),#4720);
#4717 = B_SPLINE_CURVE_WITH_KNOTS('',1,(#4718,#4719),.UNSPECIFIED.,.F.,
  .F.,(2,2),(-0.782621213554,0.260873737851),.PIECEWISE_BEZIER_KNOTS.);
#4718 = CARTESIAN_POINT('',(-13.86139862577,-5.600368571568));
#4719 = CARTESIAN_POINT('',(-14.21829491861,-4.619804065905));
#4720 = ( GEOMETRIC_REPRESENTATION_CONTEXT(2)
PARAMETRIC_REPRESENTATION_CONTEXT() REPRESENTATION_CONTEXT('2D SPACE',''
  ) );
#4721 = PCURVE('',#4722,#4727);
#4722 = PLANE('',#4723);
#4723 = AXIS2_PLACEMENT_3D('',#4724,#4725,#4726);
#4724 = CARTESIAN_POINT('',(49.218294918613,4.619804065905,37.5));
#4725 = DIRECTION('',(-0.939692620786,-0.342020143326,1.043268383667E-16
    ));
#4726 = DIRECTION('',(-0.342020143326,0.939692620786,3.797186380058E-17)
  );
#4727 = DEFINITIONAL_REPRESENTATION('',(#4728),#4731);
#4728 = B_SPLINE_CURVE_WITH_KNOTS('',1,(#4729,#4730),.UNSPECIFIED.,.F.,
  .F.,(2,2),(-0.782621213554,0.260873737851),.PIECEWISE_BEZIER_KNOTS.);
#4729 = CARTESIAN_POINT('',(1.043494951405,-2.5));
#4730 = CARTESIAN_POINT('',(0.,-2.5));
#4731 = ( GEOMETRIC_REPRESENTATION_CONTEXT(2)
PARAMETRIC_REPRESENTATION_CONTEXT() REPRESENTATION_CONTEXT('2D SPACE',''
  ) );
#4732 = ORIENTED_EDGE('',*,*,#4733,.T.);
#4733 = EDGE_CURVE('',#4708,#4734,#4736,.T.);
#4734 = VERTEX_POINT('',#4735);
#4735 = CARTESIAN_POINT('',(49.505921107826,3.616732339215,40.));
#4736 = SURFACE_CURVE('',#4737,(#4741,#4747),.PCURVE_S1.);
#4737 = LINE('',#4738,#4739);
#4738 = CARTESIAN_POINT('',(49.434014560523,3.867500270888,40.));
#4739 = VECTOR('',#4740,1.);
#4740 = DIRECTION('',(0.275637355817,-0.961261695938,-3.060189388748E-17
    ));
#4741 = PCURVE('',#100,#4742);
#4742 = DEFINITIONAL_REPRESENTATION('',(#4743),#4746);
#4743 = B_SPLINE_CURVE_WITH_KNOTS('',1,(#4744,#4745),.UNSPECIFIED.,.F.,
  .F.,(2,2),(-0.782621213554,0.260873737851),.PIECEWISE_BEZIER_KNOTS.);
#4744 = CARTESIAN_POINT('',(-14.21829491861,-4.619804065905));
#4745 = CARTESIAN_POINT('',(-14.50592110782,-3.616732339215));
#4746 = ( GEOMETRIC_REPRESENTATION_CONTEXT(2)
PARAMETRIC_REPRESENTATION_CONTEXT() REPRESENTATION_CONTEXT('2D SPACE',''
  ) );
#4747 = PCURVE('',#4748,#4753);
#4748 = PLANE('',#4749);
#4749 = AXIS2_PLACEMENT_3D('',#4750,#4751,#4752);
#4750 = CARTESIAN_POINT('',(49.505921107826,3.616732339215,37.5));
#4751 = DIRECTION('',(-0.961261695938,-0.275637355817,1.067214867521E-16
    ));
#4752 = DIRECTION('',(-0.275637355817,0.961261695938,3.060189388748E-17)
  );
#4753 = DEFINITIONAL_REPRESENTATION('',(#4754),#4757);
#4754 = B_SPLINE_CURVE_WITH_KNOTS('',1,(#4755,#4756),.UNSPECIFIED.,.F.,
  .F.,(2,2),(-0.782621213554,0.260873737851),.PIECEWISE_BEZIER_KNOTS.);
#4755 = CARTESIAN_POINT('',(1.043494951405,-2.5));
#4756 = CARTESIAN_POINT('',(0.,-2.5));
#4757 = ( GEOMETRIC_REPRESENTATION_CONTEXT(2)
PARAMETRIC_REPRESENTATION_CONTEXT() REPRESENTATION_CONTEXT('2D SPACE',''
  ) );
#4758 = ORIENTED_EDGE('',*,*,#4759,.T.);
#4759 = EDGE_CURVE('',#4734,#4760,#4762,.T.);
#4760 = VERTEX_POINT('',#4761);
#4761 = CARTESIAN_POINT('',(49.722875907533,2.596040256121,40.));
#4762 = SURFACE_CURVE('',#4763,(#4767,#4773),.PCURVE_S1.);
#4763 = LINE('',#4764,#4765);
#4764 = CARTESIAN_POINT('',(49.668637207606,2.851213276894,40.));
#4765 = VECTOR('',#4766,1.);
#4766 = DIRECTION('',(0.207911690818,-0.978147600734,-2.308283462346E-17
    ));
#4767 = PCURVE('',#100,#4768);
#4768 = DEFINITIONAL_REPRESENTATION('',(#4769),#4772);
#4769 = B_SPLINE_CURVE_WITH_KNOTS('',1,(#4770,#4771),.UNSPECIFIED.,.F.,
  .F.,(2,2),(-0.782621213554,0.260873737851),.PIECEWISE_BEZIER_KNOTS.);
#4770 = CARTESIAN_POINT('',(-14.50592110782,-3.616732339215));
#4771 = CARTESIAN_POINT('',(-14.72287590753,-2.596040256121));
#4772 = ( GEOMETRIC_REPRESENTATION_CONTEXT(2)
PARAMETRIC_REPRESENTATION_CONTEXT() REPRESENTATION_CONTEXT('2D SPACE',''
  ) );
#4773 = PCURVE('',#4774,#4779);
#4774 = PLANE('',#4775);
#4775 = AXIS2_PLACEMENT_3D('',#4776,#4777,#4778);
#4776 = CARTESIAN_POINT('',(49.722875907533,2.596040256121,37.5));
#4777 = DIRECTION('',(-0.978147600734,-0.207911690818,1.085961987817E-16
    ));
#4778 = DIRECTION('',(-0.207911690818,0.978147600734,2.308283462346E-17)
  );
#4779 = DEFINITIONAL_REPRESENTATION('',(#4780),#4783);
#4780 = B_SPLINE_CURVE_WITH_KNOTS('',1,(#4781,#4782),.UNSPECIFIED.,.F.,
  .F.,(2,2),(-0.782621213554,0.260873737851),.PIECEWISE_BEZIER_KNOTS.);
#4781 = CARTESIAN_POINT('',(1.043494951405,-2.5));
#4782 = CARTESIAN_POINT('',(0.,-2.5));
#4783 = ( GEOMETRIC_REPRESENTATION_CONTEXT(2)
PARAMETRIC_REPRESENTATION_CONTEXT() REPRESENTATION_CONTEXT('2D SPACE',''
  ) );
#4784 = ORIENTED_EDGE('',*,*,#4785,.T.);
#4785 = EDGE_CURVE('',#4760,#4786,#4788,.T.);
#4786 = VERTEX_POINT('',#4787);
#4787 = CARTESIAN_POINT('',(49.868102335756,1.562700525851,40.));
#4788 = SURFACE_CURVE('',#4789,(#4793,#4799),.PCURVE_S1.);
#4789 = LINE('',#4790,#4791);
#4790 = CARTESIAN_POINT('',(49.8317957287,1.821035458419,40.));
#4791 = VECTOR('',#4792,1.);
#4792 = DIRECTION('',(0.13917310096,-0.990268068742,-1.545131810943E-17)
  );
#4793 = PCURVE('',#100,#4794);
#4794 = DEFINITIONAL_REPRESENTATION('',(#4795),#4798);
#4795 = B_SPLINE_CURVE_WITH_KNOTS('',1,(#4796,#4797),.UNSPECIFIED.,.F.,
  .F.,(2,2),(-0.782621213554,0.260873737851),.PIECEWISE_BEZIER_KNOTS.);
#4796 = CARTESIAN_POINT('',(-14.72287590753,-2.596040256121));
#4797 = CARTESIAN_POINT('',(-14.86810233575,-1.562700525851));
#4798 = ( GEOMETRIC_REPRESENTATION_CONTEXT(2)
PARAMETRIC_REPRESENTATION_CONTEXT() REPRESENTATION_CONTEXT('2D SPACE',''
  ) );
#4799 = PCURVE('',#4800,#4805);
#4800 = PLANE('',#4801);
#4801 = AXIS2_PLACEMENT_3D('',#4802,#4803,#4804);
#4802 = CARTESIAN_POINT('',(49.868102335756,1.562700525851,37.5));
#4803 = DIRECTION('',(-0.990268068742,-0.13917310096,1.099418410468E-16)
  );
#4804 = DIRECTION('',(-0.13917310096,0.990268068742,1.545131810943E-17)
  );
#4805 = DEFINITIONAL_REPRESENTATION('',(#4806),#4809);
#4806 = B_SPLINE_CURVE_WITH_KNOTS('',1,(#4807,#4808),.UNSPECIFIED.,.F.,
  .F.,(2,2),(-0.782621213554,0.260873737851),.PIECEWISE_BEZIER_KNOTS.);
#4807 = CARTESIAN_POINT('',(1.043494951405,-2.5));
#4808 = CARTESIAN_POINT('',(0.,-2.5));
#4809 = ( GEOMETRIC_REPRESENTATION_CONTEXT(2)
PARAMETRIC_REPRESENTATION_CONTEXT() REPRESENTATION_CONTEXT('2D SPACE',''
  ) );
#4810 = ORIENTED_EDGE('',*,*,#4811,.T.);
#4811 = EDGE_CURVE('',#4786,#4812,#4814,.T.);
#4812 = VERTEX_POINT('',#4813);
#4813 = CARTESIAN_POINT('',(49.940892863935,0.521747475702,40.));
#4814 = SURFACE_CURVE('',#4815,(#4819,#4825),.PCURVE_S1.);
#4815 = LINE('',#4816,#4817);
#4816 = CARTESIAN_POINT('',(49.922695231891,0.78198573824,40.));
#4817 = VECTOR('',#4818,1.);
#4818 = DIRECTION('',(6.975647374413E-02,-0.99756405026,
    -7.744524326739E-18));
#4819 = PCURVE('',#100,#4820);
#4820 = DEFINITIONAL_REPRESENTATION('',(#4821),#4824);
#4821 = B_SPLINE_CURVE_WITH_KNOTS('',1,(#4822,#4823),.UNSPECIFIED.,.F.,
  .F.,(2,2),(-0.782621213554,0.260873737851),.PIECEWISE_BEZIER_KNOTS.);
#4822 = CARTESIAN_POINT('',(-14.86810233575,-1.562700525851));
#4823 = CARTESIAN_POINT('',(-14.94089286393,-0.521747475702));
#4824 = ( GEOMETRIC_REPRESENTATION_CONTEXT(2)
PARAMETRIC_REPRESENTATION_CONTEXT() REPRESENTATION_CONTEXT('2D SPACE',''
  ) );
#4825 = PCURVE('',#4826,#4831);
#4826 = PLANE('',#4827);
#4827 = AXIS2_PLACEMENT_3D('',#4828,#4829,#4830);
#4828 = CARTESIAN_POINT('',(49.940892863935,0.521747475702,37.5));
#4829 = DIRECTION('',(-0.99756405026,-6.975647374413E-02,
    1.107518577137E-16));
#4830 = DIRECTION('',(-6.975647374413E-02,0.99756405026,
    7.744524326739E-18));
#4831 = DEFINITIONAL_REPRESENTATION('',(#4832),#4835);
#4832 = B_SPLINE_CURVE_WITH_KNOTS('',1,(#4833,#4834),.UNSPECIFIED.,.F.,
  .F.,(2,2),(-0.782621213554,0.260873737851),.PIECEWISE_BEZIER_KNOTS.);
#4833 = CARTESIAN_POINT('',(1.043494951405,-2.5));
#4834 = CARTESIAN_POINT('',(0.,-2.5));
#4835 = ( GEOMETRIC_REPRESENTATION_CONTEXT(2)
PARAMETRIC_REPRESENTATION_CONTEXT() REPRESENTATION_CONTEXT('2D SPACE',''
  ) );
#4836 = ORIENTED_EDGE('',*,*,#4837,.T.);
#4837 = EDGE_CURVE('',#4812,#4838,#4840,.T.);
#4838 = VERTEX_POINT('',#4839);
#4839 = CARTESIAN_POINT('',(49.940892863935,-0.521747475702,40.));
#4840 = SURFACE_CURVE('',#4841,(#4845,#4851),.PCURVE_S1.);
#4841 = LINE('',#4842,#4843);
#4842 = CARTESIAN_POINT('',(49.940892863935,-0.260873737851,40.));
#4843 = VECTOR('',#4844,1.);
#4844 = DIRECTION('',(0.,-1.,0.));
#4845 = PCURVE('',#100,#4846);
#4846 = DEFINITIONAL_REPRESENTATION('',(#4847),#4850);
#4847 = B_SPLINE_CURVE_WITH_KNOTS('',1,(#4848,#4849),.UNSPECIFIED.,.F.,
  .F.,(2,2),(-0.782621213554,0.260873737851),.PIECEWISE_BEZIER_KNOTS.);
#4848 = CARTESIAN_POINT('',(-14.94089286393,-0.521747475702));
#4849 = CARTESIAN_POINT('',(-14.94089286393,0.521747475702));
#4850 = ( GEOMETRIC_REPRESENTATION_CONTEXT(2)
PARAMETRIC_REPRESENTATION_CONTEXT() REPRESENTATION_CONTEXT('2D SPACE',''
  ) );
#4851 = PCURVE('',#4852,#4857);
#4852 = PLANE('',#4853);
#4853 = AXIS2_PLACEMENT_3D('',#4854,#4855,#4856);
#4854 = CARTESIAN_POINT('',(49.940892863935,-0.521747475702,37.5));
#4855 = DIRECTION('',(-1.,0.,1.110223024625E-16));
#4856 = DIRECTION('',(0.,1.,0.));
#4857 = DEFINITIONAL_REPRESENTATION('',(#4858),#4861);
#4858 = B_SPLINE_CURVE_WITH_KNOTS('',1,(#4859,#4860),.UNSPECIFIED.,.F.,
  .F.,(2,2),(-0.782621213554,0.260873737851),.PIECEWISE_BEZIER_KNOTS.);
#4859 = CARTESIAN_POINT('',(1.043494951405,-2.5));
#4860 = CARTESIAN_POINT('',(0.,-2.5));
#4861 = ( GEOMETRIC_REPRESENTATION_CONTEXT(2)
PARAMETRIC_REPRESENTATION_CONTEXT() REPRESENTATION_CONTEXT('2D SPACE',''
  ) );
#4862 = ORIENTED_EDGE('',*,*,#4863,.T.);
#4863 = EDGE_CURVE('',#4838,#4864,#4866,.T.);
#4864 = VERTEX_POINT('',#4865);
#4865 = CARTESIAN_POINT('',(49.868102335756,-1.562700525851,40.));
#4866 = SURFACE_CURVE('',#4867,(#4871,#4877),.PCURVE_S1.);
#4867 = LINE('',#4868,#4869);
#4868 = CARTESIAN_POINT('',(49.886299967801,-1.302462263314,40.));
#4869 = VECTOR('',#4870,1.);
#4870 = DIRECTION('',(-6.975647374413E-02,-0.99756405026,
    7.744524326739E-18));
#4871 = PCURVE('',#100,#4872);
#4872 = DEFINITIONAL_REPRESENTATION('',(#4873),#4876);
#4873 = B_SPLINE_CURVE_WITH_KNOTS('',1,(#4874,#4875),.UNSPECIFIED.,.F.,
  .F.,(2,2),(-0.782621213554,0.260873737851),.PIECEWISE_BEZIER_KNOTS.);
#4874 = CARTESIAN_POINT('',(-14.94089286393,0.521747475702));
#4875 = CARTESIAN_POINT('',(-14.86810233575,1.562700525851));
#4876 = ( GEOMETRIC_REPRESENTATION_CONTEXT(2)
PARAMETRIC_REPRESENTATION_CONTEXT() REPRESENTATION_CONTEXT('2D SPACE',''
  ) );
#4877 = PCURVE('',#4878,#4883);
#4878 = PLANE('',#4879);
#4879 = AXIS2_PLACEMENT_3D('',#4880,#4881,#4882);
#4880 = CARTESIAN_POINT('',(49.868102335756,-1.562700525851,37.5));
#4881 = DIRECTION('',(-0.99756405026,6.975647374413E-02,
    1.107518577137E-16));
#4882 = DIRECTION('',(6.975647374413E-02,0.99756405026,
    -7.744524326739E-18));
#4883 = DEFINITIONAL_REPRESENTATION('',(#4884),#4887);
#4884 = B_SPLINE_CURVE_WITH_KNOTS('',1,(#4885,#4886),.UNSPECIFIED.,.F.,
  .F.,(2,2),(-0.782621213554,0.260873737851),.PIECEWISE_BEZIER_KNOTS.);
#4885 = CARTESIAN_POINT('',(1.043494951405,-2.5));
#4886 = CARTESIAN_POINT('',(0.,-2.5));
#4887 = ( GEOMETRIC_REPRESENTATION_CONTEXT(2)
PARAMETRIC_REPRESENTATION_CONTEXT() REPRESENTATION_CONTEXT('2D SPACE',''
  ) );
#4888 = ORIENTED_EDGE('',*,*,#4889,.T.);
#4889 = EDGE_CURVE('',#4864,#4890,#4892,.T.);
#4890 = VERTEX_POINT('',#4891);
#4891 = CARTESIAN_POINT('',(49.722875907533,-2.596040256121,40.));
#4892 = SURFACE_CURVE('',#4893,(#4897,#4903),.PCURVE_S1.);
#4893 = LINE('',#4894,#4895);
#4894 = CARTESIAN_POINT('',(49.759182514588,-2.337705323553,40.));
#4895 = VECTOR('',#4896,1.);
#4896 = DIRECTION('',(-0.13917310096,-0.990268068742,1.545131810943E-17)
  );
#4897 = PCURVE('',#100,#4898);
#4898 = DEFINITIONAL_REPRESENTATION('',(#4899),#4902);
#4899 = B_SPLINE_CURVE_WITH_KNOTS('',1,(#4900,#4901),.UNSPECIFIED.,.F.,
  .F.,(2,2),(-0.782621213554,0.260873737851),.PIECEWISE_BEZIER_KNOTS.);
#4900 = CARTESIAN_POINT('',(-14.86810233575,1.562700525851));
#4901 = CARTESIAN_POINT('',(-14.72287590753,2.596040256121));
#4902 = ( GEOMETRIC_REPRESENTATION_CONTEXT(2)
PARAMETRIC_REPRESENTATION_CONTEXT() REPRESENTATION_CONTEXT('2D SPACE',''
  ) );
#4903 = PCURVE('',#4904,#4909);
#4904 = PLANE('',#4905);
#4905 = AXIS2_PLACEMENT_3D('',#4906,#4907,#4908);
#4906 = CARTESIAN_POINT('',(49.722875907533,-2.596040256121,37.5));
#4907 = DIRECTION('',(-0.990268068742,0.13917310096,1.099418410468E-16)
  );
#4908 = DIRECTION('',(0.13917310096,0.990268068742,-1.545131810943E-17)
  );
#4909 = DEFINITIONAL_REPRESENTATION('',(#4910),#4913);
#4910 = B_SPLINE_CURVE_WITH_KNOTS('',1,(#4911,#4912),.UNSPECIFIED.,.F.,
  .F.,(2,2),(-0.782621213554,0.260873737851),.PIECEWISE_BEZIER_KNOTS.);
#4911 = CARTESIAN_POINT('',(1.043494951405,-2.5));
#4912 = CARTESIAN_POINT('',(-5.551115123126E-17,-2.5));
#4913 = ( GEOMETRIC_REPRESENTATION_CONTEXT(2)
PARAMETRIC_REPRESENTATION_CONTEXT() REPRESENTATION_CONTEXT('2D SPACE',''
  ) );
#4914 = ORIENTED_EDGE('',*,*,#4915,.T.);
#4915 = EDGE_CURVE('',#4890,#4916,#4918,.T.);
#4916 = VERTEX_POINT('',#4917);
#4917 = CARTESIAN_POINT('',(49.505921107826,-3.616732339215,40.));
#4918 = SURFACE_CURVE('',#4919,(#4923,#4929),.PCURVE_S1.);
#4919 = LINE('',#4920,#4921);
#4920 = CARTESIAN_POINT('',(49.560159807753,-3.361559318441,40.));
#4921 = VECTOR('',#4922,1.);
#4922 = DIRECTION('',(-0.207911690818,-0.978147600734,2.308283462346E-17
    ));
#4923 = PCURVE('',#100,#4924);
#4924 = DEFINITIONAL_REPRESENTATION('',(#4925),#4928);
#4925 = B_SPLINE_CURVE_WITH_KNOTS('',1,(#4926,#4927),.UNSPECIFIED.,.F.,
  .F.,(2,2),(-0.782621213554,0.260873737851),.PIECEWISE_BEZIER_KNOTS.);
#4926 = CARTESIAN_POINT('',(-14.72287590753,2.596040256121));
#4927 = CARTESIAN_POINT('',(-14.50592110782,3.616732339215));
#4928 = ( GEOMETRIC_REPRESENTATION_CONTEXT(2)
PARAMETRIC_REPRESENTATION_CONTEXT() REPRESENTATION_CONTEXT('2D SPACE',''
  ) );
#4929 = PCURVE('',#4930,#4935);
#4930 = PLANE('',#4931);
#4931 = AXIS2_PLACEMENT_3D('',#4932,#4933,#4934);
#4932 = CARTESIAN_POINT('',(49.505921107826,-3.616732339215,37.5));
#4933 = DIRECTION('',(-0.978147600734,0.207911690818,1.085961987817E-16)
  );
#4934 = DIRECTION('',(0.207911690818,0.978147600734,-2.308283462346E-17)
  );
#4935 = DEFINITIONAL_REPRESENTATION('',(#4936),#4939);
#4936 = B_SPLINE_CURVE_WITH_KNOTS('',1,(#4937,#4938),.UNSPECIFIED.,.F.,
  .F.,(2,2),(-0.782621213554,0.260873737851),.PIECEWISE_BEZIER_KNOTS.);
#4937 = CARTESIAN_POINT('',(1.043494951405,-2.5));
#4938 = CARTESIAN_POINT('',(-5.551115123126E-17,-2.5));
#4939 = ( GEOMETRIC_REPRESENTATION_CONTEXT(2)
PARAMETRIC_REPRESENTATION_CONTEXT() REPRESENTATION_CONTEXT('2D SPACE',''
  ) );
#4940 = ORIENTED_EDGE('',*,*,#4941,.T.);
#4941 = EDGE_CURVE('',#4916,#4942,#4944,.T.);
#4942 = VERTEX_POINT('',#4943);
#4943 = CARTESIAN_POINT('',(49.218294918613,-4.619804065905,40.));
#4944 = SURFACE_CURVE('',#4945,(#4949,#4955),.PCURVE_S1.);
#4945 = LINE('',#4946,#4947);
#4946 = CARTESIAN_POINT('',(49.290201465916,-4.369036134233,40.));
#4947 = VECTOR('',#4948,1.);
#4948 = DIRECTION('',(-0.275637355817,-0.961261695938,3.060189388748E-17
    ));
#4949 = PCURVE('',#100,#4950);
#4950 = DEFINITIONAL_REPRESENTATION('',(#4951),#4954);
#4951 = B_SPLINE_CURVE_WITH_KNOTS('',1,(#4952,#4953),.UNSPECIFIED.,.F.,
  .F.,(2,2),(-0.782621213554,0.260873737851),.PIECEWISE_BEZIER_KNOTS.);
#4952 = CARTESIAN_POINT('',(-14.50592110782,3.616732339215));
#4953 = CARTESIAN_POINT('',(-14.21829491861,4.619804065905));
#4954 = ( GEOMETRIC_REPRESENTATION_CONTEXT(2)
PARAMETRIC_REPRESENTATION_CONTEXT() REPRESENTATION_CONTEXT('2D SPACE',''
  ) );
#4955 = PCURVE('',#4956,#4961);
#4956 = PLANE('',#4957);
#4957 = AXIS2_PLACEMENT_3D('',#4958,#4959,#4960);
#4958 = CARTESIAN_POINT('',(49.218294918613,-4.619804065905,37.5));
#4959 = DIRECTION('',(-0.961261695938,0.275637355817,1.067214867521E-16)
  );
#4960 = DIRECTION('',(0.275637355817,0.961261695938,-3.060189388748E-17)
  );
#4961 = DEFINITIONAL_REPRESENTATION('',(#4962),#4965);
#4962 = B_SPLINE_CURVE_WITH_KNOTS('',1,(#4963,#4964),.UNSPECIFIED.,.F.,
  .F.,(2,2),(-0.782621213554,0.260873737851),.PIECEWISE_BEZIER_KNOTS.);
#4963 = CARTESIAN_POINT('',(1.043494951405,-2.5));
#4964 = CARTESIAN_POINT('',(-5.551115123126E-17,-2.5));
#4965 = ( GEOMETRIC_REPRESENTATION_CONTEXT(2)
PARAMETRIC_REPRESENTATION_CONTEXT() REPRESENTATION_CONTEXT('2D SPACE',''
  ) );
#4966 = ORIENTED_EDGE('',*,*,#4967,.T.);
#4967 = EDGE_CURVE('',#4942,#4968,#4970,.T.);
#4968 = VERTEX_POINT('',#4969);
#4969 = CARTESIAN_POINT('',(48.861398625773,-5.600368571568,40.));
#4970 = SURFACE_CURVE('',#4971,(#4975,#4981),.PCURVE_S1.);
#4971 = LINE('',#4972,#4973);
#4972 = CARTESIAN_POINT('',(48.950622698983,-5.355227445152,40.));
#4973 = VECTOR('',#4974,1.);
#4974 = DIRECTION('',(-0.342020143326,-0.939692620786,3.797186380058E-17
    ));
#4975 = PCURVE('',#100,#4976);
#4976 = DEFINITIONAL_REPRESENTATION('',(#4977),#4980);
#4977 = B_SPLINE_CURVE_WITH_KNOTS('',1,(#4978,#4979),.UNSPECIFIED.,.F.,
  .F.,(2,2),(-0.782621213554,0.260873737851),.PIECEWISE_BEZIER_KNOTS.);
#4978 = CARTESIAN_POINT('',(-14.21829491861,4.619804065905));
#4979 = CARTESIAN_POINT('',(-13.86139862577,5.600368571568));
#4980 = ( GEOMETRIC_REPRESENTATION_CONTEXT(2)
PARAMETRIC_REPRESENTATION_CONTEXT() REPRESENTATION_CONTEXT('2D SPACE',''
  ) );
#4981 = PCURVE('',#4982,#4987);
#4982 = PLANE('',#4983);
#4983 = AXIS2_PLACEMENT_3D('',#4984,#4985,#4986);
#4984 = CARTESIAN_POINT('',(48.861398625773,-5.600368571568,37.5));
#4985 = DIRECTION('',(-0.939692620786,0.342020143326,1.043268383667E-16)
  );
#4986 = DIRECTION('',(0.342020143326,0.939692620786,-3.797186380058E-17)
  );
#4987 = DEFINITIONAL_REPRESENTATION('',(#4988),#4991);
#4988 = B_SPLINE_CURVE_WITH_KNOTS('',1,(#4989,#4990),.UNSPECIFIED.,.F.,
  .F.,(2,2),(-0.782621213554,0.260873737851),.PIECEWISE_BEZIER_KNOTS.);
#4989 = CARTESIAN_POINT('',(1.043494951405,-2.5));
#4990 = CARTESIAN_POINT('',(-1.110223024625E-16,-2.5));
#4991 = ( GEOMETRIC_REPRESENTATION_CONTEXT(2)
PARAMETRIC_REPRESENTATION_CONTEXT() REPRESENTATION_CONTEXT('2D SPACE',''
  ) );
#4992 = ORIENTED_EDGE('',*,*,#4993,.T.);
#4993 = EDGE_CURVE('',#4968,#4994,#4996,.T.);
#4994 = VERTEX_POINT('',#4995);
#4995 = CARTESIAN_POINT('',(48.436970992173,-6.553648644497,40.));
#4996 = SURFACE_CURVE('',#4997,(#5001,#5008),.PCURVE_S1.);
#4997 = LINE('',#4998,#4999);
#4998 = CARTESIAN_POINT('',(48.861398625773,-5.600368571568,40.));
#4999 = VECTOR('',#5000,1.);
#5000 = DIRECTION('',(-0.406736643076,-0.913545457643,0.));
#5001 = PCURVE('',#100,#5002);
#5002 = DEFINITIONAL_REPRESENTATION('',(#5003),#5007);
#5003 = LINE('',#5004,#5005);
#5004 = CARTESIAN_POINT('',(-13.86139862577,5.600368571568));
#5005 = VECTOR('',#5006,1.);
#5006 = DIRECTION('',(0.406736643076,0.913545457643));
#5007 = ( GEOMETRIC_REPRESENTATION_CONTEXT(2)
PARAMETRIC_REPRESENTATION_CONTEXT() REPRESENTATION_CONTEXT('2D SPACE',''
  ) );
#5008 = PCURVE('',#5009,#5014);
#5009 = PLANE('',#5010);
#5010 = AXIS2_PLACEMENT_3D('',#5011,#5012,#5013);
#5011 = CARTESIAN_POINT('',(48.436970992173,-6.553648644497,37.5));
#5012 = DIRECTION('',(-0.913545457643,0.406736643076,1.014239201117E-16)
  );
#5013 = DIRECTION('',(0.406736643076,0.913545457643,-4.515683861015E-17)
  );
#5014 = DEFINITIONAL_REPRESENTATION('',(#5015),#5019);
#5015 = LINE('',#5016,#5017);
#5016 = CARTESIAN_POINT('',(1.043494951405,-2.5));
#5017 = VECTOR('',#5018,1.);
#5018 = DIRECTION('',(-1.,4.515683861015E-17));
#5019 = ( GEOMETRIC_REPRESENTATION_CONTEXT(2)
PARAMETRIC_REPRESENTATION_CONTEXT() REPRESENTATION_CONTEXT('2D SPACE',''
  ) );
#5020 = ORIENTED_EDGE('',*,*,#5021,.T.);
#5021 = EDGE_CURVE('',#4994,#5022,#5024,.T.);
#5022 = VERTEX_POINT('',#5023);
#5023 = CARTESIAN_POINT('',(47.947079786577,-7.475,40.));
#5024 = SURFACE_CURVE('',#5025,(#5029,#5036),.PCURVE_S1.);
#5025 = LINE('',#5026,#5027);
#5026 = CARTESIAN_POINT('',(48.069552587976,-7.244662161124,40.));
#5027 = VECTOR('',#5028,1.);
#5028 = DIRECTION('',(-0.469471562786,-0.882947592859,5.212181384117E-17
    ));
#5029 = PCURVE('',#100,#5030);
#5030 = DEFINITIONAL_REPRESENTATION('',(#5031),#5035);
#5031 = LINE('',#5032,#5033);
#5032 = CARTESIAN_POINT('',(-13.06955258797,7.244662161124));
#5033 = VECTOR('',#5034,1.);
#5034 = DIRECTION('',(0.469471562786,0.882947592859));
#5035 = ( GEOMETRIC_REPRESENTATION_CONTEXT(2)
PARAMETRIC_REPRESENTATION_CONTEXT() REPRESENTATION_CONTEXT('2D SPACE',''
  ) );
#5036 = PCURVE('',#5037,#5042);
#5037 = PLANE('',#5038);
#5038 = AXIS2_PLACEMENT_3D('',#5039,#5040,#5041);
#5039 = CARTESIAN_POINT('',(47.947079786577,-7.475,37.5));
#5040 = DIRECTION('',(-0.882947592859,0.469471562786,9.802687471293E-17)
  );
#5041 = DIRECTION('',(0.469471562786,0.882947592859,-5.212181384117E-17)
  );
#5042 = DEFINITIONAL_REPRESENTATION('',(#5043),#5047);
#5043 = LINE('',#5044,#5045);
#5044 = CARTESIAN_POINT('',(0.260873737851,-2.5));
#5045 = VECTOR('',#5046,1.);
#5046 = DIRECTION('',(-1.,0.));
#5047 = ( GEOMETRIC_REPRESENTATION_CONTEXT(2)
PARAMETRIC_REPRESENTATION_CONTEXT() REPRESENTATION_CONTEXT('2D SPACE',''
  ) );
#5048 = ORIENTED_EDGE('',*,*,#5049,.T.);
#5049 = EDGE_CURVE('',#5022,#5050,#5052,.T.);
#5050 = VERTEX_POINT('',#5051);
#5051 = CARTESIAN_POINT('',(47.394111709698,-8.359933906888,40.));
#5052 = SURFACE_CURVE('',#5053,(#5057,#5064),.PCURVE_S1.);
#5053 = LINE('',#5054,#5055);
#5054 = CARTESIAN_POINT('',(47.532353728918,-8.138700430166,40.));
#5055 = VECTOR('',#5056,1.);
#5056 = DIRECTION('',(-0.529919264233,-0.848048096156,5.883285683441E-17
    ));
#5057 = PCURVE('',#100,#5058);
#5058 = DEFINITIONAL_REPRESENTATION('',(#5059),#5063);
#5059 = LINE('',#5060,#5061);
#5060 = CARTESIAN_POINT('',(-12.53235372891,8.138700430166));
#5061 = VECTOR('',#5062,1.);
#5062 = DIRECTION('',(0.529919264233,0.848048096156));
#5063 = ( GEOMETRIC_REPRESENTATION_CONTEXT(2)
PARAMETRIC_REPRESENTATION_CONTEXT() REPRESENTATION_CONTEXT('2D SPACE',''
  ) );
#5064 = PCURVE('',#5065,#5070);
#5065 = PLANE('',#5066);
#5066 = AXIS2_PLACEMENT_3D('',#5067,#5068,#5069);
#5067 = CARTESIAN_POINT('',(47.394111709698,-8.359933906888,37.5));
#5068 = DIRECTION('',(-0.848048096156,0.529919264233,9.415225223424E-17)
  );
#5069 = DIRECTION('',(0.529919264233,0.848048096156,-5.883285683441E-17)
  );
#5070 = DEFINITIONAL_REPRESENTATION('',(#5071),#5075);
#5071 = LINE('',#5072,#5073);
#5072 = CARTESIAN_POINT('',(0.260873737851,-2.5));
#5073 = VECTOR('',#5074,1.);
#5074 = DIRECTION('',(-1.,0.));
#5075 = ( GEOMETRIC_REPRESENTATION_CONTEXT(2)
PARAMETRIC_REPRESENTATION_CONTEXT() REPRESENTATION_CONTEXT('2D SPACE',''
  ) );
#5076 = ORIENTED_EDGE('',*,*,#5077,.T.);
#5077 = EDGE_CURVE('',#5050,#5078,#5080,.T.);
#5078 = VERTEX_POINT('',#5079);
#5079 = CARTESIAN_POINT('',(46.78076076642,-9.204139056119,40.));
#5080 = SURFACE_CURVE('',#5081,(#5085,#5092),.PCURVE_S1.);
#5081 = LINE('',#5082,#5083);
#5082 = CARTESIAN_POINT('',(46.93409850224,-8.993087768811,40.));
#5083 = VECTOR('',#5084,1.);
#5084 = DIRECTION('',(-0.587785252292,-0.809016994375,6.525727206302E-17
    ));
#5085 = PCURVE('',#100,#5086);
#5086 = DEFINITIONAL_REPRESENTATION('',(#5087),#5091);
#5087 = LINE('',#5088,#5089);
#5088 = CARTESIAN_POINT('',(-11.93409850224,8.993087768811));
#5089 = VECTOR('',#5090,1.);
#5090 = DIRECTION('',(0.587785252292,0.809016994375));
#5091 = ( GEOMETRIC_REPRESENTATION_CONTEXT(2)
PARAMETRIC_REPRESENTATION_CONTEXT() REPRESENTATION_CONTEXT('2D SPACE',''
  ) );
#5092 = PCURVE('',#5093,#5098);
#5093 = PLANE('',#5094);
#5094 = AXIS2_PLACEMENT_3D('',#5095,#5096,#5097);
#5095 = CARTESIAN_POINT('',(46.78076076642,-9.204139056119,37.5));
#5096 = DIRECTION('',(-0.809016994375,0.587785252292,8.981892944681E-17)
  );
#5097 = DIRECTION('',(0.587785252292,0.809016994375,-6.525727206302E-17)
  );
#5098 = DEFINITIONAL_REPRESENTATION('',(#5099),#5103);
#5099 = LINE('',#5100,#5101);
#5100 = CARTESIAN_POINT('',(0.260873737851,-2.5));
#5101 = VECTOR('',#5102,1.);
#5102 = DIRECTION('',(-1.,0.));
#5103 = ( GEOMETRIC_REPRESENTATION_CONTEXT(2)
PARAMETRIC_REPRESENTATION_CONTEXT() REPRESENTATION_CONTEXT('2D SPACE',''
  ) );
#5104 = ORIENTED_EDGE('',*,*,#5105,.T.);
#5105 = EDGE_CURVE('',#5078,#5106,#5108,.T.);
#5106 = VERTEX_POINT('',#5107);
#5107 = CARTESIAN_POINT('',(46.110015140887,-10.00350256506,40.));
#5108 = SURFACE_CURVE('',#5109,(#5113,#5120),.PCURVE_S1.);
#5109 = LINE('',#5110,#5111);
#5110 = CARTESIAN_POINT('',(46.27770154727,-9.803661687828,40.));
#5111 = VECTOR('',#5112,1.);
#5112 = DIRECTION('',(-0.642787609687,-0.766044443119,7.136376042178E-17
    ));
#5113 = PCURVE('',#100,#5114);
#5114 = DEFINITIONAL_REPRESENTATION('',(#5115),#5119);
#5115 = LINE('',#5116,#5117);
#5116 = CARTESIAN_POINT('',(-11.27770154727,9.803661687828));
#5117 = VECTOR('',#5118,1.);
#5118 = DIRECTION('',(0.642787609687,0.766044443119));
#5119 = ( GEOMETRIC_REPRESENTATION_CONTEXT(2)
PARAMETRIC_REPRESENTATION_CONTEXT() REPRESENTATION_CONTEXT('2D SPACE',''
  ) );
#5120 = PCURVE('',#5121,#5126);
#5121 = PLANE('',#5122);
#5122 = AXIS2_PLACEMENT_3D('',#5123,#5124,#5125);
#5123 = CARTESIAN_POINT('',(46.110015140887,-10.00350256506,37.5));
#5124 = DIRECTION('',(-0.766044443119,0.642787609687,8.504801786368E-17)
  );
#5125 = DIRECTION('',(0.642787609687,0.766044443119,-7.136376042178E-17)
  );
#5126 = DEFINITIONAL_REPRESENTATION('',(#5127),#5131);
#5127 = LINE('',#5128,#5129);
#5128 = CARTESIAN_POINT('',(0.260873737851,-2.5));
#5129 = VECTOR('',#5130,1.);
#5130 = DIRECTION('',(-1.,0.));
#5131 = ( GEOMETRIC_REPRESENTATION_CONTEXT(2)
PARAMETRIC_REPRESENTATION_CONTEXT() REPRESENTATION_CONTEXT('2D SPACE',''
  ) );
#5132 = ORIENTED_EDGE('',*,*,#5133,.T.);
#5133 = EDGE_CURVE('',#5106,#5134,#5136,.T.);
#5134 = VERTEX_POINT('',#5135);
#5135 = CARTESIAN_POINT('',(45.385142638362,-10.75413001506,40.));
#5136 = SURFACE_CURVE('',#5137,(#5141,#5148),.PCURVE_S1.);
#5137 = LINE('',#5138,#5139);
#5138 = CARTESIAN_POINT('',(45.566360763993,-10.56647315256,40.));
#5139 = VECTOR('',#5140,1.);
#5140 = DIRECTION('',(-0.694658370459,-0.719339800339,7.712257171322E-17
    ));
#5141 = PCURVE('',#100,#5142);
#5142 = DEFINITIONAL_REPRESENTATION('',(#5143),#5147);
#5143 = LINE('',#5144,#5145);
#5144 = CARTESIAN_POINT('',(-10.56636076399,10.566473152563));
#5145 = VECTOR('',#5146,1.);
#5146 = DIRECTION('',(0.694658370459,0.719339800339));
#5147 = ( GEOMETRIC_REPRESENTATION_CONTEXT(2)
PARAMETRIC_REPRESENTATION_CONTEXT() REPRESENTATION_CONTEXT('2D SPACE',''
  ) );
#5148 = PCURVE('',#5149,#5154);
#5149 = PLANE('',#5150);
#5150 = AXIS2_PLACEMENT_3D('',#5151,#5152,#5153);
#5151 = CARTESIAN_POINT('',(45.385142638362,-10.75413001506,37.5));
#5152 = DIRECTION('',(-0.719339800339,0.694658370459,7.986276088652E-17)
  );
#5153 = DIRECTION('',(0.694658370459,0.719339800339,-7.712257171322E-17)
  );
#5154 = DEFINITIONAL_REPRESENTATION('',(#5155),#5159);
#5155 = LINE('',#5156,#5157);
#5156 = CARTESIAN_POINT('',(0.260873737851,-2.5));
#5157 = VECTOR('',#5158,1.);
#5158 = DIRECTION('',(-1.,0.));
#5159 = ( GEOMETRIC_REPRESENTATION_CONTEXT(2)
PARAMETRIC_REPRESENTATION_CONTEXT() REPRESENTATION_CONTEXT('2D SPACE',''
  ) );
#5160 = ORIENTED_EDGE('',*,*,#5161,.T.);
#5161 = EDGE_CURVE('',#5134,#5162,#5164,.T.);
#5162 = VERTEX_POINT('',#5163);
#5163 = CARTESIAN_POINT('',(44.609674764814,-11.45236442462,40.));
#5164 = SURFACE_CURVE('',#5165,(#5169,#5176),.PCURVE_S1.);
#5165 = LINE('',#5166,#5167);
#5166 = CARTESIAN_POINT('',(44.803541733201,-11.27780582223,40.));
#5167 = VECTOR('',#5168,1.);
#5168 = DIRECTION('',(-0.743144825477,-0.669130606359,8.25056495876E-17)
  );
#5169 = PCURVE('',#100,#5170);
#5170 = DEFINITIONAL_REPRESENTATION('',(#5171),#5175);
#5171 = LINE('',#5172,#5173);
#5172 = CARTESIAN_POINT('',(-9.803541733201,11.277805822237));
#5173 = VECTOR('',#5174,1.);
#5174 = DIRECTION('',(0.743144825477,0.669130606359));
#5175 = ( GEOMETRIC_REPRESENTATION_CONTEXT(2)
PARAMETRIC_REPRESENTATION_CONTEXT() REPRESENTATION_CONTEXT('2D SPACE',''
  ) );
#5176 = PCURVE('',#5177,#5182);
#5177 = PLANE('',#5178);
#5178 = AXIS2_PLACEMENT_3D('',#5179,#5180,#5181);
#5179 = CARTESIAN_POINT('',(44.609674764814,-11.45236442462,37.5));
#5180 = DIRECTION('',(-0.669130606359,0.743144825477,7.42884205661E-17)
  );
#5181 = DIRECTION('',(0.743144825477,0.669130606359,-8.25056495876E-17)
  );
#5182 = DEFINITIONAL_REPRESENTATION('',(#5183),#5187);
#5183 = LINE('',#5184,#5185);
#5184 = CARTESIAN_POINT('',(0.260873737851,-2.5));
#5185 = VECTOR('',#5186,1.);
#5186 = DIRECTION('',(-1.,0.));
#5187 = ( GEOMETRIC_REPRESENTATION_CONTEXT(2)
PARAMETRIC_REPRESENTATION_CONTEXT() REPRESENTATION_CONTEXT('2D SPACE',''
  ) );
#5188 = ORIENTED_EDGE('',*,*,#5189,.T.);
#5189 = EDGE_CURVE('',#5162,#5190,#5192,.T.);
#5190 = VERTEX_POINT('',#5191);
#5191 = CARTESIAN_POINT('',(43.787389521772,-12.0948040659,40.));
#5192 = SURFACE_CURVE('',#5193,(#5197,#5204),.PCURVE_S1.);
#5193 = LINE('',#5194,#5195);
#5194 = CARTESIAN_POINT('',(43.992960832533,-11.93419415558,40.));
#5195 = VECTOR('',#5196,1.);
#5196 = DIRECTION('',(-0.788010753607,-0.615661475326,8.748676823064E-17
    ));
#5197 = PCURVE('',#100,#5198);
#5198 = DEFINITIONAL_REPRESENTATION('',(#5199),#5203);
#5199 = LINE('',#5200,#5201);
#5200 = CARTESIAN_POINT('',(-8.992960832533,11.934194155586));
#5201 = VECTOR('',#5202,1.);
#5202 = DIRECTION('',(0.788010753607,0.615661475326));
#5203 = ( GEOMETRIC_REPRESENTATION_CONTEXT(2)
PARAMETRIC_REPRESENTATION_CONTEXT() REPRESENTATION_CONTEXT('2D SPACE',''
  ) );
#5204 = PCURVE('',#5205,#5210);
#5205 = PLANE('',#5206);
#5206 = AXIS2_PLACEMENT_3D('',#5207,#5208,#5209);
#5207 = CARTESIAN_POINT('',(43.787389521772,-12.0948040659,37.5));
#5208 = DIRECTION('',(-0.615661475326,0.788010753607,6.835215452812E-17)
  );
#5209 = DIRECTION('',(0.788010753607,0.615661475326,-8.748676823064E-17)
  );
#5210 = DEFINITIONAL_REPRESENTATION('',(#5211),#5215);
#5211 = LINE('',#5212,#5213);
#5212 = CARTESIAN_POINT('',(0.260873737851,-2.5));
#5213 = VECTOR('',#5214,1.);
#5214 = DIRECTION('',(-1.,0.));
#5215 = ( GEOMETRIC_REPRESENTATION_CONTEXT(2)
PARAMETRIC_REPRESENTATION_CONTEXT() REPRESENTATION_CONTEXT('2D SPACE',''
  ) );
#5216 = ORIENTED_EDGE('',*,*,#5217,.T.);
#5217 = EDGE_CURVE('',#5190,#5218,#5220,.T.);
#5218 = VERTEX_POINT('',#5219);
#5219 = CARTESIAN_POINT('',(42.922293000286,-12.67831903753,40.));
#5220 = SURFACE_CURVE('',#5221,(#5225,#5232),.PCURVE_S1.);
#5221 = LINE('',#5222,#5223);
#5222 = CARTESIAN_POINT('',(43.138567130658,-12.53244029463,40.));
#5223 = VECTOR('',#5224,1.);
#5224 = DIRECTION('',(-0.829037572555,-0.559192903471,9.2041660133E-17)
  );
#5225 = PCURVE('',#100,#5226);
#5226 = DEFINITIONAL_REPRESENTATION('',(#5227),#5231);
#5227 = LINE('',#5228,#5229);
#5228 = CARTESIAN_POINT('',(-8.138567130658,12.53244029463));
#5229 = VECTOR('',#5230,1.);
#5230 = DIRECTION('',(0.829037572555,0.559192903471));
#5231 = ( GEOMETRIC_REPRESENTATION_CONTEXT(2)
PARAMETRIC_REPRESENTATION_CONTEXT() REPRESENTATION_CONTEXT('2D SPACE',''
  ) );
#5232 = PCURVE('',#5233,#5238);
#5233 = PLANE('',#5234);
#5234 = AXIS2_PLACEMENT_3D('',#5235,#5236,#5237);
#5235 = CARTESIAN_POINT('',(42.922293000286,-12.67831903753,37.5));
#5236 = DIRECTION('',(-0.559192903471,0.829037572555,6.208288366402E-17)
  );
#5237 = DIRECTION('',(0.829037572555,0.559192903471,-9.2041660133E-17));
#5238 = DEFINITIONAL_REPRESENTATION('',(#5239),#5243);
#5239 = LINE('',#5240,#5241);
#5240 = CARTESIAN_POINT('',(0.260873737851,-2.5));
#5241 = VECTOR('',#5242,1.);
#5242 = DIRECTION('',(-1.,0.));
#5243 = ( GEOMETRIC_REPRESENTATION_CONTEXT(2)
PARAMETRIC_REPRESENTATION_CONTEXT() REPRESENTATION_CONTEXT('2D SPACE',''
  ) );
#5244 = ORIENTED_EDGE('',*,*,#5245,.T.);
#5245 = EDGE_CURVE('',#5218,#5246,#5248,.T.);
#5246 = VERTEX_POINT('',#5247);
#5247 = CARTESIAN_POINT('',(40.961591722624,-9.54054108176,40.));
#5248 = SURFACE_CURVE('',#5249,(#5253,#5260),.PCURVE_S1.);
#5249 = LINE('',#5250,#5251);
#5250 = CARTESIAN_POINT('',(37.980795861312,-4.77027054088,40.));
#5251 = VECTOR('',#5252,1.);
#5252 = DIRECTION('',(-0.529919264233,0.848048096156,5.883285683441E-17)
  );
#5253 = PCURVE('',#100,#5254);
#5254 = DEFINITIONAL_REPRESENTATION('',(#5255),#5259);
#5255 = LINE('',#5256,#5257);
#5256 = CARTESIAN_POINT('',(-2.980795861312,4.77027054088));
#5257 = VECTOR('',#5258,1.);
#5258 = DIRECTION('',(0.529919264233,-0.848048096156));
#5259 = ( GEOMETRIC_REPRESENTATION_CONTEXT(2)
PARAMETRIC_REPRESENTATION_CONTEXT() REPRESENTATION_CONTEXT('2D SPACE',''
  ) );
#5260 = PCURVE('',#5261,#5266);
#5261 = PLANE('',#5262);
#5262 = AXIS2_PLACEMENT_3D('',#5263,#5264,#5265);
#5263 = CARTESIAN_POINT('',(40.961591722624,-9.54054108176,37.5));
#5264 = DIRECTION('',(0.848048096156,0.529919264233,-9.415225223424E-17)
  );
#5265 = DIRECTION('',(0.529919264233,-0.848048096156,-5.883285683441E-17
    ));
#5266 = DEFINITIONAL_REPRESENTATION('',(#5267),#5271);
#5267 = LINE('',#5268,#5269);
#5268 = CARTESIAN_POINT('',(-5.625,-2.5));
#5269 = VECTOR('',#5270,1.);
#5270 = DIRECTION('',(-1.,0.));
#5271 = ( GEOMETRIC_REPRESENTATION_CONTEXT(2)
PARAMETRIC_REPRESENTATION_CONTEXT() REPRESENTATION_CONTEXT('2D SPACE',''
  ) );
#5272 = ORIENTED_EDGE('',*,*,#5273,.T.);
#5273 = EDGE_CURVE('',#5246,#5274,#5276,.T.);
#5274 = VERTEX_POINT('',#5275);
#5275 = CARTESIAN_POINT('',(41.61258408829,-9.101441186718,40.));
#5276 = SURFACE_CURVE('',#5277,(#5281,#5288),.PCURVE_S1.);
#5277 = LINE('',#5278,#5279);
#5278 = CARTESIAN_POINT('',(41.449835996874,-9.211216160479,40.));
#5279 = VECTOR('',#5280,1.);
#5280 = DIRECTION('',(0.829037572555,0.559192903471,-9.2041660133E-17));
#5281 = PCURVE('',#100,#5282);
#5282 = DEFINITIONAL_REPRESENTATION('',(#5283),#5287);
#5283 = LINE('',#5284,#5285);
#5284 = CARTESIAN_POINT('',(-6.449835996874,9.211216160479));
#5285 = VECTOR('',#5286,1.);
#5286 = DIRECTION('',(-0.829037572555,-0.559192903471));
#5287 = ( GEOMETRIC_REPRESENTATION_CONTEXT(2)
PARAMETRIC_REPRESENTATION_CONTEXT() REPRESENTATION_CONTEXT('2D SPACE',''
  ) );
#5288 = PCURVE('',#5289,#5294);
#5289 = PLANE('',#5290);
#5290 = AXIS2_PLACEMENT_3D('',#5291,#5292,#5293);
#5291 = CARTESIAN_POINT('',(41.61258408829,-9.101441186718,37.5));
#5292 = DIRECTION('',(0.559192903471,-0.829037572555,-6.208288366402E-17
    ));
#5293 = DIRECTION('',(-0.829037572555,-0.559192903471,9.2041660133E-17)
  );
#5294 = DEFINITIONAL_REPRESENTATION('',(#5295),#5299);
#5295 = LINE('',#5296,#5297);
#5296 = CARTESIAN_POINT('',(0.196309668952,-2.5));
#5297 = VECTOR('',#5298,1.);
#5298 = DIRECTION('',(-1.,0.));
#5299 = ( GEOMETRIC_REPRESENTATION_CONTEXT(2)
PARAMETRIC_REPRESENTATION_CONTEXT() REPRESENTATION_CONTEXT('2D SPACE',''
  ) );
#5300 = ORIENTED_EDGE('',*,*,#5301,.T.);
#5301 = EDGE_CURVE('',#5274,#5302,#5304,.T.);
#5302 = VERTEX_POINT('',#5303);
#5303 = CARTESIAN_POINT('',(42.231360608974,-8.617999985089,40.));
#5304 = SURFACE_CURVE('',#5305,(#5309,#5316),.PCURVE_S1.);
#5305 = LINE('',#5306,#5307);
#5306 = CARTESIAN_POINT('',(42.076666478803,-8.738860285496,40.));
#5307 = VECTOR('',#5308,1.);
#5308 = DIRECTION('',(0.788010753607,0.615661475326,-8.748676823064E-17)
  );
#5309 = PCURVE('',#100,#5310);
#5310 = DEFINITIONAL_REPRESENTATION('',(#5311),#5315);
#5311 = LINE('',#5312,#5313);
#5312 = CARTESIAN_POINT('',(-7.076666478803,8.738860285496));
#5313 = VECTOR('',#5314,1.);
#5314 = DIRECTION('',(-0.788010753607,-0.615661475326));
#5315 = ( GEOMETRIC_REPRESENTATION_CONTEXT(2)
PARAMETRIC_REPRESENTATION_CONTEXT() REPRESENTATION_CONTEXT('2D SPACE',''
  ) );
#5316 = PCURVE('',#5317,#5322);
#5317 = PLANE('',#5318);
#5318 = AXIS2_PLACEMENT_3D('',#5319,#5320,#5321);
#5319 = CARTESIAN_POINT('',(42.231360608974,-8.617999985089,37.5));
#5320 = DIRECTION('',(0.615661475326,-0.788010753607,-6.835215452812E-17
    ));
#5321 = DIRECTION('',(-0.788010753607,-0.615661475326,8.748676823064E-17
    ));
#5322 = DEFINITIONAL_REPRESENTATION('',(#5323),#5327);
#5323 = LINE('',#5324,#5325);
#5324 = CARTESIAN_POINT('',(0.196309668952,-2.5));
#5325 = VECTOR('',#5326,1.);
#5326 = DIRECTION('',(-1.,0.));
#5327 = ( GEOMETRIC_REPRESENTATION_CONTEXT(2)
PARAMETRIC_REPRESENTATION_CONTEXT() REPRESENTATION_CONTEXT('2D SPACE',''
  ) );
#5328 = ORIENTED_EDGE('',*,*,#5329,.T.);
#5329 = EDGE_CURVE('',#5302,#5330,#5332,.T.);
#5330 = VERTEX_POINT('',#5331);
#5331 = CARTESIAN_POINT('',(42.814906667664,-8.09257275381,40.));
#5332 = SURFACE_CURVE('',#5333,(#5337,#5344),.PCURVE_S1.);
#5333 = LINE('',#5334,#5335);
#5334 = CARTESIAN_POINT('',(42.669020152991,-8.22392956163,40.));
#5335 = VECTOR('',#5336,1.);
#5336 = DIRECTION('',(0.743144825477,0.669130606359,-8.25056495876E-17)
  );
#5337 = PCURVE('',#100,#5338);
#5338 = DEFINITIONAL_REPRESENTATION('',(#5339),#5343);
#5339 = LINE('',#5340,#5341);
#5340 = CARTESIAN_POINT('',(-7.669020152991,8.22392956163));
#5341 = VECTOR('',#5342,1.);
#5342 = DIRECTION('',(-0.743144825477,-0.669130606359));
#5343 = ( GEOMETRIC_REPRESENTATION_CONTEXT(2)
PARAMETRIC_REPRESENTATION_CONTEXT() REPRESENTATION_CONTEXT('2D SPACE',''
  ) );
#5344 = PCURVE('',#5345,#5350);
#5345 = PLANE('',#5346);
#5346 = AXIS2_PLACEMENT_3D('',#5347,#5348,#5349);
#5347 = CARTESIAN_POINT('',(42.814906667664,-8.09257275381,37.5));
#5348 = DIRECTION('',(0.669130606359,-0.743144825477,-7.42884205661E-17)
  );
#5349 = DIRECTION('',(-0.743144825477,-0.669130606359,8.25056495876E-17)
  );
#5350 = DEFINITIONAL_REPRESENTATION('',(#5351),#5355);
#5351 = LINE('',#5352,#5353);
#5352 = CARTESIAN_POINT('',(0.196309668952,-2.5));
#5353 = VECTOR('',#5354,1.);
#5354 = DIRECTION('',(-1.,0.));
#5355 = ( GEOMETRIC_REPRESENTATION_CONTEXT(2)
PARAMETRIC_REPRESENTATION_CONTEXT() REPRESENTATION_CONTEXT('2D SPACE',''
  ) );
#5356 = ORIENTED_EDGE('',*,*,#5357,.T.);
#5357 = EDGE_CURVE('',#5330,#5358,#5360,.T.);
#5358 = VERTEX_POINT('',#5359);
#5359 = CARTESIAN_POINT('',(43.360379286621,-7.527719321537,40.));
#5360 = SURFACE_CURVE('',#5361,(#5365,#5372),.PCURVE_S1.);
#5361 = LINE('',#5362,#5363);
#5362 = CARTESIAN_POINT('',(43.224011131881,-7.668932679605,40.));
#5363 = VECTOR('',#5364,1.);
#5364 = DIRECTION('',(0.694658370459,0.719339800339,-7.712257171322E-17)
  );
#5365 = PCURVE('',#100,#5366);
#5366 = DEFINITIONAL_REPRESENTATION('',(#5367),#5371);
#5367 = LINE('',#5368,#5369);
#5368 = CARTESIAN_POINT('',(-8.224011131881,7.668932679605));
#5369 = VECTOR('',#5370,1.);
#5370 = DIRECTION('',(-0.694658370459,-0.719339800339));
#5371 = ( GEOMETRIC_REPRESENTATION_CONTEXT(2)
PARAMETRIC_REPRESENTATION_CONTEXT() REPRESENTATION_CONTEXT('2D SPACE',''
  ) );
#5372 = PCURVE('',#5373,#5378);
#5373 = PLANE('',#5374);
#5374 = AXIS2_PLACEMENT_3D('',#5375,#5376,#5377);
#5375 = CARTESIAN_POINT('',(43.360379286621,-7.527719321537,37.5));
#5376 = DIRECTION('',(0.719339800339,-0.694658370459,-7.986276088652E-17
    ));
#5377 = DIRECTION('',(-0.694658370459,-0.719339800339,7.712257171322E-17
    ));
#5378 = DEFINITIONAL_REPRESENTATION('',(#5379),#5383);
#5379 = LINE('',#5380,#5381);
#5380 = CARTESIAN_POINT('',(0.196309668952,-2.5));
#5381 = VECTOR('',#5382,1.);
#5382 = DIRECTION('',(-1.,0.));
#5383 = ( GEOMETRIC_REPRESENTATION_CONTEXT(2)
PARAMETRIC_REPRESENTATION_CONTEXT() REPRESENTATION_CONTEXT('2D SPACE',''
  ) );
#5384 = ORIENTED_EDGE('',*,*,#5385,.T.);
#5385 = EDGE_CURVE('',#5358,#5386,#5388,.T.);
#5386 = VERTEX_POINT('',#5387);
#5387 = CARTESIAN_POINT('',(43.865120978076,-6.926191597414,40.));
#5388 = SURFACE_CURVE('',#5389,(#5393,#5400),.PCURVE_S1.);
#5389 = LINE('',#5390,#5391);
#5390 = CARTESIAN_POINT('',(43.738935555212,-7.076573528445,40.));
#5391 = VECTOR('',#5392,1.);
#5392 = DIRECTION('',(0.642787609687,0.766044443119,-7.136376042178E-17)
  );
#5393 = PCURVE('',#100,#5394);
#5394 = DEFINITIONAL_REPRESENTATION('',(#5395),#5399);
#5395 = LINE('',#5396,#5397);
#5396 = CARTESIAN_POINT('',(-8.738935555212,7.076573528445));
#5397 = VECTOR('',#5398,1.);
#5398 = DIRECTION('',(-0.642787609687,-0.766044443119));
#5399 = ( GEOMETRIC_REPRESENTATION_CONTEXT(2)
PARAMETRIC_REPRESENTATION_CONTEXT() REPRESENTATION_CONTEXT('2D SPACE',''
  ) );
#5400 = PCURVE('',#5401,#5406);
#5401 = PLANE('',#5402);
#5402 = AXIS2_PLACEMENT_3D('',#5403,#5404,#5405);
#5403 = CARTESIAN_POINT('',(43.865120978076,-6.926191597414,37.5));
#5404 = DIRECTION('',(0.766044443119,-0.642787609687,-8.504801786368E-17
    ));
#5405 = DIRECTION('',(-0.642787609687,-0.766044443119,7.136376042178E-17
    ));
#5406 = DEFINITIONAL_REPRESENTATION('',(#5407),#5411);
#5407 = LINE('',#5408,#5409);
#5408 = CARTESIAN_POINT('',(0.196309668952,-2.5));
#5409 = VECTOR('',#5410,1.);
#5410 = DIRECTION('',(-1.,0.));
#5411 = ( GEOMETRIC_REPRESENTATION_CONTEXT(2)
PARAMETRIC_REPRESENTATION_CONTEXT() REPRESENTATION_CONTEXT('2D SPACE',''
  ) );
#5412 = ORIENTED_EDGE('',*,*,#5413,.T.);
#5413 = EDGE_CURVE('',#5386,#5414,#5416,.T.);
#5414 = VERTEX_POINT('',#5415);
#5415 = CARTESIAN_POINT('',(44.326672691244,-6.290920164046,40.));
#5416 = SURFACE_CURVE('',#5417,(#5421,#5428),.PCURVE_S1.);
#5417 = LINE('',#5418,#5419);
#5418 = CARTESIAN_POINT('',(43.865120978076,-6.926191597414,40.));
#5419 = VECTOR('',#5420,1.);
#5420 = DIRECTION('',(0.587785252292,0.809016994375,0.));
#5421 = PCURVE('',#100,#5422);
#5422 = DEFINITIONAL_REPRESENTATION('',(#5423),#5427);
#5423 = LINE('',#5424,#5425);
#5424 = CARTESIAN_POINT('',(-8.865120978076,6.926191597414));
#5425 = VECTOR('',#5426,1.);
#5426 = DIRECTION('',(-0.587785252292,-0.809016994375));
#5427 = ( GEOMETRIC_REPRESENTATION_CONTEXT(2)
PARAMETRIC_REPRESENTATION_CONTEXT() REPRESENTATION_CONTEXT('2D SPACE',''
  ) );
#5428 = PCURVE('',#5429,#5434);
#5429 = PLANE('',#5430);
#5430 = AXIS2_PLACEMENT_3D('',#5431,#5432,#5433);
#5431 = CARTESIAN_POINT('',(44.326672691244,-6.290920164046,37.5));
#5432 = DIRECTION('',(0.809016994375,-0.587785252292,-8.981892944681E-17
    ));
#5433 = DIRECTION('',(-0.587785252292,-0.809016994375,6.525727206302E-17
    ));
#5434 = DEFINITIONAL_REPRESENTATION('',(#5435),#5439);
#5435 = LINE('',#5436,#5437);
#5436 = CARTESIAN_POINT('',(0.785238675806,-2.5));
#5437 = VECTOR('',#5438,1.);
#5438 = DIRECTION('',(-1.,-6.525727206302E-17));
#5439 = ( GEOMETRIC_REPRESENTATION_CONTEXT(2)
PARAMETRIC_REPRESENTATION_CONTEXT() REPRESENTATION_CONTEXT('2D SPACE',''
  ) );
#5440 = ORIENTED_EDGE('',*,*,#5441,.T.);
#5441 = EDGE_CURVE('',#5414,#5442,#5444,.T.);
#5442 = VERTEX_POINT('',#5443);
#5443 = CARTESIAN_POINT('',(44.742785792575,-5.625,40.));
#5444 = SURFACE_CURVE('',#5445,(#5449,#5455),.PCURVE_S1.);
#5445 = LINE('',#5446,#5447);
#5446 = CARTESIAN_POINT('',(44.638757517242,-5.791480041011,40.));
#5447 = VECTOR('',#5448,1.);
#5448 = DIRECTION('',(0.529919264233,0.848048096156,-5.883285683441E-17)
  );
#5449 = PCURVE('',#100,#5450);
#5450 = DEFINITIONAL_REPRESENTATION('',(#5451),#5454);
#5451 = B_SPLINE_CURVE_WITH_KNOTS('',1,(#5452,#5453),.UNSPECIFIED.,.F.,
  .F.,(2,2),(-0.588929006855,0.196309668952),.PIECEWISE_BEZIER_KNOTS.);
#5452 = CARTESIAN_POINT('',(-9.326672691244,6.290920164046));
#5453 = CARTESIAN_POINT('',(-9.742785792575,5.625));
#5454 = ( GEOMETRIC_REPRESENTATION_CONTEXT(2)
PARAMETRIC_REPRESENTATION_CONTEXT() REPRESENTATION_CONTEXT('2D SPACE',''
  ) );
#5455 = PCURVE('',#5456,#5461);
#5456 = PLANE('',#5457);
#5457 = AXIS2_PLACEMENT_3D('',#5458,#5459,#5460);
#5458 = CARTESIAN_POINT('',(44.742785792575,-5.625,37.5));
#5459 = DIRECTION('',(0.848048096156,-0.529919264233,-9.415225223424E-17
    ));
#5460 = DIRECTION('',(-0.529919264233,-0.848048096156,5.883285683441E-17
    ));
#5461 = DEFINITIONAL_REPRESENTATION('',(#5462),#5465);
#5462 = B_SPLINE_CURVE_WITH_KNOTS('',1,(#5463,#5464),.UNSPECIFIED.,.F.,
  .F.,(2,2),(-0.588929006855,0.196309668952),.PIECEWISE_BEZIER_KNOTS.);
#5463 = CARTESIAN_POINT('',(0.785238675806,-2.5));
#5464 = CARTESIAN_POINT('',(0.,-2.5));
#5465 = ( GEOMETRIC_REPRESENTATION_CONTEXT(2)
PARAMETRIC_REPRESENTATION_CONTEXT() REPRESENTATION_CONTEXT('2D SPACE',''
  ) );
#5466 = ORIENTED_EDGE('',*,*,#5467,.T.);
#5467 = EDGE_CURVE('',#5442,#5468,#5470,.T.);
#5468 = VERTEX_POINT('',#5469);
#5469 = CARTESIAN_POINT('',(45.111433020866,-4.931675401377,40.));
#5470 = SURFACE_CURVE('',#5471,(#5475,#5481),.PCURVE_S1.);
#5471 = LINE('',#5472,#5473);
#5472 = CARTESIAN_POINT('',(45.019271213793,-5.105006551033,40.));
#5473 = VECTOR('',#5474,1.);
#5474 = DIRECTION('',(0.469471562786,0.882947592859,-5.212181384117E-17)
  );
#5475 = PCURVE('',#100,#5476);
#5476 = DEFINITIONAL_REPRESENTATION('',(#5477),#5480);
#5477 = B_SPLINE_CURVE_WITH_KNOTS('',1,(#5478,#5479),.UNSPECIFIED.,.F.,
  .F.,(2,2),(-0.588929006855,0.196309668952),.PIECEWISE_BEZIER_KNOTS.);
#5478 = CARTESIAN_POINT('',(-9.742785792575,5.625));
#5479 = CARTESIAN_POINT('',(-10.11143302086,4.931675401377));
#5480 = ( GEOMETRIC_REPRESENTATION_CONTEXT(2)
PARAMETRIC_REPRESENTATION_CONTEXT() REPRESENTATION_CONTEXT('2D SPACE',''
  ) );
#5481 = PCURVE('',#5482,#5487);
#5482 = PLANE('',#5483);
#5483 = AXIS2_PLACEMENT_3D('',#5484,#5485,#5486);
#5484 = CARTESIAN_POINT('',(45.111433020866,-4.931675401377,37.5));
#5485 = DIRECTION('',(0.882947592859,-0.469471562786,-9.802687471293E-17
    ));
#5486 = DIRECTION('',(-0.469471562786,-0.882947592859,5.212181384117E-17
    ));
#5487 = DEFINITIONAL_REPRESENTATION('',(#5488),#5491);
#5488 = B_SPLINE_CURVE_WITH_KNOTS('',1,(#5489,#5490),.UNSPECIFIED.,.F.,
  .F.,(2,2),(-0.588929006855,0.196309668952),.PIECEWISE_BEZIER_KNOTS.);
#5489 = CARTESIAN_POINT('',(0.785238675806,-2.5));
#5490 = CARTESIAN_POINT('',(0.,-2.5));
#5491 = ( GEOMETRIC_REPRESENTATION_CONTEXT(2)
PARAMETRIC_REPRESENTATION_CONTEXT() REPRESENTATION_CONTEXT('2D SPACE',''
  ) );
#5492 = ORIENTED_EDGE('',*,*,#5493,.T.);
#5493 = EDGE_CURVE('',#5468,#5494,#5496,.T.);
#5494 = VERTEX_POINT('',#5495);
#5495 = CARTESIAN_POINT('',(45.430818363876,-4.214324175929,40.));
#5496 = SURFACE_CURVE('',#5497,(#5501,#5507),.PCURVE_S1.);
#5497 = LINE('',#5498,#5499);
#5498 = CARTESIAN_POINT('',(45.350972028124,-4.393661982291,40.));
#5499 = VECTOR('',#5500,1.);
#5500 = DIRECTION('',(0.406736643076,0.913545457643,-4.515683861015E-17)
  );
#5501 = PCURVE('',#100,#5502);
#5502 = DEFINITIONAL_REPRESENTATION('',(#5503),#5506);
#5503 = B_SPLINE_CURVE_WITH_KNOTS('',1,(#5504,#5505),.UNSPECIFIED.,.F.,
  .F.,(2,2),(-0.588929006855,0.196309668952),.PIECEWISE_BEZIER_KNOTS.);
#5504 = CARTESIAN_POINT('',(-10.11143302086,4.931675401377));
#5505 = CARTESIAN_POINT('',(-10.43081836387,4.214324175929));
#5506 = ( GEOMETRIC_REPRESENTATION_CONTEXT(2)
PARAMETRIC_REPRESENTATION_CONTEXT() REPRESENTATION_CONTEXT('2D SPACE',''
  ) );
#5507 = PCURVE('',#5508,#5513);
#5508 = PLANE('',#5509);
#5509 = AXIS2_PLACEMENT_3D('',#5510,#5511,#5512);
#5510 = CARTESIAN_POINT('',(45.430818363876,-4.214324175929,37.5));
#5511 = DIRECTION('',(0.913545457643,-0.406736643076,-1.014239201117E-16
    ));
#5512 = DIRECTION('',(-0.406736643076,-0.913545457643,4.515683861015E-17
    ));
#5513 = DEFINITIONAL_REPRESENTATION('',(#5514),#5517);
#5514 = B_SPLINE_CURVE_WITH_KNOTS('',1,(#5515,#5516),.UNSPECIFIED.,.F.,
  .F.,(2,2),(-0.588929006855,0.196309668952),.PIECEWISE_BEZIER_KNOTS.);
#5515 = CARTESIAN_POINT('',(0.785238675806,-2.5));
#5516 = CARTESIAN_POINT('',(0.,-2.5));
#5517 = ( GEOMETRIC_REPRESENTATION_CONTEXT(2)
PARAMETRIC_REPRESENTATION_CONTEXT() REPRESENTATION_CONTEXT('2D SPACE',''
  ) );
#5518 = ORIENTED_EDGE('',*,*,#5519,.T.);
#5519 = EDGE_CURVE('',#5494,#5520,#5522,.T.);
#5520 = VERTEX_POINT('',#5521);
#5521 = CARTESIAN_POINT('',(45.69938580832,-3.476441186718,40.));
#5522 = SURFACE_CURVE('',#5523,(#5527,#5533),.PCURVE_S1.);
#5523 = LINE('',#5524,#5525);
#5524 = CARTESIAN_POINT('',(45.632243947209,-3.660911934021,40.));
#5525 = VECTOR('',#5526,1.);
#5526 = DIRECTION('',(0.342020143326,0.939692620786,-3.797186380058E-17)
  );
#5527 = PCURVE('',#100,#5528);
#5528 = DEFINITIONAL_REPRESENTATION('',(#5529),#5532);
#5529 = B_SPLINE_CURVE_WITH_KNOTS('',1,(#5530,#5531),.UNSPECIFIED.,.F.,
  .F.,(2,2),(-0.588929006855,0.196309668952),.PIECEWISE_BEZIER_KNOTS.);
#5530 = CARTESIAN_POINT('',(-10.43081836387,4.214324175929));
#5531 = CARTESIAN_POINT('',(-10.69938580832,3.476441186718));
#5532 = ( GEOMETRIC_REPRESENTATION_CONTEXT(2)
PARAMETRIC_REPRESENTATION_CONTEXT() REPRESENTATION_CONTEXT('2D SPACE',''
  ) );
#5533 = PCURVE('',#5534,#5539);
#5534 = PLANE('',#5535);
#5535 = AXIS2_PLACEMENT_3D('',#5536,#5537,#5538);
#5536 = CARTESIAN_POINT('',(45.69938580832,-3.476441186718,37.5));
#5537 = DIRECTION('',(0.939692620786,-0.342020143326,-1.043268383667E-16
    ));
#5538 = DIRECTION('',(-0.342020143326,-0.939692620786,3.797186380058E-17
    ));
#5539 = DEFINITIONAL_REPRESENTATION('',(#5540),#5543);
#5540 = B_SPLINE_CURVE_WITH_KNOTS('',1,(#5541,#5542),.UNSPECIFIED.,.F.,
  .F.,(2,2),(-0.588929006855,0.196309668952),.PIECEWISE_BEZIER_KNOTS.);
#5541 = CARTESIAN_POINT('',(0.785238675806,-2.5));
#5542 = CARTESIAN_POINT('',(0.,-2.5));
#5543 = ( GEOMETRIC_REPRESENTATION_CONTEXT(2)
PARAMETRIC_REPRESENTATION_CONTEXT() REPRESENTATION_CONTEXT('2D SPACE',''
  ) );
#5544 = ORIENTED_EDGE('',*,*,#5545,.T.);
#5545 = EDGE_CURVE('',#5520,#5546,#5548,.T.);
#5546 = VERTEX_POINT('',#5547);
#5547 = CARTESIAN_POINT('',(45.915826920605,-2.721621325496,40.));
#5548 = SURFACE_CURVE('',#5549,(#5553,#5559),.PCURVE_S1.);
#5549 = LINE('',#5550,#5551);
#5550 = CARTESIAN_POINT('',(45.861716642534,-2.910326290802,40.));
#5551 = VECTOR('',#5552,1.);
#5552 = DIRECTION('',(0.275637355817,0.961261695938,-3.060189388748E-17)
  );
#5553 = PCURVE('',#100,#5554);
#5554 = DEFINITIONAL_REPRESENTATION('',(#5555),#5558);
#5555 = B_SPLINE_CURVE_WITH_KNOTS('',1,(#5556,#5557),.UNSPECIFIED.,.F.,
  .F.,(2,2),(-0.588929006855,0.196309668952),.PIECEWISE_BEZIER_KNOTS.);
#5556 = CARTESIAN_POINT('',(-10.69938580832,3.476441186718));
#5557 = CARTESIAN_POINT('',(-10.9158269206,2.721621325496));
#5558 = ( GEOMETRIC_REPRESENTATION_CONTEXT(2)
PARAMETRIC_REPRESENTATION_CONTEXT() REPRESENTATION_CONTEXT('2D SPACE',''
  ) );
#5559 = PCURVE('',#5560,#5565);
#5560 = PLANE('',#5561);
#5561 = AXIS2_PLACEMENT_3D('',#5562,#5563,#5564);
#5562 = CARTESIAN_POINT('',(45.915826920605,-2.721621325496,37.5));
#5563 = DIRECTION('',(0.961261695938,-0.275637355817,-1.067214867521E-16
    ));
#5564 = DIRECTION('',(-0.275637355817,-0.961261695938,3.060189388748E-17
    ));
#5565 = DEFINITIONAL_REPRESENTATION('',(#5566),#5569);
#5566 = B_SPLINE_CURVE_WITH_KNOTS('',1,(#5567,#5568),.UNSPECIFIED.,.F.,
  .F.,(2,2),(-0.588929006855,0.196309668952),.PIECEWISE_BEZIER_KNOTS.);
#5567 = CARTESIAN_POINT('',(0.785238675806,-2.5));
#5568 = CARTESIAN_POINT('',(0.,-2.5));
#5569 = ( GEOMETRIC_REPRESENTATION_CONTEXT(2)
PARAMETRIC_REPRESENTATION_CONTEXT() REPRESENTATION_CONTEXT('2D SPACE',''
  ) );
#5570 = ORIENTED_EDGE('',*,*,#5571,.T.);
#5571 = EDGE_CURVE('',#5546,#5572,#5574,.T.);
#5572 = VERTEX_POINT('',#5573);
#5573 = CARTESIAN_POINT('',(46.079087221387,-1.953541998753,40.));
#5574 = SURFACE_CURVE('',#5575,(#5579,#5585),.PCURVE_S1.);
#5575 = LINE('',#5576,#5577);
#5576 = CARTESIAN_POINT('',(46.038272146192,-2.145561830439,40.));
#5577 = VECTOR('',#5578,1.);
#5578 = DIRECTION('',(0.207911690818,0.978147600734,-2.308283462346E-17)
  );
#5579 = PCURVE('',#100,#5580);
#5580 = DEFINITIONAL_REPRESENTATION('',(#5581),#5584);
#5581 = B_SPLINE_CURVE_WITH_KNOTS('',1,(#5582,#5583),.UNSPECIFIED.,.F.,
  .F.,(2,2),(-0.588929006855,0.196309668952),.PIECEWISE_BEZIER_KNOTS.);
#5582 = CARTESIAN_POINT('',(-10.9158269206,2.721621325496));
#5583 = CARTESIAN_POINT('',(-11.07908722138,1.953541998753));
#5584 = ( GEOMETRIC_REPRESENTATION_CONTEXT(2)
PARAMETRIC_REPRESENTATION_CONTEXT() REPRESENTATION_CONTEXT('2D SPACE',''
  ) );
#5585 = PCURVE('',#5586,#5591);
#5586 = PLANE('',#5587);
#5587 = AXIS2_PLACEMENT_3D('',#5588,#5589,#5590);
#5588 = CARTESIAN_POINT('',(46.079087221387,-1.953541998753,37.5));
#5589 = DIRECTION('',(0.978147600734,-0.207911690818,-1.085961987817E-16
    ));
#5590 = DIRECTION('',(-0.207911690818,-0.978147600734,2.308283462346E-17
    ));
#5591 = DEFINITIONAL_REPRESENTATION('',(#5592),#5595);
#5592 = B_SPLINE_CURVE_WITH_KNOTS('',1,(#5593,#5594),.UNSPECIFIED.,.F.,
  .F.,(2,2),(-0.588929006855,0.196309668952),.PIECEWISE_BEZIER_KNOTS.);
#5593 = CARTESIAN_POINT('',(0.785238675806,-2.5));
#5594 = CARTESIAN_POINT('',(0.,-2.5));
#5595 = ( GEOMETRIC_REPRESENTATION_CONTEXT(2)
PARAMETRIC_REPRESENTATION_CONTEXT() REPRESENTATION_CONTEXT('2D SPACE',''
  ) );
#5596 = ORIENTED_EDGE('',*,*,#5597,.T.);
#5597 = EDGE_CURVE('',#5572,#5598,#5600,.T.);
#5598 = VERTEX_POINT('',#5599);
#5599 = CARTESIAN_POINT('',(46.188371322893,-1.175945211761,40.));
#5600 = SURFACE_CURVE('',#5601,(#5605,#5611),.PCURVE_S1.);
#5601 = LINE('',#5602,#5603);
#5602 = CARTESIAN_POINT('',(46.161050297517,-1.370344408509,40.));
#5603 = VECTOR('',#5604,1.);
#5604 = DIRECTION('',(0.13917310096,0.990268068742,-1.545131810943E-17)
  );
#5605 = PCURVE('',#100,#5606);
#5606 = DEFINITIONAL_REPRESENTATION('',(#5607),#5610);
#5607 = B_SPLINE_CURVE_WITH_KNOTS('',1,(#5608,#5609),.UNSPECIFIED.,.F.,
  .F.,(2,2),(-0.588929006855,0.196309668952),.PIECEWISE_BEZIER_KNOTS.);
#5608 = CARTESIAN_POINT('',(-11.07908722138,1.953541998753));
#5609 = CARTESIAN_POINT('',(-11.18837132289,1.175945211761));
#5610 = ( GEOMETRIC_REPRESENTATION_CONTEXT(2)
PARAMETRIC_REPRESENTATION_CONTEXT() REPRESENTATION_CONTEXT('2D SPACE',''
  ) );
#5611 = PCURVE('',#5612,#5617);
#5612 = PLANE('',#5613);
#5613 = AXIS2_PLACEMENT_3D('',#5614,#5615,#5616);
#5614 = CARTESIAN_POINT('',(46.188371322893,-1.175945211761,37.5));
#5615 = DIRECTION('',(0.990268068742,-0.13917310096,-1.099418410468E-16)
  );
#5616 = DIRECTION('',(-0.13917310096,-0.990268068742,1.545131810943E-17)
  );
#5617 = DEFINITIONAL_REPRESENTATION('',(#5618),#5621);
#5618 = B_SPLINE_CURVE_WITH_KNOTS('',1,(#5619,#5620),.UNSPECIFIED.,.F.,
  .F.,(2,2),(-0.588929006855,0.196309668952),.PIECEWISE_BEZIER_KNOTS.);
#5619 = CARTESIAN_POINT('',(0.785238675806,-2.5));
#5620 = CARTESIAN_POINT('',(0.,-2.5));
#5621 = ( GEOMETRIC_REPRESENTATION_CONTEXT(2)
PARAMETRIC_REPRESENTATION_CONTEXT() REPRESENTATION_CONTEXT('2D SPACE',''
  ) );
#5622 = ORIENTED_EDGE('',*,*,#5623,.T.);
#5623 = EDGE_CURVE('',#5598,#5624,#5626,.T.);
#5624 = VERTEX_POINT('',#5625);
#5625 = CARTESIAN_POINT('',(46.243146803965,-0.392619337903,40.));
#5626 = SURFACE_CURVE('',#5627,(#5631,#5637),.PCURVE_S1.);
#5627 = LINE('',#5628,#5629);
#5628 = CARTESIAN_POINT('',(46.229452933697,-0.588450806368,40.));
#5629 = VECTOR('',#5630,1.);
#5630 = DIRECTION('',(6.975647374413E-02,0.99756405026,
    -7.744524326739E-18));
#5631 = PCURVE('',#100,#5632);
#5632 = DEFINITIONAL_REPRESENTATION('',(#5633),#5636);
#5633 = B_SPLINE_CURVE_WITH_KNOTS('',1,(#5634,#5635),.UNSPECIFIED.,.F.,
  .F.,(2,2),(-0.588929006855,0.196309668952),.PIECEWISE_BEZIER_KNOTS.);
#5634 = CARTESIAN_POINT('',(-11.18837132289,1.175945211761));
#5635 = CARTESIAN_POINT('',(-11.24314680396,0.392619337903));
#5636 = ( GEOMETRIC_REPRESENTATION_CONTEXT(2)
PARAMETRIC_REPRESENTATION_CONTEXT() REPRESENTATION_CONTEXT('2D SPACE',''
  ) );
#5637 = PCURVE('',#5638,#5643);
#5638 = PLANE('',#5639);
#5639 = AXIS2_PLACEMENT_3D('',#5640,#5641,#5642);
#5640 = CARTESIAN_POINT('',(46.243146803965,-0.392619337903,37.5));
#5641 = DIRECTION('',(0.99756405026,-6.975647374413E-02,
    -1.107518577137E-16));
#5642 = DIRECTION('',(-6.975647374413E-02,-0.99756405026,
    7.744524326739E-18));
#5643 = DEFINITIONAL_REPRESENTATION('',(#5644),#5647);
#5644 = B_SPLINE_CURVE_WITH_KNOTS('',1,(#5645,#5646),.UNSPECIFIED.,.F.,
  .F.,(2,2),(-0.588929006855,0.196309668952),.PIECEWISE_BEZIER_KNOTS.);
#5645 = CARTESIAN_POINT('',(0.785238675806,-2.5));
#5646 = CARTESIAN_POINT('',(0.,-2.5));
#5647 = ( GEOMETRIC_REPRESENTATION_CONTEXT(2)
PARAMETRIC_REPRESENTATION_CONTEXT() REPRESENTATION_CONTEXT('2D SPACE',''
  ) );
#5648 = ORIENTED_EDGE('',*,*,#5649,.T.);
#5649 = EDGE_CURVE('',#5624,#5650,#5652,.T.);
#5650 = VERTEX_POINT('',#5651);
#5651 = CARTESIAN_POINT('',(46.243146803965,0.392619337903,40.));
#5652 = SURFACE_CURVE('',#5653,(#5657,#5663),.PCURVE_S1.);
#5653 = LINE('',#5654,#5655);
#5654 = CARTESIAN_POINT('',(46.243146803965,0.196309668952,40.));
#5655 = VECTOR('',#5656,1.);
#5656 = DIRECTION('',(-0.,1.,0.));
#5657 = PCURVE('',#100,#5658);
#5658 = DEFINITIONAL_REPRESENTATION('',(#5659),#5662);
#5659 = B_SPLINE_CURVE_WITH_KNOTS('',1,(#5660,#5661),.UNSPECIFIED.,.F.,
  .F.,(2,2),(-0.588929006855,0.196309668952),.PIECEWISE_BEZIER_KNOTS.);
#5660 = CARTESIAN_POINT('',(-11.24314680396,0.392619337903));
#5661 = CARTESIAN_POINT('',(-11.24314680396,-0.392619337903));
#5662 = ( GEOMETRIC_REPRESENTATION_CONTEXT(2)
PARAMETRIC_REPRESENTATION_CONTEXT() REPRESENTATION_CONTEXT('2D SPACE',''
  ) );
#5663 = PCURVE('',#5664,#5669);
#5664 = PLANE('',#5665);
#5665 = AXIS2_PLACEMENT_3D('',#5666,#5667,#5668);
#5666 = CARTESIAN_POINT('',(46.243146803965,0.392619337903,37.5));
#5667 = DIRECTION('',(1.,0.,-1.110223024625E-16));
#5668 = DIRECTION('',(0.,-1.,0.));
#5669 = DEFINITIONAL_REPRESENTATION('',(#5670),#5673);
#5670 = B_SPLINE_CURVE_WITH_KNOTS('',1,(#5671,#5672),.UNSPECIFIED.,.F.,
  .F.,(2,2),(-0.588929006855,0.196309668952),.PIECEWISE_BEZIER_KNOTS.);
#5671 = CARTESIAN_POINT('',(0.785238675806,-2.5));
#5672 = CARTESIAN_POINT('',(0.,-2.5));
#5673 = ( GEOMETRIC_REPRESENTATION_CONTEXT(2)
PARAMETRIC_REPRESENTATION_CONTEXT() REPRESENTATION_CONTEXT('2D SPACE',''
  ) );
#5674 = ORIENTED_EDGE('',*,*,#5675,.T.);
#5675 = EDGE_CURVE('',#5650,#5676,#5678,.T.);
#5676 = VERTEX_POINT('',#5677);
#5677 = CARTESIAN_POINT('',(46.188371322893,1.175945211761,40.));
#5678 = SURFACE_CURVE('',#5679,(#5683,#5689),.PCURVE_S1.);
#5679 = LINE('',#5680,#5681);
#5680 = CARTESIAN_POINT('',(46.202065193161,0.980113743297,40.));
#5681 = VECTOR('',#5682,1.);
#5682 = DIRECTION('',(-6.975647374413E-02,0.99756405026,
    7.744524326739E-18));
#5683 = PCURVE('',#100,#5684);
#5684 = DEFINITIONAL_REPRESENTATION('',(#5685),#5688);
#5685 = B_SPLINE_CURVE_WITH_KNOTS('',1,(#5686,#5687),.UNSPECIFIED.,.F.,
  .F.,(2,2),(-0.588929006855,0.196309668952),.PIECEWISE_BEZIER_KNOTS.);
#5686 = CARTESIAN_POINT('',(-11.24314680396,-0.392619337903));
#5687 = CARTESIAN_POINT('',(-11.18837132289,-1.175945211761));
#5688 = ( GEOMETRIC_REPRESENTATION_CONTEXT(2)
PARAMETRIC_REPRESENTATION_CONTEXT() REPRESENTATION_CONTEXT('2D SPACE',''
  ) );
#5689 = PCURVE('',#5690,#5695);
#5690 = PLANE('',#5691);
#5691 = AXIS2_PLACEMENT_3D('',#5692,#5693,#5694);
#5692 = CARTESIAN_POINT('',(46.188371322893,1.175945211761,37.5));
#5693 = DIRECTION('',(0.99756405026,6.975647374413E-02,
    -1.107518577137E-16));
#5694 = DIRECTION('',(6.975647374413E-02,-0.99756405026,
    -7.744524326739E-18));
#5695 = DEFINITIONAL_REPRESENTATION('',(#5696),#5699);
#5696 = B_SPLINE_CURVE_WITH_KNOTS('',1,(#5697,#5698),.UNSPECIFIED.,.F.,
  .F.,(2,2),(-0.588929006855,0.196309668952),.PIECEWISE_BEZIER_KNOTS.);
#5697 = CARTESIAN_POINT('',(0.785238675806,-2.5));
#5698 = CARTESIAN_POINT('',(-2.775557561563E-17,-2.5));
#5699 = ( GEOMETRIC_REPRESENTATION_CONTEXT(2)
PARAMETRIC_REPRESENTATION_CONTEXT() REPRESENTATION_CONTEXT('2D SPACE',''
  ) );
#5700 = ORIENTED_EDGE('',*,*,#5701,.T.);
#5701 = EDGE_CURVE('',#5676,#5702,#5704,.T.);
#5702 = VERTEX_POINT('',#5703);
#5703 = CARTESIAN_POINT('',(46.079087221387,1.953541998753,40.));
#5704 = SURFACE_CURVE('',#5705,(#5709,#5715),.PCURVE_S1.);
#5705 = LINE('',#5706,#5707);
#5706 = CARTESIAN_POINT('',(46.106408246764,1.759142802005,40.));
#5707 = VECTOR('',#5708,1.);
#5708 = DIRECTION('',(-0.13917310096,0.990268068742,1.545131810943E-17)
  );
#5709 = PCURVE('',#100,#5710);
#5710 = DEFINITIONAL_REPRESENTATION('',(#5711),#5714);
#5711 = B_SPLINE_CURVE_WITH_KNOTS('',1,(#5712,#5713),.UNSPECIFIED.,.F.,
  .F.,(2,2),(-0.588929006855,0.196309668952),.PIECEWISE_BEZIER_KNOTS.);
#5712 = CARTESIAN_POINT('',(-11.18837132289,-1.175945211761));
#5713 = CARTESIAN_POINT('',(-11.07908722138,-1.953541998753));
#5714 = ( GEOMETRIC_REPRESENTATION_CONTEXT(2)
PARAMETRIC_REPRESENTATION_CONTEXT() REPRESENTATION_CONTEXT('2D SPACE',''
  ) );
#5715 = PCURVE('',#5716,#5721);
#5716 = PLANE('',#5717);
#5717 = AXIS2_PLACEMENT_3D('',#5718,#5719,#5720);
#5718 = CARTESIAN_POINT('',(46.079087221387,1.953541998753,37.5));
#5719 = DIRECTION('',(0.990268068742,0.13917310096,-1.099418410468E-16)
  );
#5720 = DIRECTION('',(0.13917310096,-0.990268068742,-1.545131810943E-17)
  );
#5721 = DEFINITIONAL_REPRESENTATION('',(#5722),#5725);
#5722 = B_SPLINE_CURVE_WITH_KNOTS('',1,(#5723,#5724),.UNSPECIFIED.,.F.,
  .F.,(2,2),(-0.588929006855,0.196309668952),.PIECEWISE_BEZIER_KNOTS.);
#5723 = CARTESIAN_POINT('',(0.785238675806,-2.5));
#5724 = CARTESIAN_POINT('',(-2.775557561563E-17,-2.5));
#5725 = ( GEOMETRIC_REPRESENTATION_CONTEXT(2)
PARAMETRIC_REPRESENTATION_CONTEXT() REPRESENTATION_CONTEXT('2D SPACE',''
  ) );
#5726 = ORIENTED_EDGE('',*,*,#5727,.T.);
#5727 = EDGE_CURVE('',#5702,#5728,#5730,.T.);
#5728 = VERTEX_POINT('',#5729);
#5729 = CARTESIAN_POINT('',(45.915826920605,2.721621325496,40.));
#5730 = SURFACE_CURVE('',#5731,(#5735,#5741),.PCURVE_S1.);
#5731 = LINE('',#5732,#5733);
#5732 = CARTESIAN_POINT('',(45.956641995801,2.52960149381,40.));
#5733 = VECTOR('',#5734,1.);
#5734 = DIRECTION('',(-0.207911690818,0.978147600734,2.308283462346E-17)
  );
#5735 = PCURVE('',#100,#5736);
#5736 = DEFINITIONAL_REPRESENTATION('',(#5737),#5740);
#5737 = B_SPLINE_CURVE_WITH_KNOTS('',1,(#5738,#5739),.UNSPECIFIED.,.F.,
  .F.,(2,2),(-0.588929006855,0.196309668952),.PIECEWISE_BEZIER_KNOTS.);
#5738 = CARTESIAN_POINT('',(-11.07908722138,-1.953541998753));
#5739 = CARTESIAN_POINT('',(-10.9158269206,-2.721621325496));
#5740 = ( GEOMETRIC_REPRESENTATION_CONTEXT(2)
PARAMETRIC_REPRESENTATION_CONTEXT() REPRESENTATION_CONTEXT('2D SPACE',''
  ) );
#5741 = PCURVE('',#5742,#5747);
#5742 = PLANE('',#5743);
#5743 = AXIS2_PLACEMENT_3D('',#5744,#5745,#5746);
#5744 = CARTESIAN_POINT('',(45.915826920605,2.721621325496,37.5));
#5745 = DIRECTION('',(0.978147600734,0.207911690818,-1.085961987817E-16)
  );
#5746 = DIRECTION('',(0.207911690818,-0.978147600734,-2.308283462346E-17
    ));
#5747 = DEFINITIONAL_REPRESENTATION('',(#5748),#5751);
#5748 = B_SPLINE_CURVE_WITH_KNOTS('',1,(#5749,#5750),.UNSPECIFIED.,.F.,
  .F.,(2,2),(-0.588929006855,0.196309668952),.PIECEWISE_BEZIER_KNOTS.);
#5749 = CARTESIAN_POINT('',(0.785238675806,-2.5));
#5750 = CARTESIAN_POINT('',(-5.551115123126E-17,-2.5));
#5751 = ( GEOMETRIC_REPRESENTATION_CONTEXT(2)
PARAMETRIC_REPRESENTATION_CONTEXT() REPRESENTATION_CONTEXT('2D SPACE',''
  ) );
#5752 = ORIENTED_EDGE('',*,*,#5753,.T.);
#5753 = EDGE_CURVE('',#5728,#5754,#5756,.T.);
#5754 = VERTEX_POINT('',#5755);
#5755 = CARTESIAN_POINT('',(45.69938580832,3.476441186718,40.));
#5756 = SURFACE_CURVE('',#5757,(#5761,#5767),.PCURVE_S1.);
#5757 = LINE('',#5758,#5759);
#5758 = CARTESIAN_POINT('',(45.753496086392,3.287736221413,40.));
#5759 = VECTOR('',#5760,1.);
#5760 = DIRECTION('',(-0.275637355817,0.961261695938,3.060189388748E-17)
  );
#5761 = PCURVE('',#100,#5762);
#5762 = DEFINITIONAL_REPRESENTATION('',(#5763),#5766);
#5763 = B_SPLINE_CURVE_WITH_KNOTS('',1,(#5764,#5765),.UNSPECIFIED.,.F.,
  .F.,(2,2),(-0.588929006855,0.196309668952),.PIECEWISE_BEZIER_KNOTS.);
#5764 = CARTESIAN_POINT('',(-10.9158269206,-2.721621325496));
#5765 = CARTESIAN_POINT('',(-10.69938580832,-3.476441186718));
#5766 = ( GEOMETRIC_REPRESENTATION_CONTEXT(2)
PARAMETRIC_REPRESENTATION_CONTEXT() REPRESENTATION_CONTEXT('2D SPACE',''
  ) );
#5767 = PCURVE('',#5768,#5773);
#5768 = PLANE('',#5769);
#5769 = AXIS2_PLACEMENT_3D('',#5770,#5771,#5772);
#5770 = CARTESIAN_POINT('',(45.69938580832,3.476441186718,37.5));
#5771 = DIRECTION('',(0.961261695938,0.275637355817,-1.067214867521E-16)
  );
#5772 = DIRECTION('',(0.275637355817,-0.961261695938,-3.060189388748E-17
    ));
#5773 = DEFINITIONAL_REPRESENTATION('',(#5774),#5777);
#5774 = B_SPLINE_CURVE_WITH_KNOTS('',1,(#5775,#5776),.UNSPECIFIED.,.F.,
  .F.,(2,2),(-0.588929006855,0.196309668952),.PIECEWISE_BEZIER_KNOTS.);
#5775 = CARTESIAN_POINT('',(0.785238675806,-2.5));
#5776 = CARTESIAN_POINT('',(-8.326672684689E-17,-2.5));
#5777 = ( GEOMETRIC_REPRESENTATION_CONTEXT(2)
PARAMETRIC_REPRESENTATION_CONTEXT() REPRESENTATION_CONTEXT('2D SPACE',''
  ) );
#5778 = ORIENTED_EDGE('',*,*,#5779,.T.);
#5779 = EDGE_CURVE('',#5754,#5780,#5782,.T.);
#5780 = VERTEX_POINT('',#5781);
#5781 = CARTESIAN_POINT('',(45.430818363876,4.214324175929,40.));
#5782 = SURFACE_CURVE('',#5783,(#5787,#5793),.PCURVE_S1.);
#5783 = LINE('',#5784,#5785);
#5784 = CARTESIAN_POINT('',(45.497960224987,4.029853428626,40.));
#5785 = VECTOR('',#5786,1.);
#5786 = DIRECTION('',(-0.342020143326,0.939692620786,3.797186380058E-17)
  );
#5787 = PCURVE('',#100,#5788);
#5788 = DEFINITIONAL_REPRESENTATION('',(#5789),#5792);
#5789 = B_SPLINE_CURVE_WITH_KNOTS('',1,(#5790,#5791),.UNSPECIFIED.,.F.,
  .F.,(2,2),(-0.588929006855,0.196309668952),.PIECEWISE_BEZIER_KNOTS.);
#5790 = CARTESIAN_POINT('',(-10.69938580832,-3.476441186718));
#5791 = CARTESIAN_POINT('',(-10.43081836387,-4.214324175929));
#5792 = ( GEOMETRIC_REPRESENTATION_CONTEXT(2)
PARAMETRIC_REPRESENTATION_CONTEXT() REPRESENTATION_CONTEXT('2D SPACE',''
  ) );
#5793 = PCURVE('',#5794,#5799);
#5794 = PLANE('',#5795);
#5795 = AXIS2_PLACEMENT_3D('',#5796,#5797,#5798);
#5796 = CARTESIAN_POINT('',(45.430818363876,4.214324175929,37.5));
#5797 = DIRECTION('',(0.939692620786,0.342020143326,-1.043268383667E-16)
  );
#5798 = DIRECTION('',(0.342020143326,-0.939692620786,-3.797186380058E-17
    ));
#5799 = DEFINITIONAL_REPRESENTATION('',(#5800),#5803);
#5800 = B_SPLINE_CURVE_WITH_KNOTS('',1,(#5801,#5802),.UNSPECIFIED.,.F.,
  .F.,(2,2),(-0.588929006855,0.196309668952),.PIECEWISE_BEZIER_KNOTS.);
#5801 = CARTESIAN_POINT('',(0.785238675806,-2.5));
#5802 = CARTESIAN_POINT('',(-1.110223024625E-16,-2.5));
#5803 = ( GEOMETRIC_REPRESENTATION_CONTEXT(2)
PARAMETRIC_REPRESENTATION_CONTEXT() REPRESENTATION_CONTEXT('2D SPACE',''
  ) );
#5804 = ORIENTED_EDGE('',*,*,#5805,.T.);
#5805 = EDGE_CURVE('',#5780,#5806,#5808,.T.);
#5806 = VERTEX_POINT('',#5807);
#5807 = CARTESIAN_POINT('',(45.111433020866,4.931675401377,40.));
#5808 = SURFACE_CURVE('',#5809,(#5813,#5819),.PCURVE_S1.);
#5809 = LINE('',#5810,#5811);
#5810 = CARTESIAN_POINT('',(45.191279356618,4.752337595015,40.));
#5811 = VECTOR('',#5812,1.);
#5812 = DIRECTION('',(-0.406736643076,0.913545457643,4.515683861015E-17)
  );
#5813 = PCURVE('',#100,#5814);
#5814 = DEFINITIONAL_REPRESENTATION('',(#5815),#5818);
#5815 = B_SPLINE_CURVE_WITH_KNOTS('',1,(#5816,#5817),.UNSPECIFIED.,.F.,
  .F.,(2,2),(-0.588929006855,0.196309668952),.PIECEWISE_BEZIER_KNOTS.);
#5816 = CARTESIAN_POINT('',(-10.43081836387,-4.214324175929));
#5817 = CARTESIAN_POINT('',(-10.11143302086,-4.931675401377));
#5818 = ( GEOMETRIC_REPRESENTATION_CONTEXT(2)
PARAMETRIC_REPRESENTATION_CONTEXT() REPRESENTATION_CONTEXT('2D SPACE',''
  ) );
#5819 = PCURVE('',#5820,#5825);
#5820 = PLANE('',#5821);
#5821 = AXIS2_PLACEMENT_3D('',#5822,#5823,#5824);
#5822 = CARTESIAN_POINT('',(45.111433020866,4.931675401377,37.5));
#5823 = DIRECTION('',(0.913545457643,0.406736643076,-1.014239201117E-16)
  );
#5824 = DIRECTION('',(0.406736643076,-0.913545457643,-4.515683861015E-17
    ));
#5825 = DEFINITIONAL_REPRESENTATION('',(#5826),#5829);
#5826 = B_SPLINE_CURVE_WITH_KNOTS('',1,(#5827,#5828),.UNSPECIFIED.,.F.,
  .F.,(2,2),(-0.588929006855,0.196309668952),.PIECEWISE_BEZIER_KNOTS.);
#5827 = CARTESIAN_POINT('',(0.785238675806,-2.5));
#5828 = CARTESIAN_POINT('',(-1.110223024625E-16,-2.5));
#5829 = ( GEOMETRIC_REPRESENTATION_CONTEXT(2)
PARAMETRIC_REPRESENTATION_CONTEXT() REPRESENTATION_CONTEXT('2D SPACE',''
  ) );
#5830 = ORIENTED_EDGE('',*,*,#5831,.T.);
#5831 = EDGE_CURVE('',#5806,#5832,#5834,.T.);
#5832 = VERTEX_POINT('',#5833);
#5833 = CARTESIAN_POINT('',(44.742785792575,5.625,40.));
#5834 = SURFACE_CURVE('',#5835,(#5839,#5845),.PCURVE_S1.);
#5835 = LINE('',#5836,#5837);
#5836 = CARTESIAN_POINT('',(44.834947599648,5.451668850344,40.));
#5837 = VECTOR('',#5838,1.);
#5838 = DIRECTION('',(-0.469471562786,0.882947592859,5.212181384116E-17)
  );
#5839 = PCURVE('',#100,#5840);
#5840 = DEFINITIONAL_REPRESENTATION('',(#5841),#5844);
#5841 = B_SPLINE_CURVE_WITH_KNOTS('',1,(#5842,#5843),.UNSPECIFIED.,.F.,
  .F.,(2,2),(-0.588929006855,0.196309668952),.PIECEWISE_BEZIER_KNOTS.);
#5842 = CARTESIAN_POINT('',(-10.11143302086,-4.931675401377));
#5843 = CARTESIAN_POINT('',(-9.742785792575,-5.625));
#5844 = ( GEOMETRIC_REPRESENTATION_CONTEXT(2)
PARAMETRIC_REPRESENTATION_CONTEXT() REPRESENTATION_CONTEXT('2D SPACE',''
  ) );
#5845 = PCURVE('',#5846,#5851);
#5846 = PLANE('',#5847);
#5847 = AXIS2_PLACEMENT_3D('',#5848,#5849,#5850);
#5848 = CARTESIAN_POINT('',(44.742785792575,5.625,37.5));
#5849 = DIRECTION('',(0.882947592859,0.469471562786,-9.802687471293E-17)
  );
#5850 = DIRECTION('',(0.469471562786,-0.882947592859,-5.212181384116E-17
    ));
#5851 = DEFINITIONAL_REPRESENTATION('',(#5852),#5855);
#5852 = B_SPLINE_CURVE_WITH_KNOTS('',1,(#5853,#5854),.UNSPECIFIED.,.F.,
  .F.,(2,2),(-0.588929006855,0.196309668952),.PIECEWISE_BEZIER_KNOTS.);
#5853 = CARTESIAN_POINT('',(0.785238675806,-2.5));
#5854 = CARTESIAN_POINT('',(-1.387778780781E-16,-2.5));
#5855 = ( GEOMETRIC_REPRESENTATION_CONTEXT(2)
PARAMETRIC_REPRESENTATION_CONTEXT() REPRESENTATION_CONTEXT('2D SPACE',''
  ) );
#5856 = ORIENTED_EDGE('',*,*,#5857,.T.);
#5857 = EDGE_CURVE('',#5832,#5858,#5860,.T.);
#5858 = VERTEX_POINT('',#5859);
#5859 = CARTESIAN_POINT('',(44.326672691244,6.290920164046,40.));
#5860 = SURFACE_CURVE('',#5861,(#5865,#5871),.PCURVE_S1.);
#5861 = LINE('',#5862,#5863);
#5862 = CARTESIAN_POINT('',(44.430700966577,6.124440123034,40.));
#5863 = VECTOR('',#5864,1.);
#5864 = DIRECTION('',(-0.529919264233,0.848048096156,5.883285683441E-17)
  );
#5865 = PCURVE('',#100,#5866);
#5866 = DEFINITIONAL_REPRESENTATION('',(#5867),#5870);
#5867 = B_SPLINE_CURVE_WITH_KNOTS('',1,(#5868,#5869),.UNSPECIFIED.,.F.,
  .F.,(2,2),(-0.588929006855,0.196309668952),.PIECEWISE_BEZIER_KNOTS.);
#5868 = CARTESIAN_POINT('',(-9.742785792575,-5.625));
#5869 = CARTESIAN_POINT('',(-9.326672691244,-6.290920164046));
#5870 = ( GEOMETRIC_REPRESENTATION_CONTEXT(2)
PARAMETRIC_REPRESENTATION_CONTEXT() REPRESENTATION_CONTEXT('2D SPACE',''
  ) );
#5871 = PCURVE('',#5872,#5877);
#5872 = PLANE('',#5873);
#5873 = AXIS2_PLACEMENT_3D('',#5874,#5875,#5876);
#5874 = CARTESIAN_POINT('',(44.326672691244,6.290920164046,37.5));
#5875 = DIRECTION('',(0.848048096156,0.529919264233,-9.415225223424E-17)
  );
#5876 = DIRECTION('',(0.529919264233,-0.848048096156,-5.883285683441E-17
    ));
#5877 = DEFINITIONAL_REPRESENTATION('',(#5878),#5881);
#5878 = B_SPLINE_CURVE_WITH_KNOTS('',1,(#5879,#5880),.UNSPECIFIED.,.F.,
  .F.,(2,2),(-0.588929006855,0.196309668952),.PIECEWISE_BEZIER_KNOTS.);
#5879 = CARTESIAN_POINT('',(0.785238675806,-2.5));
#5880 = CARTESIAN_POINT('',(-1.665334536938E-16,-2.5));
#5881 = ( GEOMETRIC_REPRESENTATION_CONTEXT(2)
PARAMETRIC_REPRESENTATION_CONTEXT() REPRESENTATION_CONTEXT('2D SPACE',''
  ) );
#5882 = ORIENTED_EDGE('',*,*,#5883,.T.);
#5883 = EDGE_CURVE('',#5858,#5884,#5886,.T.);
#5884 = VERTEX_POINT('',#5885);
#5885 = CARTESIAN_POINT('',(43.865120978076,6.926191597414,40.));
#5886 = SURFACE_CURVE('',#5887,(#5891,#5898),.PCURVE_S1.);
#5887 = LINE('',#5888,#5889);
#5888 = CARTESIAN_POINT('',(44.326672691244,6.290920164046,40.));
#5889 = VECTOR('',#5890,1.);
#5890 = DIRECTION('',(-0.587785252292,0.809016994375,0.));
#5891 = PCURVE('',#100,#5892);
#5892 = DEFINITIONAL_REPRESENTATION('',(#5893),#5897);
#5893 = LINE('',#5894,#5895);
#5894 = CARTESIAN_POINT('',(-9.326672691244,-6.290920164046));
#5895 = VECTOR('',#5896,1.);
#5896 = DIRECTION('',(0.587785252292,-0.809016994375));
#5897 = ( GEOMETRIC_REPRESENTATION_CONTEXT(2)
PARAMETRIC_REPRESENTATION_CONTEXT() REPRESENTATION_CONTEXT('2D SPACE',''
  ) );
#5898 = PCURVE('',#5899,#5904);
#5899 = PLANE('',#5900);
#5900 = AXIS2_PLACEMENT_3D('',#5901,#5902,#5903);
#5901 = CARTESIAN_POINT('',(43.865120978076,6.926191597414,37.5));
#5902 = DIRECTION('',(0.809016994375,0.587785252292,-8.981892944681E-17)
  );
#5903 = DIRECTION('',(0.587785252292,-0.809016994375,-6.525727206302E-17
    ));
#5904 = DEFINITIONAL_REPRESENTATION('',(#5905),#5909);
#5905 = LINE('',#5906,#5907);
#5906 = CARTESIAN_POINT('',(0.785238675806,-2.5));
#5907 = VECTOR('',#5908,1.);
#5908 = DIRECTION('',(-1.,6.525727206302E-17));
#5909 = ( GEOMETRIC_REPRESENTATION_CONTEXT(2)
PARAMETRIC_REPRESENTATION_CONTEXT() REPRESENTATION_CONTEXT('2D SPACE',''
  ) );
#5910 = ORIENTED_EDGE('',*,*,#5911,.T.);
#5911 = EDGE_CURVE('',#5884,#5912,#5914,.T.);
#5912 = VERTEX_POINT('',#5913);
#5913 = CARTESIAN_POINT('',(43.360379286621,7.527719321537,40.));
#5914 = SURFACE_CURVE('',#5915,(#5919,#5926),.PCURVE_S1.);
#5915 = LINE('',#5916,#5917);
#5916 = CARTESIAN_POINT('',(43.486564709484,7.377337390506,40.));
#5917 = VECTOR('',#5918,1.);
#5918 = DIRECTION('',(-0.642787609687,0.766044443119,7.136376042178E-17)
  );
#5919 = PCURVE('',#100,#5920);
#5920 = DEFINITIONAL_REPRESENTATION('',(#5921),#5925);
#5921 = LINE('',#5922,#5923);
#5922 = CARTESIAN_POINT('',(-8.486564709484,-7.377337390506));
#5923 = VECTOR('',#5924,1.);
#5924 = DIRECTION('',(0.642787609687,-0.766044443119));
#5925 = ( GEOMETRIC_REPRESENTATION_CONTEXT(2)
PARAMETRIC_REPRESENTATION_CONTEXT() REPRESENTATION_CONTEXT('2D SPACE',''
  ) );
#5926 = PCURVE('',#5927,#5932);
#5927 = PLANE('',#5928);
#5928 = AXIS2_PLACEMENT_3D('',#5929,#5930,#5931);
#5929 = CARTESIAN_POINT('',(43.360379286621,7.527719321537,37.5));
#5930 = DIRECTION('',(0.766044443119,0.642787609687,-8.504801786368E-17)
  );
#5931 = DIRECTION('',(0.642787609687,-0.766044443119,-7.136376042178E-17
    ));
#5932 = DEFINITIONAL_REPRESENTATION('',(#5933),#5937);
#5933 = LINE('',#5934,#5935);
#5934 = CARTESIAN_POINT('',(0.196309668952,-2.5));
#5935 = VECTOR('',#5936,1.);
#5936 = DIRECTION('',(-1.,0.));
#5937 = ( GEOMETRIC_REPRESENTATION_CONTEXT(2)
PARAMETRIC_REPRESENTATION_CONTEXT() REPRESENTATION_CONTEXT('2D SPACE',''
  ) );
#5938 = ORIENTED_EDGE('',*,*,#5939,.T.);
#5939 = EDGE_CURVE('',#5912,#5940,#5942,.T.);
#5940 = VERTEX_POINT('',#5941);
#5941 = CARTESIAN_POINT('',(42.814906667664,8.09257275381,40.));
#5942 = SURFACE_CURVE('',#5943,(#5947,#5954),.PCURVE_S1.);
#5943 = LINE('',#5944,#5945);
#5944 = CARTESIAN_POINT('',(42.951274822403,7.951359395742,40.));
#5945 = VECTOR('',#5946,1.);
#5946 = DIRECTION('',(-0.694658370459,0.719339800339,7.712257171322E-17)
  );
#5947 = PCURVE('',#100,#5948);
#5948 = DEFINITIONAL_REPRESENTATION('',(#5949),#5953);
#5949 = LINE('',#5950,#5951);
#5950 = CARTESIAN_POINT('',(-7.951274822403,-7.951359395742));
#5951 = VECTOR('',#5952,1.);
#5952 = DIRECTION('',(0.694658370459,-0.719339800339));
#5953 = ( GEOMETRIC_REPRESENTATION_CONTEXT(2)
PARAMETRIC_REPRESENTATION_CONTEXT() REPRESENTATION_CONTEXT('2D SPACE',''
  ) );
#5954 = PCURVE('',#5955,#5960);
#5955 = PLANE('',#5956);
#5956 = AXIS2_PLACEMENT_3D('',#5957,#5958,#5959);
#5957 = CARTESIAN_POINT('',(42.814906667664,8.09257275381,37.5));
#5958 = DIRECTION('',(0.719339800339,0.694658370459,-7.986276088652E-17)
  );
#5959 = DIRECTION('',(0.694658370459,-0.719339800339,-7.712257171322E-17
    ));
#5960 = DEFINITIONAL_REPRESENTATION('',(#5961),#5965);
#5961 = LINE('',#5962,#5963);
#5962 = CARTESIAN_POINT('',(0.196309668952,-2.5));
#5963 = VECTOR('',#5964,1.);
#5964 = DIRECTION('',(-1.,0.));
#5965 = ( GEOMETRIC_REPRESENTATION_CONTEXT(2)
PARAMETRIC_REPRESENTATION_CONTEXT() REPRESENTATION_CONTEXT('2D SPACE',''
  ) );
#5966 = ORIENTED_EDGE('',*,*,#5967,.T.);
#5967 = EDGE_CURVE('',#5940,#5968,#5970,.T.);
#5968 = VERTEX_POINT('',#5969);
#5969 = CARTESIAN_POINT('',(42.231360608974,8.617999985089,40.));
#5970 = SURFACE_CURVE('',#5971,(#5975,#5982),.PCURVE_S1.);
#5971 = LINE('',#5972,#5973);
#5972 = CARTESIAN_POINT('',(42.377247123646,8.486643177269,40.));
#5973 = VECTOR('',#5974,1.);
#5974 = DIRECTION('',(-0.743144825477,0.669130606359,8.25056495876E-17)
  );
#5975 = PCURVE('',#100,#5976);
#5976 = DEFINITIONAL_REPRESENTATION('',(#5977),#5981);
#5977 = LINE('',#5978,#5979);
#5978 = CARTESIAN_POINT('',(-7.377247123646,-8.486643177269));
#5979 = VECTOR('',#5980,1.);
#5980 = DIRECTION('',(0.743144825477,-0.669130606359));
#5981 = ( GEOMETRIC_REPRESENTATION_CONTEXT(2)
PARAMETRIC_REPRESENTATION_CONTEXT() REPRESENTATION_CONTEXT('2D SPACE',''
  ) );
#5982 = PCURVE('',#5983,#5988);
#5983 = PLANE('',#5984);
#5984 = AXIS2_PLACEMENT_3D('',#5985,#5986,#5987);
#5985 = CARTESIAN_POINT('',(42.231360608974,8.617999985089,37.5));
#5986 = DIRECTION('',(0.669130606359,0.743144825477,-7.42884205661E-17)
  );
#5987 = DIRECTION('',(0.743144825477,-0.669130606359,-8.25056495876E-17)
  );
#5988 = DEFINITIONAL_REPRESENTATION('',(#5989),#5993);
#5989 = LINE('',#5990,#5991);
#5990 = CARTESIAN_POINT('',(0.196309668952,-2.5));
#5991 = VECTOR('',#5992,1.);
#5992 = DIRECTION('',(-1.,0.));
#5993 = ( GEOMETRIC_REPRESENTATION_CONTEXT(2)
PARAMETRIC_REPRESENTATION_CONTEXT() REPRESENTATION_CONTEXT('2D SPACE',''
  ) );
#5994 = ORIENTED_EDGE('',*,*,#5995,.T.);
#5995 = EDGE_CURVE('',#5968,#5996,#5998,.T.);
#5996 = VERTEX_POINT('',#5997);
#5997 = CARTESIAN_POINT('',(41.61258408829,9.101441186718,40.));
#5998 = SURFACE_CURVE('',#5999,(#6003,#6010),.PCURVE_S1.);
#5999 = LINE('',#6000,#6001);
#6000 = CARTESIAN_POINT('',(41.767278218461,8.980580886311,40.));
#6001 = VECTOR('',#6002,1.);
#6002 = DIRECTION('',(-0.788010753607,0.615661475326,8.748676823064E-17)
  );
#6003 = PCURVE('',#100,#6004);
#6004 = DEFINITIONAL_REPRESENTATION('',(#6005),#6009);
#6005 = LINE('',#6006,#6007);
#6006 = CARTESIAN_POINT('',(-6.767278218461,-8.980580886311));
#6007 = VECTOR('',#6008,1.);
#6008 = DIRECTION('',(0.788010753607,-0.615661475326));
#6009 = ( GEOMETRIC_REPRESENTATION_CONTEXT(2)
PARAMETRIC_REPRESENTATION_CONTEXT() REPRESENTATION_CONTEXT('2D SPACE',''
  ) );
#6010 = PCURVE('',#6011,#6016);
#6011 = PLANE('',#6012);
#6012 = AXIS2_PLACEMENT_3D('',#6013,#6014,#6015);
#6013 = CARTESIAN_POINT('',(41.61258408829,9.101441186718,37.5));
#6014 = DIRECTION('',(0.615661475326,0.788010753607,-6.835215452812E-17)
  );
#6015 = DIRECTION('',(0.788010753607,-0.615661475326,-8.748676823064E-17
    ));
#6016 = DEFINITIONAL_REPRESENTATION('',(#6017),#6021);
#6017 = LINE('',#6018,#6019);
#6018 = CARTESIAN_POINT('',(0.196309668952,-2.5));
#6019 = VECTOR('',#6020,1.);
#6020 = DIRECTION('',(-1.,0.));
#6021 = ( GEOMETRIC_REPRESENTATION_CONTEXT(2)
PARAMETRIC_REPRESENTATION_CONTEXT() REPRESENTATION_CONTEXT('2D SPACE',''
  ) );
#6022 = ORIENTED_EDGE('',*,*,#6023,.T.);
#6023 = EDGE_CURVE('',#5996,#6024,#6026,.T.);
#6024 = VERTEX_POINT('',#6025);
#6025 = CARTESIAN_POINT('',(40.961591722624,9.54054108176,40.));
#6026 = SURFACE_CURVE('',#6027,(#6031,#6038),.PCURVE_S1.);
#6027 = LINE('',#6028,#6029);
#6028 = CARTESIAN_POINT('',(41.12433981404,9.430766107999,40.));
#6029 = VECTOR('',#6030,1.);
#6030 = DIRECTION('',(-0.829037572555,0.559192903471,9.2041660133E-17));
#6031 = PCURVE('',#100,#6032);
#6032 = DEFINITIONAL_REPRESENTATION('',(#6033),#6037);
#6033 = LINE('',#6034,#6035);
#6034 = CARTESIAN_POINT('',(-6.12433981404,-9.430766107999));
#6035 = VECTOR('',#6036,1.);
#6036 = DIRECTION('',(0.829037572555,-0.559192903471));
#6037 = ( GEOMETRIC_REPRESENTATION_CONTEXT(2)
PARAMETRIC_REPRESENTATION_CONTEXT() REPRESENTATION_CONTEXT('2D SPACE',''
  ) );
#6038 = PCURVE('',#6039,#6044);
#6039 = PLANE('',#6040);
#6040 = AXIS2_PLACEMENT_3D('',#6041,#6042,#6043);
#6041 = CARTESIAN_POINT('',(40.961591722624,9.54054108176,37.5));
#6042 = DIRECTION('',(0.559192903471,0.829037572555,-6.208288366402E-17)
  );
#6043 = DIRECTION('',(0.829037572555,-0.559192903471,-9.2041660133E-17)
  );
#6044 = DEFINITIONAL_REPRESENTATION('',(#6045),#6049);
#6045 = LINE('',#6046,#6047);
#6046 = CARTESIAN_POINT('',(0.196309668952,-2.5));
#6047 = VECTOR('',#6048,1.);
#6048 = DIRECTION('',(-1.,0.));
#6049 = ( GEOMETRIC_REPRESENTATION_CONTEXT(2)
PARAMETRIC_REPRESENTATION_CONTEXT() REPRESENTATION_CONTEXT('2D SPACE',''
  ) );
#6050 = ORIENTED_EDGE('',*,*,#6051,.T.);
#6051 = EDGE_CURVE('',#6024,#6052,#6054,.T.);
#6052 = VERTEX_POINT('',#6053);
#6053 = CARTESIAN_POINT('',(40.281555081341,9.933160419663,40.));
#6054 = SURFACE_CURVE('',#6055,(#6059,#6066),.PCURVE_S1.);
#6055 = LINE('',#6056,#6057);
#6056 = CARTESIAN_POINT('',(40.451564241662,9.835005585187,40.));
#6057 = VECTOR('',#6058,1.);
#6058 = DIRECTION('',(-0.866025403784,0.5,9.614813431918E-17));
#6059 = PCURVE('',#100,#6060);
#6060 = DEFINITIONAL_REPRESENTATION('',(#6061),#6065);
#6061 = LINE('',#6062,#6063);
#6062 = CARTESIAN_POINT('',(-5.451564241662,-9.835005585187));
#6063 = VECTOR('',#6064,1.);
#6064 = DIRECTION('',(0.866025403784,-0.5));
#6065 = ( GEOMETRIC_REPRESENTATION_CONTEXT(2)
PARAMETRIC_REPRESENTATION_CONTEXT() REPRESENTATION_CONTEXT('2D SPACE',''
  ) );
#6066 = PCURVE('',#6067,#6072);
#6067 = PLANE('',#6068);
#6068 = AXIS2_PLACEMENT_3D('',#6069,#6070,#6071);
#6069 = CARTESIAN_POINT('',(40.281555081341,9.933160419663,37.5));
#6070 = DIRECTION('',(0.5,0.866025403784,-5.551115123126E-17));
#6071 = DIRECTION('',(0.866025403784,-0.5,-9.614813431918E-17));
#6072 = DEFINITIONAL_REPRESENTATION('',(#6073),#6077);
#6073 = LINE('',#6074,#6075);
#6074 = CARTESIAN_POINT('',(0.196309668952,-2.5));
#6075 = VECTOR('',#6076,1.);
#6076 = DIRECTION('',(-1.,0.));
#6077 = ( GEOMETRIC_REPRESENTATION_CONTEXT(2)
PARAMETRIC_REPRESENTATION_CONTEXT() REPRESENTATION_CONTEXT('2D SPACE',''
  ) );
#6078 = ORIENTED_EDGE('',*,*,#6079,.T.);
#6079 = EDGE_CURVE('',#6052,#6080,#6082,.T.);
#6080 = VERTEX_POINT('',#6081);
#6081 = CARTESIAN_POINT('',(39.575787234603,10.277386398479,40.));
#6082 = SURFACE_CURVE('',#6083,(#6087,#6094),.PCURVE_S1.);
#6083 = LINE('',#6084,#6085);
#6084 = CARTESIAN_POINT('',(39.752229196287,10.191329903775,40.));
#6085 = VECTOR('',#6086,1.);
#6086 = DIRECTION('',(-0.898794046299,0.438371146789,9.978618445973E-17)
  );
#6087 = PCURVE('',#100,#6088);
#6088 = DEFINITIONAL_REPRESENTATION('',(#6089),#6093);
#6089 = LINE('',#6090,#6091);
#6090 = CARTESIAN_POINT('',(-4.752229196287,-10.19132990377));
#6091 = VECTOR('',#6092,1.);
#6092 = DIRECTION('',(0.898794046299,-0.438371146789));
#6093 = ( GEOMETRIC_REPRESENTATION_CONTEXT(2)
PARAMETRIC_REPRESENTATION_CONTEXT() REPRESENTATION_CONTEXT('2D SPACE',''
  ) );
#6094 = PCURVE('',#6095,#6100);
#6095 = PLANE('',#6096);
#6096 = AXIS2_PLACEMENT_3D('',#6097,#6098,#6099);
#6097 = CARTESIAN_POINT('',(39.575787234603,10.277386398479,37.5));
#6098 = DIRECTION('',(0.438371146789,0.898794046299,-4.866897404966E-17)
  );
#6099 = DIRECTION('',(0.898794046299,-0.438371146789,-9.978618445973E-17
    ));
#6100 = DEFINITIONAL_REPRESENTATION('',(#6101),#6105);
#6101 = LINE('',#6102,#6103);
#6102 = CARTESIAN_POINT('',(0.196309668952,-2.5));
#6103 = VECTOR('',#6104,1.);
#6104 = DIRECTION('',(-1.,0.));
#6105 = ( GEOMETRIC_REPRESENTATION_CONTEXT(2)
PARAMETRIC_REPRESENTATION_CONTEXT() REPRESENTATION_CONTEXT('2D SPACE',''
  ) );
#6106 = ORIENTED_EDGE('',*,*,#6107,.T.);
#6107 = EDGE_CURVE('',#6080,#6108,#6110,.T.);
#6108 = VERTEX_POINT('',#6109);
#6109 = CARTESIAN_POINT('',(38.847726612414,10.571541983841,40.));
#6110 = SURFACE_CURVE('',#6111,(#6115,#6122),.PCURVE_S1.);
#6111 = LINE('',#6112,#6113);
#6112 = CARTESIAN_POINT('',(39.029741767961,10.498003087501,40.));
#6113 = VECTOR('',#6114,1.);
#6114 = DIRECTION('',(-0.927183854567,0.374606593416,1.029380863401E-16)
  );
#6115 = PCURVE('',#100,#6116);
#6116 = DEFINITIONAL_REPRESENTATION('',(#6117),#6121);
#6117 = LINE('',#6118,#6119);
#6118 = CARTESIAN_POINT('',(-4.029741767961,-10.4980030875));
#6119 = VECTOR('',#6120,1.);
#6120 = DIRECTION('',(0.927183854567,-0.374606593416));
#6121 = ( GEOMETRIC_REPRESENTATION_CONTEXT(2)
PARAMETRIC_REPRESENTATION_CONTEXT() REPRESENTATION_CONTEXT('2D SPACE',''
  ) );
#6122 = PCURVE('',#6123,#6128);
#6123 = PLANE('',#6124);
#6124 = AXIS2_PLACEMENT_3D('',#6125,#6126,#6127);
#6125 = CARTESIAN_POINT('',(38.847726612414,10.571541983841,37.5));
#6126 = DIRECTION('',(0.374606593416,0.927183854567,-4.158968651867E-17)
  );
#6127 = DIRECTION('',(0.927183854567,-0.374606593416,-1.029380863401E-16
    ));
#6128 = DEFINITIONAL_REPRESENTATION('',(#6129),#6133);
#6129 = LINE('',#6130,#6131);
#6130 = CARTESIAN_POINT('',(0.196309668952,-2.5));
#6131 = VECTOR('',#6132,1.);
#6132 = DIRECTION('',(-1.,0.));
#6133 = ( GEOMETRIC_REPRESENTATION_CONTEXT(2)
PARAMETRIC_REPRESENTATION_CONTEXT() REPRESENTATION_CONTEXT('2D SPACE',''
  ) );
#6134 = ORIENTED_EDGE('',*,*,#6135,.T.);
#6135 = EDGE_CURVE('',#6108,#6136,#6138,.T.);
#6136 = VERTEX_POINT('',#6137);
#6137 = CARTESIAN_POINT('',(38.100920252941,10.814194079306,40.));
#6138 = SURFACE_CURVE('',#6139,(#6143,#6150),.PCURVE_S1.);
#6139 = LINE('',#6140,#6141);
#6140 = CARTESIAN_POINT('',(38.287621842809,10.75353105544,40.));
#6141 = VECTOR('',#6142,1.);
#6142 = DIRECTION('',(-0.951056516295,0.309016994375,1.055884842111E-16)
  );
#6143 = PCURVE('',#100,#6144);
#6144 = DEFINITIONAL_REPRESENTATION('',(#6145),#6149);
#6145 = LINE('',#6146,#6147);
#6146 = CARTESIAN_POINT('',(-3.287621842809,-10.75353105544));
#6147 = VECTOR('',#6148,1.);
#6148 = DIRECTION('',(0.951056516295,-0.309016994375));
#6149 = ( GEOMETRIC_REPRESENTATION_CONTEXT(2)
PARAMETRIC_REPRESENTATION_CONTEXT() REPRESENTATION_CONTEXT('2D SPACE',''
  ) );
#6150 = PCURVE('',#6151,#6156);
#6151 = PLANE('',#6152);
#6152 = AXIS2_PLACEMENT_3D('',#6153,#6154,#6155);
#6153 = CARTESIAN_POINT('',(38.100920252941,10.814194079306,37.5));
#6154 = DIRECTION('',(0.309016994375,0.951056516295,-3.430777821555E-17)
  );
#6155 = DIRECTION('',(0.951056516295,-0.309016994375,-1.055884842111E-16
    ));
#6156 = DEFINITIONAL_REPRESENTATION('',(#6157),#6161);
#6157 = LINE('',#6158,#6159);
#6158 = CARTESIAN_POINT('',(0.196309668952,-2.5));
#6159 = VECTOR('',#6160,1.);
#6160 = DIRECTION('',(-1.,0.));
#6161 = ( GEOMETRIC_REPRESENTATION_CONTEXT(2)
PARAMETRIC_REPRESENTATION_CONTEXT() REPRESENTATION_CONTEXT('2D SPACE',''
  ) );
#6162 = ORIENTED_EDGE('',*,*,#6163,.T.);
#6163 = EDGE_CURVE('',#6136,#6164,#6166,.T.);
#6164 = VERTEX_POINT('',#6165);
#6165 = CARTESIAN_POINT('',(37.3390065217,11.004160508255,40.));
#6166 = SURFACE_CURVE('',#6167,(#6171,#6178),.PCURVE_S1.);
#6167 = LINE('',#6168,#6169);
#6168 = CARTESIAN_POINT('',(37.52948495451,10.956668901018,40.));
#6169 = VECTOR('',#6170,1.);
#6170 = DIRECTION('',(-0.970295726276,0.2419218956,1.077244656007E-16));
#6171 = PCURVE('',#100,#6172);
#6172 = DEFINITIONAL_REPRESENTATION('',(#6173),#6177);
#6173 = LINE('',#6174,#6175);
#6174 = CARTESIAN_POINT('',(-2.52948495451,-10.95666890101));
#6175 = VECTOR('',#6176,1.);
#6176 = DIRECTION('',(0.970295726276,-0.2419218956));
#6177 = ( GEOMETRIC_REPRESENTATION_CONTEXT(2)
PARAMETRIC_REPRESENTATION_CONTEXT() REPRESENTATION_CONTEXT('2D SPACE',''
  ) );
#6178 = PCURVE('',#6179,#6184);
#6179 = PLANE('',#6180);
#6180 = AXIS2_PLACEMENT_3D('',#6181,#6182,#6183);
#6181 = CARTESIAN_POINT('',(37.3390065217,11.004160508255,37.5));
#6182 = DIRECTION('',(0.2419218956,0.970295726276,-2.685872586557E-17));
#6183 = DIRECTION('',(0.970295726276,-0.2419218956,-1.077244656007E-16)
  );
#6184 = DEFINITIONAL_REPRESENTATION('',(#6185),#6189);
#6185 = LINE('',#6186,#6187);
#6186 = CARTESIAN_POINT('',(0.196309668952,-2.5));
#6187 = VECTOR('',#6188,1.);
#6188 = DIRECTION('',(-1.,0.));
#6189 = ( GEOMETRIC_REPRESENTATION_CONTEXT(2)
PARAMETRIC_REPRESENTATION_CONTEXT() REPRESENTATION_CONTEXT('2D SPACE',''
  ) );
#6190 = ORIENTED_EDGE('',*,*,#6191,.T.);
#6191 = EDGE_CURVE('',#6164,#6192,#6194,.T.);
#6192 = VERTEX_POINT('',#6193);
#6193 = CARTESIAN_POINT('',(36.565697385801,11.140515773343,40.));
#6194 = SURFACE_CURVE('',#6195,(#6199,#6206),.PCURVE_S1.);
#6195 = LINE('',#6196,#6197);
#6196 = CARTESIAN_POINT('',(36.759024669775,11.106426957071,40.));
#6197 = VECTOR('',#6198,1.);
#6198 = DIRECTION('',(-0.984807753012,0.173648177667,1.093356242224E-16)
  );
#6199 = PCURVE('',#100,#6200);
#6200 = DEFINITIONAL_REPRESENTATION('',(#6201),#6205);
#6201 = LINE('',#6202,#6203);
#6202 = CARTESIAN_POINT('',(-1.759024669775,-11.10642695707));
#6203 = VECTOR('',#6204,1.);
#6204 = DIRECTION('',(0.984807753012,-0.173648177667));
#6205 = ( GEOMETRIC_REPRESENTATION_CONTEXT(2)
PARAMETRIC_REPRESENTATION_CONTEXT() REPRESENTATION_CONTEXT('2D SPACE',''
  ) );
#6206 = PCURVE('',#6207,#6212);
#6207 = PLANE('',#6208);
#6208 = AXIS2_PLACEMENT_3D('',#6209,#6210,#6211);
#6209 = CARTESIAN_POINT('',(36.565697385801,11.140515773343,37.5));
#6210 = DIRECTION('',(0.173648177667,0.984807753012,-1.9278820503E-17));
#6211 = DIRECTION('',(0.984807753012,-0.173648177667,-1.093356242224E-16
    ));
#6212 = DEFINITIONAL_REPRESENTATION('',(#6213),#6217);
#6213 = LINE('',#6214,#6215);
#6214 = CARTESIAN_POINT('',(0.196309668952,-2.5));
#6215 = VECTOR('',#6216,1.);
#6216 = DIRECTION('',(-1.,0.));
#6217 = ( GEOMETRIC_REPRESENTATION_CONTEXT(2)
PARAMETRIC_REPRESENTATION_CONTEXT() REPRESENTATION_CONTEXT('2D SPACE',''
  ) );
#6218 = ORIENTED_EDGE('',*,*,#6219,.T.);
#6219 = EDGE_CURVE('',#6192,#6220,#6222,.T.);
#6220 = VERTEX_POINT('',#6221);
#6221 = CARTESIAN_POINT('',(35.784760329621,11.222595565423,40.));
#6222 = SURFACE_CURVE('',#6223,(#6227,#6234),.PCURVE_S1.);
#6223 = LINE('',#6224,#6225);
#6224 = CARTESIAN_POINT('',(35.979994593666,11.202075617403,40.));
#6225 = VECTOR('',#6226,1.);
#6226 = DIRECTION('',(-0.994521895368,0.104528463268,1.104141106732E-16)
  );
#6227 = PCURVE('',#100,#6228);
#6228 = DEFINITIONAL_REPRESENTATION('',(#6229),#6233);
#6229 = LINE('',#6230,#6231);
#6230 = CARTESIAN_POINT('',(-0.979994593666,-11.2020756174));
#6231 = VECTOR('',#6232,1.);
#6232 = DIRECTION('',(0.994521895368,-0.104528463268));
#6233 = ( GEOMETRIC_REPRESENTATION_CONTEXT(2)
PARAMETRIC_REPRESENTATION_CONTEXT() REPRESENTATION_CONTEXT('2D SPACE',''
  ) );
#6234 = PCURVE('',#6235,#6240);
#6235 = PLANE('',#6236);
#6236 = AXIS2_PLACEMENT_3D('',#6237,#6238,#6239);
#6237 = CARTESIAN_POINT('',(35.784760329621,11.222595565423,37.5));
#6238 = DIRECTION('',(0.104528463268,0.994521895368,-1.160499066484E-17)
  );
#6239 = DIRECTION('',(0.994521895368,-0.104528463268,-1.104141106732E-16
    ));
#6240 = DEFINITIONAL_REPRESENTATION('',(#6241),#6245);
#6241 = LINE('',#6242,#6243);
#6242 = CARTESIAN_POINT('',(0.196309668952,-2.5));
#6243 = VECTOR('',#6244,1.);
#6244 = DIRECTION('',(-1.,0.));
#6245 = ( GEOMETRIC_REPRESENTATION_CONTEXT(2)
PARAMETRIC_REPRESENTATION_CONTEXT() REPRESENTATION_CONTEXT('2D SPACE',''
  ) );
#6246 = ORIENTED_EDGE('',*,*,#6247,.T.);
#6247 = EDGE_CURVE('',#6220,#6248,#6250,.T.);
#6248 = VERTEX_POINT('',#6249);
#6249 = CARTESIAN_POINT('',(35.,11.25,40.));
#6250 = SURFACE_CURVE('',#6251,(#6255,#6262),.PCURVE_S1.);
#6251 = LINE('',#6252,#6253);
#6252 = CARTESIAN_POINT('',(35.196190082405,11.243148891356,40.));
#6253 = VECTOR('',#6254,1.);
#6254 = DIRECTION('',(-0.999390827019,3.48994967025E-02,
    1.109546706756E-16));
#6255 = PCURVE('',#100,#6256);
#6256 = DEFINITIONAL_REPRESENTATION('',(#6257),#6261);
#6257 = LINE('',#6258,#6259);
#6258 = CARTESIAN_POINT('',(-0.196190082405,-11.24314889135));
#6259 = VECTOR('',#6260,1.);
#6260 = DIRECTION('',(0.999390827019,-3.48994967025E-02));
#6261 = ( GEOMETRIC_REPRESENTATION_CONTEXT(2)
PARAMETRIC_REPRESENTATION_CONTEXT() REPRESENTATION_CONTEXT('2D SPACE',''
  ) );
#6262 = PCURVE('',#6263,#6268);
#6263 = PLANE('',#6264);
#6264 = AXIS2_PLACEMENT_3D('',#6265,#6266,#6267);
#6265 = CARTESIAN_POINT('',(35.,11.25,37.5));
#6266 = DIRECTION('',(3.48994967025E-02,0.999390827019,
    -3.874622478695E-18));
#6267 = DIRECTION('',(0.999390827019,-3.48994967025E-02,
    -1.109546706756E-16));
#6268 = DEFINITIONAL_REPRESENTATION('',(#6269),#6273);
#6269 = LINE('',#6270,#6271);
#6270 = CARTESIAN_POINT('',(0.196309668952,-2.5));
#6271 = VECTOR('',#6272,1.);
#6272 = DIRECTION('',(-1.,0.));
#6273 = ( GEOMETRIC_REPRESENTATION_CONTEXT(2)
PARAMETRIC_REPRESENTATION_CONTEXT() REPRESENTATION_CONTEXT('2D SPACE',''
  ) );
#6274 = ORIENTED_EDGE('',*,*,#6275,.T.);
#6275 = EDGE_CURVE('',#6248,#6276,#6278,.T.);
#6276 = VERTEX_POINT('',#6277);
#6277 = CARTESIAN_POINT('',(34.215239670379,11.222595565423,40.));
#6278 = SURFACE_CURVE('',#6279,(#6283,#6290),.PCURVE_S1.);
#6279 = LINE('',#6280,#6281);
#6280 = CARTESIAN_POINT('',(34.411429752784,11.229446674067,40.));
#6281 = VECTOR('',#6282,1.);
#6282 = DIRECTION('',(-0.999390827019,-3.48994967025E-02,
    1.109546706756E-16));
#6283 = PCURVE('',#100,#6284);
#6284 = DEFINITIONAL_REPRESENTATION('',(#6285),#6289);
#6285 = LINE('',#6286,#6287);
#6286 = CARTESIAN_POINT('',(0.588570247216,-11.22944667406));
#6287 = VECTOR('',#6288,1.);
#6288 = DIRECTION('',(0.999390827019,3.48994967025E-02));
#6289 = ( GEOMETRIC_REPRESENTATION_CONTEXT(2)
PARAMETRIC_REPRESENTATION_CONTEXT() REPRESENTATION_CONTEXT('2D SPACE',''
  ) );
#6290 = PCURVE('',#6291,#6296);
#6291 = PLANE('',#6292);
#6292 = AXIS2_PLACEMENT_3D('',#6293,#6294,#6295);
#6293 = CARTESIAN_POINT('',(34.215239670379,11.222595565423,37.5));
#6294 = DIRECTION('',(-3.48994967025E-02,0.999390827019,
    3.874622478695E-18));
#6295 = DIRECTION('',(0.999390827019,3.48994967025E-02,
    -1.109546706756E-16));
#6296 = DEFINITIONAL_REPRESENTATION('',(#6297),#6301);
#6297 = LINE('',#6298,#6299);
#6298 = CARTESIAN_POINT('',(0.196309668952,-2.5));
#6299 = VECTOR('',#6300,1.);
#6300 = DIRECTION('',(-1.,0.));
#6301 = ( GEOMETRIC_REPRESENTATION_CONTEXT(2)
PARAMETRIC_REPRESENTATION_CONTEXT() REPRESENTATION_CONTEXT('2D SPACE',''
  ) );
#6302 = ORIENTED_EDGE('',*,*,#6303,.T.);
#6303 = EDGE_CURVE('',#6276,#6304,#6306,.T.);
#6304 = VERTEX_POINT('',#6305);
#6305 = CARTESIAN_POINT('',(33.434302614199,11.140515773343,40.));
#6306 = SURFACE_CURVE('',#6307,(#6311,#6318),.PCURVE_S1.);
#6307 = LINE('',#6308,#6309);
#6308 = CARTESIAN_POINT('',(33.629536878244,11.161035721363,40.));
#6309 = VECTOR('',#6310,1.);
#6310 = DIRECTION('',(-0.994521895368,-0.104528463268,1.104141106732E-16
    ));
#6311 = PCURVE('',#100,#6312);
#6312 = DEFINITIONAL_REPRESENTATION('',(#6313),#6317);
#6313 = LINE('',#6314,#6315);
#6314 = CARTESIAN_POINT('',(1.370463121756,-11.16103572136));
#6315 = VECTOR('',#6316,1.);
#6316 = DIRECTION('',(0.994521895368,0.104528463268));
#6317 = ( GEOMETRIC_REPRESENTATION_CONTEXT(2)
PARAMETRIC_REPRESENTATION_CONTEXT() REPRESENTATION_CONTEXT('2D SPACE',''
  ) );
#6318 = PCURVE('',#6319,#6324);
#6319 = PLANE('',#6320);
#6320 = AXIS2_PLACEMENT_3D('',#6321,#6322,#6323);
#6321 = CARTESIAN_POINT('',(33.434302614199,11.140515773343,37.5));
#6322 = DIRECTION('',(-0.104528463268,0.994521895368,1.160499066484E-17)
  );
#6323 = DIRECTION('',(0.994521895368,0.104528463268,-1.104141106732E-16)
  );
#6324 = DEFINITIONAL_REPRESENTATION('',(#6325),#6329);
#6325 = LINE('',#6326,#6327);
#6326 = CARTESIAN_POINT('',(0.196309668952,-2.5));
#6327 = VECTOR('',#6328,1.);
#6328 = DIRECTION('',(-1.,0.));
#6329 = ( GEOMETRIC_REPRESENTATION_CONTEXT(2)
PARAMETRIC_REPRESENTATION_CONTEXT() REPRESENTATION_CONTEXT('2D SPACE',''
  ) );
#6330 = ORIENTED_EDGE('',*,*,#6331,.T.);
#6331 = EDGE_CURVE('',#6304,#6332,#6334,.T.);
#6332 = VERTEX_POINT('',#6333);
#6333 = CARTESIAN_POINT('',(32.6609934783,11.004160508255,40.));
#6334 = SURFACE_CURVE('',#6335,(#6339,#6346),.PCURVE_S1.);
#6335 = LINE('',#6336,#6337);
#6336 = CARTESIAN_POINT('',(32.854320762275,11.038249324527,40.));
#6337 = VECTOR('',#6338,1.);
#6338 = DIRECTION('',(-0.984807753012,-0.173648177667,1.093356242224E-16
    ));
#6339 = PCURVE('',#100,#6340);
#6340 = DEFINITIONAL_REPRESENTATION('',(#6341),#6345);
#6341 = LINE('',#6342,#6343);
#6342 = CARTESIAN_POINT('',(2.145679237725,-11.03824932452));
#6343 = VECTOR('',#6344,1.);
#6344 = DIRECTION('',(0.984807753012,0.173648177667));
#6345 = ( GEOMETRIC_REPRESENTATION_CONTEXT(2)
PARAMETRIC_REPRESENTATION_CONTEXT() REPRESENTATION_CONTEXT('2D SPACE',''
  ) );
#6346 = PCURVE('',#6347,#6352);
#6347 = PLANE('',#6348);
#6348 = AXIS2_PLACEMENT_3D('',#6349,#6350,#6351);
#6349 = CARTESIAN_POINT('',(32.6609934783,11.004160508255,37.5));
#6350 = DIRECTION('',(-0.173648177667,0.984807753012,1.9278820503E-17));
#6351 = DIRECTION('',(0.984807753012,0.173648177667,-1.093356242224E-16)
  );
#6352 = DEFINITIONAL_REPRESENTATION('',(#6353),#6357);
#6353 = LINE('',#6354,#6355);
#6354 = CARTESIAN_POINT('',(0.196309668952,-2.5));
#6355 = VECTOR('',#6356,1.);
#6356 = DIRECTION('',(-1.,0.));
#6357 = ( GEOMETRIC_REPRESENTATION_CONTEXT(2)
PARAMETRIC_REPRESENTATION_CONTEXT() REPRESENTATION_CONTEXT('2D SPACE',''
  ) );
#6358 = ORIENTED_EDGE('',*,*,#6359,.T.);
#6359 = EDGE_CURVE('',#6332,#6360,#6362,.T.);
#6360 = VERTEX_POINT('',#6361);
#6361 = CARTESIAN_POINT('',(31.899079747059,10.814194079306,40.));
#6362 = SURFACE_CURVE('',#6363,(#6367,#6374),.PCURVE_S1.);
#6363 = LINE('',#6364,#6365);
#6364 = CARTESIAN_POINT('',(32.089558179869,10.861685686543,40.));
#6365 = VECTOR('',#6366,1.);
#6366 = DIRECTION('',(-0.970295726276,-0.2419218956,1.077244656007E-16)
  );
#6367 = PCURVE('',#100,#6368);
#6368 = DEFINITIONAL_REPRESENTATION('',(#6369),#6373);
#6369 = LINE('',#6370,#6371);
#6370 = CARTESIAN_POINT('',(2.910441820131,-10.86168568654));
#6371 = VECTOR('',#6372,1.);
#6372 = DIRECTION('',(0.970295726276,0.2419218956));
#6373 = ( GEOMETRIC_REPRESENTATION_CONTEXT(2)
PARAMETRIC_REPRESENTATION_CONTEXT() REPRESENTATION_CONTEXT('2D SPACE',''
  ) );
#6374 = PCURVE('',#6375,#6380);
#6375 = PLANE('',#6376);
#6376 = AXIS2_PLACEMENT_3D('',#6377,#6378,#6379);
#6377 = CARTESIAN_POINT('',(31.899079747059,10.814194079306,37.5));
#6378 = DIRECTION('',(-0.2419218956,0.970295726276,2.685872586557E-17));
#6379 = DIRECTION('',(0.970295726276,0.2419218956,-1.077244656007E-16));
#6380 = DEFINITIONAL_REPRESENTATION('',(#6381),#6385);
#6381 = LINE('',#6382,#6383);
#6382 = CARTESIAN_POINT('',(0.196309668952,-2.5));
#6383 = VECTOR('',#6384,1.);
#6384 = DIRECTION('',(-1.,0.));
#6385 = ( GEOMETRIC_REPRESENTATION_CONTEXT(2)
PARAMETRIC_REPRESENTATION_CONTEXT() REPRESENTATION_CONTEXT('2D SPACE',''
  ) );
#6386 = ORIENTED_EDGE('',*,*,#6387,.T.);
#6387 = EDGE_CURVE('',#6360,#6388,#6390,.T.);
#6388 = VERTEX_POINT('',#6389);
#6389 = CARTESIAN_POINT('',(31.152273387586,10.571541983841,40.));
#6390 = SURFACE_CURVE('',#6391,(#6395,#6402),.PCURVE_S1.);
#6391 = LINE('',#6392,#6393);
#6392 = CARTESIAN_POINT('',(31.338974977454,10.632205007708,40.));
#6393 = VECTOR('',#6394,1.);
#6394 = DIRECTION('',(-0.951056516295,-0.309016994375,1.055884842111E-16
    ));
#6395 = PCURVE('',#100,#6396);
#6396 = DEFINITIONAL_REPRESENTATION('',(#6397),#6401);
#6397 = LINE('',#6398,#6399);
#6398 = CARTESIAN_POINT('',(3.661025022546,-10.6322050077));
#6399 = VECTOR('',#6400,1.);
#6400 = DIRECTION('',(0.951056516295,0.309016994375));
#6401 = ( GEOMETRIC_REPRESENTATION_CONTEXT(2)
PARAMETRIC_REPRESENTATION_CONTEXT() REPRESENTATION_CONTEXT('2D SPACE',''
  ) );
#6402 = PCURVE('',#6403,#6408);
#6403 = PLANE('',#6404);
#6404 = AXIS2_PLACEMENT_3D('',#6405,#6406,#6407);
#6405 = CARTESIAN_POINT('',(31.152273387586,10.571541983841,37.5));
#6406 = DIRECTION('',(-0.309016994375,0.951056516295,3.430777821555E-17)
  );
#6407 = DIRECTION('',(0.951056516295,0.309016994375,-1.055884842111E-16)
  );
#6408 = DEFINITIONAL_REPRESENTATION('',(#6409),#6413);
#6409 = LINE('',#6410,#6411);
#6410 = CARTESIAN_POINT('',(0.196309668952,-2.5));
#6411 = VECTOR('',#6412,1.);
#6412 = DIRECTION('',(-1.,0.));
#6413 = ( GEOMETRIC_REPRESENTATION_CONTEXT(2)
PARAMETRIC_REPRESENTATION_CONTEXT() REPRESENTATION_CONTEXT('2D SPACE',''
  ) );
#6414 = ORIENTED_EDGE('',*,*,#6415,.T.);
#6415 = EDGE_CURVE('',#6388,#6416,#6418,.T.);
#6416 = VERTEX_POINT('',#6417);
#6417 = CARTESIAN_POINT('',(30.424212765397,10.277386398479,40.));
#6418 = SURFACE_CURVE('',#6419,(#6423,#6430),.PCURVE_S1.);
#6419 = LINE('',#6420,#6421);
#6420 = CARTESIAN_POINT('',(30.606227920944,10.35092529482,40.));
#6421 = VECTOR('',#6422,1.);
#6422 = DIRECTION('',(-0.927183854567,-0.374606593416,1.029380863401E-16
    ));
#6423 = PCURVE('',#100,#6424);
#6424 = DEFINITIONAL_REPRESENTATION('',(#6425),#6429);
#6425 = LINE('',#6426,#6427);
#6426 = CARTESIAN_POINT('',(4.393772079056,-10.35092529482));
#6427 = VECTOR('',#6428,1.);
#6428 = DIRECTION('',(0.927183854567,0.374606593416));
#6429 = ( GEOMETRIC_REPRESENTATION_CONTEXT(2)
PARAMETRIC_REPRESENTATION_CONTEXT() REPRESENTATION_CONTEXT('2D SPACE',''
  ) );
#6430 = PCURVE('',#6431,#6436);
#6431 = PLANE('',#6432);
#6432 = AXIS2_PLACEMENT_3D('',#6433,#6434,#6435);
#6433 = CARTESIAN_POINT('',(30.424212765397,10.277386398479,37.5));
#6434 = DIRECTION('',(-0.374606593416,0.927183854567,4.158968651867E-17)
  );
#6435 = DIRECTION('',(0.927183854567,0.374606593416,-1.029380863401E-16)
  );
#6436 = DEFINITIONAL_REPRESENTATION('',(#6437),#6441);
#6437 = LINE('',#6438,#6439);
#6438 = CARTESIAN_POINT('',(0.196309668952,-2.5));
#6439 = VECTOR('',#6440,1.);
#6440 = DIRECTION('',(-1.,0.));
#6441 = ( GEOMETRIC_REPRESENTATION_CONTEXT(2)
PARAMETRIC_REPRESENTATION_CONTEXT() REPRESENTATION_CONTEXT('2D SPACE',''
  ) );
#6442 = ORIENTED_EDGE('',*,*,#6443,.T.);
#6443 = EDGE_CURVE('',#6416,#6444,#6446,.T.);
#6444 = VERTEX_POINT('',#6445);
#6445 = CARTESIAN_POINT('',(29.718444918659,9.933160419663,40.));
#6446 = SURFACE_CURVE('',#6447,(#6451,#6458),.PCURVE_S1.);
#6447 = LINE('',#6448,#6449);
#6448 = CARTESIAN_POINT('',(29.894886880343,10.019216914367,40.));
#6449 = VECTOR('',#6450,1.);
#6450 = DIRECTION('',(-0.898794046299,-0.438371146789,9.978618445973E-17
    ));
#6451 = PCURVE('',#100,#6452);
#6452 = DEFINITIONAL_REPRESENTATION('',(#6453),#6457);
#6453 = LINE('',#6454,#6455);
#6454 = CARTESIAN_POINT('',(5.105113119657,-10.01921691436));
#6455 = VECTOR('',#6456,1.);
#6456 = DIRECTION('',(0.898794046299,0.438371146789));
#6457 = ( GEOMETRIC_REPRESENTATION_CONTEXT(2)
PARAMETRIC_REPRESENTATION_CONTEXT() REPRESENTATION_CONTEXT('2D SPACE',''
  ) );
#6458 = PCURVE('',#6459,#6464);
#6459 = PLANE('',#6460);
#6460 = AXIS2_PLACEMENT_3D('',#6461,#6462,#6463);
#6461 = CARTESIAN_POINT('',(29.718444918659,9.933160419663,37.5));
#6462 = DIRECTION('',(-0.438371146789,0.898794046299,4.866897404966E-17)
  );
#6463 = DIRECTION('',(0.898794046299,0.438371146789,-9.978618445973E-17)
  );
#6464 = DEFINITIONAL_REPRESENTATION('',(#6465),#6469);
#6465 = LINE('',#6466,#6467);
#6466 = CARTESIAN_POINT('',(0.196309668952,-2.5));
#6467 = VECTOR('',#6468,1.);
#6468 = DIRECTION('',(-1.,0.));
#6469 = ( GEOMETRIC_REPRESENTATION_CONTEXT(2)
PARAMETRIC_REPRESENTATION_CONTEXT() REPRESENTATION_CONTEXT('2D SPACE',''
  ) );
#6470 = ORIENTED_EDGE('',*,*,#6471,.T.);
#6471 = EDGE_CURVE('',#6444,#6472,#6474,.T.);
#6472 = VERTEX_POINT('',#6473);
#6473 = CARTESIAN_POINT('',(29.038408277376,9.54054108176,40.));
#6474 = SURFACE_CURVE('',#6475,(#6479,#6486),.PCURVE_S1.);
#6475 = LINE('',#6476,#6477);
#6476 = CARTESIAN_POINT('',(29.208417437697,9.638695916236,40.));
#6477 = VECTOR('',#6478,1.);
#6478 = DIRECTION('',(-0.866025403784,-0.5,9.614813431918E-17));
#6479 = PCURVE('',#100,#6480);
#6480 = DEFINITIONAL_REPRESENTATION('',(#6481),#6485);
#6481 = LINE('',#6482,#6483);
#6482 = CARTESIAN_POINT('',(5.791582562303,-9.638695916236));
#6483 = VECTOR('',#6484,1.);
#6484 = DIRECTION('',(0.866025403784,0.5));
#6485 = ( GEOMETRIC_REPRESENTATION_CONTEXT(2)
PARAMETRIC_REPRESENTATION_CONTEXT() REPRESENTATION_CONTEXT('2D SPACE',''
  ) );
#6486 = PCURVE('',#6487,#6492);
#6487 = PLANE('',#6488);
#6488 = AXIS2_PLACEMENT_3D('',#6489,#6490,#6491);
#6489 = CARTESIAN_POINT('',(29.038408277376,9.54054108176,37.5));
#6490 = DIRECTION('',(-0.5,0.866025403784,5.551115123126E-17));
#6491 = DIRECTION('',(0.866025403784,0.5,-9.614813431918E-17));
#6492 = DEFINITIONAL_REPRESENTATION('',(#6493),#6497);
#6493 = LINE('',#6494,#6495);
#6494 = CARTESIAN_POINT('',(0.196309668952,-2.5));
#6495 = VECTOR('',#6496,1.);
#6496 = DIRECTION('',(-1.,0.));
#6497 = ( GEOMETRIC_REPRESENTATION_CONTEXT(2)
PARAMETRIC_REPRESENTATION_CONTEXT() REPRESENTATION_CONTEXT('2D SPACE',''
  ) );
#6498 = ORIENTED_EDGE('',*,*,#6499,.T.);
#6499 = EDGE_CURVE('',#6472,#6500,#6502,.T.);
#6500 = VERTEX_POINT('',#6501);
#6501 = CARTESIAN_POINT('',(28.38741591171,9.101441186718,40.));
#6502 = SURFACE_CURVE('',#6503,(#6507,#6514),.PCURVE_S1.);
#6503 = LINE('',#6504,#6505);
#6504 = CARTESIAN_POINT('',(28.550164003126,9.211216160479,40.));
#6505 = VECTOR('',#6506,1.);
#6506 = DIRECTION('',(-0.829037572555,-0.559192903471,9.2041660133E-17)
  );
#6507 = PCURVE('',#100,#6508);
#6508 = DEFINITIONAL_REPRESENTATION('',(#6509),#6513);
#6509 = LINE('',#6510,#6511);
#6510 = CARTESIAN_POINT('',(6.449835996874,-9.211216160479));
#6511 = VECTOR('',#6512,1.);
#6512 = DIRECTION('',(0.829037572555,0.559192903471));
#6513 = ( GEOMETRIC_REPRESENTATION_CONTEXT(2)
PARAMETRIC_REPRESENTATION_CONTEXT() REPRESENTATION_CONTEXT('2D SPACE',''
  ) );
#6514 = PCURVE('',#6515,#6520);
#6515 = PLANE('',#6516);
#6516 = AXIS2_PLACEMENT_3D('',#6517,#6518,#6519);
#6517 = CARTESIAN_POINT('',(28.38741591171,9.101441186718,37.5));
#6518 = DIRECTION('',(-0.559192903471,0.829037572555,6.208288366402E-17)
  );
#6519 = DIRECTION('',(0.829037572555,0.559192903471,-9.2041660133E-17));
#6520 = DEFINITIONAL_REPRESENTATION('',(#6521),#6525);
#6521 = LINE('',#6522,#6523);
#6522 = CARTESIAN_POINT('',(0.196309668952,-2.5));
#6523 = VECTOR('',#6524,1.);
#6524 = DIRECTION('',(-1.,0.));
#6525 = ( GEOMETRIC_REPRESENTATION_CONTEXT(2)
PARAMETRIC_REPRESENTATION_CONTEXT() REPRESENTATION_CONTEXT('2D SPACE',''
  ) );
#6526 = ORIENTED_EDGE('',*,*,#6527,.T.);
#6527 = EDGE_CURVE('',#6500,#6528,#6530,.T.);
#6528 = VERTEX_POINT('',#6529);
#6529 = CARTESIAN_POINT('',(27.768639391026,8.617999985089,40.));
#6530 = SURFACE_CURVE('',#6531,(#6535,#6542),.PCURVE_S1.);
#6531 = LINE('',#6532,#6533);
#6532 = CARTESIAN_POINT('',(27.923333521197,8.738860285496,40.));
#6533 = VECTOR('',#6534,1.);
#6534 = DIRECTION('',(-0.788010753607,-0.615661475326,8.748676823064E-17
    ));
#6535 = PCURVE('',#100,#6536);
#6536 = DEFINITIONAL_REPRESENTATION('',(#6537),#6541);
#6537 = LINE('',#6538,#6539);
#6538 = CARTESIAN_POINT('',(7.076666478803,-8.738860285496));
#6539 = VECTOR('',#6540,1.);
#6540 = DIRECTION('',(0.788010753607,0.615661475326));
#6541 = ( GEOMETRIC_REPRESENTATION_CONTEXT(2)
PARAMETRIC_REPRESENTATION_CONTEXT() REPRESENTATION_CONTEXT('2D SPACE',''
  ) );
#6542 = PCURVE('',#6543,#6548);
#6543 = PLANE('',#6544);
#6544 = AXIS2_PLACEMENT_3D('',#6545,#6546,#6547);
#6545 = CARTESIAN_POINT('',(27.768639391026,8.617999985089,37.5));
#6546 = DIRECTION('',(-0.615661475326,0.788010753607,6.835215452812E-17)
  );
#6547 = DIRECTION('',(0.788010753607,0.615661475326,-8.748676823064E-17)
  );
#6548 = DEFINITIONAL_REPRESENTATION('',(#6549),#6553);
#6549 = LINE('',#6550,#6551);
#6550 = CARTESIAN_POINT('',(0.196309668952,-2.5));
#6551 = VECTOR('',#6552,1.);
#6552 = DIRECTION('',(-1.,0.));
#6553 = ( GEOMETRIC_REPRESENTATION_CONTEXT(2)
PARAMETRIC_REPRESENTATION_CONTEXT() REPRESENTATION_CONTEXT('2D SPACE',''
  ) );
#6554 = ORIENTED_EDGE('',*,*,#6555,.T.);
#6555 = EDGE_CURVE('',#6528,#6556,#6558,.T.);
#6556 = VERTEX_POINT('',#6557);
#6557 = CARTESIAN_POINT('',(27.185093332336,8.09257275381,40.));
#6558 = SURFACE_CURVE('',#6559,(#6563,#6570),.PCURVE_S1.);
#6559 = LINE('',#6560,#6561);
#6560 = CARTESIAN_POINT('',(27.330979847009,8.223929561629,40.));
#6561 = VECTOR('',#6562,1.);
#6562 = DIRECTION('',(-0.743144825477,-0.669130606359,8.25056495876E-17)
  );
#6563 = PCURVE('',#100,#6564);
#6564 = DEFINITIONAL_REPRESENTATION('',(#6565),#6569);
#6565 = LINE('',#6566,#6567);
#6566 = CARTESIAN_POINT('',(7.669020152991,-8.22392956163));
#6567 = VECTOR('',#6568,1.);
#6568 = DIRECTION('',(0.743144825477,0.669130606359));
#6569 = ( GEOMETRIC_REPRESENTATION_CONTEXT(2)
PARAMETRIC_REPRESENTATION_CONTEXT() REPRESENTATION_CONTEXT('2D SPACE',''
  ) );
#6570 = PCURVE('',#6571,#6576);
#6571 = PLANE('',#6572);
#6572 = AXIS2_PLACEMENT_3D('',#6573,#6574,#6575);
#6573 = CARTESIAN_POINT('',(27.185093332336,8.09257275381,37.5));
#6574 = DIRECTION('',(-0.669130606359,0.743144825477,7.42884205661E-17)
  );
#6575 = DIRECTION('',(0.743144825477,0.669130606359,-8.25056495876E-17)
  );
#6576 = DEFINITIONAL_REPRESENTATION('',(#6577),#6581);
#6577 = LINE('',#6578,#6579);
#6578 = CARTESIAN_POINT('',(0.196309668952,-2.5));
#6579 = VECTOR('',#6580,1.);
#6580 = DIRECTION('',(-1.,0.));
#6581 = ( GEOMETRIC_REPRESENTATION_CONTEXT(2)
PARAMETRIC_REPRESENTATION_CONTEXT() REPRESENTATION_CONTEXT('2D SPACE',''
  ) );
#6582 = ORIENTED_EDGE('',*,*,#6583,.T.);
#6583 = EDGE_CURVE('',#6556,#6584,#6586,.T.);
#6584 = VERTEX_POINT('',#6585);
#6585 = CARTESIAN_POINT('',(26.639620713379,7.527719321537,40.));
#6586 = SURFACE_CURVE('',#6587,(#6591,#6598),.PCURVE_S1.);
#6587 = LINE('',#6588,#6589);
#6588 = CARTESIAN_POINT('',(26.775988868119,7.668932679605,40.));
#6589 = VECTOR('',#6590,1.);
#6590 = DIRECTION('',(-0.694658370459,-0.719339800339,7.712257171322E-17
    ));
#6591 = PCURVE('',#100,#6592);
#6592 = DEFINITIONAL_REPRESENTATION('',(#6593),#6597);
#6593 = LINE('',#6594,#6595);
#6594 = CARTESIAN_POINT('',(8.224011131881,-7.668932679605));
#6595 = VECTOR('',#6596,1.);
#6596 = DIRECTION('',(0.694658370459,0.719339800339));
#6597 = ( GEOMETRIC_REPRESENTATION_CONTEXT(2)
PARAMETRIC_REPRESENTATION_CONTEXT() REPRESENTATION_CONTEXT('2D SPACE',''
  ) );
#6598 = PCURVE('',#6599,#6604);
#6599 = PLANE('',#6600);
#6600 = AXIS2_PLACEMENT_3D('',#6601,#6602,#6603);
#6601 = CARTESIAN_POINT('',(26.639620713379,7.527719321537,37.5));
#6602 = DIRECTION('',(-0.719339800339,0.694658370459,7.986276088652E-17)
  );
#6603 = DIRECTION('',(0.694658370459,0.719339800339,-7.712257171322E-17)
  );
#6604 = DEFINITIONAL_REPRESENTATION('',(#6605),#6609);
#6605 = LINE('',#6606,#6607);
#6606 = CARTESIAN_POINT('',(0.196309668952,-2.5));
#6607 = VECTOR('',#6608,1.);
#6608 = DIRECTION('',(-1.,0.));
#6609 = ( GEOMETRIC_REPRESENTATION_CONTEXT(2)
PARAMETRIC_REPRESENTATION_CONTEXT() REPRESENTATION_CONTEXT('2D SPACE',''
  ) );
#6610 = ORIENTED_EDGE('',*,*,#6611,.T.);
#6611 = EDGE_CURVE('',#6584,#6612,#6614,.T.);
#6612 = VERTEX_POINT('',#6613);
#6613 = CARTESIAN_POINT('',(26.134879021924,6.926191597414,40.));
#6614 = SURFACE_CURVE('',#6615,(#6619,#6626),.PCURVE_S1.);
#6615 = LINE('',#6616,#6617);
#6616 = CARTESIAN_POINT('',(26.261064444788,7.076573528445,40.));
#6617 = VECTOR('',#6618,1.);
#6618 = DIRECTION('',(-0.642787609687,-0.766044443119,7.136376042178E-17
    ));
#6619 = PCURVE('',#100,#6620);
#6620 = DEFINITIONAL_REPRESENTATION('',(#6621),#6625);
#6621 = LINE('',#6622,#6623);
#6622 = CARTESIAN_POINT('',(8.738935555212,-7.076573528445));
#6623 = VECTOR('',#6624,1.);
#6624 = DIRECTION('',(0.642787609687,0.766044443119));
#6625 = ( GEOMETRIC_REPRESENTATION_CONTEXT(2)
PARAMETRIC_REPRESENTATION_CONTEXT() REPRESENTATION_CONTEXT('2D SPACE',''
  ) );
#6626 = PCURVE('',#6627,#6632);
#6627 = PLANE('',#6628);
#6628 = AXIS2_PLACEMENT_3D('',#6629,#6630,#6631);
#6629 = CARTESIAN_POINT('',(26.134879021924,6.926191597414,37.5));
#6630 = DIRECTION('',(-0.766044443119,0.642787609687,8.504801786368E-17)
  );
#6631 = DIRECTION('',(0.642787609687,0.766044443119,-7.136376042178E-17)
  );
#6632 = DEFINITIONAL_REPRESENTATION('',(#6633),#6637);
#6633 = LINE('',#6634,#6635);
#6634 = CARTESIAN_POINT('',(0.196309668952,-2.5));
#6635 = VECTOR('',#6636,1.);
#6636 = DIRECTION('',(-1.,0.));
#6637 = ( GEOMETRIC_REPRESENTATION_CONTEXT(2)
PARAMETRIC_REPRESENTATION_CONTEXT() REPRESENTATION_CONTEXT('2D SPACE',''
  ) );
#6638 = ORIENTED_EDGE('',*,*,#6639,.T.);
#6639 = EDGE_CURVE('',#6612,#6640,#6642,.T.);
#6640 = VERTEX_POINT('',#6641);
#6641 = CARTESIAN_POINT('',(25.673327308756,6.290920164046,40.));
#6642 = SURFACE_CURVE('',#6643,(#6647,#6654),.PCURVE_S1.);
#6643 = LINE('',#6644,#6645);
#6644 = CARTESIAN_POINT('',(25.788715237048,6.449738022388,40.));
#6645 = VECTOR('',#6646,1.);
#6646 = DIRECTION('',(-0.587785252292,-0.809016994375,6.525727206302E-17
    ));
#6647 = PCURVE('',#100,#6648);
#6648 = DEFINITIONAL_REPRESENTATION('',(#6649),#6653);
#6649 = LINE('',#6650,#6651);
#6650 = CARTESIAN_POINT('',(9.211284762952,-6.449738022388));
#6651 = VECTOR('',#6652,1.);
#6652 = DIRECTION('',(0.587785252292,0.809016994375));
#6653 = ( GEOMETRIC_REPRESENTATION_CONTEXT(2)
PARAMETRIC_REPRESENTATION_CONTEXT() REPRESENTATION_CONTEXT('2D SPACE',''
  ) );
#6654 = PCURVE('',#6655,#6660);
#6655 = PLANE('',#6656);
#6656 = AXIS2_PLACEMENT_3D('',#6657,#6658,#6659);
#6657 = CARTESIAN_POINT('',(25.673327308756,6.290920164046,37.5));
#6658 = DIRECTION('',(-0.809016994375,0.587785252292,8.981892944681E-17)
  );
#6659 = DIRECTION('',(0.587785252292,0.809016994375,-6.525727206302E-17)
  );
#6660 = DEFINITIONAL_REPRESENTATION('',(#6661),#6665);
#6661 = LINE('',#6662,#6663);
#6662 = CARTESIAN_POINT('',(0.196309668952,-2.5));
#6663 = VECTOR('',#6664,1.);
#6664 = DIRECTION('',(-1.,0.));
#6665 = ( GEOMETRIC_REPRESENTATION_CONTEXT(2)
PARAMETRIC_REPRESENTATION_CONTEXT() REPRESENTATION_CONTEXT('2D SPACE',''
  ) );
#6666 = ORIENTED_EDGE('',*,*,#6667,.T.);
#6667 = EDGE_CURVE('',#6640,#6668,#6670,.T.);
#6668 = VERTEX_POINT('',#6669);
#6669 = CARTESIAN_POINT('',(25.257214207425,5.625,40.));
#6670 = SURFACE_CURVE('',#6671,(#6675,#6682),.PCURVE_S1.);
#6671 = LINE('',#6672,#6673);
#6672 = CARTESIAN_POINT('',(25.361242482758,5.791480041011,40.));
#6673 = VECTOR('',#6674,1.);
#6674 = DIRECTION('',(-0.529919264233,-0.848048096156,5.883285683441E-17
    ));
#6675 = PCURVE('',#100,#6676);
#6676 = DEFINITIONAL_REPRESENTATION('',(#6677),#6681);
#6677 = LINE('',#6678,#6679);
#6678 = CARTESIAN_POINT('',(9.638757517242,-5.791480041011));
#6679 = VECTOR('',#6680,1.);
#6680 = DIRECTION('',(0.529919264233,0.848048096156));
#6681 = ( GEOMETRIC_REPRESENTATION_CONTEXT(2)
PARAMETRIC_REPRESENTATION_CONTEXT() REPRESENTATION_CONTEXT('2D SPACE',''
  ) );
#6682 = PCURVE('',#6683,#6688);
#6683 = PLANE('',#6684);
#6684 = AXIS2_PLACEMENT_3D('',#6685,#6686,#6687);
#6685 = CARTESIAN_POINT('',(25.257214207425,5.625,37.5));
#6686 = DIRECTION('',(-0.848048096156,0.529919264233,9.415225223424E-17)
  );
#6687 = DIRECTION('',(0.529919264233,0.848048096156,-5.883285683441E-17)
  );
#6688 = DEFINITIONAL_REPRESENTATION('',(#6689),#6693);
#6689 = LINE('',#6690,#6691);
#6690 = CARTESIAN_POINT('',(0.196309668952,-2.5));
#6691 = VECTOR('',#6692,1.);
#6692 = DIRECTION('',(-1.,0.));
#6693 = ( GEOMETRIC_REPRESENTATION_CONTEXT(2)
PARAMETRIC_REPRESENTATION_CONTEXT() REPRESENTATION_CONTEXT('2D SPACE',''
  ) );
#6694 = ORIENTED_EDGE('',*,*,#6695,.T.);
#6695 = EDGE_CURVE('',#6668,#6696,#6698,.T.);
#6696 = VERTEX_POINT('',#6697);
#6697 = CARTESIAN_POINT('',(24.888566979134,4.931675401377,40.));
#6698 = SURFACE_CURVE('',#6699,(#6703,#6710),.PCURVE_S1.);
#6699 = LINE('',#6700,#6701);
#6700 = CARTESIAN_POINT('',(24.980728786207,5.105006551033,40.));
#6701 = VECTOR('',#6702,1.);
#6702 = DIRECTION('',(-0.469471562786,-0.882947592859,5.212181384116E-17
    ));
#6703 = PCURVE('',#100,#6704);
#6704 = DEFINITIONAL_REPRESENTATION('',(#6705),#6709);
#6705 = LINE('',#6706,#6707);
#6706 = CARTESIAN_POINT('',(10.019271213793,-5.105006551033));
#6707 = VECTOR('',#6708,1.);
#6708 = DIRECTION('',(0.469471562786,0.882947592859));
#6709 = ( GEOMETRIC_REPRESENTATION_CONTEXT(2)
PARAMETRIC_REPRESENTATION_CONTEXT() REPRESENTATION_CONTEXT('2D SPACE',''
  ) );
#6710 = PCURVE('',#6711,#6716);
#6711 = PLANE('',#6712);
#6712 = AXIS2_PLACEMENT_3D('',#6713,#6714,#6715);
#6713 = CARTESIAN_POINT('',(24.888566979134,4.931675401377,37.5));
#6714 = DIRECTION('',(-0.882947592859,0.469471562786,9.802687471293E-17)
  );
#6715 = DIRECTION('',(0.469471562786,0.882947592859,-5.212181384116E-17)
  );
#6716 = DEFINITIONAL_REPRESENTATION('',(#6717),#6721);
#6717 = LINE('',#6718,#6719);
#6718 = CARTESIAN_POINT('',(0.196309668952,-2.5));
#6719 = VECTOR('',#6720,1.);
#6720 = DIRECTION('',(-1.,0.));
#6721 = ( GEOMETRIC_REPRESENTATION_CONTEXT(2)
PARAMETRIC_REPRESENTATION_CONTEXT() REPRESENTATION_CONTEXT('2D SPACE',''
  ) );
#6722 = ORIENTED_EDGE('',*,*,#6723,.T.);
#6723 = EDGE_CURVE('',#6696,#6724,#6726,.T.);
#6724 = VERTEX_POINT('',#6725);
#6725 = CARTESIAN_POINT('',(24.569181636124,4.214324175929,40.));
#6726 = SURFACE_CURVE('',#6727,(#6731,#6738),.PCURVE_S1.);
#6727 = LINE('',#6728,#6729);
#6728 = CARTESIAN_POINT('',(24.649027971876,4.393661982291,40.));
#6729 = VECTOR('',#6730,1.);
#6730 = DIRECTION('',(-0.406736643076,-0.913545457643,4.515683861015E-17
    ));
#6731 = PCURVE('',#100,#6732);
#6732 = DEFINITIONAL_REPRESENTATION('',(#6733),#6737);
#6733 = LINE('',#6734,#6735);
#6734 = CARTESIAN_POINT('',(10.350972028124,-4.393661982291));
#6735 = VECTOR('',#6736,1.);
#6736 = DIRECTION('',(0.406736643076,0.913545457643));
#6737 = ( GEOMETRIC_REPRESENTATION_CONTEXT(2)
PARAMETRIC_REPRESENTATION_CONTEXT() REPRESENTATION_CONTEXT('2D SPACE',''
  ) );
#6738 = PCURVE('',#6739,#6744);
#6739 = PLANE('',#6740);
#6740 = AXIS2_PLACEMENT_3D('',#6741,#6742,#6743);
#6741 = CARTESIAN_POINT('',(24.569181636124,4.214324175929,37.5));
#6742 = DIRECTION('',(-0.913545457643,0.406736643076,1.014239201117E-16)
  );
#6743 = DIRECTION('',(0.406736643076,0.913545457643,-4.515683861015E-17)
  );
#6744 = DEFINITIONAL_REPRESENTATION('',(#6745),#6749);
#6745 = LINE('',#6746,#6747);
#6746 = CARTESIAN_POINT('',(0.196309668952,-2.5));
#6747 = VECTOR('',#6748,1.);
#6748 = DIRECTION('',(-1.,0.));
#6749 = ( GEOMETRIC_REPRESENTATION_CONTEXT(2)
PARAMETRIC_REPRESENTATION_CONTEXT() REPRESENTATION_CONTEXT('2D SPACE',''
  ) );
#6750 = ORIENTED_EDGE('',*,*,#6751,.T.);
#6751 = EDGE_CURVE('',#6724,#6752,#6754,.T.);
#6752 = VERTEX_POINT('',#6753);
#6753 = CARTESIAN_POINT('',(24.30061419168,3.476441186718,40.));
#6754 = SURFACE_CURVE('',#6755,(#6759,#6766),.PCURVE_S1.);
#6755 = LINE('',#6756,#6757);
#6756 = CARTESIAN_POINT('',(24.367756052791,3.660911934021,40.));
#6757 = VECTOR('',#6758,1.);
#6758 = DIRECTION('',(-0.342020143326,-0.939692620786,3.797186380058E-17
    ));
#6759 = PCURVE('',#100,#6760);
#6760 = DEFINITIONAL_REPRESENTATION('',(#6761),#6765);
#6761 = LINE('',#6762,#6763);
#6762 = CARTESIAN_POINT('',(10.632243947209,-3.660911934021));
#6763 = VECTOR('',#6764,1.);
#6764 = DIRECTION('',(0.342020143326,0.939692620786));
#6765 = ( GEOMETRIC_REPRESENTATION_CONTEXT(2)
PARAMETRIC_REPRESENTATION_CONTEXT() REPRESENTATION_CONTEXT('2D SPACE',''
  ) );
#6766 = PCURVE('',#6767,#6772);
#6767 = PLANE('',#6768);
#6768 = AXIS2_PLACEMENT_3D('',#6769,#6770,#6771);
#6769 = CARTESIAN_POINT('',(24.30061419168,3.476441186718,37.5));
#6770 = DIRECTION('',(-0.939692620786,0.342020143326,1.043268383667E-16)
  );
#6771 = DIRECTION('',(0.342020143326,0.939692620786,-3.797186380058E-17)
  );
#6772 = DEFINITIONAL_REPRESENTATION('',(#6773),#6777);
#6773 = LINE('',#6774,#6775);
#6774 = CARTESIAN_POINT('',(0.196309668952,-2.5));
#6775 = VECTOR('',#6776,1.);
#6776 = DIRECTION('',(-1.,0.));
#6777 = ( GEOMETRIC_REPRESENTATION_CONTEXT(2)
PARAMETRIC_REPRESENTATION_CONTEXT() REPRESENTATION_CONTEXT('2D SPACE',''
  ) );
#6778 = ORIENTED_EDGE('',*,*,#6779,.T.);
#6779 = EDGE_CURVE('',#6752,#6780,#6782,.T.);
#6780 = VERTEX_POINT('',#6781);
#6781 = CARTESIAN_POINT('',(24.084173079395,2.721621325496,40.));
#6782 = SURFACE_CURVE('',#6783,(#6787,#6794),.PCURVE_S1.);
#6783 = LINE('',#6784,#6785);
#6784 = CARTESIAN_POINT('',(24.138283357466,2.910326290802,40.));
#6785 = VECTOR('',#6786,1.);
#6786 = DIRECTION('',(-0.275637355817,-0.961261695938,3.060189388748E-17
    ));
#6787 = PCURVE('',#100,#6788);
#6788 = DEFINITIONAL_REPRESENTATION('',(#6789),#6793);
#6789 = LINE('',#6790,#6791);
#6790 = CARTESIAN_POINT('',(10.861716642534,-2.910326290802));
#6791 = VECTOR('',#6792,1.);
#6792 = DIRECTION('',(0.275637355817,0.961261695938));
#6793 = ( GEOMETRIC_REPRESENTATION_CONTEXT(2)
PARAMETRIC_REPRESENTATION_CONTEXT() REPRESENTATION_CONTEXT('2D SPACE',''
  ) );
#6794 = PCURVE('',#6795,#6800);
#6795 = PLANE('',#6796);
#6796 = AXIS2_PLACEMENT_3D('',#6797,#6798,#6799);
#6797 = CARTESIAN_POINT('',(24.084173079395,2.721621325496,37.5));
#6798 = DIRECTION('',(-0.961261695938,0.275637355817,1.067214867521E-16)
  );
#6799 = DIRECTION('',(0.275637355817,0.961261695938,-3.060189388748E-17)
  );
#6800 = DEFINITIONAL_REPRESENTATION('',(#6801),#6805);
#6801 = LINE('',#6802,#6803);
#6802 = CARTESIAN_POINT('',(0.196309668952,-2.5));
#6803 = VECTOR('',#6804,1.);
#6804 = DIRECTION('',(-1.,0.));
#6805 = ( GEOMETRIC_REPRESENTATION_CONTEXT(2)
PARAMETRIC_REPRESENTATION_CONTEXT() REPRESENTATION_CONTEXT('2D SPACE',''
  ) );
#6806 = ORIENTED_EDGE('',*,*,#6807,.T.);
#6807 = EDGE_CURVE('',#6780,#6808,#6810,.T.);
#6808 = VERTEX_POINT('',#6809);
#6809 = CARTESIAN_POINT('',(23.920912778613,1.953541998753,40.));
#6810 = SURFACE_CURVE('',#6811,(#6815,#6822),.PCURVE_S1.);
#6811 = LINE('',#6812,#6813);
#6812 = CARTESIAN_POINT('',(23.961727853808,2.145561830439,40.));
#6813 = VECTOR('',#6814,1.);
#6814 = DIRECTION('',(-0.207911690818,-0.978147600734,2.308283462346E-17
    ));
#6815 = PCURVE('',#100,#6816);
#6816 = DEFINITIONAL_REPRESENTATION('',(#6817),#6821);
#6817 = LINE('',#6818,#6819);
#6818 = CARTESIAN_POINT('',(11.038272146192,-2.145561830439));
#6819 = VECTOR('',#6820,1.);
#6820 = DIRECTION('',(0.207911690818,0.978147600734));
#6821 = ( GEOMETRIC_REPRESENTATION_CONTEXT(2)
PARAMETRIC_REPRESENTATION_CONTEXT() REPRESENTATION_CONTEXT('2D SPACE',''
  ) );
#6822 = PCURVE('',#6823,#6828);
#6823 = PLANE('',#6824);
#6824 = AXIS2_PLACEMENT_3D('',#6825,#6826,#6827);
#6825 = CARTESIAN_POINT('',(23.920912778613,1.953541998753,37.5));
#6826 = DIRECTION('',(-0.978147600734,0.207911690818,1.085961987817E-16)
  );
#6827 = DIRECTION('',(0.207911690818,0.978147600734,-2.308283462346E-17)
  );
#6828 = DEFINITIONAL_REPRESENTATION('',(#6829),#6833);
#6829 = LINE('',#6830,#6831);
#6830 = CARTESIAN_POINT('',(0.196309668952,-2.5));
#6831 = VECTOR('',#6832,1.);
#6832 = DIRECTION('',(-1.,0.));
#6833 = ( GEOMETRIC_REPRESENTATION_CONTEXT(2)
PARAMETRIC_REPRESENTATION_CONTEXT() REPRESENTATION_CONTEXT('2D SPACE',''
  ) );
#6834 = ORIENTED_EDGE('',*,*,#6835,.T.);
#6835 = EDGE_CURVE('',#6808,#6836,#6838,.T.);
#6836 = VERTEX_POINT('',#6837);
#6837 = CARTESIAN_POINT('',(23.811628677107,1.175945211761,40.));
#6838 = SURFACE_CURVE('',#6839,(#6843,#6850),.PCURVE_S1.);
#6839 = LINE('',#6840,#6841);
#6840 = CARTESIAN_POINT('',(23.838949702483,1.370344408509,40.));
#6841 = VECTOR('',#6842,1.);
#6842 = DIRECTION('',(-0.13917310096,-0.990268068742,1.545131810943E-17)
  );
#6843 = PCURVE('',#100,#6844);
#6844 = DEFINITIONAL_REPRESENTATION('',(#6845),#6849);
#6845 = LINE('',#6846,#6847);
#6846 = CARTESIAN_POINT('',(11.161050297517,-1.370344408509));
#6847 = VECTOR('',#6848,1.);
#6848 = DIRECTION('',(0.13917310096,0.990268068742));
#6849 = ( GEOMETRIC_REPRESENTATION_CONTEXT(2)
PARAMETRIC_REPRESENTATION_CONTEXT() REPRESENTATION_CONTEXT('2D SPACE',''
  ) );
#6850 = PCURVE('',#6851,#6856);
#6851 = PLANE('',#6852);
#6852 = AXIS2_PLACEMENT_3D('',#6853,#6854,#6855);
#6853 = CARTESIAN_POINT('',(23.811628677107,1.175945211761,37.5));
#6854 = DIRECTION('',(-0.990268068742,0.13917310096,1.099418410468E-16)
  );
#6855 = DIRECTION('',(0.13917310096,0.990268068742,-1.545131810943E-17)
  );
#6856 = DEFINITIONAL_REPRESENTATION('',(#6857),#6861);
#6857 = LINE('',#6858,#6859);
#6858 = CARTESIAN_POINT('',(0.196309668952,-2.5));
#6859 = VECTOR('',#6860,1.);
#6860 = DIRECTION('',(-1.,0.));
#6861 = ( GEOMETRIC_REPRESENTATION_CONTEXT(2)
PARAMETRIC_REPRESENTATION_CONTEXT() REPRESENTATION_CONTEXT('2D SPACE',''
  ) );
#6862 = ORIENTED_EDGE('',*,*,#6863,.T.);
#6863 = EDGE_CURVE('',#6836,#6864,#6866,.T.);
#6864 = VERTEX_POINT('',#6865);
#6865 = CARTESIAN_POINT('',(23.756853196035,0.392619337903,40.));
#6866 = SURFACE_CURVE('',#6867,(#6871,#6878),.PCURVE_S1.);
#6867 = LINE('',#6868,#6869);
#6868 = CARTESIAN_POINT('',(23.770547066303,0.588450806368,40.));
#6869 = VECTOR('',#6870,1.);
#6870 = DIRECTION('',(-6.975647374413E-02,-0.99756405026,
    7.744524326739E-18));
#6871 = PCURVE('',#100,#6872);
#6872 = DEFINITIONAL_REPRESENTATION('',(#6873),#6877);
#6873 = LINE('',#6874,#6875);
#6874 = CARTESIAN_POINT('',(11.229452933697,-0.588450806368));
#6875 = VECTOR('',#6876,1.);
#6876 = DIRECTION('',(6.975647374413E-02,0.99756405026));
#6877 = ( GEOMETRIC_REPRESENTATION_CONTEXT(2)
PARAMETRIC_REPRESENTATION_CONTEXT() REPRESENTATION_CONTEXT('2D SPACE',''
  ) );
#6878 = PCURVE('',#6879,#6884);
#6879 = PLANE('',#6880);
#6880 = AXIS2_PLACEMENT_3D('',#6881,#6882,#6883);
#6881 = CARTESIAN_POINT('',(23.756853196035,0.392619337903,37.5));
#6882 = DIRECTION('',(-0.99756405026,6.975647374413E-02,
    1.107518577137E-16));
#6883 = DIRECTION('',(6.975647374413E-02,0.99756405026,
    -7.744524326739E-18));
#6884 = DEFINITIONAL_REPRESENTATION('',(#6885),#6889);
#6885 = LINE('',#6886,#6887);
#6886 = CARTESIAN_POINT('',(0.196309668952,-2.5));
#6887 = VECTOR('',#6888,1.);
#6888 = DIRECTION('',(-1.,0.));
#6889 = ( GEOMETRIC_REPRESENTATION_CONTEXT(2)
PARAMETRIC_REPRESENTATION_CONTEXT() REPRESENTATION_CONTEXT('2D SPACE',''
  ) );
#6890 = ORIENTED_EDGE('',*,*,#6891,.T.);
#6891 = EDGE_CURVE('',#6864,#6892,#6894,.T.);
#6892 = VERTEX_POINT('',#6893);
#6893 = CARTESIAN_POINT('',(23.756853196035,-0.392619337903,40.));
#6894 = SURFACE_CURVE('',#6895,(#6899,#6906),.PCURVE_S1.);
#6895 = LINE('',#6896,#6897);
#6896 = CARTESIAN_POINT('',(23.756853196035,-0.196309668952,40.));
#6897 = VECTOR('',#6898,1.);
#6898 = DIRECTION('',(0.,-1.,0.));
#6899 = PCURVE('',#100,#6900);
#6900 = DEFINITIONAL_REPRESENTATION('',(#6901),#6905);
#6901 = LINE('',#6902,#6903);
#6902 = CARTESIAN_POINT('',(11.243146803965,0.196309668952));
#6903 = VECTOR('',#6904,1.);
#6904 = DIRECTION('',(0.,1.));
#6905 = ( GEOMETRIC_REPRESENTATION_CONTEXT(2)
PARAMETRIC_REPRESENTATION_CONTEXT() REPRESENTATION_CONTEXT('2D SPACE',''
  ) );
#6906 = PCURVE('',#6907,#6912);
#6907 = PLANE('',#6908);
#6908 = AXIS2_PLACEMENT_3D('',#6909,#6910,#6911);
#6909 = CARTESIAN_POINT('',(23.756853196035,-0.392619337903,37.5));
#6910 = DIRECTION('',(-1.,0.,1.110223024625E-16));
#6911 = DIRECTION('',(0.,1.,0.));
#6912 = DEFINITIONAL_REPRESENTATION('',(#6913),#6917);
#6913 = LINE('',#6914,#6915);
#6914 = CARTESIAN_POINT('',(0.196309668952,-2.5));
#6915 = VECTOR('',#6916,1.);
#6916 = DIRECTION('',(-1.,-0.));
#6917 = ( GEOMETRIC_REPRESENTATION_CONTEXT(2)
PARAMETRIC_REPRESENTATION_CONTEXT() REPRESENTATION_CONTEXT('2D SPACE',''
  ) );
#6918 = ORIENTED_EDGE('',*,*,#6919,.T.);
#6919 = EDGE_CURVE('',#6892,#6920,#6922,.T.);
#6920 = VERTEX_POINT('',#6921);
#6921 = CARTESIAN_POINT('',(23.811628677107,-1.175945211761,40.));
#6922 = SURFACE_CURVE('',#6923,(#6927,#6934),.PCURVE_S1.);
#6923 = LINE('',#6924,#6925);
#6924 = CARTESIAN_POINT('',(23.797934806839,-0.980113743297,40.));
#6925 = VECTOR('',#6926,1.);
#6926 = DIRECTION('',(6.975647374413E-02,-0.99756405026,
    -7.744524326739E-18));
#6927 = PCURVE('',#100,#6928);
#6928 = DEFINITIONAL_REPRESENTATION('',(#6929),#6933);
#6929 = LINE('',#6930,#6931);
#6930 = CARTESIAN_POINT('',(11.202065193161,0.980113743297));
#6931 = VECTOR('',#6932,1.);
#6932 = DIRECTION('',(-6.975647374413E-02,0.99756405026));
#6933 = ( GEOMETRIC_REPRESENTATION_CONTEXT(2)
PARAMETRIC_REPRESENTATION_CONTEXT() REPRESENTATION_CONTEXT('2D SPACE',''
  ) );
#6934 = PCURVE('',#6935,#6940);
#6935 = PLANE('',#6936);
#6936 = AXIS2_PLACEMENT_3D('',#6937,#6938,#6939);
#6937 = CARTESIAN_POINT('',(23.811628677107,-1.175945211761,37.5));
#6938 = DIRECTION('',(-0.99756405026,-6.975647374413E-02,
    1.107518577137E-16));
#6939 = DIRECTION('',(-6.975647374413E-02,0.99756405026,
    7.744524326739E-18));
#6940 = DEFINITIONAL_REPRESENTATION('',(#6941),#6945);
#6941 = LINE('',#6942,#6943);
#6942 = CARTESIAN_POINT('',(0.196309668952,-2.5));
#6943 = VECTOR('',#6944,1.);
#6944 = DIRECTION('',(-1.,0.));
#6945 = ( GEOMETRIC_REPRESENTATION_CONTEXT(2)
PARAMETRIC_REPRESENTATION_CONTEXT() REPRESENTATION_CONTEXT('2D SPACE',''
  ) );
#6946 = ORIENTED_EDGE('',*,*,#6947,.T.);
#6947 = EDGE_CURVE('',#6920,#6948,#6950,.T.);
#6948 = VERTEX_POINT('',#6949);
#6949 = CARTESIAN_POINT('',(23.920912778613,-1.953541998753,40.));
#6950 = SURFACE_CURVE('',#6951,(#6955,#6962),.PCURVE_S1.);
#6951 = LINE('',#6952,#6953);
#6952 = CARTESIAN_POINT('',(23.893591753236,-1.759142802005,40.));
#6953 = VECTOR('',#6954,1.);
#6954 = DIRECTION('',(0.13917310096,-0.990268068742,-1.545131810943E-17)
  );
#6955 = PCURVE('',#100,#6956);
#6956 = DEFINITIONAL_REPRESENTATION('',(#6957),#6961);
#6957 = LINE('',#6958,#6959);
#6958 = CARTESIAN_POINT('',(11.106408246764,1.759142802005));
#6959 = VECTOR('',#6960,1.);
#6960 = DIRECTION('',(-0.13917310096,0.990268068742));
#6961 = ( GEOMETRIC_REPRESENTATION_CONTEXT(2)
PARAMETRIC_REPRESENTATION_CONTEXT() REPRESENTATION_CONTEXT('2D SPACE',''
  ) );
#6962 = PCURVE('',#6963,#6968);
#6963 = PLANE('',#6964);
#6964 = AXIS2_PLACEMENT_3D('',#6965,#6966,#6967);
#6965 = CARTESIAN_POINT('',(23.920912778613,-1.953541998753,37.5));
#6966 = DIRECTION('',(-0.990268068742,-0.13917310096,1.099418410468E-16)
  );
#6967 = DIRECTION('',(-0.13917310096,0.990268068742,1.545131810943E-17)
  );
#6968 = DEFINITIONAL_REPRESENTATION('',(#6969),#6973);
#6969 = LINE('',#6970,#6971);
#6970 = CARTESIAN_POINT('',(0.196309668952,-2.5));
#6971 = VECTOR('',#6972,1.);
#6972 = DIRECTION('',(-1.,0.));
#6973 = ( GEOMETRIC_REPRESENTATION_CONTEXT(2)
PARAMETRIC_REPRESENTATION_CONTEXT() REPRESENTATION_CONTEXT('2D SPACE',''
  ) );
#6974 = ORIENTED_EDGE('',*,*,#6975,.T.);
#6975 = EDGE_CURVE('',#6948,#6976,#6978,.T.);
#6976 = VERTEX_POINT('',#6977);
#6977 = CARTESIAN_POINT('',(24.084173079395,-2.721621325496,40.));
#6978 = SURFACE_CURVE('',#6979,(#6983,#6990),.PCURVE_S1.);
#6979 = LINE('',#6980,#6981);
#6980 = CARTESIAN_POINT('',(24.043358004199,-2.52960149381,40.));
#6981 = VECTOR('',#6982,1.);
#6982 = DIRECTION('',(0.207911690818,-0.978147600734,-2.308283462346E-17
    ));
#6983 = PCURVE('',#100,#6984);
#6984 = DEFINITIONAL_REPRESENTATION('',(#6985),#6989);
#6985 = LINE('',#6986,#6987);
#6986 = CARTESIAN_POINT('',(10.956641995801,2.52960149381));
#6987 = VECTOR('',#6988,1.);
#6988 = DIRECTION('',(-0.207911690818,0.978147600734));
#6989 = ( GEOMETRIC_REPRESENTATION_CONTEXT(2)
PARAMETRIC_REPRESENTATION_CONTEXT() REPRESENTATION_CONTEXT('2D SPACE',''
  ) );
#6990 = PCURVE('',#6991,#6996);
#6991 = PLANE('',#6992);
#6992 = AXIS2_PLACEMENT_3D('',#6993,#6994,#6995);
#6993 = CARTESIAN_POINT('',(24.084173079395,-2.721621325496,37.5));
#6994 = DIRECTION('',(-0.978147600734,-0.207911690818,1.085961987817E-16
    ));
#6995 = DIRECTION('',(-0.207911690818,0.978147600734,2.308283462346E-17)
  );
#6996 = DEFINITIONAL_REPRESENTATION('',(#6997),#7001);
#6997 = LINE('',#6998,#6999);
#6998 = CARTESIAN_POINT('',(0.196309668952,-2.5));
#6999 = VECTOR('',#7000,1.);
#7000 = DIRECTION('',(-1.,0.));
#7001 = ( GEOMETRIC_REPRESENTATION_CONTEXT(2)
PARAMETRIC_REPRESENTATION_CONTEXT() REPRESENTATION_CONTEXT('2D SPACE',''
  ) );
#7002 = ORIENTED_EDGE('',*,*,#7003,.T.);
#7003 = EDGE_CURVE('',#6976,#7004,#7006,.T.);
#7004 = VERTEX_POINT('',#7005);
#7005 = CARTESIAN_POINT('',(24.30061419168,-3.476441186718,40.));
#7006 = SURFACE_CURVE('',#7007,(#7011,#7018),.PCURVE_S1.);
#7007 = LINE('',#7008,#7009);
#7008 = CARTESIAN_POINT('',(24.246503913608,-3.287736221413,40.));
#7009 = VECTOR('',#7010,1.);
#7010 = DIRECTION('',(0.275637355817,-0.961261695938,-3.060189388748E-17
    ));
#7011 = PCURVE('',#100,#7012);
#7012 = DEFINITIONAL_REPRESENTATION('',(#7013),#7017);
#7013 = LINE('',#7014,#7015);
#7014 = CARTESIAN_POINT('',(10.753496086392,3.287736221413));
#7015 = VECTOR('',#7016,1.);
#7016 = DIRECTION('',(-0.275637355817,0.961261695938));
#7017 = ( GEOMETRIC_REPRESENTATION_CONTEXT(2)
PARAMETRIC_REPRESENTATION_CONTEXT() REPRESENTATION_CONTEXT('2D SPACE',''
  ) );
#7018 = PCURVE('',#7019,#7024);
#7019 = PLANE('',#7020);
#7020 = AXIS2_PLACEMENT_3D('',#7021,#7022,#7023);
#7021 = CARTESIAN_POINT('',(24.30061419168,-3.476441186718,37.5));
#7022 = DIRECTION('',(-0.961261695938,-0.275637355817,1.067214867521E-16
    ));
#7023 = DIRECTION('',(-0.275637355817,0.961261695938,3.060189388748E-17)
  );
#7024 = DEFINITIONAL_REPRESENTATION('',(#7025),#7029);
#7025 = LINE('',#7026,#7027);
#7026 = CARTESIAN_POINT('',(0.196309668952,-2.5));
#7027 = VECTOR('',#7028,1.);
#7028 = DIRECTION('',(-1.,0.));
#7029 = ( GEOMETRIC_REPRESENTATION_CONTEXT(2)
PARAMETRIC_REPRESENTATION_CONTEXT() REPRESENTATION_CONTEXT('2D SPACE',''
  ) );
#7030 = ORIENTED_EDGE('',*,*,#7031,.T.);
#7031 = EDGE_CURVE('',#7004,#7032,#7034,.T.);
#7032 = VERTEX_POINT('',#7033);
#7033 = CARTESIAN_POINT('',(24.569181636124,-4.214324175929,40.));
#7034 = SURFACE_CURVE('',#7035,(#7039,#7046),.PCURVE_S1.);
#7035 = LINE('',#7036,#7037);
#7036 = CARTESIAN_POINT('',(24.502039775013,-4.029853428626,40.));
#7037 = VECTOR('',#7038,1.);
#7038 = DIRECTION('',(0.342020143326,-0.939692620786,-3.797186380058E-17
    ));
#7039 = PCURVE('',#100,#7040);
#7040 = DEFINITIONAL_REPRESENTATION('',(#7041),#7045);
#7041 = LINE('',#7042,#7043);
#7042 = CARTESIAN_POINT('',(10.497960224987,4.029853428626));
#7043 = VECTOR('',#7044,1.);
#7044 = DIRECTION('',(-0.342020143326,0.939692620786));
#7045 = ( GEOMETRIC_REPRESENTATION_CONTEXT(2)
PARAMETRIC_REPRESENTATION_CONTEXT() REPRESENTATION_CONTEXT('2D SPACE',''
  ) );
#7046 = PCURVE('',#7047,#7052);
#7047 = PLANE('',#7048);
#7048 = AXIS2_PLACEMENT_3D('',#7049,#7050,#7051);
#7049 = CARTESIAN_POINT('',(24.569181636124,-4.214324175929,37.5));
#7050 = DIRECTION('',(-0.939692620786,-0.342020143326,1.043268383667E-16
    ));
#7051 = DIRECTION('',(-0.342020143326,0.939692620786,3.797186380058E-17)
  );
#7052 = DEFINITIONAL_REPRESENTATION('',(#7053),#7057);
#7053 = LINE('',#7054,#7055);
#7054 = CARTESIAN_POINT('',(0.196309668952,-2.5));
#7055 = VECTOR('',#7056,1.);
#7056 = DIRECTION('',(-1.,0.));
#7057 = ( GEOMETRIC_REPRESENTATION_CONTEXT(2)
PARAMETRIC_REPRESENTATION_CONTEXT() REPRESENTATION_CONTEXT('2D SPACE',''
  ) );
#7058 = ORIENTED_EDGE('',*,*,#7059,.T.);
#7059 = EDGE_CURVE('',#7032,#7060,#7062,.T.);
#7060 = VERTEX_POINT('',#7061);
#7061 = CARTESIAN_POINT('',(24.888566979134,-4.931675401377,40.));
#7062 = SURFACE_CURVE('',#7063,(#7067,#7074),.PCURVE_S1.);
#7063 = LINE('',#7064,#7065);
#7064 = CARTESIAN_POINT('',(24.808720643382,-4.752337595015,40.));
#7065 = VECTOR('',#7066,1.);
#7066 = DIRECTION('',(0.406736643076,-0.913545457643,-4.515683861015E-17
    ));
#7067 = PCURVE('',#100,#7068);
#7068 = DEFINITIONAL_REPRESENTATION('',(#7069),#7073);
#7069 = LINE('',#7070,#7071);
#7070 = CARTESIAN_POINT('',(10.191279356618,4.752337595015));
#7071 = VECTOR('',#7072,1.);
#7072 = DIRECTION('',(-0.406736643076,0.913545457643));
#7073 = ( GEOMETRIC_REPRESENTATION_CONTEXT(2)
PARAMETRIC_REPRESENTATION_CONTEXT() REPRESENTATION_CONTEXT('2D SPACE',''
  ) );
#7074 = PCURVE('',#7075,#7080);
#7075 = PLANE('',#7076);
#7076 = AXIS2_PLACEMENT_3D('',#7077,#7078,#7079);
#7077 = CARTESIAN_POINT('',(24.888566979134,-4.931675401377,37.5));
#7078 = DIRECTION('',(-0.913545457643,-0.406736643076,1.014239201117E-16
    ));
#7079 = DIRECTION('',(-0.406736643076,0.913545457643,4.515683861015E-17)
  );
#7080 = DEFINITIONAL_REPRESENTATION('',(#7081),#7085);
#7081 = LINE('',#7082,#7083);
#7082 = CARTESIAN_POINT('',(0.196309668952,-2.5));
#7083 = VECTOR('',#7084,1.);
#7084 = DIRECTION('',(-1.,0.));
#7085 = ( GEOMETRIC_REPRESENTATION_CONTEXT(2)
PARAMETRIC_REPRESENTATION_CONTEXT() REPRESENTATION_CONTEXT('2D SPACE',''
  ) );
#7086 = ORIENTED_EDGE('',*,*,#7087,.T.);
#7087 = EDGE_CURVE('',#7060,#7088,#7090,.T.);
#7088 = VERTEX_POINT('',#7089);
#7089 = CARTESIAN_POINT('',(25.257214207425,-5.625,40.));
#7090 = SURFACE_CURVE('',#7091,(#7095,#7102),.PCURVE_S1.);
#7091 = LINE('',#7092,#7093);
#7092 = CARTESIAN_POINT('',(25.165052400352,-5.451668850344,40.));
#7093 = VECTOR('',#7094,1.);
#7094 = DIRECTION('',(0.469471562786,-0.882947592859,-5.212181384117E-17
    ));
#7095 = PCURVE('',#100,#7096);
#7096 = DEFINITIONAL_REPRESENTATION('',(#7097),#7101);
#7097 = LINE('',#7098,#7099);
#7098 = CARTESIAN_POINT('',(9.834947599648,5.451668850344));
#7099 = VECTOR('',#7100,1.);
#7100 = DIRECTION('',(-0.469471562786,0.882947592859));
#7101 = ( GEOMETRIC_REPRESENTATION_CONTEXT(2)
PARAMETRIC_REPRESENTATION_CONTEXT() REPRESENTATION_CONTEXT('2D SPACE',''
  ) );
#7102 = PCURVE('',#7103,#7108);
#7103 = PLANE('',#7104);
#7104 = AXIS2_PLACEMENT_3D('',#7105,#7106,#7107);
#7105 = CARTESIAN_POINT('',(25.257214207425,-5.625,37.5));
#7106 = DIRECTION('',(-0.882947592859,-0.469471562786,9.802687471293E-17
    ));
#7107 = DIRECTION('',(-0.469471562786,0.882947592859,5.212181384117E-17)
  );
#7108 = DEFINITIONAL_REPRESENTATION('',(#7109),#7113);
#7109 = LINE('',#7110,#7111);
#7110 = CARTESIAN_POINT('',(0.196309668952,-2.5));
#7111 = VECTOR('',#7112,1.);
#7112 = DIRECTION('',(-1.,0.));
#7113 = ( GEOMETRIC_REPRESENTATION_CONTEXT(2)
PARAMETRIC_REPRESENTATION_CONTEXT() REPRESENTATION_CONTEXT('2D SPACE',''
  ) );
#7114 = ORIENTED_EDGE('',*,*,#7115,.T.);
#7115 = EDGE_CURVE('',#7088,#7116,#7118,.T.);
#7116 = VERTEX_POINT('',#7117);
#7117 = CARTESIAN_POINT('',(25.673327308756,-6.290920164046,40.));
#7118 = SURFACE_CURVE('',#7119,(#7123,#7130),.PCURVE_S1.);
#7119 = LINE('',#7120,#7121);
#7120 = CARTESIAN_POINT('',(25.569299033423,-6.124440123034,40.));
#7121 = VECTOR('',#7122,1.);
#7122 = DIRECTION('',(0.529919264233,-0.848048096156,-5.883285683441E-17
    ));
#7123 = PCURVE('',#100,#7124);
#7124 = DEFINITIONAL_REPRESENTATION('',(#7125),#7129);
#7125 = LINE('',#7126,#7127);
#7126 = CARTESIAN_POINT('',(9.430700966577,6.124440123034));
#7127 = VECTOR('',#7128,1.);
#7128 = DIRECTION('',(-0.529919264233,0.848048096156));
#7129 = ( GEOMETRIC_REPRESENTATION_CONTEXT(2)
PARAMETRIC_REPRESENTATION_CONTEXT() REPRESENTATION_CONTEXT('2D SPACE',''
  ) );
#7130 = PCURVE('',#7131,#7136);
#7131 = PLANE('',#7132);
#7132 = AXIS2_PLACEMENT_3D('',#7133,#7134,#7135);
#7133 = CARTESIAN_POINT('',(25.673327308756,-6.290920164046,37.5));
#7134 = DIRECTION('',(-0.848048096156,-0.529919264233,9.415225223424E-17
    ));
#7135 = DIRECTION('',(-0.529919264233,0.848048096156,5.883285683441E-17)
  );
#7136 = DEFINITIONAL_REPRESENTATION('',(#7137),#7141);
#7137 = LINE('',#7138,#7139);
#7138 = CARTESIAN_POINT('',(0.196309668952,-2.5));
#7139 = VECTOR('',#7140,1.);
#7140 = DIRECTION('',(-1.,0.));
#7141 = ( GEOMETRIC_REPRESENTATION_CONTEXT(2)
PARAMETRIC_REPRESENTATION_CONTEXT() REPRESENTATION_CONTEXT('2D SPACE',''
  ) );
#7142 = ORIENTED_EDGE('',*,*,#7143,.T.);
#7143 = EDGE_CURVE('',#7116,#7144,#7146,.T.);
#7144 = VERTEX_POINT('',#7145);
#7145 = CARTESIAN_POINT('',(26.134879021924,-6.926191597414,40.));
#7146 = SURFACE_CURVE('',#7147,(#7151,#7158),.PCURVE_S1.);
#7147 = LINE('',#7148,#7149);
#7148 = CARTESIAN_POINT('',(26.019491093632,-6.767373739072,40.));
#7149 = VECTOR('',#7150,1.);
#7150 = DIRECTION('',(0.587785252292,-0.809016994375,-6.525727206302E-17
    ));
#7151 = PCURVE('',#100,#7152);
#7152 = DEFINITIONAL_REPRESENTATION('',(#7153),#7157);
#7153 = LINE('',#7154,#7155);
#7154 = CARTESIAN_POINT('',(8.980508906368,6.767373739072));
#7155 = VECTOR('',#7156,1.);
#7156 = DIRECTION('',(-0.587785252292,0.809016994375));
#7157 = ( GEOMETRIC_REPRESENTATION_CONTEXT(2)
PARAMETRIC_REPRESENTATION_CONTEXT() REPRESENTATION_CONTEXT('2D SPACE',''
  ) );
#7158 = PCURVE('',#7159,#7164);
#7159 = PLANE('',#7160);
#7160 = AXIS2_PLACEMENT_3D('',#7161,#7162,#7163);
#7161 = CARTESIAN_POINT('',(26.134879021924,-6.926191597414,37.5));
#7162 = DIRECTION('',(-0.809016994375,-0.587785252292,8.981892944681E-17
    ));
#7163 = DIRECTION('',(-0.587785252292,0.809016994375,6.525727206302E-17)
  );
#7164 = DEFINITIONAL_REPRESENTATION('',(#7165),#7169);
#7165 = LINE('',#7166,#7167);
#7166 = CARTESIAN_POINT('',(0.196309668952,-2.5));
#7167 = VECTOR('',#7168,1.);
#7168 = DIRECTION('',(-1.,0.));
#7169 = ( GEOMETRIC_REPRESENTATION_CONTEXT(2)
PARAMETRIC_REPRESENTATION_CONTEXT() REPRESENTATION_CONTEXT('2D SPACE',''
  ) );
#7170 = ORIENTED_EDGE('',*,*,#7171,.T.);
#7171 = EDGE_CURVE('',#7144,#7172,#7174,.T.);
#7172 = VERTEX_POINT('',#7173);
#7173 = CARTESIAN_POINT('',(26.639620713379,-7.527719321537,40.));
#7174 = SURFACE_CURVE('',#7175,(#7179,#7186),.PCURVE_S1.);
#7175 = LINE('',#7176,#7177);
#7176 = CARTESIAN_POINT('',(26.513435290516,-7.377337390506,40.));
#7177 = VECTOR('',#7178,1.);
#7178 = DIRECTION('',(0.642787609687,-0.766044443119,-7.136376042178E-17
    ));
#7179 = PCURVE('',#100,#7180);
#7180 = DEFINITIONAL_REPRESENTATION('',(#7181),#7185);
#7181 = LINE('',#7182,#7183);
#7182 = CARTESIAN_POINT('',(8.486564709484,7.377337390506));
#7183 = VECTOR('',#7184,1.);
#7184 = DIRECTION('',(-0.642787609687,0.766044443119));
#7185 = ( GEOMETRIC_REPRESENTATION_CONTEXT(2)
PARAMETRIC_REPRESENTATION_CONTEXT() REPRESENTATION_CONTEXT('2D SPACE',''
  ) );
#7186 = PCURVE('',#7187,#7192);
#7187 = PLANE('',#7188);
#7188 = AXIS2_PLACEMENT_3D('',#7189,#7190,#7191);
#7189 = CARTESIAN_POINT('',(26.639620713379,-7.527719321537,37.5));
#7190 = DIRECTION('',(-0.766044443119,-0.642787609687,8.504801786368E-17
    ));
#7191 = DIRECTION('',(-0.642787609687,0.766044443119,7.136376042178E-17)
  );
#7192 = DEFINITIONAL_REPRESENTATION('',(#7193),#7197);
#7193 = LINE('',#7194,#7195);
#7194 = CARTESIAN_POINT('',(0.196309668952,-2.5));
#7195 = VECTOR('',#7196,1.);
#7196 = DIRECTION('',(-1.,0.));
#7197 = ( GEOMETRIC_REPRESENTATION_CONTEXT(2)
PARAMETRIC_REPRESENTATION_CONTEXT() REPRESENTATION_CONTEXT('2D SPACE',''
  ) );
#7198 = ORIENTED_EDGE('',*,*,#7199,.T.);
#7199 = EDGE_CURVE('',#7172,#7200,#7202,.T.);
#7200 = VERTEX_POINT('',#7201);
#7201 = CARTESIAN_POINT('',(27.185093332336,-8.09257275381,40.));
#7202 = SURFACE_CURVE('',#7203,(#7207,#7214),.PCURVE_S1.);
#7203 = LINE('',#7204,#7205);
#7204 = CARTESIAN_POINT('',(27.048725177597,-7.951359395742,40.));
#7205 = VECTOR('',#7206,1.);
#7206 = DIRECTION('',(0.694658370459,-0.719339800339,-7.712257171322E-17
    ));
#7207 = PCURVE('',#100,#7208);
#7208 = DEFINITIONAL_REPRESENTATION('',(#7209),#7213);
#7209 = LINE('',#7210,#7211);
#7210 = CARTESIAN_POINT('',(7.951274822403,7.951359395742));
#7211 = VECTOR('',#7212,1.);
#7212 = DIRECTION('',(-0.694658370459,0.719339800339));
#7213 = ( GEOMETRIC_REPRESENTATION_CONTEXT(2)
PARAMETRIC_REPRESENTATION_CONTEXT() REPRESENTATION_CONTEXT('2D SPACE',''
  ) );
#7214 = PCURVE('',#7215,#7220);
#7215 = PLANE('',#7216);
#7216 = AXIS2_PLACEMENT_3D('',#7217,#7218,#7219);
#7217 = CARTESIAN_POINT('',(27.185093332336,-8.09257275381,37.5));
#7218 = DIRECTION('',(-0.719339800339,-0.694658370459,7.986276088652E-17
    ));
#7219 = DIRECTION('',(-0.694658370459,0.719339800339,7.712257171322E-17)
  );
#7220 = DEFINITIONAL_REPRESENTATION('',(#7221),#7225);
#7221 = LINE('',#7222,#7223);
#7222 = CARTESIAN_POINT('',(0.196309668952,-2.5));
#7223 = VECTOR('',#7224,1.);
#7224 = DIRECTION('',(-1.,0.));
#7225 = ( GEOMETRIC_REPRESENTATION_CONTEXT(2)
PARAMETRIC_REPRESENTATION_CONTEXT() REPRESENTATION_CONTEXT('2D SPACE',''
  ) );
#7226 = ORIENTED_EDGE('',*,*,#7227,.T.);
#7227 = EDGE_CURVE('',#7200,#7228,#7230,.T.);
#7228 = VERTEX_POINT('',#7229);
#7229 = CARTESIAN_POINT('',(27.768639391026,-8.617999985089,40.));
#7230 = SURFACE_CURVE('',#7231,(#7235,#7242),.PCURVE_S1.);
#7231 = LINE('',#7232,#7233);
#7232 = CARTESIAN_POINT('',(27.622752876354,-8.486643177269,40.));
#7233 = VECTOR('',#7234,1.);
#7234 = DIRECTION('',(0.743144825477,-0.669130606359,-8.25056495876E-17)
  );
#7235 = PCURVE('',#100,#7236);
#7236 = DEFINITIONAL_REPRESENTATION('',(#7237),#7241);
#7237 = LINE('',#7238,#7239);
#7238 = CARTESIAN_POINT('',(7.377247123646,8.486643177269));
#7239 = VECTOR('',#7240,1.);
#7240 = DIRECTION('',(-0.743144825477,0.669130606359));
#7241 = ( GEOMETRIC_REPRESENTATION_CONTEXT(2)
PARAMETRIC_REPRESENTATION_CONTEXT() REPRESENTATION_CONTEXT('2D SPACE',''
  ) );
#7242 = PCURVE('',#7243,#7248);
#7243 = PLANE('',#7244);
#7244 = AXIS2_PLACEMENT_3D('',#7245,#7246,#7247);
#7245 = CARTESIAN_POINT('',(27.768639391026,-8.617999985089,37.5));
#7246 = DIRECTION('',(-0.669130606359,-0.743144825477,7.42884205661E-17)
  );
#7247 = DIRECTION('',(-0.743144825477,0.669130606359,8.25056495876E-17)
  );
#7248 = DEFINITIONAL_REPRESENTATION('',(#7249),#7253);
#7249 = LINE('',#7250,#7251);
#7250 = CARTESIAN_POINT('',(0.196309668952,-2.5));
#7251 = VECTOR('',#7252,1.);
#7252 = DIRECTION('',(-1.,0.));
#7253 = ( GEOMETRIC_REPRESENTATION_CONTEXT(2)
PARAMETRIC_REPRESENTATION_CONTEXT() REPRESENTATION_CONTEXT('2D SPACE',''
  ) );
#7254 = ORIENTED_EDGE('',*,*,#7255,.T.);
#7255 = EDGE_CURVE('',#7228,#7256,#7258,.T.);
#7256 = VERTEX_POINT('',#7257);
#7257 = CARTESIAN_POINT('',(28.38741591171,-9.101441186718,40.));
#7258 = SURFACE_CURVE('',#7259,(#7263,#7270),.PCURVE_S1.);
#7259 = LINE('',#7260,#7261);
#7260 = CARTESIAN_POINT('',(28.232721781539,-8.980580886311,40.));
#7261 = VECTOR('',#7262,1.);
#7262 = DIRECTION('',(0.788010753607,-0.615661475326,-8.748676823064E-17
    ));
#7263 = PCURVE('',#100,#7264);
#7264 = DEFINITIONAL_REPRESENTATION('',(#7265),#7269);
#7265 = LINE('',#7266,#7267);
#7266 = CARTESIAN_POINT('',(6.767278218461,8.980580886311));
#7267 = VECTOR('',#7268,1.);
#7268 = DIRECTION('',(-0.788010753607,0.615661475326));
#7269 = ( GEOMETRIC_REPRESENTATION_CONTEXT(2)
PARAMETRIC_REPRESENTATION_CONTEXT() REPRESENTATION_CONTEXT('2D SPACE',''
  ) );
#7270 = PCURVE('',#7271,#7276);
#7271 = PLANE('',#7272);
#7272 = AXIS2_PLACEMENT_3D('',#7273,#7274,#7275);
#7273 = CARTESIAN_POINT('',(28.38741591171,-9.101441186718,37.5));
#7274 = DIRECTION('',(-0.615661475326,-0.788010753607,6.835215452812E-17
    ));
#7275 = DIRECTION('',(-0.788010753607,0.615661475326,8.748676823064E-17)
  );
#7276 = DEFINITIONAL_REPRESENTATION('',(#7277),#7281);
#7277 = LINE('',#7278,#7279);
#7278 = CARTESIAN_POINT('',(0.196309668952,-2.5));
#7279 = VECTOR('',#7280,1.);
#7280 = DIRECTION('',(-1.,0.));
#7281 = ( GEOMETRIC_REPRESENTATION_CONTEXT(2)
PARAMETRIC_REPRESENTATION_CONTEXT() REPRESENTATION_CONTEXT('2D SPACE',''
  ) );
#7282 = ORIENTED_EDGE('',*,*,#7283,.T.);
#7283 = EDGE_CURVE('',#7256,#7284,#7286,.T.);
#7284 = VERTEX_POINT('',#7285);
#7285 = CARTESIAN_POINT('',(29.038408277376,-9.54054108176,40.));
#7286 = SURFACE_CURVE('',#7287,(#7291,#7298),.PCURVE_S1.);
#7287 = LINE('',#7288,#7289);
#7288 = CARTESIAN_POINT('',(28.87566018596,-9.430766107999,40.));
#7289 = VECTOR('',#7290,1.);
#7290 = DIRECTION('',(0.829037572555,-0.559192903471,-9.2041660133E-17)
  );
#7291 = PCURVE('',#100,#7292);
#7292 = DEFINITIONAL_REPRESENTATION('',(#7293),#7297);
#7293 = LINE('',#7294,#7295);
#7294 = CARTESIAN_POINT('',(6.12433981404,9.430766107999));
#7295 = VECTOR('',#7296,1.);
#7296 = DIRECTION('',(-0.829037572555,0.559192903471));
#7297 = ( GEOMETRIC_REPRESENTATION_CONTEXT(2)
PARAMETRIC_REPRESENTATION_CONTEXT() REPRESENTATION_CONTEXT('2D SPACE',''
  ) );
#7298 = PCURVE('',#7299,#7304);
#7299 = PLANE('',#7300);
#7300 = AXIS2_PLACEMENT_3D('',#7301,#7302,#7303);
#7301 = CARTESIAN_POINT('',(29.038408277376,-9.54054108176,37.5));
#7302 = DIRECTION('',(-0.559192903471,-0.829037572555,6.208288366402E-17
    ));
#7303 = DIRECTION('',(-0.829037572555,0.559192903471,9.2041660133E-17));
#7304 = DEFINITIONAL_REPRESENTATION('',(#7305),#7309);
#7305 = LINE('',#7306,#7307);
#7306 = CARTESIAN_POINT('',(0.196309668952,-2.5));
#7307 = VECTOR('',#7308,1.);
#7308 = DIRECTION('',(-1.,0.));
#7309 = ( GEOMETRIC_REPRESENTATION_CONTEXT(2)
PARAMETRIC_REPRESENTATION_CONTEXT() REPRESENTATION_CONTEXT('2D SPACE',''
  ) );
#7310 = ORIENTED_EDGE('',*,*,#7311,.T.);
#7311 = EDGE_CURVE('',#7284,#7312,#7314,.T.);
#7312 = VERTEX_POINT('',#7313);
#7313 = CARTESIAN_POINT('',(27.077706999714,-12.67831903753,40.));
#7314 = SURFACE_CURVE('',#7315,(#7319,#7326),.PCURVE_S1.);
#7315 = LINE('',#7316,#7317);
#7316 = CARTESIAN_POINT('',(31.038853499857,-6.339159518769,40.));
#7317 = VECTOR('',#7318,1.);
#7318 = DIRECTION('',(-0.529919264233,-0.848048096156,5.883285683441E-17
    ));
#7319 = PCURVE('',#100,#7320);
#7320 = DEFINITIONAL_REPRESENTATION('',(#7321),#7325);
#7321 = LINE('',#7322,#7323);
#7322 = CARTESIAN_POINT('',(3.961146500143,6.339159518769));
#7323 = VECTOR('',#7324,1.);
#7324 = DIRECTION('',(0.529919264233,0.848048096156));
#7325 = ( GEOMETRIC_REPRESENTATION_CONTEXT(2)
PARAMETRIC_REPRESENTATION_CONTEXT() REPRESENTATION_CONTEXT('2D SPACE',''
  ) );
#7326 = PCURVE('',#7327,#7332);
#7327 = PLANE('',#7328);
#7328 = AXIS2_PLACEMENT_3D('',#7329,#7330,#7331);
#7329 = CARTESIAN_POINT('',(27.077706999714,-12.67831903753,37.5));
#7330 = DIRECTION('',(-0.848048096156,0.529919264233,9.415225223424E-17)
  );
#7331 = DIRECTION('',(0.529919264233,0.848048096156,-5.883285683441E-17)
  );
#7332 = DEFINITIONAL_REPRESENTATION('',(#7333),#7337);
#7333 = LINE('',#7334,#7335);
#7334 = CARTESIAN_POINT('',(7.475,-2.5));
#7335 = VECTOR('',#7336,1.);
#7336 = DIRECTION('',(-1.,0.));
#7337 = ( GEOMETRIC_REPRESENTATION_CONTEXT(2)
PARAMETRIC_REPRESENTATION_CONTEXT() REPRESENTATION_CONTEXT('2D SPACE',''
  ) );
#7338 = ORIENTED_EDGE('',*,*,#7339,.T.);
#7339 = EDGE_CURVE('',#7312,#7340,#7342,.T.);
#7340 = VERTEX_POINT('',#7341);
#7341 = CARTESIAN_POINT('',(26.212610478228,-12.0948040659,40.));
#7342 = SURFACE_CURVE('',#7343,(#7347,#7354),.PCURVE_S1.);
#7343 = LINE('',#7344,#7345);
#7344 = CARTESIAN_POINT('',(26.428884608599,-12.24068280881,40.));
#7345 = VECTOR('',#7346,1.);
#7346 = DIRECTION('',(-0.829037572555,0.559192903471,9.2041660133E-17));
#7347 = PCURVE('',#100,#7348);
#7348 = DEFINITIONAL_REPRESENTATION('',(#7349),#7353);
#7349 = LINE('',#7350,#7351);
#7350 = CARTESIAN_POINT('',(8.571115391401,12.240682808814));
#7351 = VECTOR('',#7352,1.);
#7352 = DIRECTION('',(0.829037572555,-0.559192903471));
#7353 = ( GEOMETRIC_REPRESENTATION_CONTEXT(2)
PARAMETRIC_REPRESENTATION_CONTEXT() REPRESENTATION_CONTEXT('2D SPACE',''
  ) );
#7354 = PCURVE('',#7355,#7360);
#7355 = PLANE('',#7356);
#7356 = AXIS2_PLACEMENT_3D('',#7357,#7358,#7359);
#7357 = CARTESIAN_POINT('',(26.212610478228,-12.0948040659,37.5));
#7358 = DIRECTION('',(0.559192903471,0.829037572555,-6.208288366402E-17)
  );
#7359 = DIRECTION('',(0.829037572555,-0.559192903471,-9.2041660133E-17)
  );
#7360 = DEFINITIONAL_REPRESENTATION('',(#7361),#7365);
#7361 = LINE('',#7362,#7363);
#7362 = CARTESIAN_POINT('',(0.260873737851,-2.5));
#7363 = VECTOR('',#7364,1.);
#7364 = DIRECTION('',(-1.,0.));
#7365 = ( GEOMETRIC_REPRESENTATION_CONTEXT(2)
PARAMETRIC_REPRESENTATION_CONTEXT() REPRESENTATION_CONTEXT('2D SPACE',''
  ) );
#7366 = ORIENTED_EDGE('',*,*,#7367,.T.);
#7367 = EDGE_CURVE('',#7340,#7368,#7370,.T.);
#7368 = VERTEX_POINT('',#7369);
#7369 = CARTESIAN_POINT('',(25.390325235186,-11.45236442462,40.));
#7370 = SURFACE_CURVE('',#7371,(#7375,#7382),.PCURVE_S1.);
#7371 = LINE('',#7372,#7373);
#7372 = CARTESIAN_POINT('',(25.595896545947,-11.61297433494,40.));
#7373 = VECTOR('',#7374,1.);
#7374 = DIRECTION('',(-0.788010753607,0.615661475326,8.748676823064E-17)
  );
#7375 = PCURVE('',#100,#7376);
#7376 = DEFINITIONAL_REPRESENTATION('',(#7377),#7381);
#7377 = LINE('',#7378,#7379);
#7378 = CARTESIAN_POINT('',(9.404103454053,11.612974334948));
#7379 = VECTOR('',#7380,1.);
#7380 = DIRECTION('',(0.788010753607,-0.615661475326));
#7381 = ( GEOMETRIC_REPRESENTATION_CONTEXT(2)
PARAMETRIC_REPRESENTATION_CONTEXT() REPRESENTATION_CONTEXT('2D SPACE',''
  ) );
#7382 = PCURVE('',#7383,#7388);
#7383 = PLANE('',#7384);
#7384 = AXIS2_PLACEMENT_3D('',#7385,#7386,#7387);
#7385 = CARTESIAN_POINT('',(25.390325235186,-11.45236442462,37.5));
#7386 = DIRECTION('',(0.615661475326,0.788010753607,-6.835215452812E-17)
  );
#7387 = DIRECTION('',(0.788010753607,-0.615661475326,-8.748676823064E-17
    ));
#7388 = DEFINITIONAL_REPRESENTATION('',(#7389),#7393);
#7389 = LINE('',#7390,#7391);
#7390 = CARTESIAN_POINT('',(0.260873737851,-2.5));
#7391 = VECTOR('',#7392,1.);
#7392 = DIRECTION('',(-1.,0.));
#7393 = ( GEOMETRIC_REPRESENTATION_CONTEXT(2)
PARAMETRIC_REPRESENTATION_CONTEXT() REPRESENTATION_CONTEXT('2D SPACE',''
  ) );
#7394 = ORIENTED_EDGE('',*,*,#7395,.T.);
#7395 = EDGE_CURVE('',#7368,#7396,#7398,.T.);
#7396 = VERTEX_POINT('',#7397);
#7397 = CARTESIAN_POINT('',(24.614857361638,-10.75413001506,40.));
#7398 = SURFACE_CURVE('',#7399,(#7403,#7410),.PCURVE_S1.);
#7399 = LINE('',#7400,#7401);
#7400 = CARTESIAN_POINT('',(24.808724330025,-10.92868861745,40.));
#7401 = VECTOR('',#7402,1.);
#7402 = DIRECTION('',(-0.743144825477,0.669130606359,8.25056495876E-17)
  );
#7403 = PCURVE('',#100,#7404);
#7404 = DEFINITIONAL_REPRESENTATION('',(#7405),#7409);
#7405 = LINE('',#7406,#7407);
#7406 = CARTESIAN_POINT('',(10.191275669975,10.928688617454));
#7407 = VECTOR('',#7408,1.);
#7408 = DIRECTION('',(0.743144825477,-0.669130606359));
#7409 = ( GEOMETRIC_REPRESENTATION_CONTEXT(2)
PARAMETRIC_REPRESENTATION_CONTEXT() REPRESENTATION_CONTEXT('2D SPACE',''
  ) );
#7410 = PCURVE('',#7411,#7416);
#7411 = PLANE('',#7412);
#7412 = AXIS2_PLACEMENT_3D('',#7413,#7414,#7415);
#7413 = CARTESIAN_POINT('',(24.614857361638,-10.75413001506,37.5));
#7414 = DIRECTION('',(0.669130606359,0.743144825477,-7.42884205661E-17)
  );
#7415 = DIRECTION('',(0.743144825477,-0.669130606359,-8.25056495876E-17)
  );
#7416 = DEFINITIONAL_REPRESENTATION('',(#7417),#7421);
#7417 = LINE('',#7418,#7419);
#7418 = CARTESIAN_POINT('',(0.260873737851,-2.5));
#7419 = VECTOR('',#7420,1.);
#7420 = DIRECTION('',(-1.,0.));
#7421 = ( GEOMETRIC_REPRESENTATION_CONTEXT(2)
PARAMETRIC_REPRESENTATION_CONTEXT() REPRESENTATION_CONTEXT('2D SPACE',''
  ) );
#7422 = ORIENTED_EDGE('',*,*,#7423,.T.);
#7423 = EDGE_CURVE('',#7396,#7424,#7426,.T.);
#7424 = VERTEX_POINT('',#7425);
#7425 = CARTESIAN_POINT('',(23.889984859113,-10.00350256506,40.));
#7426 = SURFACE_CURVE('',#7427,(#7431,#7438),.PCURVE_S1.);
#7427 = LINE('',#7428,#7429);
#7428 = CARTESIAN_POINT('',(24.071202984744,-10.19115942756,40.));
#7429 = VECTOR('',#7430,1.);
#7430 = DIRECTION('',(-0.694658370459,0.719339800339,7.712257171322E-17)
  );
#7431 = PCURVE('',#100,#7432);
#7432 = DEFINITIONAL_REPRESENTATION('',(#7433),#7437);
#7433 = LINE('',#7434,#7435);
#7434 = CARTESIAN_POINT('',(10.928797015256,10.191159427564));
#7435 = VECTOR('',#7436,1.);
#7436 = DIRECTION('',(0.694658370459,-0.719339800339));
#7437 = ( GEOMETRIC_REPRESENTATION_CONTEXT(2)
PARAMETRIC_REPRESENTATION_CONTEXT() REPRESENTATION_CONTEXT('2D SPACE',''
  ) );
#7438 = PCURVE('',#7439,#7444);
#7439 = PLANE('',#7440);
#7440 = AXIS2_PLACEMENT_3D('',#7441,#7442,#7443);
#7441 = CARTESIAN_POINT('',(23.889984859113,-10.00350256506,37.5));
#7442 = DIRECTION('',(0.719339800339,0.694658370459,-7.986276088652E-17)
  );
#7443 = DIRECTION('',(0.694658370459,-0.719339800339,-7.712257171322E-17
    ));
#7444 = DEFINITIONAL_REPRESENTATION('',(#7445),#7449);
#7445 = LINE('',#7446,#7447);
#7446 = CARTESIAN_POINT('',(0.260873737851,-2.5));
#7447 = VECTOR('',#7448,1.);
#7448 = DIRECTION('',(-1.,0.));
#7449 = ( GEOMETRIC_REPRESENTATION_CONTEXT(2)
PARAMETRIC_REPRESENTATION_CONTEXT() REPRESENTATION_CONTEXT('2D SPACE',''
  ) );
#7450 = ORIENTED_EDGE('',*,*,#7451,.T.);
#7451 = EDGE_CURVE('',#7424,#7452,#7454,.T.);
#7452 = VERTEX_POINT('',#7453);
#7453 = CARTESIAN_POINT('',(23.21923923358,-9.204139056119,40.));
#7454 = SURFACE_CURVE('',#7455,(#7459,#7466),.PCURVE_S1.);
#7455 = LINE('',#7456,#7457);
#7456 = CARTESIAN_POINT('',(23.386925639963,-9.403979933355,40.));
#7457 = VECTOR('',#7458,1.);
#7458 = DIRECTION('',(-0.642787609687,0.766044443119,7.136376042178E-17)
  );
#7459 = PCURVE('',#100,#7460);
#7460 = DEFINITIONAL_REPRESENTATION('',(#7461),#7465);
#7461 = LINE('',#7462,#7463);
#7462 = CARTESIAN_POINT('',(11.613074360037,9.403979933355));
#7463 = VECTOR('',#7464,1.);
#7464 = DIRECTION('',(0.642787609687,-0.766044443119));
#7465 = ( GEOMETRIC_REPRESENTATION_CONTEXT(2)
PARAMETRIC_REPRESENTATION_CONTEXT() REPRESENTATION_CONTEXT('2D SPACE',''
  ) );
#7466 = PCURVE('',#7467,#7472);
#7467 = PLANE('',#7468);
#7468 = AXIS2_PLACEMENT_3D('',#7469,#7470,#7471);
#7469 = CARTESIAN_POINT('',(23.21923923358,-9.204139056119,37.5));
#7470 = DIRECTION('',(0.766044443119,0.642787609687,-8.504801786368E-17)
  );
#7471 = DIRECTION('',(0.642787609687,-0.766044443119,-7.136376042178E-17
    ));
#7472 = DEFINITIONAL_REPRESENTATION('',(#7473),#7477);
#7473 = LINE('',#7474,#7475);
#7474 = CARTESIAN_POINT('',(0.260873737851,-2.5));
#7475 = VECTOR('',#7476,1.);
#7476 = DIRECTION('',(-1.,0.));
#7477 = ( GEOMETRIC_REPRESENTATION_CONTEXT(2)
PARAMETRIC_REPRESENTATION_CONTEXT() REPRESENTATION_CONTEXT('2D SPACE',''
  ) );
#7478 = ORIENTED_EDGE('',*,*,#7479,.T.);
#7479 = EDGE_CURVE('',#7452,#7480,#7482,.T.);
#7480 = VERTEX_POINT('',#7481);
#7481 = CARTESIAN_POINT('',(22.605888290302,-8.359933906888,40.));
#7482 = SURFACE_CURVE('',#7483,(#7487,#7494),.PCURVE_S1.);
#7483 = LINE('',#7484,#7485);
#7484 = CARTESIAN_POINT('',(22.759226026121,-8.570985194195,40.));
#7485 = VECTOR('',#7486,1.);
#7486 = DIRECTION('',(-0.587785252292,0.809016994375,6.525727206302E-17)
  );
#7487 = PCURVE('',#100,#7488);
#7488 = DEFINITIONAL_REPRESENTATION('',(#7489),#7493);
#7489 = LINE('',#7490,#7491);
#7490 = CARTESIAN_POINT('',(12.240773973879,8.570985194195));
#7491 = VECTOR('',#7492,1.);
#7492 = DIRECTION('',(0.587785252292,-0.809016994375));
#7493 = ( GEOMETRIC_REPRESENTATION_CONTEXT(2)
PARAMETRIC_REPRESENTATION_CONTEXT() REPRESENTATION_CONTEXT('2D SPACE',''
  ) );
#7494 = PCURVE('',#7495,#7500);
#7495 = PLANE('',#7496);
#7496 = AXIS2_PLACEMENT_3D('',#7497,#7498,#7499);
#7497 = CARTESIAN_POINT('',(22.605888290302,-8.359933906888,37.5));
#7498 = DIRECTION('',(0.809016994375,0.587785252292,-8.981892944681E-17)
  );
#7499 = DIRECTION('',(0.587785252292,-0.809016994375,-6.525727206302E-17
    ));
#7500 = DEFINITIONAL_REPRESENTATION('',(#7501),#7505);
#7501 = LINE('',#7502,#7503);
#7502 = CARTESIAN_POINT('',(0.260873737851,-2.5));
#7503 = VECTOR('',#7504,1.);
#7504 = DIRECTION('',(-1.,0.));
#7505 = ( GEOMETRIC_REPRESENTATION_CONTEXT(2)
PARAMETRIC_REPRESENTATION_CONTEXT() REPRESENTATION_CONTEXT('2D SPACE',''
  ) );
#7506 = ORIENTED_EDGE('',*,*,#7507,.T.);
#7507 = EDGE_CURVE('',#7480,#7508,#7510,.T.);
#7508 = VERTEX_POINT('',#7509);
#7509 = CARTESIAN_POINT('',(22.052920213423,-7.475,40.));
#7510 = SURFACE_CURVE('',#7511,(#7515,#7522),.PCURVE_S1.);
#7511 = LINE('',#7512,#7513);
#7512 = CARTESIAN_POINT('',(22.191162232643,-7.696233476722,40.));
#7513 = VECTOR('',#7514,1.);
#7514 = DIRECTION('',(-0.529919264233,0.848048096156,5.883285683441E-17)
  );
#7515 = PCURVE('',#100,#7516);
#7516 = DEFINITIONAL_REPRESENTATION('',(#7517),#7521);
#7517 = LINE('',#7518,#7519);
#7518 = CARTESIAN_POINT('',(12.808837767357,7.696233476722));
#7519 = VECTOR('',#7520,1.);
#7520 = DIRECTION('',(0.529919264233,-0.848048096156));
#7521 = ( GEOMETRIC_REPRESENTATION_CONTEXT(2)
PARAMETRIC_REPRESENTATION_CONTEXT() REPRESENTATION_CONTEXT('2D SPACE',''
  ) );
#7522 = PCURVE('',#7523,#7528);
#7523 = PLANE('',#7524);
#7524 = AXIS2_PLACEMENT_3D('',#7525,#7526,#7527);
#7525 = CARTESIAN_POINT('',(22.052920213423,-7.475,37.5));
#7526 = DIRECTION('',(0.848048096156,0.529919264233,-9.415225223424E-17)
  );
#7527 = DIRECTION('',(0.529919264233,-0.848048096156,-5.883285683441E-17
    ));
#7528 = DEFINITIONAL_REPRESENTATION('',(#7529),#7533);
#7529 = LINE('',#7530,#7531);
#7530 = CARTESIAN_POINT('',(0.260873737851,-2.5));
#7531 = VECTOR('',#7532,1.);
#7532 = DIRECTION('',(-1.,0.));
#7533 = ( GEOMETRIC_REPRESENTATION_CONTEXT(2)
PARAMETRIC_REPRESENTATION_CONTEXT() REPRESENTATION_CONTEXT('2D SPACE',''
  ) );
#7534 = ORIENTED_EDGE('',*,*,#7535,.T.);
#7535 = EDGE_CURVE('',#7508,#7536,#7538,.T.);
#7536 = VERTEX_POINT('',#7537);
#7537 = CARTESIAN_POINT('',(21.563029007827,-6.553648644497,40.));
#7538 = SURFACE_CURVE('',#7539,(#7543,#7550),.PCURVE_S1.);
#7539 = LINE('',#7540,#7541);
#7540 = CARTESIAN_POINT('',(21.685501809226,-6.783986483373,40.));
#7541 = VECTOR('',#7542,1.);
#7542 = DIRECTION('',(-0.469471562786,0.882947592859,5.212181384117E-17)
  );
#7543 = PCURVE('',#100,#7544);
#7544 = DEFINITIONAL_REPRESENTATION('',(#7545),#7549);
#7545 = LINE('',#7546,#7547);
#7546 = CARTESIAN_POINT('',(13.314498190774,6.783986483373));
#7547 = VECTOR('',#7548,1.);
#7548 = DIRECTION('',(0.469471562786,-0.882947592859));
#7549 = ( GEOMETRIC_REPRESENTATION_CONTEXT(2)
PARAMETRIC_REPRESENTATION_CONTEXT() REPRESENTATION_CONTEXT('2D SPACE',''
  ) );
#7550 = PCURVE('',#7551,#7556);
#7551 = PLANE('',#7552);
#7552 = AXIS2_PLACEMENT_3D('',#7553,#7554,#7555);
#7553 = CARTESIAN_POINT('',(21.563029007827,-6.553648644497,37.5));
#7554 = DIRECTION('',(0.882947592859,0.469471562786,-9.802687471293E-17)
  );
#7555 = DIRECTION('',(0.469471562786,-0.882947592859,-5.212181384117E-17
    ));
#7556 = DEFINITIONAL_REPRESENTATION('',(#7557),#7561);
#7557 = LINE('',#7558,#7559);
#7558 = CARTESIAN_POINT('',(0.260873737851,-2.5));
#7559 = VECTOR('',#7560,1.);
#7560 = DIRECTION('',(-1.,0.));
#7561 = ( GEOMETRIC_REPRESENTATION_CONTEXT(2)
PARAMETRIC_REPRESENTATION_CONTEXT() REPRESENTATION_CONTEXT('2D SPACE',''
  ) );
#7562 = ORIENTED_EDGE('',*,*,#7563,.T.);
#7563 = EDGE_CURVE('',#7536,#7564,#7566,.T.);
#7564 = VERTEX_POINT('',#7565);
#7565 = CARTESIAN_POINT('',(21.138601374227,-5.600368571568,40.));
#7566 = SURFACE_CURVE('',#7567,(#7571,#7578),.PCURVE_S1.);
#7567 = LINE('',#7568,#7569);
#7568 = CARTESIAN_POINT('',(21.244708282627,-5.8386885898,40.));
#7569 = VECTOR('',#7570,1.);
#7570 = DIRECTION('',(-0.406736643076,0.913545457643,4.515683861015E-17)
  );
#7571 = PCURVE('',#100,#7572);
#7572 = DEFINITIONAL_REPRESENTATION('',(#7573),#7577);
#7573 = LINE('',#7574,#7575);
#7574 = CARTESIAN_POINT('',(13.755291717373,5.8386885898));
#7575 = VECTOR('',#7576,1.);
#7576 = DIRECTION('',(0.406736643076,-0.913545457643));
#7577 = ( GEOMETRIC_REPRESENTATION_CONTEXT(2)
PARAMETRIC_REPRESENTATION_CONTEXT() REPRESENTATION_CONTEXT('2D SPACE',''
  ) );
#7578 = PCURVE('',#7579,#7584);
#7579 = PLANE('',#7580);
#7580 = AXIS2_PLACEMENT_3D('',#7581,#7582,#7583);
#7581 = CARTESIAN_POINT('',(21.138601374227,-5.600368571568,37.5));
#7582 = DIRECTION('',(0.913545457643,0.406736643076,-1.014239201117E-16)
  );
#7583 = DIRECTION('',(0.406736643076,-0.913545457643,-4.515683861015E-17
    ));
#7584 = DEFINITIONAL_REPRESENTATION('',(#7585),#7589);
#7585 = LINE('',#7586,#7587);
#7586 = CARTESIAN_POINT('',(0.260873737851,-2.5));
#7587 = VECTOR('',#7588,1.);
#7588 = DIRECTION('',(-1.,0.));
#7589 = ( GEOMETRIC_REPRESENTATION_CONTEXT(2)
PARAMETRIC_REPRESENTATION_CONTEXT() REPRESENTATION_CONTEXT('2D SPACE',''
  ) );
#7590 = ORIENTED_EDGE('',*,*,#7591,.T.);
#7591 = EDGE_CURVE('',#7564,#7592,#7594,.T.);
#7592 = VERTEX_POINT('',#7593);
#7593 = CARTESIAN_POINT('',(20.781705081387,-4.619804065905,40.));
#7594 = SURFACE_CURVE('',#7595,(#7599,#7606),.PCURVE_S1.);
#7595 = LINE('',#7596,#7597);
#7596 = CARTESIAN_POINT('',(20.870929154597,-4.864945192321,40.));
#7597 = VECTOR('',#7598,1.);
#7598 = DIRECTION('',(-0.342020143326,0.939692620786,3.797186380058E-17)
  );
#7599 = PCURVE('',#100,#7600);
#7600 = DEFINITIONAL_REPRESENTATION('',(#7601),#7605);
#7601 = LINE('',#7602,#7603);
#7602 = CARTESIAN_POINT('',(14.129070845403,4.864945192321));
#7603 = VECTOR('',#7604,1.);
#7604 = DIRECTION('',(0.342020143326,-0.939692620786));
#7605 = ( GEOMETRIC_REPRESENTATION_CONTEXT(2)
PARAMETRIC_REPRESENTATION_CONTEXT() REPRESENTATION_CONTEXT('2D SPACE',''
  ) );
#7606 = PCURVE('',#7607,#7612);
#7607 = PLANE('',#7608);
#7608 = AXIS2_PLACEMENT_3D('',#7609,#7610,#7611);
#7609 = CARTESIAN_POINT('',(20.781705081387,-4.619804065905,37.5));
#7610 = DIRECTION('',(0.939692620786,0.342020143326,-1.043268383667E-16)
  );
#7611 = DIRECTION('',(0.342020143326,-0.939692620786,-3.797186380058E-17
    ));
#7612 = DEFINITIONAL_REPRESENTATION('',(#7613),#7617);
#7613 = LINE('',#7614,#7615);
#7614 = CARTESIAN_POINT('',(0.260873737851,-2.5));
#7615 = VECTOR('',#7616,1.);
#7616 = DIRECTION('',(-1.,0.));
#7617 = ( GEOMETRIC_REPRESENTATION_CONTEXT(2)
PARAMETRIC_REPRESENTATION_CONTEXT() REPRESENTATION_CONTEXT('2D SPACE',''
  ) );
#7618 = ORIENTED_EDGE('',*,*,#7619,.T.);
#7619 = EDGE_CURVE('',#7592,#7620,#7622,.T.);
#7620 = VERTEX_POINT('',#7621);
#7621 = CARTESIAN_POINT('',(20.494078892174,-3.616732339215,40.));
#7622 = SURFACE_CURVE('',#7623,(#7627,#7634),.PCURVE_S1.);
#7623 = LINE('',#7624,#7625);
#7624 = CARTESIAN_POINT('',(20.565985439477,-3.867500270888,40.));
#7625 = VECTOR('',#7626,1.);
#7626 = DIRECTION('',(-0.275637355817,0.961261695938,3.060189388748E-17)
  );
#7627 = PCURVE('',#100,#7628);
#7628 = DEFINITIONAL_REPRESENTATION('',(#7629),#7633);
#7629 = LINE('',#7630,#7631);
#7630 = CARTESIAN_POINT('',(14.434014560523,3.867500270888));
#7631 = VECTOR('',#7632,1.);
#7632 = DIRECTION('',(0.275637355817,-0.961261695938));
#7633 = ( GEOMETRIC_REPRESENTATION_CONTEXT(2)
PARAMETRIC_REPRESENTATION_CONTEXT() REPRESENTATION_CONTEXT('2D SPACE',''
  ) );
#7634 = PCURVE('',#7635,#7640);
#7635 = PLANE('',#7636);
#7636 = AXIS2_PLACEMENT_3D('',#7637,#7638,#7639);
#7637 = CARTESIAN_POINT('',(20.494078892174,-3.616732339215,37.5));
#7638 = DIRECTION('',(0.961261695938,0.275637355817,-1.067214867521E-16)
  );
#7639 = DIRECTION('',(0.275637355817,-0.961261695938,-3.060189388748E-17
    ));
#7640 = DEFINITIONAL_REPRESENTATION('',(#7641),#7645);
#7641 = LINE('',#7642,#7643);
#7642 = CARTESIAN_POINT('',(0.260873737851,-2.5));
#7643 = VECTOR('',#7644,1.);
#7644 = DIRECTION('',(-1.,0.));
#7645 = ( GEOMETRIC_REPRESENTATION_CONTEXT(2)
PARAMETRIC_REPRESENTATION_CONTEXT() REPRESENTATION_CONTEXT('2D SPACE',''
  ) );
#7646 = ORIENTED_EDGE('',*,*,#7647,.T.);
#7647 = EDGE_CURVE('',#7620,#7648,#7650,.T.);
#7648 = VERTEX_POINT('',#7649);
#7649 = CARTESIAN_POINT('',(20.277124092467,-2.596040256121,40.));
#7650 = SURFACE_CURVE('',#7651,(#7655,#7662),.PCURVE_S1.);
#7651 = LINE('',#7652,#7653);
#7652 = CARTESIAN_POINT('',(20.331362792394,-2.851213276894,40.));
#7653 = VECTOR('',#7654,1.);
#7654 = DIRECTION('',(-0.207911690818,0.978147600734,2.308283462346E-17)
  );
#7655 = PCURVE('',#100,#7656);
#7656 = DEFINITIONAL_REPRESENTATION('',(#7657),#7661);
#7657 = LINE('',#7658,#7659);
#7658 = CARTESIAN_POINT('',(14.668637207606,2.851213276894));
#7659 = VECTOR('',#7660,1.);
#7660 = DIRECTION('',(0.207911690818,-0.978147600734));
#7661 = ( GEOMETRIC_REPRESENTATION_CONTEXT(2)
PARAMETRIC_REPRESENTATION_CONTEXT() REPRESENTATION_CONTEXT('2D SPACE',''
  ) );
#7662 = PCURVE('',#7663,#7668);
#7663 = PLANE('',#7664);
#7664 = AXIS2_PLACEMENT_3D('',#7665,#7666,#7667);
#7665 = CARTESIAN_POINT('',(20.277124092467,-2.596040256121,37.5));
#7666 = DIRECTION('',(0.978147600734,0.207911690818,-1.085961987817E-16)
  );
#7667 = DIRECTION('',(0.207911690818,-0.978147600734,-2.308283462346E-17
    ));
#7668 = DEFINITIONAL_REPRESENTATION('',(#7669),#7673);
#7669 = LINE('',#7670,#7671);
#7670 = CARTESIAN_POINT('',(0.260873737851,-2.5));
#7671 = VECTOR('',#7672,1.);
#7672 = DIRECTION('',(-1.,0.));
#7673 = ( GEOMETRIC_REPRESENTATION_CONTEXT(2)
PARAMETRIC_REPRESENTATION_CONTEXT() REPRESENTATION_CONTEXT('2D SPACE',''
  ) );
#7674 = ORIENTED_EDGE('',*,*,#7675,.T.);
#7675 = EDGE_CURVE('',#7648,#7676,#7678,.T.);
#7676 = VERTEX_POINT('',#7677);
#7677 = CARTESIAN_POINT('',(20.131897664244,-1.562700525851,40.));
#7678 = SURFACE_CURVE('',#7679,(#7683,#7690),.PCURVE_S1.);
#7679 = LINE('',#7680,#7681);
#7680 = CARTESIAN_POINT('',(20.1682042713,-1.821035458419,40.));
#7681 = VECTOR('',#7682,1.);
#7682 = DIRECTION('',(-0.13917310096,0.990268068742,1.545131810943E-17)
  );
#7683 = PCURVE('',#100,#7684);
#7684 = DEFINITIONAL_REPRESENTATION('',(#7685),#7689);
#7685 = LINE('',#7686,#7687);
#7686 = CARTESIAN_POINT('',(14.8317957287,1.821035458419));
#7687 = VECTOR('',#7688,1.);
#7688 = DIRECTION('',(0.13917310096,-0.990268068742));
#7689 = ( GEOMETRIC_REPRESENTATION_CONTEXT(2)
PARAMETRIC_REPRESENTATION_CONTEXT() REPRESENTATION_CONTEXT('2D SPACE',''
  ) );
#7690 = PCURVE('',#7691,#7696);
#7691 = PLANE('',#7692);
#7692 = AXIS2_PLACEMENT_3D('',#7693,#7694,#7695);
#7693 = CARTESIAN_POINT('',(20.131897664244,-1.562700525851,37.5));
#7694 = DIRECTION('',(0.990268068742,0.13917310096,-1.099418410468E-16)
  );
#7695 = DIRECTION('',(0.13917310096,-0.990268068742,-1.545131810943E-17)
  );
#7696 = DEFINITIONAL_REPRESENTATION('',(#7697),#7701);
#7697 = LINE('',#7698,#7699);
#7698 = CARTESIAN_POINT('',(0.260873737851,-2.5));
#7699 = VECTOR('',#7700,1.);
#7700 = DIRECTION('',(-1.,0.));
#7701 = ( GEOMETRIC_REPRESENTATION_CONTEXT(2)
PARAMETRIC_REPRESENTATION_CONTEXT() REPRESENTATION_CONTEXT('2D SPACE',''
  ) );
#7702 = ORIENTED_EDGE('',*,*,#7703,.T.);
#7703 = EDGE_CURVE('',#7676,#7704,#7706,.T.);
#7704 = VERTEX_POINT('',#7705);
#7705 = CARTESIAN_POINT('',(20.059107136065,-0.521747475702,40.));
#7706 = SURFACE_CURVE('',#7707,(#7711,#7718),.PCURVE_S1.);
#7707 = LINE('',#7708,#7709);
#7708 = CARTESIAN_POINT('',(20.077304768109,-0.78198573824,40.));
#7709 = VECTOR('',#7710,1.);
#7710 = DIRECTION('',(-6.975647374413E-02,0.99756405026,
    7.744524326739E-18));
#7711 = PCURVE('',#100,#7712);
#7712 = DEFINITIONAL_REPRESENTATION('',(#7713),#7717);
#7713 = LINE('',#7714,#7715);
#7714 = CARTESIAN_POINT('',(14.922695231891,0.78198573824));
#7715 = VECTOR('',#7716,1.);
#7716 = DIRECTION('',(6.975647374413E-02,-0.99756405026));
#7717 = ( GEOMETRIC_REPRESENTATION_CONTEXT(2)
PARAMETRIC_REPRESENTATION_CONTEXT() REPRESENTATION_CONTEXT('2D SPACE',''
  ) );
#7718 = PCURVE('',#7719,#7724);
#7719 = PLANE('',#7720);
#7720 = AXIS2_PLACEMENT_3D('',#7721,#7722,#7723);
#7721 = CARTESIAN_POINT('',(20.059107136065,-0.521747475702,37.5));
#7722 = DIRECTION('',(0.99756405026,6.975647374413E-02,
    -1.107518577137E-16));
#7723 = DIRECTION('',(6.975647374413E-02,-0.99756405026,
    -7.744524326739E-18));
#7724 = DEFINITIONAL_REPRESENTATION('',(#7725),#7729);
#7725 = LINE('',#7726,#7727);
#7726 = CARTESIAN_POINT('',(0.260873737851,-2.5));
#7727 = VECTOR('',#7728,1.);
#7728 = DIRECTION('',(-1.,0.));
#7729 = ( GEOMETRIC_REPRESENTATION_CONTEXT(2)
PARAMETRIC_REPRESENTATION_CONTEXT() REPRESENTATION_CONTEXT('2D SPACE',''
  ) );
#7730 = ORIENTED_EDGE('',*,*,#7731,.T.);
#7731 = EDGE_CURVE('',#7704,#7732,#7734,.T.);
#7732 = VERTEX_POINT('',#7733);
#7733 = CARTESIAN_POINT('',(20.059107136065,0.521747475702,40.));
#7734 = SURFACE_CURVE('',#7735,(#7739,#7746),.PCURVE_S1.);
#7735 = LINE('',#7736,#7737);
#7736 = CARTESIAN_POINT('',(20.059107136065,0.260873737851,40.));
#7737 = VECTOR('',#7738,1.);
#7738 = DIRECTION('',(0.,1.,0.));
#7739 = PCURVE('',#100,#7740);
#7740 = DEFINITIONAL_REPRESENTATION('',(#7741),#7745);
#7741 = LINE('',#7742,#7743);
#7742 = CARTESIAN_POINT('',(14.940892863935,-0.260873737851));
#7743 = VECTOR('',#7744,1.);
#7744 = DIRECTION('',(0.,-1.));
#7745 = ( GEOMETRIC_REPRESENTATION_CONTEXT(2)
PARAMETRIC_REPRESENTATION_CONTEXT() REPRESENTATION_CONTEXT('2D SPACE',''
  ) );
#7746 = PCURVE('',#7747,#7752);
#7747 = PLANE('',#7748);
#7748 = AXIS2_PLACEMENT_3D('',#7749,#7750,#7751);
#7749 = CARTESIAN_POINT('',(20.059107136065,0.521747475702,37.5));
#7750 = DIRECTION('',(1.,0.,-1.110223024625E-16));
#7751 = DIRECTION('',(0.,-1.,0.));
#7752 = DEFINITIONAL_REPRESENTATION('',(#7753),#7757);
#7753 = LINE('',#7754,#7755);
#7754 = CARTESIAN_POINT('',(0.260873737851,-2.5));
#7755 = VECTOR('',#7756,1.);
#7756 = DIRECTION('',(-1.,-0.));
#7757 = ( GEOMETRIC_REPRESENTATION_CONTEXT(2)
PARAMETRIC_REPRESENTATION_CONTEXT() REPRESENTATION_CONTEXT('2D SPACE',''
  ) );
#7758 = ORIENTED_EDGE('',*,*,#7759,.T.);
#7759 = EDGE_CURVE('',#7732,#7760,#7762,.T.);
#7760 = VERTEX_POINT('',#7761);
#7761 = CARTESIAN_POINT('',(20.131897664244,1.562700525851,40.));
#7762 = SURFACE_CURVE('',#7763,(#7767,#7774),.PCURVE_S1.);
#7763 = LINE('',#7764,#7765);
#7764 = CARTESIAN_POINT('',(20.113700032199,1.302462263314,40.));
#7765 = VECTOR('',#7766,1.);
#7766 = DIRECTION('',(6.975647374413E-02,0.99756405026,
    -7.744524326739E-18));
#7767 = PCURVE('',#100,#7768);
#7768 = DEFINITIONAL_REPRESENTATION('',(#7769),#7773);
#7769 = LINE('',#7770,#7771);
#7770 = CARTESIAN_POINT('',(14.886299967801,-1.302462263314));
#7771 = VECTOR('',#7772,1.);
#7772 = DIRECTION('',(-6.975647374413E-02,-0.99756405026));
#7773 = ( GEOMETRIC_REPRESENTATION_CONTEXT(2)
PARAMETRIC_REPRESENTATION_CONTEXT() REPRESENTATION_CONTEXT('2D SPACE',''
  ) );
#7774 = PCURVE('',#7775,#7780);
#7775 = PLANE('',#7776);
#7776 = AXIS2_PLACEMENT_3D('',#7777,#7778,#7779);
#7777 = CARTESIAN_POINT('',(20.131897664244,1.562700525851,37.5));
#7778 = DIRECTION('',(0.99756405026,-6.975647374413E-02,
    -1.107518577137E-16));
#7779 = DIRECTION('',(-6.975647374413E-02,-0.99756405026,
    7.744524326739E-18));
#7780 = DEFINITIONAL_REPRESENTATION('',(#7781),#7785);
#7781 = LINE('',#7782,#7783);
#7782 = CARTESIAN_POINT('',(0.260873737851,-2.5));
#7783 = VECTOR('',#7784,1.);
#7784 = DIRECTION('',(-1.,0.));
#7785 = ( GEOMETRIC_REPRESENTATION_CONTEXT(2)
PARAMETRIC_REPRESENTATION_CONTEXT() REPRESENTATION_CONTEXT('2D SPACE',''
  ) );
#7786 = ORIENTED_EDGE('',*,*,#7787,.T.);
#7787 = EDGE_CURVE('',#7760,#7788,#7790,.T.);
#7788 = VERTEX_POINT('',#7789);
#7789 = CARTESIAN_POINT('',(20.277124092467,2.596040256121,40.));
#7790 = SURFACE_CURVE('',#7791,(#7795,#7802),.PCURVE_S1.);
#7791 = LINE('',#7792,#7793);
#7792 = CARTESIAN_POINT('',(20.240817485412,2.337705323553,40.));
#7793 = VECTOR('',#7794,1.);
#7794 = DIRECTION('',(0.13917310096,0.990268068742,-1.545131810943E-17)
  );
#7795 = PCURVE('',#100,#7796);
#7796 = DEFINITIONAL_REPRESENTATION('',(#7797),#7801);
#7797 = LINE('',#7798,#7799);
#7798 = CARTESIAN_POINT('',(14.759182514588,-2.337705323553));
#7799 = VECTOR('',#7800,1.);
#7800 = DIRECTION('',(-0.13917310096,-0.990268068742));
#7801 = ( GEOMETRIC_REPRESENTATION_CONTEXT(2)
PARAMETRIC_REPRESENTATION_CONTEXT() REPRESENTATION_CONTEXT('2D SPACE',''
  ) );
#7802 = PCURVE('',#7803,#7808);
#7803 = PLANE('',#7804);
#7804 = AXIS2_PLACEMENT_3D('',#7805,#7806,#7807);
#7805 = CARTESIAN_POINT('',(20.277124092467,2.596040256121,37.5));
#7806 = DIRECTION('',(0.990268068742,-0.13917310096,-1.099418410468E-16)
  );
#7807 = DIRECTION('',(-0.13917310096,-0.990268068742,1.545131810943E-17)
  );
#7808 = DEFINITIONAL_REPRESENTATION('',(#7809),#7813);
#7809 = LINE('',#7810,#7811);
#7810 = CARTESIAN_POINT('',(0.260873737851,-2.5));
#7811 = VECTOR('',#7812,1.);
#7812 = DIRECTION('',(-1.,0.));
#7813 = ( GEOMETRIC_REPRESENTATION_CONTEXT(2)
PARAMETRIC_REPRESENTATION_CONTEXT() REPRESENTATION_CONTEXT('2D SPACE',''
  ) );
#7814 = ORIENTED_EDGE('',*,*,#7815,.T.);
#7815 = EDGE_CURVE('',#7788,#7816,#7818,.T.);
#7816 = VERTEX_POINT('',#7817);
#7817 = CARTESIAN_POINT('',(20.494078892174,3.616732339215,40.));
#7818 = SURFACE_CURVE('',#7819,(#7823,#7830),.PCURVE_S1.);
#7819 = LINE('',#7820,#7821);
#7820 = CARTESIAN_POINT('',(20.439840192247,3.361559318441,40.));
#7821 = VECTOR('',#7822,1.);
#7822 = DIRECTION('',(0.207911690818,0.978147600734,-2.308283462346E-17)
  );
#7823 = PCURVE('',#100,#7824);
#7824 = DEFINITIONAL_REPRESENTATION('',(#7825),#7829);
#7825 = LINE('',#7826,#7827);
#7826 = CARTESIAN_POINT('',(14.560159807753,-3.361559318441));
#7827 = VECTOR('',#7828,1.);
#7828 = DIRECTION('',(-0.207911690818,-0.978147600734));
#7829 = ( GEOMETRIC_REPRESENTATION_CONTEXT(2)
PARAMETRIC_REPRESENTATION_CONTEXT() REPRESENTATION_CONTEXT('2D SPACE',''
  ) );
#7830 = PCURVE('',#7831,#7836);
#7831 = PLANE('',#7832);
#7832 = AXIS2_PLACEMENT_3D('',#7833,#7834,#7835);
#7833 = CARTESIAN_POINT('',(20.494078892174,3.616732339215,37.5));
#7834 = DIRECTION('',(0.978147600734,-0.207911690818,-1.085961987817E-16
    ));
#7835 = DIRECTION('',(-0.207911690818,-0.978147600734,2.308283462346E-17
    ));
#7836 = DEFINITIONAL_REPRESENTATION('',(#7837),#7841);
#7837 = LINE('',#7838,#7839);
#7838 = CARTESIAN_POINT('',(0.260873737851,-2.5));
#7839 = VECTOR('',#7840,1.);
#7840 = DIRECTION('',(-1.,0.));
#7841 = ( GEOMETRIC_REPRESENTATION_CONTEXT(2)
PARAMETRIC_REPRESENTATION_CONTEXT() REPRESENTATION_CONTEXT('2D SPACE',''
  ) );
#7842 = ORIENTED_EDGE('',*,*,#7843,.T.);
#7843 = EDGE_CURVE('',#7816,#7844,#7846,.T.);
#7844 = VERTEX_POINT('',#7845);
#7845 = CARTESIAN_POINT('',(20.781705081387,4.619804065905,40.));
#7846 = SURFACE_CURVE('',#7847,(#7851,#7858),.PCURVE_S1.);
#7847 = LINE('',#7848,#7849);
#7848 = CARTESIAN_POINT('',(20.709798534084,4.369036134233,40.));
#7849 = VECTOR('',#7850,1.);
#7850 = DIRECTION('',(0.275637355817,0.961261695938,-3.060189388748E-17)
  );
#7851 = PCURVE('',#100,#7852);
#7852 = DEFINITIONAL_REPRESENTATION('',(#7853),#7857);
#7853 = LINE('',#7854,#7855);
#7854 = CARTESIAN_POINT('',(14.290201465916,-4.369036134233));
#7855 = VECTOR('',#7856,1.);
#7856 = DIRECTION('',(-0.275637355817,-0.961261695938));
#7857 = ( GEOMETRIC_REPRESENTATION_CONTEXT(2)
PARAMETRIC_REPRESENTATION_CONTEXT() REPRESENTATION_CONTEXT('2D SPACE',''
  ) );
#7858 = PCURVE('',#7859,#7864);
#7859 = PLANE('',#7860);
#7860 = AXIS2_PLACEMENT_3D('',#7861,#7862,#7863);
#7861 = CARTESIAN_POINT('',(20.781705081387,4.619804065905,37.5));
#7862 = DIRECTION('',(0.961261695938,-0.275637355817,-1.067214867521E-16
    ));
#7863 = DIRECTION('',(-0.275637355817,-0.961261695938,3.060189388748E-17
    ));
#7864 = DEFINITIONAL_REPRESENTATION('',(#7865),#7869);
#7865 = LINE('',#7866,#7867);
#7866 = CARTESIAN_POINT('',(0.260873737851,-2.5));
#7867 = VECTOR('',#7868,1.);
#7868 = DIRECTION('',(-1.,0.));
#7869 = ( GEOMETRIC_REPRESENTATION_CONTEXT(2)
PARAMETRIC_REPRESENTATION_CONTEXT() REPRESENTATION_CONTEXT('2D SPACE',''
  ) );
#7870 = ORIENTED_EDGE('',*,*,#7871,.T.);
#7871 = EDGE_CURVE('',#7844,#7872,#7874,.T.);
#7872 = VERTEX_POINT('',#7873);
#7873 = CARTESIAN_POINT('',(21.138601374227,5.600368571568,40.));
#7874 = SURFACE_CURVE('',#7875,(#7879,#7886),.PCURVE_S1.);
#7875 = LINE('',#7876,#7877);
#7876 = CARTESIAN_POINT('',(21.049377301017,5.355227445152,40.));
#7877 = VECTOR('',#7878,1.);
#7878 = DIRECTION('',(0.342020143326,0.939692620786,-3.797186380058E-17)
  );
#7879 = PCURVE('',#100,#7880);
#7880 = DEFINITIONAL_REPRESENTATION('',(#7881),#7885);
#7881 = LINE('',#7882,#7883);
#7882 = CARTESIAN_POINT('',(13.950622698983,-5.355227445152));
#7883 = VECTOR('',#7884,1.);
#7884 = DIRECTION('',(-0.342020143326,-0.939692620786));
#7885 = ( GEOMETRIC_REPRESENTATION_CONTEXT(2)
PARAMETRIC_REPRESENTATION_CONTEXT() REPRESENTATION_CONTEXT('2D SPACE',''
  ) );
#7886 = PCURVE('',#7887,#7892);
#7887 = PLANE('',#7888);
#7888 = AXIS2_PLACEMENT_3D('',#7889,#7890,#7891);
#7889 = CARTESIAN_POINT('',(21.138601374227,5.600368571568,37.5));
#7890 = DIRECTION('',(0.939692620786,-0.342020143326,-1.043268383667E-16
    ));
#7891 = DIRECTION('',(-0.342020143326,-0.939692620786,3.797186380058E-17
    ));
#7892 = DEFINITIONAL_REPRESENTATION('',(#7893),#7897);
#7893 = LINE('',#7894,#7895);
#7894 = CARTESIAN_POINT('',(0.260873737851,-2.5));
#7895 = VECTOR('',#7896,1.);
#7896 = DIRECTION('',(-1.,0.));
#7897 = ( GEOMETRIC_REPRESENTATION_CONTEXT(2)
PARAMETRIC_REPRESENTATION_CONTEXT() REPRESENTATION_CONTEXT('2D SPACE',''
  ) );
#7898 = ORIENTED_EDGE('',*,*,#7899,.T.);
#7899 = EDGE_CURVE('',#7872,#7900,#7902,.T.);
#7900 = VERTEX_POINT('',#7901);
#7901 = CARTESIAN_POINT('',(21.563029007827,6.553648644497,40.));
#7902 = SURFACE_CURVE('',#7903,(#7907,#7914),.PCURVE_S1.);
#7903 = LINE('',#7904,#7905);
#7904 = CARTESIAN_POINT('',(21.456922099427,6.315328626265,40.));
#7905 = VECTOR('',#7906,1.);
#7906 = DIRECTION('',(0.406736643076,0.913545457643,-4.515683861015E-17)
  );
#7907 = PCURVE('',#100,#7908);
#7908 = DEFINITIONAL_REPRESENTATION('',(#7909),#7913);
#7909 = LINE('',#7910,#7911);
#7910 = CARTESIAN_POINT('',(13.543077900573,-6.315328626265));
#7911 = VECTOR('',#7912,1.);
#7912 = DIRECTION('',(-0.406736643076,-0.913545457643));
#7913 = ( GEOMETRIC_REPRESENTATION_CONTEXT(2)
PARAMETRIC_REPRESENTATION_CONTEXT() REPRESENTATION_CONTEXT('2D SPACE',''
  ) );
#7914 = PCURVE('',#7915,#7920);
#7915 = PLANE('',#7916);
#7916 = AXIS2_PLACEMENT_3D('',#7917,#7918,#7919);
#7917 = CARTESIAN_POINT('',(21.563029007827,6.553648644497,37.5));
#7918 = DIRECTION('',(0.913545457643,-0.406736643076,-1.014239201117E-16
    ));
#7919 = DIRECTION('',(-0.406736643076,-0.913545457643,4.515683861015E-17
    ));
#7920 = DEFINITIONAL_REPRESENTATION('',(#7921),#7925);
#7921 = LINE('',#7922,#7923);
#7922 = CARTESIAN_POINT('',(0.260873737851,-2.5));
#7923 = VECTOR('',#7924,1.);
#7924 = DIRECTION('',(-1.,0.));
#7925 = ( GEOMETRIC_REPRESENTATION_CONTEXT(2)
PARAMETRIC_REPRESENTATION_CONTEXT() REPRESENTATION_CONTEXT('2D SPACE',''
  ) );
#7926 = ORIENTED_EDGE('',*,*,#7927,.T.);
#7927 = EDGE_CURVE('',#7900,#7928,#7930,.T.);
#7928 = VERTEX_POINT('',#7929);
#7929 = CARTESIAN_POINT('',(22.052920213423,7.475,40.));
#7930 = SURFACE_CURVE('',#7931,(#7935,#7942),.PCURVE_S1.);
#7931 = LINE('',#7932,#7933);
#7932 = CARTESIAN_POINT('',(21.930447412024,7.244662161124,40.));
#7933 = VECTOR('',#7934,1.);
#7934 = DIRECTION('',(0.469471562786,0.882947592859,-5.212181384117E-17)
  );
#7935 = PCURVE('',#100,#7936);
#7936 = DEFINITIONAL_REPRESENTATION('',(#7937),#7941);
#7937 = LINE('',#7938,#7939);
#7938 = CARTESIAN_POINT('',(13.069552587976,-7.244662161124));
#7939 = VECTOR('',#7940,1.);
#7940 = DIRECTION('',(-0.469471562786,-0.882947592859));
#7941 = ( GEOMETRIC_REPRESENTATION_CONTEXT(2)
PARAMETRIC_REPRESENTATION_CONTEXT() REPRESENTATION_CONTEXT('2D SPACE',''
  ) );
#7942 = PCURVE('',#7943,#7948);
#7943 = PLANE('',#7944);
#7944 = AXIS2_PLACEMENT_3D('',#7945,#7946,#7947);
#7945 = CARTESIAN_POINT('',(22.052920213423,7.475,37.5));
#7946 = DIRECTION('',(0.882947592859,-0.469471562786,-9.802687471293E-17
    ));
#7947 = DIRECTION('',(-0.469471562786,-0.882947592859,5.212181384117E-17
    ));
#7948 = DEFINITIONAL_REPRESENTATION('',(#7949),#7953);
#7949 = LINE('',#7950,#7951);
#7950 = CARTESIAN_POINT('',(0.260873737851,-2.5));
#7951 = VECTOR('',#7952,1.);
#7952 = DIRECTION('',(-1.,0.));
#7953 = ( GEOMETRIC_REPRESENTATION_CONTEXT(2)
PARAMETRIC_REPRESENTATION_CONTEXT() REPRESENTATION_CONTEXT('2D SPACE',''
  ) );
#7954 = ORIENTED_EDGE('',*,*,#7955,.T.);
#7955 = EDGE_CURVE('',#7928,#7956,#7958,.T.);
#7956 = VERTEX_POINT('',#7957);
#7957 = CARTESIAN_POINT('',(22.605888290302,8.359933906888,40.));
#7958 = SURFACE_CURVE('',#7959,(#7963,#7970),.PCURVE_S1.);
#7959 = LINE('',#7960,#7961);
#7960 = CARTESIAN_POINT('',(22.467646271082,8.138700430166,40.));
#7961 = VECTOR('',#7962,1.);
#7962 = DIRECTION('',(0.529919264233,0.848048096156,-5.883285683441E-17)
  );
#7963 = PCURVE('',#100,#7964);
#7964 = DEFINITIONAL_REPRESENTATION('',(#7965),#7969);
#7965 = LINE('',#7966,#7967);
#7966 = CARTESIAN_POINT('',(12.532353728918,-8.138700430166));
#7967 = VECTOR('',#7968,1.);
#7968 = DIRECTION('',(-0.529919264233,-0.848048096156));
#7969 = ( GEOMETRIC_REPRESENTATION_CONTEXT(2)
PARAMETRIC_REPRESENTATION_CONTEXT() REPRESENTATION_CONTEXT('2D SPACE',''
  ) );
#7970 = PCURVE('',#7971,#7976);
#7971 = PLANE('',#7972);
#7972 = AXIS2_PLACEMENT_3D('',#7973,#7974,#7975);
#7973 = CARTESIAN_POINT('',(22.605888290302,8.359933906888,37.5));
#7974 = DIRECTION('',(0.848048096156,-0.529919264233,-9.415225223424E-17
    ));
#7975 = DIRECTION('',(-0.529919264233,-0.848048096156,5.883285683441E-17
    ));
#7976 = DEFINITIONAL_REPRESENTATION('',(#7977),#7981);
#7977 = LINE('',#7978,#7979);
#7978 = CARTESIAN_POINT('',(0.260873737851,-2.5));
#7979 = VECTOR('',#7980,1.);
#7980 = DIRECTION('',(-1.,0.));
#7981 = ( GEOMETRIC_REPRESENTATION_CONTEXT(2)
PARAMETRIC_REPRESENTATION_CONTEXT() REPRESENTATION_CONTEXT('2D SPACE',''
  ) );
#7982 = ORIENTED_EDGE('',*,*,#7983,.T.);
#7983 = EDGE_CURVE('',#7956,#7984,#7986,.T.);
#7984 = VERTEX_POINT('',#7985);
#7985 = CARTESIAN_POINT('',(23.21923923358,9.204139056119,40.));
#7986 = SURFACE_CURVE('',#7987,(#7991,#7998),.PCURVE_S1.);
#7987 = LINE('',#7988,#7989);
#7988 = CARTESIAN_POINT('',(23.06590149776,8.993087768811,40.));
#7989 = VECTOR('',#7990,1.);
#7990 = DIRECTION('',(0.587785252292,0.809016994375,-6.525727206302E-17)
  );
#7991 = PCURVE('',#100,#7992);
#7992 = DEFINITIONAL_REPRESENTATION('',(#7993),#7997);
#7993 = LINE('',#7994,#7995);
#7994 = CARTESIAN_POINT('',(11.93409850224,-8.993087768811));
#7995 = VECTOR('',#7996,1.);
#7996 = DIRECTION('',(-0.587785252292,-0.809016994375));
#7997 = ( GEOMETRIC_REPRESENTATION_CONTEXT(2)
PARAMETRIC_REPRESENTATION_CONTEXT() REPRESENTATION_CONTEXT('2D SPACE',''
  ) );
#7998 = PCURVE('',#7999,#8004);
#7999 = PLANE('',#8000);
#8000 = AXIS2_PLACEMENT_3D('',#8001,#8002,#8003);
#8001 = CARTESIAN_POINT('',(23.21923923358,9.204139056119,37.5));
#8002 = DIRECTION('',(0.809016994375,-0.587785252292,-8.981892944681E-17
    ));
#8003 = DIRECTION('',(-0.587785252292,-0.809016994375,6.525727206302E-17
    ));
#8004 = DEFINITIONAL_REPRESENTATION('',(#8005),#8009);
#8005 = LINE('',#8006,#8007);
#8006 = CARTESIAN_POINT('',(0.260873737851,-2.5));
#8007 = VECTOR('',#8008,1.);
#8008 = DIRECTION('',(-1.,0.));
#8009 = ( GEOMETRIC_REPRESENTATION_CONTEXT(2)
PARAMETRIC_REPRESENTATION_CONTEXT() REPRESENTATION_CONTEXT('2D SPACE',''
  ) );
#8010 = ORIENTED_EDGE('',*,*,#8011,.T.);
#8011 = EDGE_CURVE('',#7984,#8012,#8014,.T.);
#8012 = VERTEX_POINT('',#8013);
#8013 = CARTESIAN_POINT('',(23.889984859113,10.003502565065,40.));
#8014 = SURFACE_CURVE('',#8015,(#8019,#8026),.PCURVE_S1.);
#8015 = LINE('',#8016,#8017);
#8016 = CARTESIAN_POINT('',(23.72229845273,9.803661687828,40.));
#8017 = VECTOR('',#8018,1.);
#8018 = DIRECTION('',(0.642787609687,0.766044443119,-7.136376042178E-17)
  );
#8019 = PCURVE('',#100,#8020);
#8020 = DEFINITIONAL_REPRESENTATION('',(#8021),#8025);
#8021 = LINE('',#8022,#8023);
#8022 = CARTESIAN_POINT('',(11.27770154727,-9.803661687828));
#8023 = VECTOR('',#8024,1.);
#8024 = DIRECTION('',(-0.642787609687,-0.766044443119));
#8025 = ( GEOMETRIC_REPRESENTATION_CONTEXT(2)
PARAMETRIC_REPRESENTATION_CONTEXT() REPRESENTATION_CONTEXT('2D SPACE',''
  ) );
#8026 = PCURVE('',#8027,#8032);
#8027 = PLANE('',#8028);
#8028 = AXIS2_PLACEMENT_3D('',#8029,#8030,#8031);
#8029 = CARTESIAN_POINT('',(23.889984859113,10.003502565065,37.5));
#8030 = DIRECTION('',(0.766044443119,-0.642787609687,-8.504801786368E-17
    ));
#8031 = DIRECTION('',(-0.642787609687,-0.766044443119,7.136376042178E-17
    ));
#8032 = DEFINITIONAL_REPRESENTATION('',(#8033),#8037);
#8033 = LINE('',#8034,#8035);
#8034 = CARTESIAN_POINT('',(0.260873737851,-2.5));
#8035 = VECTOR('',#8036,1.);
#8036 = DIRECTION('',(-1.,0.));
#8037 = ( GEOMETRIC_REPRESENTATION_CONTEXT(2)
PARAMETRIC_REPRESENTATION_CONTEXT() REPRESENTATION_CONTEXT('2D SPACE',''
  ) );
#8038 = ORIENTED_EDGE('',*,*,#8039,.T.);
#8039 = EDGE_CURVE('',#8012,#8040,#8042,.T.);
#8040 = VERTEX_POINT('',#8041);
#8041 = CARTESIAN_POINT('',(24.614857361638,10.754130015063,40.));
#8042 = SURFACE_CURVE('',#8043,(#8047,#8054),.PCURVE_S1.);
#8043 = LINE('',#8044,#8045);
#8044 = CARTESIAN_POINT('',(24.433639236007,10.566473152563,40.));
#8045 = VECTOR('',#8046,1.);
#8046 = DIRECTION('',(0.694658370459,0.719339800339,-7.712257171322E-17)
  );
#8047 = PCURVE('',#100,#8048);
#8048 = DEFINITIONAL_REPRESENTATION('',(#8049),#8053);
#8049 = LINE('',#8050,#8051);
#8050 = CARTESIAN_POINT('',(10.566360763993,-10.56647315256));
#8051 = VECTOR('',#8052,1.);
#8052 = DIRECTION('',(-0.694658370459,-0.719339800339));
#8053 = ( GEOMETRIC_REPRESENTATION_CONTEXT(2)
PARAMETRIC_REPRESENTATION_CONTEXT() REPRESENTATION_CONTEXT('2D SPACE',''
  ) );
#8054 = PCURVE('',#8055,#8060);
#8055 = PLANE('',#8056);
#8056 = AXIS2_PLACEMENT_3D('',#8057,#8058,#8059);
#8057 = CARTESIAN_POINT('',(24.614857361638,10.754130015063,37.5));
#8058 = DIRECTION('',(0.719339800339,-0.694658370459,-7.986276088652E-17
    ));
#8059 = DIRECTION('',(-0.694658370459,-0.719339800339,7.712257171322E-17
    ));
#8060 = DEFINITIONAL_REPRESENTATION('',(#8061),#8065);
#8061 = LINE('',#8062,#8063);
#8062 = CARTESIAN_POINT('',(0.260873737851,-2.5));
#8063 = VECTOR('',#8064,1.);
#8064 = DIRECTION('',(-1.,0.));
#8065 = ( GEOMETRIC_REPRESENTATION_CONTEXT(2)
PARAMETRIC_REPRESENTATION_CONTEXT() REPRESENTATION_CONTEXT('2D SPACE',''
  ) );
#8066 = ORIENTED_EDGE('',*,*,#8067,.T.);
#8067 = EDGE_CURVE('',#8040,#8068,#8070,.T.);
#8068 = VERTEX_POINT('',#8069);
#8069 = CARTESIAN_POINT('',(25.390325235186,11.452364424629,40.));
#8070 = SURFACE_CURVE('',#8071,(#8075,#8082),.PCURVE_S1.);
#8071 = LINE('',#8072,#8073);
#8072 = CARTESIAN_POINT('',(25.196458266799,11.277805822237,40.));
#8073 = VECTOR('',#8074,1.);
#8074 = DIRECTION('',(0.743144825477,0.669130606359,-8.25056495876E-17)
  );
#8075 = PCURVE('',#100,#8076);
#8076 = DEFINITIONAL_REPRESENTATION('',(#8077),#8081);
#8077 = LINE('',#8078,#8079);
#8078 = CARTESIAN_POINT('',(9.803541733201,-11.27780582223));
#8079 = VECTOR('',#8080,1.);
#8080 = DIRECTION('',(-0.743144825477,-0.669130606359));
#8081 = ( GEOMETRIC_REPRESENTATION_CONTEXT(2)
PARAMETRIC_REPRESENTATION_CONTEXT() REPRESENTATION_CONTEXT('2D SPACE',''
  ) );
#8082 = PCURVE('',#8083,#8088);
#8083 = PLANE('',#8084);
#8084 = AXIS2_PLACEMENT_3D('',#8085,#8086,#8087);
#8085 = CARTESIAN_POINT('',(25.390325235186,11.452364424629,37.5));
#8086 = DIRECTION('',(0.669130606359,-0.743144825477,-7.42884205661E-17)
  );
#8087 = DIRECTION('',(-0.743144825477,-0.669130606359,8.25056495876E-17)
  );
#8088 = DEFINITIONAL_REPRESENTATION('',(#8089),#8093);
#8089 = LINE('',#8090,#8091);
#8090 = CARTESIAN_POINT('',(0.260873737851,-2.5));
#8091 = VECTOR('',#8092,1.);
#8092 = DIRECTION('',(-1.,0.));
#8093 = ( GEOMETRIC_REPRESENTATION_CONTEXT(2)
PARAMETRIC_REPRESENTATION_CONTEXT() REPRESENTATION_CONTEXT('2D SPACE',''
  ) );
#8094 = ORIENTED_EDGE('',*,*,#8095,.T.);
#8095 = EDGE_CURVE('',#8068,#8096,#8098,.T.);
#8096 = VERTEX_POINT('',#8097);
#8097 = CARTESIAN_POINT('',(26.212610478228,12.094804065905,40.));
#8098 = SURFACE_CURVE('',#8099,(#8103,#8110),.PCURVE_S1.);
#8099 = LINE('',#8100,#8101);
#8100 = CARTESIAN_POINT('',(26.007039167467,11.934194155586,40.));
#8101 = VECTOR('',#8102,1.);
#8102 = DIRECTION('',(0.788010753607,0.615661475326,-8.748676823064E-17)
  );
#8103 = PCURVE('',#100,#8104);
#8104 = DEFINITIONAL_REPRESENTATION('',(#8105),#8109);
#8105 = LINE('',#8106,#8107);
#8106 = CARTESIAN_POINT('',(8.992960832533,-11.93419415558));
#8107 = VECTOR('',#8108,1.);
#8108 = DIRECTION('',(-0.788010753607,-0.615661475326));
#8109 = ( GEOMETRIC_REPRESENTATION_CONTEXT(2)
PARAMETRIC_REPRESENTATION_CONTEXT() REPRESENTATION_CONTEXT('2D SPACE',''
  ) );
#8110 = PCURVE('',#8111,#8116);
#8111 = PLANE('',#8112);
#8112 = AXIS2_PLACEMENT_3D('',#8113,#8114,#8115);
#8113 = CARTESIAN_POINT('',(26.212610478228,12.094804065905,37.5));
#8114 = DIRECTION('',(0.615661475326,-0.788010753607,-6.835215452812E-17
    ));
#8115 = DIRECTION('',(-0.788010753607,-0.615661475326,8.748676823064E-17
    ));
#8116 = DEFINITIONAL_REPRESENTATION('',(#8117),#8121);
#8117 = LINE('',#8118,#8119);
#8118 = CARTESIAN_POINT('',(0.260873737851,-2.5));
#8119 = VECTOR('',#8120,1.);
#8120 = DIRECTION('',(-1.,0.));
#8121 = ( GEOMETRIC_REPRESENTATION_CONTEXT(2)
PARAMETRIC_REPRESENTATION_CONTEXT() REPRESENTATION_CONTEXT('2D SPACE',''
  ) );
#8122 = ORIENTED_EDGE('',*,*,#8123,.T.);
#8123 = EDGE_CURVE('',#8096,#8124,#8126,.T.);
#8124 = VERTEX_POINT('',#8125);
#8125 = CARTESIAN_POINT('',(27.077706999714,12.678319037539,40.));
#8126 = SURFACE_CURVE('',#8127,(#8131,#8138),.PCURVE_S1.);
#8127 = LINE('',#8128,#8129);
#8128 = CARTESIAN_POINT('',(26.861432869342,12.53244029463,40.));
#8129 = VECTOR('',#8130,1.);
#8130 = DIRECTION('',(0.829037572555,0.559192903471,-9.2041660133E-17));
#8131 = PCURVE('',#100,#8132);
#8132 = DEFINITIONAL_REPRESENTATION('',(#8133),#8137);
#8133 = LINE('',#8134,#8135);
#8134 = CARTESIAN_POINT('',(8.138567130658,-12.53244029463));
#8135 = VECTOR('',#8136,1.);
#8136 = DIRECTION('',(-0.829037572555,-0.559192903471));
#8137 = ( GEOMETRIC_REPRESENTATION_CONTEXT(2)
PARAMETRIC_REPRESENTATION_CONTEXT() REPRESENTATION_CONTEXT('2D SPACE',''
  ) );
#8138 = PCURVE('',#8139,#8144);
#8139 = PLANE('',#8140);
#8140 = AXIS2_PLACEMENT_3D('',#8141,#8142,#8143);
#8141 = CARTESIAN_POINT('',(27.077706999714,12.678319037539,37.5));
#8142 = DIRECTION('',(0.559192903471,-0.829037572555,-6.208288366402E-17
    ));
#8143 = DIRECTION('',(-0.829037572555,-0.559192903471,9.2041660133E-17)
  );
#8144 = DEFINITIONAL_REPRESENTATION('',(#8145),#8149);
#8145 = LINE('',#8146,#8147);
#8146 = CARTESIAN_POINT('',(0.260873737851,-2.5));
#8147 = VECTOR('',#8148,1.);
#8148 = DIRECTION('',(-1.,0.));
#8149 = ( GEOMETRIC_REPRESENTATION_CONTEXT(2)
PARAMETRIC_REPRESENTATION_CONTEXT() REPRESENTATION_CONTEXT('2D SPACE',''
  ) );
#8150 = ORIENTED_EDGE('',*,*,#8151,.T.);
#8151 = EDGE_CURVE('',#8124,#8152,#8154,.T.);
#8152 = VERTEX_POINT('',#8153);
#8153 = CARTESIAN_POINT('',(27.981400136351,13.200066513241,40.));
#8154 = SURFACE_CURVE('',#8155,(#8159,#8166),.PCURVE_S1.);
#8155 = LINE('',#8156,#8157);
#8156 = CARTESIAN_POINT('',(27.755476852192,13.069629644315,40.));
#8157 = VECTOR('',#8158,1.);
#8158 = DIRECTION('',(0.866025403784,0.5,-9.614813431918E-17));
#8159 = PCURVE('',#100,#8160);
#8160 = DEFINITIONAL_REPRESENTATION('',(#8161),#8165);
#8161 = LINE('',#8162,#8163);
#8162 = CARTESIAN_POINT('',(7.244523147808,-13.06962964431));
#8163 = VECTOR('',#8164,1.);
#8164 = DIRECTION('',(-0.866025403784,-0.5));
#8165 = ( GEOMETRIC_REPRESENTATION_CONTEXT(2)
PARAMETRIC_REPRESENTATION_CONTEXT() REPRESENTATION_CONTEXT('2D SPACE',''
  ) );
#8166 = PCURVE('',#8167,#8172);
#8167 = PLANE('',#8168);
#8168 = AXIS2_PLACEMENT_3D('',#8169,#8170,#8171);
#8169 = CARTESIAN_POINT('',(27.981400136351,13.200066513241,37.5));
#8170 = DIRECTION('',(0.5,-0.866025403784,-5.551115123126E-17));
#8171 = DIRECTION('',(-0.866025403784,-0.5,9.614813431918E-17));
#8172 = DEFINITIONAL_REPRESENTATION('',(#8173),#8177);
#8173 = LINE('',#8174,#8175);
#8174 = CARTESIAN_POINT('',(0.260873737851,-2.5));
#8175 = VECTOR('',#8176,1.);
#8176 = DIRECTION('',(-1.,0.));
#8177 = ( GEOMETRIC_REPRESENTATION_CONTEXT(2)
PARAMETRIC_REPRESENTATION_CONTEXT() REPRESENTATION_CONTEXT('2D SPACE',''
  ) );
#8178 = ORIENTED_EDGE('',*,*,#8179,.T.);
#8179 = EDGE_CURVE('',#8152,#8180,#8182,.T.);
#8180 = VERTEX_POINT('',#8181);
#8181 = CARTESIAN_POINT('',(28.919287186017,13.657504591757,40.));
#8182 = SURFACE_CURVE('',#8183,(#8187,#8194),.PCURVE_S1.);
#8183 = LINE('',#8184,#8185);
#8184 = CARTESIAN_POINT('',(28.6848154236,13.543145072128,40.));
#8185 = VECTOR('',#8186,1.);
#8186 = DIRECTION('',(0.898794046299,0.438371146789,-9.978618445973E-17)
  );
#8187 = PCURVE('',#100,#8188);
#8188 = DEFINITIONAL_REPRESENTATION('',(#8189),#8193);
#8189 = LINE('',#8190,#8191);
#8190 = CARTESIAN_POINT('',(6.3151845764,-13.54314507212));
#8191 = VECTOR('',#8192,1.);
#8192 = DIRECTION('',(-0.898794046299,-0.438371146789));
#8193 = ( GEOMETRIC_REPRESENTATION_CONTEXT(2)
PARAMETRIC_REPRESENTATION_CONTEXT() REPRESENTATION_CONTEXT('2D SPACE',''
  ) );
#8194 = PCURVE('',#8195,#8200);
#8195 = PLANE('',#8196);
#8196 = AXIS2_PLACEMENT_3D('',#8197,#8198,#8199);
#8197 = CARTESIAN_POINT('',(28.919287186017,13.657504591757,37.5));
#8198 = DIRECTION('',(0.438371146789,-0.898794046299,-4.866897404966E-17
    ));
#8199 = DIRECTION('',(-0.898794046299,-0.438371146789,9.978618445973E-17
    ));
#8200 = DEFINITIONAL_REPRESENTATION('',(#8201),#8205);
#8201 = LINE('',#8202,#8203);
#8202 = CARTESIAN_POINT('',(0.260873737851,-2.5));
#8203 = VECTOR('',#8204,1.);
#8204 = DIRECTION('',(-1.,0.));
#8205 = ( GEOMETRIC_REPRESENTATION_CONTEXT(2)
PARAMETRIC_REPRESENTATION_CONTEXT() REPRESENTATION_CONTEXT('2D SPACE',''
  ) );
#8206 = ORIENTED_EDGE('',*,*,#8207,.T.);
#8207 = EDGE_CURVE('',#8180,#8208,#8210,.T.);
#8208 = VERTEX_POINT('',#8209);
#8209 = CARTESIAN_POINT('',(29.886798857281,14.048404680749,40.));
#8210 = SURFACE_CURVE('',#8211,(#8215,#8222),.PCURVE_S1.);
#8211 = LINE('',#8212,#8213);
#8212 = CARTESIAN_POINT('',(29.644920939465,13.950679658501,40.));
#8213 = VECTOR('',#8214,1.);
#8214 = DIRECTION('',(0.927183854567,0.374606593416,-1.029380863401E-16)
  );
#8215 = PCURVE('',#100,#8216);
#8216 = DEFINITIONAL_REPRESENTATION('',(#8217),#8221);
#8217 = LINE('',#8218,#8219);
#8218 = CARTESIAN_POINT('',(5.355079060535,-13.9506796585));
#8219 = VECTOR('',#8220,1.);
#8220 = DIRECTION('',(-0.927183854567,-0.374606593416));
#8221 = ( GEOMETRIC_REPRESENTATION_CONTEXT(2)
PARAMETRIC_REPRESENTATION_CONTEXT() REPRESENTATION_CONTEXT('2D SPACE',''
  ) );
#8222 = PCURVE('',#8223,#8228);
#8223 = PLANE('',#8224);
#8224 = AXIS2_PLACEMENT_3D('',#8225,#8226,#8227);
#8225 = CARTESIAN_POINT('',(29.886798857281,14.048404680749,37.5));
#8226 = DIRECTION('',(0.374606593416,-0.927183854567,-4.158968651867E-17
    ));
#8227 = DIRECTION('',(-0.927183854567,-0.374606593416,1.029380863401E-16
    ));
#8228 = DEFINITIONAL_REPRESENTATION('',(#8229),#8233);
#8229 = LINE('',#8230,#8231);
#8230 = CARTESIAN_POINT('',(0.260873737851,-2.5));
#8231 = VECTOR('',#8232,1.);
#8232 = DIRECTION('',(-1.,0.));
#8233 = ( GEOMETRIC_REPRESENTATION_CONTEXT(2)
PARAMETRIC_REPRESENTATION_CONTEXT() REPRESENTATION_CONTEXT('2D SPACE',''
  ) );
#8234 = ORIENTED_EDGE('',*,*,#8235,.T.);
#8235 = EDGE_CURVE('',#8208,#8236,#8238,.T.);
#8236 = VERTEX_POINT('',#8237);
#8237 = CARTESIAN_POINT('',(30.879221530536,14.370862354278,40.));
#8238 = SURFACE_CURVE('',#8239,(#8243,#8250),.PCURVE_S1.);
#8239 = LINE('',#8240,#8241);
#8240 = CARTESIAN_POINT('',(30.631115862222,14.290247935896,40.));
#8241 = VECTOR('',#8242,1.);
#8242 = DIRECTION('',(0.951056516295,0.309016994375,-1.055884842111E-16)
  );
#8243 = PCURVE('',#100,#8244);
#8244 = DEFINITIONAL_REPRESENTATION('',(#8245),#8249);
#8245 = LINE('',#8246,#8247);
#8246 = CARTESIAN_POINT('',(4.368884137778,-14.29024793589));
#8247 = VECTOR('',#8248,1.);
#8248 = DIRECTION('',(-0.951056516295,-0.309016994375));
#8249 = ( GEOMETRIC_REPRESENTATION_CONTEXT(2)
PARAMETRIC_REPRESENTATION_CONTEXT() REPRESENTATION_CONTEXT('2D SPACE',''
  ) );
#8250 = PCURVE('',#8251,#8256);
#8251 = PLANE('',#8252);
#8252 = AXIS2_PLACEMENT_3D('',#8253,#8254,#8255);
#8253 = CARTESIAN_POINT('',(30.879221530536,14.370862354278,37.5));
#8254 = DIRECTION('',(0.309016994375,-0.951056516295,-3.430777821555E-17
    ));
#8255 = DIRECTION('',(-0.951056516295,-0.309016994375,1.055884842111E-16
    ));
#8256 = DEFINITIONAL_REPRESENTATION('',(#8257),#8261);
#8257 = LINE('',#8258,#8259);
#8258 = CARTESIAN_POINT('',(0.260873737851,-2.5));
#8259 = VECTOR('',#8260,1.);
#8260 = DIRECTION('',(-1.,0.));
#8261 = ( GEOMETRIC_REPRESENTATION_CONTEXT(2)
PARAMETRIC_REPRESENTATION_CONTEXT() REPRESENTATION_CONTEXT('2D SPACE',''
  ) );
#8262 = ORIENTED_EDGE('',*,*,#8263,.T.);
#8263 = EDGE_CURVE('',#8236,#8264,#8266,.T.);
#8264 = VERTEX_POINT('',#8265);
#8265 = CARTESIAN_POINT('',(31.891720222274,14.62330663097,40.));
#8266 = SURFACE_CURVE('',#8267,(#8271,#8278),.PCURVE_S1.);
#8267 = LINE('',#8268,#8269);
#8268 = CARTESIAN_POINT('',(31.63859554934,14.560195561797,40.));
#8269 = VECTOR('',#8270,1.);
#8270 = DIRECTION('',(0.970295726276,0.2419218956,-1.077244656007E-16));
#8271 = PCURVE('',#100,#8272);
#8272 = DEFINITIONAL_REPRESENTATION('',(#8273),#8277);
#8273 = LINE('',#8274,#8275);
#8274 = CARTESIAN_POINT('',(3.36140445066,-14.56019556179));
#8275 = VECTOR('',#8276,1.);
#8276 = DIRECTION('',(-0.970295726276,-0.2419218956));
#8277 = ( GEOMETRIC_REPRESENTATION_CONTEXT(2)
PARAMETRIC_REPRESENTATION_CONTEXT() REPRESENTATION_CONTEXT('2D SPACE',''
  ) );
#8278 = PCURVE('',#8279,#8284);
#8279 = PLANE('',#8280);
#8280 = AXIS2_PLACEMENT_3D('',#8281,#8282,#8283);
#8281 = CARTESIAN_POINT('',(31.891720222274,14.62330663097,37.5));
#8282 = DIRECTION('',(0.2419218956,-0.970295726276,-2.685872586557E-17)
  );
#8283 = DIRECTION('',(-0.970295726276,-0.2419218956,1.077244656007E-16)
  );
#8284 = DEFINITIONAL_REPRESENTATION('',(#8285),#8289);
#8285 = LINE('',#8286,#8287);
#8286 = CARTESIAN_POINT('',(0.260873737851,-2.5));
#8287 = VECTOR('',#8288,1.);
#8288 = DIRECTION('',(-1.,0.));
#8289 = ( GEOMETRIC_REPRESENTATION_CONTEXT(2)
PARAMETRIC_REPRESENTATION_CONTEXT() REPRESENTATION_CONTEXT('2D SPACE',''
  ) );
#8290 = ORIENTED_EDGE('',*,*,#8291,.T.);
#8291 = EDGE_CURVE('',#8264,#8292,#8294,.T.);
#8292 = VERTEX_POINT('',#8293);
#8293 = CARTESIAN_POINT('',(32.919362140647,14.804507627686,40.));
#8294 = SURFACE_CURVE('',#8295,(#8299,#8306),.PCURVE_S1.);
#8295 = LINE('',#8296,#8297);
#8296 = CARTESIAN_POINT('',(32.662451661054,14.759207378507,40.));
#8297 = VECTOR('',#8298,1.);
#8298 = DIRECTION('',(0.984807753012,0.173648177667,-1.093356242224E-16)
  );
#8299 = PCURVE('',#100,#8300);
#8300 = DEFINITIONAL_REPRESENTATION('',(#8301),#8305);
#8301 = LINE('',#8302,#8303);
#8302 = CARTESIAN_POINT('',(2.337548338946,-14.7592073785));
#8303 = VECTOR('',#8304,1.);
#8304 = DIRECTION('',(-0.984807753012,-0.173648177667));
#8305 = ( GEOMETRIC_REPRESENTATION_CONTEXT(2)
PARAMETRIC_REPRESENTATION_CONTEXT() REPRESENTATION_CONTEXT('2D SPACE',''
  ) );
#8306 = PCURVE('',#8307,#8312);
#8307 = PLANE('',#8308);
#8308 = AXIS2_PLACEMENT_3D('',#8309,#8310,#8311);
#8309 = CARTESIAN_POINT('',(32.919362140647,14.804507627686,37.5));
#8310 = DIRECTION('',(0.173648177667,-0.984807753012,-1.9278820503E-17)
  );
#8311 = DIRECTION('',(-0.984807753012,-0.173648177667,1.093356242224E-16
    ));
#8312 = DEFINITIONAL_REPRESENTATION('',(#8313),#8317);
#8313 = LINE('',#8314,#8315);
#8314 = CARTESIAN_POINT('',(0.260873737851,-2.5));
#8315 = VECTOR('',#8316,1.);
#8316 = DIRECTION('',(-1.,0.));
#8317 = ( GEOMETRIC_REPRESENTATION_CONTEXT(2)
PARAMETRIC_REPRESENTATION_CONTEXT() REPRESENTATION_CONTEXT('2D SPACE',''
  ) );
#8318 = ORIENTED_EDGE('',*,*,#8319,.T.);
#8319 = EDGE_CURVE('',#8292,#8320,#8322,.T.);
#8320 = VERTEX_POINT('',#8321);
#8321 = CARTESIAN_POINT('',(33.957140717525,14.913582551384,40.));
#8322 = SURFACE_CURVE('',#8323,(#8327,#8334),.PCURVE_S1.);
#8323 = LINE('',#8324,#8325);
#8324 = CARTESIAN_POINT('',(33.697696073306,14.88631382046,40.));
#8325 = VECTOR('',#8326,1.);
#8326 = DIRECTION('',(0.994521895368,0.104528463268,-1.104141106732E-16)
  );
#8327 = PCURVE('',#100,#8328);
#8328 = DEFINITIONAL_REPRESENTATION('',(#8329),#8333);
#8329 = LINE('',#8330,#8331);
#8330 = CARTESIAN_POINT('',(1.302303926694,-14.88631382046));
#8331 = VECTOR('',#8332,1.);
#8332 = DIRECTION('',(-0.994521895368,-0.104528463268));
#8333 = ( GEOMETRIC_REPRESENTATION_CONTEXT(2)
PARAMETRIC_REPRESENTATION_CONTEXT() REPRESENTATION_CONTEXT('2D SPACE',''
  ) );
#8334 = PCURVE('',#8335,#8340);
#8335 = PLANE('',#8336);
#8336 = AXIS2_PLACEMENT_3D('',#8337,#8338,#8339);
#8337 = CARTESIAN_POINT('',(33.957140717525,14.913582551384,37.5));
#8338 = DIRECTION('',(0.104528463268,-0.994521895368,-1.160499066484E-17
    ));
#8339 = DIRECTION('',(-0.994521895368,-0.104528463268,1.104141106732E-16
    ));
#8340 = DEFINITIONAL_REPRESENTATION('',(#8341),#8345);
#8341 = LINE('',#8342,#8343);
#8342 = CARTESIAN_POINT('',(0.260873737851,-2.5));
#8343 = VECTOR('',#8344,1.);
#8344 = DIRECTION('',(-1.,0.));
#8345 = ( GEOMETRIC_REPRESENTATION_CONTEXT(2)
PARAMETRIC_REPRESENTATION_CONTEXT() REPRESENTATION_CONTEXT('2D SPACE',''
  ) );
#8346 = ORIENTED_EDGE('',*,*,#8347,.T.);
#8347 = EDGE_CURVE('',#8320,#8348,#8350,.T.);
#8348 = VERTEX_POINT('',#8349);
#8349 = CARTESIAN_POINT('',(35.,14.95,40.));
#8350 = SURFACE_CURVE('',#8351,(#8355,#8362),.PCURVE_S1.);
#8351 = LINE('',#8352,#8353);
#8352 = CARTESIAN_POINT('',(34.739285179381,14.940895637846,40.));
#8353 = VECTOR('',#8354,1.);
#8354 = DIRECTION('',(0.999390827019,3.48994967025E-02,
    -1.109546706756E-16));
#8355 = PCURVE('',#100,#8356);
#8356 = DEFINITIONAL_REPRESENTATION('',(#8357),#8361);
#8357 = LINE('',#8358,#8359);
#8358 = CARTESIAN_POINT('',(0.260714820619,-14.94089563784));
#8359 = VECTOR('',#8360,1.);
#8360 = DIRECTION('',(-0.999390827019,-3.48994967025E-02));
#8361 = ( GEOMETRIC_REPRESENTATION_CONTEXT(2)
PARAMETRIC_REPRESENTATION_CONTEXT() REPRESENTATION_CONTEXT('2D SPACE',''
  ) );
#8362 = PCURVE('',#8363,#8368);
#8363 = PLANE('',#8364);
#8364 = AXIS2_PLACEMENT_3D('',#8365,#8366,#8367);
#8365 = CARTESIAN_POINT('',(35.,14.95,37.5));
#8366 = DIRECTION('',(3.48994967025E-02,-0.999390827019,
    -3.874622478695E-18));
#8367 = DIRECTION('',(-0.999390827019,-3.48994967025E-02,
    1.109546706756E-16));
#8368 = DEFINITIONAL_REPRESENTATION('',(#8369),#8373);
#8369 = LINE('',#8370,#8371);
#8370 = CARTESIAN_POINT('',(0.260873737851,-2.5));
#8371 = VECTOR('',#8372,1.);
#8372 = DIRECTION('',(-1.,0.));
#8373 = ( GEOMETRIC_REPRESENTATION_CONTEXT(2)
PARAMETRIC_REPRESENTATION_CONTEXT() REPRESENTATION_CONTEXT('2D SPACE',''
  ) );
#8374 = ORIENTED_EDGE('',*,*,#8375,.T.);
#8375 = EDGE_CURVE('',#8348,#8376,#8378,.T.);
#8376 = VERTEX_POINT('',#8377);
#8377 = CARTESIAN_POINT('',(36.042859282475,14.913582551384,40.));
#8378 = SURFACE_CURVE('',#8379,(#8383,#8390),.PCURVE_S1.);
#8379 = LINE('',#8380,#8381);
#8380 = CARTESIAN_POINT('',(35.782144461856,14.922686913538,40.));
#8381 = VECTOR('',#8382,1.);
#8382 = DIRECTION('',(0.999390827019,-3.48994967025E-02,
    -1.109546706756E-16));
#8383 = PCURVE('',#100,#8384);
#8384 = DEFINITIONAL_REPRESENTATION('',(#8385),#8389);
#8385 = LINE('',#8386,#8387);
#8386 = CARTESIAN_POINT('',(-0.782144461856,-14.92268691353));
#8387 = VECTOR('',#8388,1.);
#8388 = DIRECTION('',(-0.999390827019,3.48994967025E-02));
#8389 = ( GEOMETRIC_REPRESENTATION_CONTEXT(2)
PARAMETRIC_REPRESENTATION_CONTEXT() REPRESENTATION_CONTEXT('2D SPACE',''
  ) );
#8390 = PCURVE('',#8391,#8396);
#8391 = PLANE('',#8392);
#8392 = AXIS2_PLACEMENT_3D('',#8393,#8394,#8395);
#8393 = CARTESIAN_POINT('',(36.042859282475,14.913582551384,37.5));
#8394 = DIRECTION('',(-3.48994967025E-02,-0.999390827019,
    3.874622478695E-18));
#8395 = DIRECTION('',(-0.999390827019,3.48994967025E-02,
    1.109546706756E-16));
#8396 = DEFINITIONAL_REPRESENTATION('',(#8397),#8401);
#8397 = LINE('',#8398,#8399);
#8398 = CARTESIAN_POINT('',(0.260873737851,-2.5));
#8399 = VECTOR('',#8400,1.);
#8400 = DIRECTION('',(-1.,0.));
#8401 = ( GEOMETRIC_REPRESENTATION_CONTEXT(2)
PARAMETRIC_REPRESENTATION_CONTEXT() REPRESENTATION_CONTEXT('2D SPACE',''
  ) );
#8402 = ORIENTED_EDGE('',*,*,#8403,.T.);
#8403 = EDGE_CURVE('',#8376,#8404,#8406,.T.);
#8404 = VERTEX_POINT('',#8405);
#8405 = CARTESIAN_POINT('',(37.080637859353,14.804507627686,40.));
#8406 = SURFACE_CURVE('',#8407,(#8411,#8418),.PCURVE_S1.);
#8407 = LINE('',#8408,#8409);
#8408 = CARTESIAN_POINT('',(36.821193215133,14.831776358611,40.));
#8409 = VECTOR('',#8410,1.);
#8410 = DIRECTION('',(0.994521895368,-0.104528463268,-1.104141106732E-16
    ));
#8411 = PCURVE('',#100,#8412);
#8412 = DEFINITIONAL_REPRESENTATION('',(#8413),#8417);
#8413 = LINE('',#8414,#8415);
#8414 = CARTESIAN_POINT('',(-1.821193215133,-14.83177635861));
#8415 = VECTOR('',#8416,1.);
#8416 = DIRECTION('',(-0.994521895368,0.104528463268));
#8417 = ( GEOMETRIC_REPRESENTATION_CONTEXT(2)
PARAMETRIC_REPRESENTATION_CONTEXT() REPRESENTATION_CONTEXT('2D SPACE',''
  ) );
#8418 = PCURVE('',#8419,#8424);
#8419 = PLANE('',#8420);
#8420 = AXIS2_PLACEMENT_3D('',#8421,#8422,#8423);
#8421 = CARTESIAN_POINT('',(37.080637859353,14.804507627686,37.5));
#8422 = DIRECTION('',(-0.104528463268,-0.994521895368,1.160499066484E-17
    ));
#8423 = DIRECTION('',(-0.994521895368,0.104528463268,1.104141106732E-16)
  );
#8424 = DEFINITIONAL_REPRESENTATION('',(#8425),#8429);
#8425 = LINE('',#8426,#8427);
#8426 = CARTESIAN_POINT('',(0.260873737851,-2.5));
#8427 = VECTOR('',#8428,1.);
#8428 = DIRECTION('',(-1.,0.));
#8429 = ( GEOMETRIC_REPRESENTATION_CONTEXT(2)
PARAMETRIC_REPRESENTATION_CONTEXT() REPRESENTATION_CONTEXT('2D SPACE',''
  ) );
#8430 = ORIENTED_EDGE('',*,*,#8431,.T.);
#8431 = EDGE_CURVE('',#8404,#8432,#8434,.T.);
#8432 = VERTEX_POINT('',#8433);
#8433 = CARTESIAN_POINT('',(38.108279777725,14.62330663097,40.));
#8434 = SURFACE_CURVE('',#8435,(#8439,#8446),.PCURVE_S1.);
#8435 = LINE('',#8436,#8437);
#8436 = CARTESIAN_POINT('',(37.851369298132,14.668606880149,40.));
#8437 = VECTOR('',#8438,1.);
#8438 = DIRECTION('',(0.984807753012,-0.173648177667,-1.093356242224E-16
    ));
#8439 = PCURVE('',#100,#8440);
#8440 = DEFINITIONAL_REPRESENTATION('',(#8441),#8445);
#8441 = LINE('',#8442,#8443);
#8442 = CARTESIAN_POINT('',(-2.851369298132,-14.66860688014));
#8443 = VECTOR('',#8444,1.);
#8444 = DIRECTION('',(-0.984807753012,0.173648177667));
#8445 = ( GEOMETRIC_REPRESENTATION_CONTEXT(2)
PARAMETRIC_REPRESENTATION_CONTEXT() REPRESENTATION_CONTEXT('2D SPACE',''
  ) );
#8446 = PCURVE('',#8447,#8452);
#8447 = PLANE('',#8448);
#8448 = AXIS2_PLACEMENT_3D('',#8449,#8450,#8451);
#8449 = CARTESIAN_POINT('',(38.108279777725,14.62330663097,37.5));
#8450 = DIRECTION('',(-0.173648177667,-0.984807753012,1.9278820503E-17)
  );
#8451 = DIRECTION('',(-0.984807753012,0.173648177667,1.093356242224E-16)
  );
#8452 = DEFINITIONAL_REPRESENTATION('',(#8453),#8457);
#8453 = LINE('',#8454,#8455);
#8454 = CARTESIAN_POINT('',(0.260873737851,-2.5));
#8455 = VECTOR('',#8456,1.);
#8456 = DIRECTION('',(-1.,0.));
#8457 = ( GEOMETRIC_REPRESENTATION_CONTEXT(2)
PARAMETRIC_REPRESENTATION_CONTEXT() REPRESENTATION_CONTEXT('2D SPACE',''
  ) );
#8458 = ORIENTED_EDGE('',*,*,#8459,.T.);
#8459 = EDGE_CURVE('',#8432,#8460,#8462,.T.);
#8460 = VERTEX_POINT('',#8461);
#8461 = CARTESIAN_POINT('',(39.120778469464,14.370862354278,40.));
#8462 = SURFACE_CURVE('',#8463,(#8467,#8474),.PCURVE_S1.);
#8463 = LINE('',#8464,#8465);
#8464 = CARTESIAN_POINT('',(38.867653796529,14.433973423451,40.));
#8465 = VECTOR('',#8466,1.);
#8466 = DIRECTION('',(0.970295726276,-0.2419218956,-1.077244656007E-16)
  );
#8467 = PCURVE('',#100,#8468);
#8468 = DEFINITIONAL_REPRESENTATION('',(#8469),#8473);
#8469 = LINE('',#8470,#8471);
#8470 = CARTESIAN_POINT('',(-3.867653796529,-14.43397342345));
#8471 = VECTOR('',#8472,1.);
#8472 = DIRECTION('',(-0.970295726276,0.2419218956));
#8473 = ( GEOMETRIC_REPRESENTATION_CONTEXT(2)
PARAMETRIC_REPRESENTATION_CONTEXT() REPRESENTATION_CONTEXT('2D SPACE',''
  ) );
#8474 = PCURVE('',#8475,#8480);
#8475 = PLANE('',#8476);
#8476 = AXIS2_PLACEMENT_3D('',#8477,#8478,#8479);
#8477 = CARTESIAN_POINT('',(39.120778469464,14.370862354278,37.5));
#8478 = DIRECTION('',(-0.2419218956,-0.970295726276,2.685872586557E-17)
  );
#8479 = DIRECTION('',(-0.970295726276,0.2419218956,1.077244656007E-16));
#8480 = DEFINITIONAL_REPRESENTATION('',(#8481),#8485);
#8481 = LINE('',#8482,#8483);
#8482 = CARTESIAN_POINT('',(0.260873737851,-2.5));
#8483 = VECTOR('',#8484,1.);
#8484 = DIRECTION('',(-1.,0.));
#8485 = ( GEOMETRIC_REPRESENTATION_CONTEXT(2)
PARAMETRIC_REPRESENTATION_CONTEXT() REPRESENTATION_CONTEXT('2D SPACE',''
  ) );
#8486 = ORIENTED_EDGE('',*,*,#8487,.T.);
#8487 = EDGE_CURVE('',#8460,#8488,#8490,.T.);
#8488 = VERTEX_POINT('',#8489);
#8489 = CARTESIAN_POINT('',(40.113201142719,14.048404680749,40.));
#8490 = SURFACE_CURVE('',#8491,(#8495,#8502),.PCURVE_S1.);
#8491 = LINE('',#8492,#8493);
#8492 = CARTESIAN_POINT('',(39.865095474405,14.129019099131,40.));
#8493 = VECTOR('',#8494,1.);
#8494 = DIRECTION('',(0.951056516295,-0.309016994375,-1.055884842111E-16
    ));
#8495 = PCURVE('',#100,#8496);
#8496 = DEFINITIONAL_REPRESENTATION('',(#8497),#8501);
#8497 = LINE('',#8498,#8499);
#8498 = CARTESIAN_POINT('',(-4.865095474405,-14.12901909913));
#8499 = VECTOR('',#8500,1.);
#8500 = DIRECTION('',(-0.951056516295,0.309016994375));
#8501 = ( GEOMETRIC_REPRESENTATION_CONTEXT(2)
PARAMETRIC_REPRESENTATION_CONTEXT() REPRESENTATION_CONTEXT('2D SPACE',''
  ) );
#8502 = PCURVE('',#8503,#8508);
#8503 = PLANE('',#8504);
#8504 = AXIS2_PLACEMENT_3D('',#8505,#8506,#8507);
#8505 = CARTESIAN_POINT('',(40.113201142719,14.048404680749,37.5));
#8506 = DIRECTION('',(-0.309016994375,-0.951056516295,3.430777821555E-17
    ));
#8507 = DIRECTION('',(-0.951056516295,0.309016994375,1.055884842111E-16)
  );
#8508 = DEFINITIONAL_REPRESENTATION('',(#8509),#8513);
#8509 = LINE('',#8510,#8511);
#8510 = CARTESIAN_POINT('',(0.260873737851,-2.5));
#8511 = VECTOR('',#8512,1.);
#8512 = DIRECTION('',(-1.,0.));
#8513 = ( GEOMETRIC_REPRESENTATION_CONTEXT(2)
PARAMETRIC_REPRESENTATION_CONTEXT() REPRESENTATION_CONTEXT('2D SPACE',''
  ) );
#8514 = ORIENTED_EDGE('',*,*,#8515,.T.);
#8515 = EDGE_CURVE('',#8488,#8516,#8518,.T.);
#8516 = VERTEX_POINT('',#8517);
#8517 = CARTESIAN_POINT('',(41.080712813983,13.657504591757,40.));
#8518 = SURFACE_CURVE('',#8519,(#8523,#8530),.PCURVE_S1.);
#8519 = LINE('',#8520,#8521);
#8520 = CARTESIAN_POINT('',(40.838834896167,13.755229614005,40.));
#8521 = VECTOR('',#8522,1.);
#8522 = DIRECTION('',(0.927183854567,-0.374606593416,-1.029380863401E-16
    ));
#8523 = PCURVE('',#100,#8524);
#8524 = DEFINITIONAL_REPRESENTATION('',(#8525),#8529);
#8525 = LINE('',#8526,#8527);
#8526 = CARTESIAN_POINT('',(-5.838834896167,-13.755229614));
#8527 = VECTOR('',#8528,1.);
#8528 = DIRECTION('',(-0.927183854567,0.374606593416));
#8529 = ( GEOMETRIC_REPRESENTATION_CONTEXT(2)
PARAMETRIC_REPRESENTATION_CONTEXT() REPRESENTATION_CONTEXT('2D SPACE',''
  ) );
#8530 = PCURVE('',#8531,#8536);
#8531 = PLANE('',#8532);
#8532 = AXIS2_PLACEMENT_3D('',#8533,#8534,#8535);
#8533 = CARTESIAN_POINT('',(41.080712813983,13.657504591757,37.5));
#8534 = DIRECTION('',(-0.374606593416,-0.927183854567,4.158968651867E-17
    ));
#8535 = DIRECTION('',(-0.927183854567,0.374606593416,1.029380863401E-16)
  );
#8536 = DEFINITIONAL_REPRESENTATION('',(#8537),#8541);
#8537 = LINE('',#8538,#8539);
#8538 = CARTESIAN_POINT('',(0.260873737851,-2.5));
#8539 = VECTOR('',#8540,1.);
#8540 = DIRECTION('',(-1.,0.));
#8541 = ( GEOMETRIC_REPRESENTATION_CONTEXT(2)
PARAMETRIC_REPRESENTATION_CONTEXT() REPRESENTATION_CONTEXT('2D SPACE',''
  ) );
#8542 = ORIENTED_EDGE('',*,*,#8543,.T.);
#8543 = EDGE_CURVE('',#8516,#8544,#8546,.T.);
#8544 = VERTEX_POINT('',#8545);
#8545 = CARTESIAN_POINT('',(42.018599863649,13.200066513241,40.));
#8546 = SURFACE_CURVE('',#8547,(#8551,#8558),.PCURVE_S1.);
#8547 = LINE('',#8548,#8549);
#8548 = CARTESIAN_POINT('',(41.784128101233,13.31442603287,40.));
#8549 = VECTOR('',#8550,1.);
#8550 = DIRECTION('',(0.898794046299,-0.438371146789,-9.978618445973E-17
    ));
#8551 = PCURVE('',#100,#8552);
#8552 = DEFINITIONAL_REPRESENTATION('',(#8553),#8557);
#8553 = LINE('',#8554,#8555);
#8554 = CARTESIAN_POINT('',(-6.784128101233,-13.31442603287));
#8555 = VECTOR('',#8556,1.);
#8556 = DIRECTION('',(-0.898794046299,0.438371146789));
#8557 = ( GEOMETRIC_REPRESENTATION_CONTEXT(2)
PARAMETRIC_REPRESENTATION_CONTEXT() REPRESENTATION_CONTEXT('2D SPACE',''
  ) );
#8558 = PCURVE('',#8559,#8564);
#8559 = PLANE('',#8560);
#8560 = AXIS2_PLACEMENT_3D('',#8561,#8562,#8563);
#8561 = CARTESIAN_POINT('',(42.018599863649,13.200066513241,37.5));
#8562 = DIRECTION('',(-0.438371146789,-0.898794046299,4.866897404966E-17
    ));
#8563 = DIRECTION('',(-0.898794046299,0.438371146789,9.978618445973E-17)
  );
#8564 = DEFINITIONAL_REPRESENTATION('',(#8565),#8569);
#8565 = LINE('',#8566,#8567);
#8566 = CARTESIAN_POINT('',(0.260873737851,-2.5));
#8567 = VECTOR('',#8568,1.);
#8568 = DIRECTION('',(-1.,0.));
#8569 = ( GEOMETRIC_REPRESENTATION_CONTEXT(2)
PARAMETRIC_REPRESENTATION_CONTEXT() REPRESENTATION_CONTEXT('2D SPACE',''
  ) );
#8570 = ORIENTED_EDGE('',*,*,#8571,.T.);
#8571 = EDGE_CURVE('',#8544,#8572,#8574,.T.);
#8572 = VERTEX_POINT('',#8573);
#8573 = CARTESIAN_POINT('',(42.922293000286,12.678319037539,40.));
#8574 = SURFACE_CURVE('',#8575,(#8579,#8586),.PCURVE_S1.);
#8575 = LINE('',#8576,#8577);
#8576 = CARTESIAN_POINT('',(42.696369716127,12.808755906464,40.));
#8577 = VECTOR('',#8578,1.);
#8578 = DIRECTION('',(0.866025403784,-0.5,-9.614813431918E-17));
#8579 = PCURVE('',#100,#8580);
#8580 = DEFINITIONAL_REPRESENTATION('',(#8581),#8585);
#8581 = LINE('',#8582,#8583);
#8582 = CARTESIAN_POINT('',(-7.696369716127,-12.80875590646));
#8583 = VECTOR('',#8584,1.);
#8584 = DIRECTION('',(-0.866025403784,0.5));
#8585 = ( GEOMETRIC_REPRESENTATION_CONTEXT(2)
PARAMETRIC_REPRESENTATION_CONTEXT() REPRESENTATION_CONTEXT('2D SPACE',''
  ) );
#8586 = PCURVE('',#8587,#8592);
#8587 = PLANE('',#8588);
#8588 = AXIS2_PLACEMENT_3D('',#8589,#8590,#8591);
#8589 = CARTESIAN_POINT('',(42.922293000286,12.678319037539,37.5));
#8590 = DIRECTION('',(-0.5,-0.866025403784,5.551115123126E-17));
#8591 = DIRECTION('',(-0.866025403784,0.5,9.614813431918E-17));
#8592 = DEFINITIONAL_REPRESENTATION('',(#8593),#8597);
#8593 = LINE('',#8594,#8595);
#8594 = CARTESIAN_POINT('',(0.260873737851,-2.5));
#8595 = VECTOR('',#8596,1.);
#8596 = DIRECTION('',(-1.,0.));
#8597 = ( GEOMETRIC_REPRESENTATION_CONTEXT(2)
PARAMETRIC_REPRESENTATION_CONTEXT() REPRESENTATION_CONTEXT('2D SPACE',''
  ) );
#8598 = ORIENTED_EDGE('',*,*,#8599,.T.);
#8599 = EDGE_CURVE('',#8572,#8600,#8602,.T.);
#8600 = VERTEX_POINT('',#8601);
#8601 = CARTESIAN_POINT('',(43.787389521772,12.094804065905,40.));
#8602 = SURFACE_CURVE('',#8603,(#8607,#8614),.PCURVE_S1.);
#8603 = LINE('',#8604,#8605);
#8604 = CARTESIAN_POINT('',(43.571115391401,12.240682808814,40.));
#8605 = VECTOR('',#8606,1.);
#8606 = DIRECTION('',(0.829037572555,-0.559192903471,-9.2041660133E-17)
  );
#8607 = PCURVE('',#100,#8608);
#8608 = DEFINITIONAL_REPRESENTATION('',(#8609),#8613);
#8609 = LINE('',#8610,#8611);
#8610 = CARTESIAN_POINT('',(-8.571115391401,-12.24068280881));
#8611 = VECTOR('',#8612,1.);
#8612 = DIRECTION('',(-0.829037572555,0.559192903471));
#8613 = ( GEOMETRIC_REPRESENTATION_CONTEXT(2)
PARAMETRIC_REPRESENTATION_CONTEXT() REPRESENTATION_CONTEXT('2D SPACE',''
  ) );
#8614 = PCURVE('',#8615,#8620);
#8615 = PLANE('',#8616);
#8616 = AXIS2_PLACEMENT_3D('',#8617,#8618,#8619);
#8617 = CARTESIAN_POINT('',(43.787389521772,12.094804065905,37.5));
#8618 = DIRECTION('',(-0.559192903471,-0.829037572555,6.208288366402E-17
    ));
#8619 = DIRECTION('',(-0.829037572555,0.559192903471,9.2041660133E-17));
#8620 = DEFINITIONAL_REPRESENTATION('',(#8621),#8625);
#8621 = LINE('',#8622,#8623);
#8622 = CARTESIAN_POINT('',(0.260873737851,-2.5));
#8623 = VECTOR('',#8624,1.);
#8624 = DIRECTION('',(-1.,0.));
#8625 = ( GEOMETRIC_REPRESENTATION_CONTEXT(2)
PARAMETRIC_REPRESENTATION_CONTEXT() REPRESENTATION_CONTEXT('2D SPACE',''
  ) );
#8626 = ORIENTED_EDGE('',*,*,#8627,.T.);
#8627 = EDGE_CURVE('',#8600,#8628,#8630,.T.);
#8628 = VERTEX_POINT('',#8629);
#8629 = CARTESIAN_POINT('',(44.609674764814,11.452364424629,40.));
#8630 = SURFACE_CURVE('',#8631,(#8635,#8642),.PCURVE_S1.);
#8631 = LINE('',#8632,#8633);
#8632 = CARTESIAN_POINT('',(44.404103454053,11.612974334948,40.));
#8633 = VECTOR('',#8634,1.);
#8634 = DIRECTION('',(0.788010753607,-0.615661475326,-8.748676823064E-17
    ));
#8635 = PCURVE('',#100,#8636);
#8636 = DEFINITIONAL_REPRESENTATION('',(#8637),#8641);
#8637 = LINE('',#8638,#8639);
#8638 = CARTESIAN_POINT('',(-9.404103454053,-11.61297433494));
#8639 = VECTOR('',#8640,1.);
#8640 = DIRECTION('',(-0.788010753607,0.615661475326));
#8641 = ( GEOMETRIC_REPRESENTATION_CONTEXT(2)
PARAMETRIC_REPRESENTATION_CONTEXT() REPRESENTATION_CONTEXT('2D SPACE',''
  ) );
#8642 = PCURVE('',#8643,#8648);
#8643 = PLANE('',#8644);
#8644 = AXIS2_PLACEMENT_3D('',#8645,#8646,#8647);
#8645 = CARTESIAN_POINT('',(44.609674764814,11.452364424629,37.5));
#8646 = DIRECTION('',(-0.615661475326,-0.788010753607,6.835215452812E-17
    ));
#8647 = DIRECTION('',(-0.788010753607,0.615661475326,8.748676823064E-17)
  );
#8648 = DEFINITIONAL_REPRESENTATION('',(#8649),#8653);
#8649 = LINE('',#8650,#8651);
#8650 = CARTESIAN_POINT('',(0.260873737851,-2.5));
#8651 = VECTOR('',#8652,1.);
#8652 = DIRECTION('',(-1.,0.));
#8653 = ( GEOMETRIC_REPRESENTATION_CONTEXT(2)
PARAMETRIC_REPRESENTATION_CONTEXT() REPRESENTATION_CONTEXT('2D SPACE',''
  ) );
#8654 = ORIENTED_EDGE('',*,*,#8655,.T.);
#8655 = EDGE_CURVE('',#8628,#8656,#8658,.T.);
#8656 = VERTEX_POINT('',#8657);
#8657 = CARTESIAN_POINT('',(45.385142638362,10.754130015063,40.));
#8658 = SURFACE_CURVE('',#8659,(#8663,#8670),.PCURVE_S1.);
#8659 = LINE('',#8660,#8661);
#8660 = CARTESIAN_POINT('',(45.191275669975,10.928688617454,40.));
#8661 = VECTOR('',#8662,1.);
#8662 = DIRECTION('',(0.743144825477,-0.669130606359,-8.25056495876E-17)
  );
#8663 = PCURVE('',#100,#8664);
#8664 = DEFINITIONAL_REPRESENTATION('',(#8665),#8669);
#8665 = LINE('',#8666,#8667);
#8666 = CARTESIAN_POINT('',(-10.19127566997,-10.92868861745));
#8667 = VECTOR('',#8668,1.);
#8668 = DIRECTION('',(-0.743144825477,0.669130606359));
#8669 = ( GEOMETRIC_REPRESENTATION_CONTEXT(2)
PARAMETRIC_REPRESENTATION_CONTEXT() REPRESENTATION_CONTEXT('2D SPACE',''
  ) );
#8670 = PCURVE('',#8671,#8676);
#8671 = PLANE('',#8672);
#8672 = AXIS2_PLACEMENT_3D('',#8673,#8674,#8675);
#8673 = CARTESIAN_POINT('',(45.385142638362,10.754130015063,37.5));
#8674 = DIRECTION('',(-0.669130606359,-0.743144825477,7.42884205661E-17)
  );
#8675 = DIRECTION('',(-0.743144825477,0.669130606359,8.25056495876E-17)
  );
#8676 = DEFINITIONAL_REPRESENTATION('',(#8677),#8681);
#8677 = LINE('',#8678,#8679);
#8678 = CARTESIAN_POINT('',(0.260873737851,-2.5));
#8679 = VECTOR('',#8680,1.);
#8680 = DIRECTION('',(-1.,0.));
#8681 = ( GEOMETRIC_REPRESENTATION_CONTEXT(2)
PARAMETRIC_REPRESENTATION_CONTEXT() REPRESENTATION_CONTEXT('2D SPACE',''
  ) );
#8682 = ORIENTED_EDGE('',*,*,#8683,.T.);
#8683 = EDGE_CURVE('',#8656,#8684,#8686,.T.);
#8684 = VERTEX_POINT('',#8685);
#8685 = CARTESIAN_POINT('',(46.110015140887,10.003502565065,40.));
#8686 = SURFACE_CURVE('',#8687,(#8691,#8698),.PCURVE_S1.);
#8687 = LINE('',#8688,#8689);
#8688 = CARTESIAN_POINT('',(45.928797015256,10.191159427564,40.));
#8689 = VECTOR('',#8690,1.);
#8690 = DIRECTION('',(0.694658370459,-0.719339800339,-7.712257171322E-17
    ));
#8691 = PCURVE('',#100,#8692);
#8692 = DEFINITIONAL_REPRESENTATION('',(#8693),#8697);
#8693 = LINE('',#8694,#8695);
#8694 = CARTESIAN_POINT('',(-10.92879701525,-10.19115942756));
#8695 = VECTOR('',#8696,1.);
#8696 = DIRECTION('',(-0.694658370459,0.719339800339));
#8697 = ( GEOMETRIC_REPRESENTATION_CONTEXT(2)
PARAMETRIC_REPRESENTATION_CONTEXT() REPRESENTATION_CONTEXT('2D SPACE',''
  ) );
#8698 = PCURVE('',#8699,#8704);
#8699 = PLANE('',#8700);
#8700 = AXIS2_PLACEMENT_3D('',#8701,#8702,#8703);
#8701 = CARTESIAN_POINT('',(46.110015140887,10.003502565065,37.5));
#8702 = DIRECTION('',(-0.719339800339,-0.694658370459,7.986276088652E-17
    ));
#8703 = DIRECTION('',(-0.694658370459,0.719339800339,7.712257171322E-17)
  );
#8704 = DEFINITIONAL_REPRESENTATION('',(#8705),#8709);
#8705 = LINE('',#8706,#8707);
#8706 = CARTESIAN_POINT('',(0.260873737851,-2.5));
#8707 = VECTOR('',#8708,1.);
#8708 = DIRECTION('',(-1.,0.));
#8709 = ( GEOMETRIC_REPRESENTATION_CONTEXT(2)
PARAMETRIC_REPRESENTATION_CONTEXT() REPRESENTATION_CONTEXT('2D SPACE',''
  ) );
#8710 = ORIENTED_EDGE('',*,*,#8711,.T.);
#8711 = EDGE_CURVE('',#8684,#8712,#8714,.T.);
#8712 = VERTEX_POINT('',#8713);
#8713 = CARTESIAN_POINT('',(46.78076076642,9.204139056119,40.));
#8714 = SURFACE_CURVE('',#8715,(#8719,#8726),.PCURVE_S1.);
#8715 = LINE('',#8716,#8717);
#8716 = CARTESIAN_POINT('',(46.613074360037,9.403979933355,40.));
#8717 = VECTOR('',#8718,1.);
#8718 = DIRECTION('',(0.642787609687,-0.766044443119,-7.136376042178E-17
    ));
#8719 = PCURVE('',#100,#8720);
#8720 = DEFINITIONAL_REPRESENTATION('',(#8721),#8725);
#8721 = LINE('',#8722,#8723);
#8722 = CARTESIAN_POINT('',(-11.61307436003,-9.403979933355));
#8723 = VECTOR('',#8724,1.);
#8724 = DIRECTION('',(-0.642787609687,0.766044443119));
#8725 = ( GEOMETRIC_REPRESENTATION_CONTEXT(2)
PARAMETRIC_REPRESENTATION_CONTEXT() REPRESENTATION_CONTEXT('2D SPACE',''
  ) );
#8726 = PCURVE('',#8727,#8732);
#8727 = PLANE('',#8728);
#8728 = AXIS2_PLACEMENT_3D('',#8729,#8730,#8731);
#8729 = CARTESIAN_POINT('',(46.78076076642,9.204139056119,37.5));
#8730 = DIRECTION('',(-0.766044443119,-0.642787609687,8.504801786368E-17
    ));
#8731 = DIRECTION('',(-0.642787609687,0.766044443119,7.136376042178E-17)
  );
#8732 = DEFINITIONAL_REPRESENTATION('',(#8733),#8737);
#8733 = LINE('',#8734,#8735);
#8734 = CARTESIAN_POINT('',(0.260873737851,-2.5));
#8735 = VECTOR('',#8736,1.);
#8736 = DIRECTION('',(-1.,0.));
#8737 = ( GEOMETRIC_REPRESENTATION_CONTEXT(2)
PARAMETRIC_REPRESENTATION_CONTEXT() REPRESENTATION_CONTEXT('2D SPACE',''
  ) );
#8738 = ORIENTED_EDGE('',*,*,#8739,.T.);
#8739 = EDGE_CURVE('',#8712,#8740,#8742,.T.);
#8740 = VERTEX_POINT('',#8741);
#8741 = CARTESIAN_POINT('',(47.394111709698,8.359933906888,40.));
#8742 = SURFACE_CURVE('',#8743,(#8747,#8754),.PCURVE_S1.);
#8743 = LINE('',#8744,#8745);
#8744 = CARTESIAN_POINT('',(47.240773973879,8.570985194195,40.));
#8745 = VECTOR('',#8746,1.);
#8746 = DIRECTION('',(0.587785252292,-0.809016994375,-6.525727206302E-17
    ));
#8747 = PCURVE('',#100,#8748);
#8748 = DEFINITIONAL_REPRESENTATION('',(#8749),#8753);
#8749 = LINE('',#8750,#8751);
#8750 = CARTESIAN_POINT('',(-12.24077397387,-8.570985194195));
#8751 = VECTOR('',#8752,1.);
#8752 = DIRECTION('',(-0.587785252292,0.809016994375));
#8753 = ( GEOMETRIC_REPRESENTATION_CONTEXT(2)
PARAMETRIC_REPRESENTATION_CONTEXT() REPRESENTATION_CONTEXT('2D SPACE',''
  ) );
#8754 = PCURVE('',#8755,#8760);
#8755 = PLANE('',#8756);
#8756 = AXIS2_PLACEMENT_3D('',#8757,#8758,#8759);
#8757 = CARTESIAN_POINT('',(47.394111709698,8.359933906888,37.5));
#8758 = DIRECTION('',(-0.809016994375,-0.587785252292,8.981892944681E-17
    ));
#8759 = DIRECTION('',(-0.587785252292,0.809016994375,6.525727206302E-17)
  );
#8760 = DEFINITIONAL_REPRESENTATION('',(#8761),#8765);
#8761 = LINE('',#8762,#8763);
#8762 = CARTESIAN_POINT('',(0.260873737851,-2.5));
#8763 = VECTOR('',#8764,1.);
#8764 = DIRECTION('',(-1.,0.));
#8765 = ( GEOMETRIC_REPRESENTATION_CONTEXT(2)
PARAMETRIC_REPRESENTATION_CONTEXT() REPRESENTATION_CONTEXT('2D SPACE',''
  ) );
#8766 = ORIENTED_EDGE('',*,*,#8767,.T.);
#8767 = EDGE_CURVE('',#8740,#4650,#8768,.T.);
#8768 = SURFACE_CURVE('',#8769,(#8773,#8780),.PCURVE_S1.);
#8769 = LINE('',#8770,#8771);
#8770 = CARTESIAN_POINT('',(47.808837767357,7.696233476722,40.));
#8771 = VECTOR('',#8772,1.);
#8772 = DIRECTION('',(0.529919264233,-0.848048096156,-5.883285683441E-17
    ));
#8773 = PCURVE('',#100,#8774);
#8774 = DEFINITIONAL_REPRESENTATION('',(#8775),#8779);
#8775 = LINE('',#8776,#8777);
#8776 = CARTESIAN_POINT('',(-12.80883776735,-7.696233476722));
#8777 = VECTOR('',#8778,1.);
#8778 = DIRECTION('',(-0.529919264233,0.848048096156));
#8779 = ( GEOMETRIC_REPRESENTATION_CONTEXT(2)
PARAMETRIC_REPRESENTATION_CONTEXT() REPRESENTATION_CONTEXT('2D SPACE',''
  ) );
#8780 = PCURVE('',#8781,#8786);
#8781 = PLANE('',#8782);
#8782 = AXIS2_PLACEMENT_3D('',#8783,#8784,#8785);
#8783 = CARTESIAN_POINT('',(47.947079786577,7.475,37.5));
#8784 = DIRECTION('',(-0.848048096156,-0.529919264233,9.415225223424E-17
    ));
#8785 = DIRECTION('',(-0.529919264233,0.848048096156,5.883285683441E-17)
  );
#8786 = DEFINITIONAL_REPRESENTATION('',(#8787),#8791);
#8787 = LINE('',#8788,#8789);
#8788 = CARTESIAN_POINT('',(0.260873737851,-2.5));
#8789 = VECTOR('',#8790,1.);
#8790 = DIRECTION('',(-1.,0.));
#8791 = ( GEOMETRIC_REPRESENTATION_CONTEXT(2)
PARAMETRIC_REPRESENTATION_CONTEXT() REPRESENTATION_CONTEXT('2D SPACE',''
  ) );
#8792 = FACE_BOUND('',#8793,.T.);
#8793 = EDGE_LOOP('',(#8794));
#8794 = ORIENTED_EDGE('',*,*,#8795,.T.);
#8795 = EDGE_CURVE('',#8796,#8796,#8798,.T.);
#8796 = VERTEX_POINT('',#8797);
#8797 = CARTESIAN_POINT('',(35.,4.9,40.));
#8798 = SURFACE_CURVE('',#8799,(#8804,#8815),.PCURVE_S1.);
#8799 = CIRCLE('',#8800,4.9);
#8800 = AXIS2_PLACEMENT_3D('',#8801,#8802,#8803);
#8801 = CARTESIAN_POINT('',(35.,-9.474363779292E-17,40.));
#8802 = DIRECTION('',(0.,0.,-1.));
#8803 = DIRECTION('',(0.,1.,0.));
#8804 = PCURVE('',#100,#8805);
#8805 = DEFINITIONAL_REPRESENTATION('',(#8806),#8814);
#8806 = ( BOUNDED_CURVE() B_SPLINE_CURVE(2,(#8807,#8808,#8809,#8810,
#8811,#8812,#8813),.UNSPECIFIED.,.T.,.F.) B_SPLINE_CURVE_WITH_KNOTS((1,2
    ,2,2,2,1),(-2.094395102393,0.,2.094395102393,4.188790204786,
6.28318530718,8.377580409573),.UNSPECIFIED.) CURVE()
GEOMETRIC_REPRESENTATION_ITEM() RATIONAL_B_SPLINE_CURVE((1.,0.5,1.,0.5,
1.,0.5,1.)) REPRESENTATION_ITEM('') );
#8807 = CARTESIAN_POINT('',(0.,-4.9));
#8808 = CARTESIAN_POINT('',(-8.487048957087,-4.9));
#8809 = CARTESIAN_POINT('',(-4.243524478544,2.45));
#8810 = CARTESIAN_POINT('',(-1.200153863164E-15,9.8));
#8811 = CARTESIAN_POINT('',(4.243524478544,2.45));
#8812 = CARTESIAN_POINT('',(8.487048957087,-4.9));
#8813 = CARTESIAN_POINT('',(0.,-4.9));
#8814 = ( GEOMETRIC_REPRESENTATION_CONTEXT(2)
PARAMETRIC_REPRESENTATION_CONTEXT() REPRESENTATION_CONTEXT('2D SPACE',''
  ) );
#8815 = PCURVE('',#8816,#8821);
#8816 = CYLINDRICAL_SURFACE('',#8817,4.9);
#8817 = AXIS2_PLACEMENT_3D('',#8818,#8819,#8820);
#8818 = CARTESIAN_POINT('',(35.,0.,40.));
#8819 = DIRECTION('',(-1.110223024625E-16,-0.,-1.));
#8820 = DIRECTION('',(0.,1.,0.));
#8821 = DEFINITIONAL_REPRESENTATION('',(#8822),#8826);
#8822 = LINE('',#8823,#8824);
#8823 = CARTESIAN_POINT('',(-6.28318530718,0.));
#8824 = VECTOR('',#8825,1.);
#8825 = DIRECTION('',(1.,-0.));
#8826 = ( GEOMETRIC_REPRESENTATION_CONTEXT(2)
PARAMETRIC_REPRESENTATION_CONTEXT() REPRESENTATION_CONTEXT('2D SPACE',''
  ) );
#8827 = ADVANCED_FACE('',(#8828,#9102,#9350),#8816,.T.);
#8828 = FACE_BOUND('',#8829,.F.);
#8829 = EDGE_LOOP('',(#8830,#8853,#8854,#8855,#8888,#8916,#8945,#8968,
    #8996,#9024,#9053,#9076));
#8830 = ORIENTED_EDGE('',*,*,#8831,.F.);
#8831 = EDGE_CURVE('',#8796,#8832,#8834,.T.);
#8832 = VERTEX_POINT('',#8833);
#8833 = CARTESIAN_POINT('',(35.,4.9,48.25));
#8834 = SEAM_CURVE('',#8835,(#8839,#8846),.PCURVE_S1.);
#8835 = LINE('',#8836,#8837);
#8836 = CARTESIAN_POINT('',(35.,4.9,40.));
#8837 = VECTOR('',#8838,1.);
#8838 = DIRECTION('',(1.110223024625E-16,0.,1.));
#8839 = PCURVE('',#8816,#8840);
#8840 = DEFINITIONAL_REPRESENTATION('',(#8841),#8845);
#8841 = LINE('',#8842,#8843);
#8842 = CARTESIAN_POINT('',(-6.28318530718,0.));
#8843 = VECTOR('',#8844,1.);
#8844 = DIRECTION('',(-0.,-1.));
#8845 = ( GEOMETRIC_REPRESENTATION_CONTEXT(2)
PARAMETRIC_REPRESENTATION_CONTEXT() REPRESENTATION_CONTEXT('2D SPACE',''
  ) );
#8846 = PCURVE('',#8816,#8847);
#8847 = DEFINITIONAL_REPRESENTATION('',(#8848),#8852);
#8848 = LINE('',#8849,#8850);
#8849 = CARTESIAN_POINT('',(-0.,0.));
#8850 = VECTOR('',#8851,1.);
#8851 = DIRECTION('',(-0.,-1.));
#8852 = ( GEOMETRIC_REPRESENTATION_CONTEXT(2)
PARAMETRIC_REPRESENTATION_CONTEXT() REPRESENTATION_CONTEXT('2D SPACE',''
  ) );
#8853 = ORIENTED_EDGE('',*,*,#8795,.T.);
#8854 = ORIENTED_EDGE('',*,*,#8831,.T.);
#8855 = ORIENTED_EDGE('',*,*,#8856,.F.);
#8856 = EDGE_CURVE('',#8857,#8832,#8859,.T.);
#8857 = VERTEX_POINT('',#8858);
#8858 = CARTESIAN_POINT('',(34.575,4.881534082642,48.25));
#8859 = SURFACE_CURVE('',#8860,(#8865,#8872),.PCURVE_S1.);
#8860 = CIRCLE('',#8861,4.9);
#8861 = AXIS2_PLACEMENT_3D('',#8862,#8863,#8864);
#8862 = CARTESIAN_POINT('',(35.,0.,48.25));
#8863 = DIRECTION('',(-1.110223024625E-16,0.,-1.));
#8864 = DIRECTION('',(0.,1.,0.));
#8865 = PCURVE('',#8816,#8866);
#8866 = DEFINITIONAL_REPRESENTATION('',(#8867),#8871);
#8867 = LINE('',#8868,#8869);
#8868 = CARTESIAN_POINT('',(-6.28318530718,-8.25));
#8869 = VECTOR('',#8870,1.);
#8870 = DIRECTION('',(1.,-0.));
#8871 = ( GEOMETRIC_REPRESENTATION_CONTEXT(2)
PARAMETRIC_REPRESENTATION_CONTEXT() REPRESENTATION_CONTEXT('2D SPACE',''
  ) );
#8872 = PCURVE('',#8873,#8878);
#8873 = PLANE('',#8874);
#8874 = AXIS2_PLACEMENT_3D('',#8875,#8876,#8877);
#8875 = CARTESIAN_POINT('',(35.425,-5.4,48.25));
#8876 = DIRECTION('',(1.110223024625E-16,0.,1.));
#8877 = DIRECTION('',(-1.,0.,1.110223024625E-16));
#8878 = DEFINITIONAL_REPRESENTATION('',(#8879),#8887);
#8879 = ( BOUNDED_CURVE() B_SPLINE_CURVE(2,(#8880,#8881,#8882,#8883,
#8884,#8885,#8886),.UNSPECIFIED.,.T.,.F.) B_SPLINE_CURVE_WITH_KNOTS((1,2
    ,2,2,2,1),(-2.094395102393,0.,2.094395102393,4.188790204786,
6.28318530718,8.377580409573),.UNSPECIFIED.) CURVE()
GEOMETRIC_REPRESENTATION_ITEM() RATIONAL_B_SPLINE_CURVE((1.,0.5,1.,0.5,
1.,0.5,1.)) REPRESENTATION_ITEM('') );
#8880 = CARTESIAN_POINT('',(0.425,-10.3));
#8881 = CARTESIAN_POINT('',(-8.062048957087,-10.3));
#8882 = CARTESIAN_POINT('',(-3.818524478544,-2.95));
#8883 = CARTESIAN_POINT('',(0.425,4.4));
#8884 = CARTESIAN_POINT('',(4.668524478544,-2.95));
#8885 = CARTESIAN_POINT('',(8.912048957088,-10.3));
#8886 = CARTESIAN_POINT('',(0.425,-10.3));
#8887 = ( GEOMETRIC_REPRESENTATION_CONTEXT(2)
PARAMETRIC_REPRESENTATION_CONTEXT() REPRESENTATION_CONTEXT('2D SPACE',''
  ) );
#8888 = ORIENTED_EDGE('',*,*,#8889,.F.);
#8889 = EDGE_CURVE('',#8890,#8857,#8892,.T.);
#8890 = VERTEX_POINT('',#8891);
#8891 = CARTESIAN_POINT('',(34.575,4.881534082642,53.5));
#8892 = SURFACE_CURVE('',#8893,(#8897,#8904),.PCURVE_S1.);
#8893 = LINE('',#8894,#8895);
#8894 = CARTESIAN_POINT('',(34.575,4.881534082642,40.));
#8895 = VECTOR('',#8896,1.);
#8896 = DIRECTION('',(-1.110223024625E-16,-0.,-1.));
#8897 = PCURVE('',#8816,#8898);
#8898 = DEFINITIONAL_REPRESENTATION('',(#8899),#8903);
#8899 = LINE('',#8900,#8901);
#8900 = CARTESIAN_POINT('',(-8.68438131929E-02,0.));
#8901 = VECTOR('',#8902,1.);
#8902 = DIRECTION('',(-0.,1.));
#8903 = ( GEOMETRIC_REPRESENTATION_CONTEXT(2)
PARAMETRIC_REPRESENTATION_CONTEXT() REPRESENTATION_CONTEXT('2D SPACE',''
  ) );
#8904 = PCURVE('',#8905,#8910);
#8905 = PLANE('',#8906);
#8906 = AXIS2_PLACEMENT_3D('',#8907,#8908,#8909);
#8907 = CARTESIAN_POINT('',(34.575,-5.4,48.25));
#8908 = DIRECTION('',(-1.,0.,1.110223024625E-16));
#8909 = DIRECTION('',(1.110223024625E-16,0.,1.));
#8910 = DEFINITIONAL_REPRESENTATION('',(#8911),#8915);
#8911 = LINE('',#8912,#8913);
#8912 = CARTESIAN_POINT('',(-8.25,10.281534082642));
#8913 = VECTOR('',#8914,1.);
#8914 = DIRECTION('',(-1.,0.));
#8915 = ( GEOMETRIC_REPRESENTATION_CONTEXT(2)
PARAMETRIC_REPRESENTATION_CONTEXT() REPRESENTATION_CONTEXT('2D SPACE',''
  ) );
#8916 = ORIENTED_EDGE('',*,*,#8917,.T.);
#8917 = EDGE_CURVE('',#8890,#8918,#8920,.T.);
#8918 = VERTEX_POINT('',#8919);
#8919 = CARTESIAN_POINT('',(34.575,-4.881534082642,53.5));
#8920 = SURFACE_CURVE('',#8921,(#8926,#8933),.PCURVE_S1.);
#8921 = CIRCLE('',#8922,4.9);
#8922 = AXIS2_PLACEMENT_3D('',#8923,#8924,#8925);
#8923 = CARTESIAN_POINT('',(35.,0.,53.5));
#8924 = DIRECTION('',(1.110223024625E-16,-0.,1.));
#8925 = DIRECTION('',(0.,1.,0.));
#8926 = PCURVE('',#8816,#8927);
#8927 = DEFINITIONAL_REPRESENTATION('',(#8928),#8932);
#8928 = LINE('',#8929,#8930);
#8929 = CARTESIAN_POINT('',(-0.,-13.5));
#8930 = VECTOR('',#8931,1.);
#8931 = DIRECTION('',(-1.,0.));
#8932 = ( GEOMETRIC_REPRESENTATION_CONTEXT(2)
PARAMETRIC_REPRESENTATION_CONTEXT() REPRESENTATION_CONTEXT('2D SPACE',''
  ) );
#8933 = PCURVE('',#8934,#8939);
#8934 = PLANE('',#8935);
#8935 = AXIS2_PLACEMENT_3D('',#8936,#8937,#8938);
#8936 = CARTESIAN_POINT('',(35.,-2.79069414804E-16,53.5));
#8937 = DIRECTION('',(1.110223024625E-16,0.,1.));
#8938 = DIRECTION('',(-1.,0.,1.110223024625E-16));
#8939 = DEFINITIONAL_REPRESENTATION('',(#8940),#8944);
#8940 = CIRCLE('',#8941,4.9);
#8941 = AXIS2_PLACEMENT_2D('',#8942,#8943);
#8942 = CARTESIAN_POINT('',(0.,-2.79069414804E-16));
#8943 = DIRECTION('',(0.,-1.));
#8944 = ( GEOMETRIC_REPRESENTATION_CONTEXT(2)
PARAMETRIC_REPRESENTATION_CONTEXT() REPRESENTATION_CONTEXT('2D SPACE',''
  ) );
#8945 = ORIENTED_EDGE('',*,*,#8946,.T.);
#8946 = EDGE_CURVE('',#8918,#8947,#8949,.T.);
#8947 = VERTEX_POINT('',#8948);
#8948 = CARTESIAN_POINT('',(34.575,-4.881534082642,48.25));
#8949 = SURFACE_CURVE('',#8950,(#8954,#8961),.PCURVE_S1.);
#8950 = LINE('',#8951,#8952);
#8951 = CARTESIAN_POINT('',(34.575,-4.881534082642,40.));
#8952 = VECTOR('',#8953,1.);
#8953 = DIRECTION('',(-1.110223024625E-16,-0.,-1.));
#8954 = PCURVE('',#8816,#8955);
#8955 = DEFINITIONAL_REPRESENTATION('',(#8956),#8960);
#8956 = LINE('',#8957,#8958);
#8957 = CARTESIAN_POINT('',(-3.054748840397,0.));
#8958 = VECTOR('',#8959,1.);
#8959 = DIRECTION('',(-0.,1.));
#8960 = ( GEOMETRIC_REPRESENTATION_CONTEXT(2)
PARAMETRIC_REPRESENTATION_CONTEXT() REPRESENTATION_CONTEXT('2D SPACE',''
  ) );
#8961 = PCURVE('',#8905,#8962);
#8962 = DEFINITIONAL_REPRESENTATION('',(#8963),#8967);
#8963 = LINE('',#8964,#8965);
#8964 = CARTESIAN_POINT('',(-8.25,0.518465917358));
#8965 = VECTOR('',#8966,1.);
#8966 = DIRECTION('',(-1.,0.));
#8967 = ( GEOMETRIC_REPRESENTATION_CONTEXT(2)
PARAMETRIC_REPRESENTATION_CONTEXT() REPRESENTATION_CONTEXT('2D SPACE',''
  ) );
#8968 = ORIENTED_EDGE('',*,*,#8969,.F.);
#8969 = EDGE_CURVE('',#8970,#8947,#8972,.T.);
#8970 = VERTEX_POINT('',#8971);
#8971 = CARTESIAN_POINT('',(35.425,-4.881534082642,48.25));
#8972 = SURFACE_CURVE('',#8973,(#8978,#8985),.PCURVE_S1.);
#8973 = CIRCLE('',#8974,4.9);
#8974 = AXIS2_PLACEMENT_3D('',#8975,#8976,#8977);
#8975 = CARTESIAN_POINT('',(35.,0.,48.25));
#8976 = DIRECTION('',(-1.110223024625E-16,0.,-1.));
#8977 = DIRECTION('',(0.,1.,0.));
#8978 = PCURVE('',#8816,#8979);
#8979 = DEFINITIONAL_REPRESENTATION('',(#8980),#8984);
#8980 = LINE('',#8981,#8982);
#8981 = CARTESIAN_POINT('',(-6.28318530718,-8.25));
#8982 = VECTOR('',#8983,1.);
#8983 = DIRECTION('',(1.,-0.));
#8984 = ( GEOMETRIC_REPRESENTATION_CONTEXT(2)
PARAMETRIC_REPRESENTATION_CONTEXT() REPRESENTATION_CONTEXT('2D SPACE',''
  ) );
#8985 = PCURVE('',#8873,#8986);
#8986 = DEFINITIONAL_REPRESENTATION('',(#8987),#8995);
#8987 = ( BOUNDED_CURVE() B_SPLINE_CURVE(2,(#8988,#8989,#8990,#8991,
#8992,#8993,#8994),.UNSPECIFIED.,.T.,.F.) B_SPLINE_CURVE_WITH_KNOTS((1,2
    ,2,2,2,1),(-2.094395102393,0.,2.094395102393,4.188790204786,
6.28318530718,8.377580409573),.UNSPECIFIED.) CURVE()
GEOMETRIC_REPRESENTATION_ITEM() RATIONAL_B_SPLINE_CURVE((1.,0.5,1.,0.5,
1.,0.5,1.)) REPRESENTATION_ITEM('') );
#8988 = CARTESIAN_POINT('',(0.425,-10.3));
#8989 = CARTESIAN_POINT('',(-8.062048957087,-10.3));
#8990 = CARTESIAN_POINT('',(-3.818524478544,-2.95));
#8991 = CARTESIAN_POINT('',(0.425,4.4));
#8992 = CARTESIAN_POINT('',(4.668524478544,-2.95));
#8993 = CARTESIAN_POINT('',(8.912048957088,-10.3));
#8994 = CARTESIAN_POINT('',(0.425,-10.3));
#8995 = ( GEOMETRIC_REPRESENTATION_CONTEXT(2)
PARAMETRIC_REPRESENTATION_CONTEXT() REPRESENTATION_CONTEXT('2D SPACE',''
  ) );
#8996 = ORIENTED_EDGE('',*,*,#8997,.F.);
#8997 = EDGE_CURVE('',#8998,#8970,#9000,.T.);
#8998 = VERTEX_POINT('',#8999);
#8999 = CARTESIAN_POINT('',(35.425,-4.881534082642,53.5));
#9000 = SURFACE_CURVE('',#9001,(#9005,#9012),.PCURVE_S1.);
#9001 = LINE('',#9002,#9003);
#9002 = CARTESIAN_POINT('',(35.425,-4.881534082642,40.));
#9003 = VECTOR('',#9004,1.);
#9004 = DIRECTION('',(-1.110223024625E-16,-0.,-1.));
#9005 = PCURVE('',#8816,#9006);
#9006 = DEFINITIONAL_REPRESENTATION('',(#9007),#9011);
#9007 = LINE('',#9008,#9009);
#9008 = CARTESIAN_POINT('',(-3.228436466783,0.));
#9009 = VECTOR('',#9010,1.);
#9010 = DIRECTION('',(-0.,1.));
#9011 = ( GEOMETRIC_REPRESENTATION_CONTEXT(2)
PARAMETRIC_REPRESENTATION_CONTEXT() REPRESENTATION_CONTEXT('2D SPACE',''
  ) );
#9012 = PCURVE('',#9013,#9018);
#9013 = PLANE('',#9014);
#9014 = AXIS2_PLACEMENT_3D('',#9015,#9016,#9017);
#9015 = CARTESIAN_POINT('',(35.425,-5.4,48.25));
#9016 = DIRECTION('',(-1.,0.,1.110223024625E-16));
#9017 = DIRECTION('',(1.110223024625E-16,0.,1.));
#9018 = DEFINITIONAL_REPRESENTATION('',(#9019),#9023);
#9019 = LINE('',#9020,#9021);
#9020 = CARTESIAN_POINT('',(-8.25,0.518465917358));
#9021 = VECTOR('',#9022,1.);
#9022 = DIRECTION('',(-1.,0.));
#9023 = ( GEOMETRIC_REPRESENTATION_CONTEXT(2)
PARAMETRIC_REPRESENTATION_CONTEXT() REPRESENTATION_CONTEXT('2D SPACE',''
  ) );
#9024 = ORIENTED_EDGE('',*,*,#9025,.T.);
#9025 = EDGE_CURVE('',#8998,#9026,#9028,.T.);
#9026 = VERTEX_POINT('',#9027);
#9027 = CARTESIAN_POINT('',(35.425,4.881534082642,53.5));
#9028 = SURFACE_CURVE('',#9029,(#9034,#9041),.PCURVE_S1.);
#9029 = CIRCLE('',#9030,4.9);
#9030 = AXIS2_PLACEMENT_3D('',#9031,#9032,#9033);
#9031 = CARTESIAN_POINT('',(35.,0.,53.5));
#9032 = DIRECTION('',(1.110223024625E-16,-0.,1.));
#9033 = DIRECTION('',(0.,1.,0.));
#9034 = PCURVE('',#8816,#9035);
#9035 = DEFINITIONAL_REPRESENTATION('',(#9036),#9040);
#9036 = LINE('',#9037,#9038);
#9037 = CARTESIAN_POINT('',(-0.,-13.5));
#9038 = VECTOR('',#9039,1.);
#9039 = DIRECTION('',(-1.,0.));
#9040 = ( GEOMETRIC_REPRESENTATION_CONTEXT(2)
PARAMETRIC_REPRESENTATION_CONTEXT() REPRESENTATION_CONTEXT('2D SPACE',''
  ) );
#9041 = PCURVE('',#9042,#9047);
#9042 = PLANE('',#9043);
#9043 = AXIS2_PLACEMENT_3D('',#9044,#9045,#9046);
#9044 = CARTESIAN_POINT('',(35.,-2.79069414804E-16,53.5));
#9045 = DIRECTION('',(1.110223024625E-16,0.,1.));
#9046 = DIRECTION('',(-1.,0.,1.110223024625E-16));
#9047 = DEFINITIONAL_REPRESENTATION('',(#9048),#9052);
#9048 = CIRCLE('',#9049,4.9);
#9049 = AXIS2_PLACEMENT_2D('',#9050,#9051);
#9050 = CARTESIAN_POINT('',(0.,-2.79069414804E-16));
#9051 = DIRECTION('',(0.,-1.));
#9052 = ( GEOMETRIC_REPRESENTATION_CONTEXT(2)
PARAMETRIC_REPRESENTATION_CONTEXT() REPRESENTATION_CONTEXT('2D SPACE',''
  ) );
#9053 = ORIENTED_EDGE('',*,*,#9054,.T.);
#9054 = EDGE_CURVE('',#9026,#9055,#9057,.T.);
#9055 = VERTEX_POINT('',#9056);
#9056 = CARTESIAN_POINT('',(35.425,4.881534082642,48.25));
#9057 = SURFACE_CURVE('',#9058,(#9062,#9069),.PCURVE_S1.);
#9058 = LINE('',#9059,#9060);
#9059 = CARTESIAN_POINT('',(35.425,4.881534082642,40.));
#9060 = VECTOR('',#9061,1.);
#9061 = DIRECTION('',(-1.110223024625E-16,-0.,-1.));
#9062 = PCURVE('',#8816,#9063);
#9063 = DEFINITIONAL_REPRESENTATION('',(#9064),#9068);
#9064 = LINE('',#9065,#9066);
#9065 = CARTESIAN_POINT('',(-6.196341493987,0.));
#9066 = VECTOR('',#9067,1.);
#9067 = DIRECTION('',(-0.,1.));
#9068 = ( GEOMETRIC_REPRESENTATION_CONTEXT(2)
PARAMETRIC_REPRESENTATION_CONTEXT() REPRESENTATION_CONTEXT('2D SPACE',''
  ) );
#9069 = PCURVE('',#9013,#9070);
#9070 = DEFINITIONAL_REPRESENTATION('',(#9071),#9075);
#9071 = LINE('',#9072,#9073);
#9072 = CARTESIAN_POINT('',(-8.25,10.281534082642));
#9073 = VECTOR('',#9074,1.);
#9074 = DIRECTION('',(-1.,0.));
#9075 = ( GEOMETRIC_REPRESENTATION_CONTEXT(2)
PARAMETRIC_REPRESENTATION_CONTEXT() REPRESENTATION_CONTEXT('2D SPACE',''
  ) );
#9076 = ORIENTED_EDGE('',*,*,#9077,.F.);
#9077 = EDGE_CURVE('',#8832,#9055,#9078,.T.);
#9078 = SURFACE_CURVE('',#9079,(#9084,#9091),.PCURVE_S1.);
#9079 = CIRCLE('',#9080,4.9);
#9080 = AXIS2_PLACEMENT_3D('',#9081,#9082,#9083);
#9081 = CARTESIAN_POINT('',(35.,0.,48.25));
#9082 = DIRECTION('',(-1.110223024625E-16,0.,-1.));
#9083 = DIRECTION('',(0.,1.,0.));
#9084 = PCURVE('',#8816,#9085);
#9085 = DEFINITIONAL_REPRESENTATION('',(#9086),#9090);
#9086 = LINE('',#9087,#9088);
#9087 = CARTESIAN_POINT('',(-6.28318530718,-8.25));
#9088 = VECTOR('',#9089,1.);
#9089 = DIRECTION('',(1.,-0.));
#9090 = ( GEOMETRIC_REPRESENTATION_CONTEXT(2)
PARAMETRIC_REPRESENTATION_CONTEXT() REPRESENTATION_CONTEXT('2D SPACE',''
  ) );
#9091 = PCURVE('',#8873,#9092);
#9092 = DEFINITIONAL_REPRESENTATION('',(#9093),#9101);
#9093 = ( BOUNDED_CURVE() B_SPLINE_CURVE(2,(#9094,#9095,#9096,#9097,
#9098,#9099,#9100),.UNSPECIFIED.,.T.,.F.) B_SPLINE_CURVE_WITH_KNOTS((1,2
    ,2,2,2,1),(-2.094395102393,0.,2.094395102393,4.188790204786,
6.28318530718,8.377580409573),.UNSPECIFIED.) CURVE()
GEOMETRIC_REPRESENTATION_ITEM() RATIONAL_B_SPLINE_CURVE((1.,0.5,1.,0.5,
1.,0.5,1.)) REPRESENTATION_ITEM('') );
#9094 = CARTESIAN_POINT('',(0.425,-10.3));
#9095 = CARTESIAN_POINT('',(-8.062048957087,-10.3));
#9096 = CARTESIAN_POINT('',(-3.818524478544,-2.95));
#9097 = CARTESIAN_POINT('',(0.425,4.4));
#9098 = CARTESIAN_POINT('',(4.668524478544,-2.95));
#9099 = CARTESIAN_POINT('',(8.912048957088,-10.3));
#9100 = CARTESIAN_POINT('',(0.425,-10.3));
#9101 = ( GEOMETRIC_REPRESENTATION_CONTEXT(2)
PARAMETRIC_REPRESENTATION_CONTEXT() REPRESENTATION_CONTEXT('2D SPACE',''
  ) );
#9102 = FACE_BOUND('',#9103,.F.);
#9103 = EDGE_LOOP('',(#9104,#9135,#9163,#9196,#9229,#9262,#9290,#9319));
#9104 = ORIENTED_EDGE('',*,*,#9105,.F.);
#9105 = EDGE_CURVE('',#9106,#9108,#9110,.T.);
#9106 = VERTEX_POINT('',#9107);
#9107 = CARTESIAN_POINT('',(31.125725874438,-3.,47.15));
#9108 = VERTEX_POINT('',#9109);
#9109 = CARTESIAN_POINT('',(30.55,-2.051219149677,47.15));
#9110 = SURFACE_CURVE('',#9111,(#9116,#9123),.PCURVE_S1.);
#9111 = CIRCLE('',#9112,4.9);
#9112 = AXIS2_PLACEMENT_3D('',#9113,#9114,#9115);
#9113 = CARTESIAN_POINT('',(35.,0.,47.15));
#9114 = DIRECTION('',(-1.110223024625E-16,0.,-1.));
#9115 = DIRECTION('',(0.,1.,0.));
#9116 = PCURVE('',#8816,#9117);
#9117 = DEFINITIONAL_REPRESENTATION('',(#9118),#9122);
#9118 = LINE('',#9119,#9120);
#9119 = CARTESIAN_POINT('',(-6.28318530718,-7.15));
#9120 = VECTOR('',#9121,1.);
#9121 = DIRECTION('',(1.,-0.));
#9122 = ( GEOMETRIC_REPRESENTATION_CONTEXT(2)
PARAMETRIC_REPRESENTATION_CONTEXT() REPRESENTATION_CONTEXT('2D SPACE',''
  ) );
#9123 = PCURVE('',#9124,#9129);
#9124 = PLANE('',#9125);
#9125 = AXIS2_PLACEMENT_3D('',#9126,#9127,#9128);
#9126 = CARTESIAN_POINT('',(31.8,3.,47.15));
#9127 = DIRECTION('',(-1.110223024625E-16,0.,-1.));
#9128 = DIRECTION('',(-1.,0.,1.110223024625E-16));
#9129 = DEFINITIONAL_REPRESENTATION('',(#9130),#9134);
#9130 = CIRCLE('',#9131,4.9);
#9131 = AXIS2_PLACEMENT_2D('',#9132,#9133);
#9132 = CARTESIAN_POINT('',(-3.2,-3.));
#9133 = DIRECTION('',(0.,1.));
#9134 = ( GEOMETRIC_REPRESENTATION_CONTEXT(2)
PARAMETRIC_REPRESENTATION_CONTEXT() REPRESENTATION_CONTEXT('2D SPACE',''
  ) );
#9135 = ORIENTED_EDGE('',*,*,#9136,.F.);
#9136 = EDGE_CURVE('',#9137,#9106,#9139,.T.);
#9137 = VERTEX_POINT('',#9138);
#9138 = CARTESIAN_POINT('',(31.125725874438,-3.,51.75));
#9139 = SURFACE_CURVE('',#9140,(#9144,#9151),.PCURVE_S1.);
#9140 = LINE('',#9141,#9142);
#9141 = CARTESIAN_POINT('',(31.125725874438,-3.,40.));
#9142 = VECTOR('',#9143,1.);
#9143 = DIRECTION('',(-1.110223024625E-16,-0.,-1.));
#9144 = PCURVE('',#8816,#9145);
#9145 = DEFINITIONAL_REPRESENTATION('',(#9146),#9150);
#9146 = LINE('',#9147,#9148);
#9147 = CARTESIAN_POINT('',(-2.229693048805,0.));
#9148 = VECTOR('',#9149,1.);
#9149 = DIRECTION('',(-0.,1.));
#9150 = ( GEOMETRIC_REPRESENTATION_CONTEXT(2)
PARAMETRIC_REPRESENTATION_CONTEXT() REPRESENTATION_CONTEXT('2D SPACE',''
  ) );
#9151 = PCURVE('',#9152,#9157);
#9152 = PLANE('',#9153);
#9153 = AXIS2_PLACEMENT_3D('',#9154,#9155,#9156);
#9154 = CARTESIAN_POINT('',(30.864393257091,-3.,49.472211042822));
#9155 = DIRECTION('',(0.,1.,0.));
#9156 = DIRECTION('',(-1.,0.,1.110223024625E-16));
#9157 = DEFINITIONAL_REPRESENTATION('',(#9158),#9162);
#9158 = LINE('',#9159,#9160);
#9159 = CARTESIAN_POINT('',(-0.261332617347,-9.472211042822));
#9160 = VECTOR('',#9161,1.);
#9161 = DIRECTION('',(0.,-1.));
#9162 = ( GEOMETRIC_REPRESENTATION_CONTEXT(2)
PARAMETRIC_REPRESENTATION_CONTEXT() REPRESENTATION_CONTEXT('2D SPACE',''
  ) );
#9163 = ORIENTED_EDGE('',*,*,#9164,.T.);
#9164 = EDGE_CURVE('',#9137,#9165,#9167,.T.);
#9165 = VERTEX_POINT('',#9166);
#9166 = CARTESIAN_POINT('',(30.55,-2.051219149677,51.75));
#9167 = SURFACE_CURVE('',#9168,(#9173,#9180),.PCURVE_S1.);
#9168 = CIRCLE('',#9169,4.9);
#9169 = AXIS2_PLACEMENT_3D('',#9170,#9171,#9172);
#9170 = CARTESIAN_POINT('',(35.,0.,51.75));
#9171 = DIRECTION('',(-1.110223024625E-16,0.,-1.));
#9172 = DIRECTION('',(0.,1.,0.));
#9173 = PCURVE('',#8816,#9174);
#9174 = DEFINITIONAL_REPRESENTATION('',(#9175),#9179);
#9175 = LINE('',#9176,#9177);
#9176 = CARTESIAN_POINT('',(-6.28318530718,-11.75));
#9177 = VECTOR('',#9178,1.);
#9178 = DIRECTION('',(1.,-0.));
#9179 = ( GEOMETRIC_REPRESENTATION_CONTEXT(2)
PARAMETRIC_REPRESENTATION_CONTEXT() REPRESENTATION_CONTEXT('2D SPACE',''
  ) );
#9180 = PCURVE('',#9181,#9186);
#9181 = PLANE('',#9182);
#9182 = AXIS2_PLACEMENT_3D('',#9183,#9184,#9185);
#9183 = CARTESIAN_POINT('',(30.55,3.,51.75));
#9184 = DIRECTION('',(1.110223024625E-16,0.,1.));
#9185 = DIRECTION('',(1.,0.,-1.110223024625E-16));
#9186 = DEFINITIONAL_REPRESENTATION('',(#9187),#9195);
#9187 = ( BOUNDED_CURVE() B_SPLINE_CURVE(2,(#9188,#9189,#9190,#9191,
#9192,#9193,#9194),.UNSPECIFIED.,.T.,.F.) B_SPLINE_CURVE_WITH_KNOTS((1,2
    ,2,2,2,1),(-2.094395102393,0.,2.094395102393,4.188790204786,
6.28318530718,8.377580409573),.UNSPECIFIED.) CURVE()
GEOMETRIC_REPRESENTATION_ITEM() RATIONAL_B_SPLINE_CURVE((1.,0.5,1.,0.5,
1.,0.5,1.)) REPRESENTATION_ITEM('') );
#9188 = CARTESIAN_POINT('',(4.45,1.9));
#9189 = CARTESIAN_POINT('',(12.937048957087,1.9));
#9190 = CARTESIAN_POINT('',(8.693524478544,-5.45));
#9191 = CARTESIAN_POINT('',(4.45,-12.8));
#9192 = CARTESIAN_POINT('',(0.206475521456,-5.45));
#9193 = CARTESIAN_POINT('',(-4.037048957088,1.9));
#9194 = CARTESIAN_POINT('',(4.45,1.9));
#9195 = ( GEOMETRIC_REPRESENTATION_CONTEXT(2)
PARAMETRIC_REPRESENTATION_CONTEXT() REPRESENTATION_CONTEXT('2D SPACE',''
  ) );
#9196 = ORIENTED_EDGE('',*,*,#9197,.F.);
#9197 = EDGE_CURVE('',#9198,#9165,#9200,.T.);
#9198 = VERTEX_POINT('',#9199);
#9199 = CARTESIAN_POINT('',(30.55,2.051219149677,51.75));
#9200 = SURFACE_CURVE('',#9201,(#9206,#9217),.PCURVE_S1.);
#9201 = ELLIPSE('',#9202,6.534746098694,4.9);
#9202 = AXIS2_PLACEMENT_3D('',#9203,#9204,#9205);
#9203 = CARTESIAN_POINT('',(35.,0.,55.676470588235));
#9204 = DIRECTION('',(-0.661621637087,0.,0.749837855365));
#9205 = DIRECTION('',(-0.749837855365,0.,-0.661621637087));
#9206 = PCURVE('',#8816,#9207);
#9207 = DEFINITIONAL_REPRESENTATION('',(#9208),#9216);
#9208 = B_SPLINE_CURVE_WITH_KNOTS('',6,(#9209,#9210,#9211,#9212,#9213,
    #9214,#9215),.UNSPECIFIED.,.F.,.F.,(7,7),(5.811527634883,
    6.754842979476),.PIECEWISE_BEZIER_KNOTS.);
#9209 = CARTESIAN_POINT('',(-1.099138654499,-11.825));
#9210 = CARTESIAN_POINT('',(-1.256357878597,-11.51615001175));
#9211 = CARTESIAN_POINT('',(-1.413577102696,-11.32154040984));
#9212 = CARTESIAN_POINT('',(-1.570796326795,-11.25491116567));
#9213 = CARTESIAN_POINT('',(-1.728015550894,-11.32154040984));
#9214 = CARTESIAN_POINT('',(-1.885234774992,-11.51615001175));
#9215 = CARTESIAN_POINT('',(-2.042453999091,-11.825));
#9216 = ( GEOMETRIC_REPRESENTATION_CONTEXT(2)
PARAMETRIC_REPRESENTATION_CONTEXT() REPRESENTATION_CONTEXT('2D SPACE',''
  ) );
#9217 = PCURVE('',#9218,#9223);
#9218 = PLANE('',#9219);
#9219 = AXIS2_PLACEMENT_3D('',#9220,#9221,#9222);
#9220 = CARTESIAN_POINT('',(29.7,3.,51.));
#9221 = DIRECTION('',(-0.661621637087,0.,0.749837855365));
#9222 = DIRECTION('',(0.749837855365,0.,0.661621637087));
#9223 = DEFINITIONAL_REPRESENTATION('',(#9224),#9228);
#9224 = ELLIPSE('',#9225,6.534746098694,4.9);
#9225 = AXIS2_PLACEMENT_2D('',#9226,#9227);
#9226 = CARTESIAN_POINT('',(7.068194759812,-3.));
#9227 = DIRECTION('',(-1.,0.));
#9228 = ( GEOMETRIC_REPRESENTATION_CONTEXT(2)
PARAMETRIC_REPRESENTATION_CONTEXT() REPRESENTATION_CONTEXT('2D SPACE',''
  ) );
#9229 = ORIENTED_EDGE('',*,*,#9230,.T.);
#9230 = EDGE_CURVE('',#9198,#9231,#9233,.T.);
#9231 = VERTEX_POINT('',#9232);
#9232 = CARTESIAN_POINT('',(31.125725874438,3.,51.75));
#9233 = SURFACE_CURVE('',#9234,(#9239,#9246),.PCURVE_S1.);
#9234 = CIRCLE('',#9235,4.9);
#9235 = AXIS2_PLACEMENT_3D('',#9236,#9237,#9238);
#9236 = CARTESIAN_POINT('',(35.,0.,51.75));
#9237 = DIRECTION('',(-1.110223024625E-16,0.,-1.));
#9238 = DIRECTION('',(0.,1.,0.));
#9239 = PCURVE('',#8816,#9240);
#9240 = DEFINITIONAL_REPRESENTATION('',(#9241),#9245);
#9241 = LINE('',#9242,#9243);
#9242 = CARTESIAN_POINT('',(-6.28318530718,-11.75));
#9243 = VECTOR('',#9244,1.);
#9244 = DIRECTION('',(1.,-0.));
#9245 = ( GEOMETRIC_REPRESENTATION_CONTEXT(2)
PARAMETRIC_REPRESENTATION_CONTEXT() REPRESENTATION_CONTEXT('2D SPACE',''
  ) );
#9246 = PCURVE('',#9247,#9252);
#9247 = PLANE('',#9248);
#9248 = AXIS2_PLACEMENT_3D('',#9249,#9250,#9251);
#9249 = CARTESIAN_POINT('',(30.55,3.,51.75));
#9250 = DIRECTION('',(1.110223024625E-16,0.,1.));
#9251 = DIRECTION('',(1.,0.,-1.110223024625E-16));
#9252 = DEFINITIONAL_REPRESENTATION('',(#9253),#9261);
#9253 = ( BOUNDED_CURVE() B_SPLINE_CURVE(2,(#9254,#9255,#9256,#9257,
#9258,#9259,#9260),.UNSPECIFIED.,.T.,.F.) B_SPLINE_CURVE_WITH_KNOTS((1,2
    ,2,2,2,1),(-2.094395102393,0.,2.094395102393,4.188790204786,
6.28318530718,8.377580409573),.UNSPECIFIED.) CURVE()
GEOMETRIC_REPRESENTATION_ITEM() RATIONAL_B_SPLINE_CURVE((1.,0.5,1.,0.5,
1.,0.5,1.)) REPRESENTATION_ITEM('') );
#9254 = CARTESIAN_POINT('',(4.45,1.9));
#9255 = CARTESIAN_POINT('',(12.937048957087,1.9));
#9256 = CARTESIAN_POINT('',(8.693524478544,-5.45));
#9257 = CARTESIAN_POINT('',(4.45,-12.8));
#9258 = CARTESIAN_POINT('',(0.206475521456,-5.45));
#9259 = CARTESIAN_POINT('',(-4.037048957088,1.9));
#9260 = CARTESIAN_POINT('',(4.45,1.9));
#9261 = ( GEOMETRIC_REPRESENTATION_CONTEXT(2)
PARAMETRIC_REPRESENTATION_CONTEXT() REPRESENTATION_CONTEXT('2D SPACE',''
  ) );
#9262 = ORIENTED_EDGE('',*,*,#9263,.T.);
#9263 = EDGE_CURVE('',#9231,#9264,#9266,.T.);
#9264 = VERTEX_POINT('',#9265);
#9265 = CARTESIAN_POINT('',(31.125725874438,3.,47.15));
#9266 = SURFACE_CURVE('',#9267,(#9271,#9278),.PCURVE_S1.);
#9267 = LINE('',#9268,#9269);
#9268 = CARTESIAN_POINT('',(31.125725874438,3.,40.));
#9269 = VECTOR('',#9270,1.);
#9270 = DIRECTION('',(-1.110223024625E-16,-0.,-1.));
#9271 = PCURVE('',#8816,#9272);
#9272 = DEFINITIONAL_REPRESENTATION('',(#9273),#9277);
#9273 = LINE('',#9274,#9275);
#9274 = CARTESIAN_POINT('',(-0.911899604785,0.));
#9275 = VECTOR('',#9276,1.);
#9276 = DIRECTION('',(-0.,1.));
#9277 = ( GEOMETRIC_REPRESENTATION_CONTEXT(2)
PARAMETRIC_REPRESENTATION_CONTEXT() REPRESENTATION_CONTEXT('2D SPACE',''
  ) );
#9278 = PCURVE('',#9279,#9284);
#9279 = PLANE('',#9280);
#9280 = AXIS2_PLACEMENT_3D('',#9281,#9282,#9283);
#9281 = CARTESIAN_POINT('',(30.864393257091,3.,49.472211042822));
#9282 = DIRECTION('',(0.,1.,0.));
#9283 = DIRECTION('',(-1.,0.,1.110223024625E-16));
#9284 = DEFINITIONAL_REPRESENTATION('',(#9285),#9289);
#9285 = LINE('',#9286,#9287);
#9286 = CARTESIAN_POINT('',(-0.261332617347,-9.472211042822));
#9287 = VECTOR('',#9288,1.);
#9288 = DIRECTION('',(0.,-1.));
#9289 = ( GEOMETRIC_REPRESENTATION_CONTEXT(2)
PARAMETRIC_REPRESENTATION_CONTEXT() REPRESENTATION_CONTEXT('2D SPACE',''
  ) );
#9290 = ORIENTED_EDGE('',*,*,#9291,.F.);
#9291 = EDGE_CURVE('',#9292,#9264,#9294,.T.);
#9292 = VERTEX_POINT('',#9293);
#9293 = CARTESIAN_POINT('',(30.55,2.051219149677,47.15));
#9294 = SURFACE_CURVE('',#9295,(#9300,#9307),.PCURVE_S1.);
#9295 = CIRCLE('',#9296,4.9);
#9296 = AXIS2_PLACEMENT_3D('',#9297,#9298,#9299);
#9297 = CARTESIAN_POINT('',(35.,0.,47.15));
#9298 = DIRECTION('',(-1.110223024625E-16,0.,-1.));
#9299 = DIRECTION('',(0.,1.,0.));
#9300 = PCURVE('',#8816,#9301);
#9301 = DEFINITIONAL_REPRESENTATION('',(#9302),#9306);
#9302 = LINE('',#9303,#9304);
#9303 = CARTESIAN_POINT('',(-6.28318530718,-7.15));
#9304 = VECTOR('',#9305,1.);
#9305 = DIRECTION('',(1.,-0.));
#9306 = ( GEOMETRIC_REPRESENTATION_CONTEXT(2)
PARAMETRIC_REPRESENTATION_CONTEXT() REPRESENTATION_CONTEXT('2D SPACE',''
  ) );
#9307 = PCURVE('',#9308,#9313);
#9308 = PLANE('',#9309);
#9309 = AXIS2_PLACEMENT_3D('',#9310,#9311,#9312);
#9310 = CARTESIAN_POINT('',(31.8,3.,47.15));
#9311 = DIRECTION('',(-1.110223024625E-16,0.,-1.));
#9312 = DIRECTION('',(-1.,0.,1.110223024625E-16));
#9313 = DEFINITIONAL_REPRESENTATION('',(#9314),#9318);
#9314 = CIRCLE('',#9315,4.9);
#9315 = AXIS2_PLACEMENT_2D('',#9316,#9317);
#9316 = CARTESIAN_POINT('',(-3.2,-3.));
#9317 = DIRECTION('',(0.,1.));
#9318 = ( GEOMETRIC_REPRESENTATION_CONTEXT(2)
PARAMETRIC_REPRESENTATION_CONTEXT() REPRESENTATION_CONTEXT('2D SPACE',''
  ) );
#9319 = ORIENTED_EDGE('',*,*,#9320,.F.);
#9320 = EDGE_CURVE('',#9108,#9292,#9321,.T.);
#9321 = SURFACE_CURVE('',#9322,(#9327,#9338),.PCURVE_S1.);
#9322 = ELLIPSE('',#9323,8.608422519347,4.9);
#9323 = AXIS2_PLACEMENT_3D('',#9324,#9325,#9326);
#9324 = CARTESIAN_POINT('',(35.,0.,40.722222222222));
#9325 = DIRECTION('',(-0.822192191644,0.,-0.56920997883));
#9326 = DIRECTION('',(0.56920997883,0.,-0.822192191644));
#9327 = PCURVE('',#8816,#9328);
#9328 = DEFINITIONAL_REPRESENTATION('',(#9329),#9337);
#9329 = B_SPLINE_CURVE_WITH_KNOTS('',6,(#9330,#9331,#9332,#9333,#9334,
    #9335,#9336),.UNSPECIFIED.,.F.,.F.,(7,7),(2.667694105463,
    3.615491201717),.PIECEWISE_BEZIER_KNOTS.);
#9330 = CARTESIAN_POINT('',(-2.044694874922,-7.02));
#9331 = CARTESIAN_POINT('',(-1.886728692213,-7.530231585248));
#9332 = CARTESIAN_POINT('',(-1.728762509504,-7.851882413314));
#9333 = CARTESIAN_POINT('',(-1.570796326795,-7.962037390142));
#9334 = CARTESIAN_POINT('',(-1.412830144086,-7.851882413314));
#9335 = CARTESIAN_POINT('',(-1.254863961377,-7.530231585248));
#9336 = CARTESIAN_POINT('',(-1.096897778668,-7.02));
#9337 = ( GEOMETRIC_REPRESENTATION_CONTEXT(2)
PARAMETRIC_REPRESENTATION_CONTEXT() REPRESENTATION_CONTEXT('2D SPACE',''
  ) );
#9338 = PCURVE('',#9339,#9344);
#9339 = PLANE('',#9340);
#9340 = AXIS2_PLACEMENT_3D('',#9341,#9342,#9343);
#9341 = CARTESIAN_POINT('',(30.55,3.,47.15));
#9342 = DIRECTION('',(-0.822192191644,0.,-0.56920997883));
#9343 = DIRECTION('',(-0.56920997883,0.,0.822192191644));
#9344 = DEFINITIONAL_REPRESENTATION('',(#9345),#9349);
#9345 = ELLIPSE('',#9346,8.608422519347,4.9);
#9346 = AXIS2_PLACEMENT_2D('',#9347,#9348);
#9347 = CARTESIAN_POINT('',(-7.817853104305,-3.));
#9348 = DIRECTION('',(-1.,0.));
#9349 = ( GEOMETRIC_REPRESENTATION_CONTEXT(2)
PARAMETRIC_REPRESENTATION_CONTEXT() REPRESENTATION_CONTEXT('2D SPACE',''
  ) );
#9350 = FACE_BOUND('',#9351,.F.);
#9351 = EDGE_LOOP('',(#9352,#9382,#9415,#9448,#9481,#9509,#9538,#9571));
#9352 = ORIENTED_EDGE('',*,*,#9353,.F.);
#9353 = EDGE_CURVE('',#9354,#9356,#9358,.T.);
#9354 = VERTEX_POINT('',#9355);
#9355 = CARTESIAN_POINT('',(38.874274125562,3.,51.75));
#9356 = VERTEX_POINT('',#9357);
#9357 = CARTESIAN_POINT('',(38.874274125562,3.,47.15));
#9358 = SURFACE_CURVE('',#9359,(#9363,#9370),.PCURVE_S1.);
#9359 = LINE('',#9360,#9361);
#9360 = CARTESIAN_POINT('',(38.874274125562,3.,40.));
#9361 = VECTOR('',#9362,1.);
#9362 = DIRECTION('',(-1.110223024625E-16,-0.,-1.));
#9363 = PCURVE('',#8816,#9364);
#9364 = DEFINITIONAL_REPRESENTATION('',(#9365),#9369);
#9365 = LINE('',#9366,#9367);
#9366 = CARTESIAN_POINT('',(-5.371285702395,0.));
#9367 = VECTOR('',#9368,1.);
#9368 = DIRECTION('',(-0.,1.));
#9369 = ( GEOMETRIC_REPRESENTATION_CONTEXT(2)
PARAMETRIC_REPRESENTATION_CONTEXT() REPRESENTATION_CONTEXT('2D SPACE',''
  ) );
#9370 = PCURVE('',#9371,#9376);
#9371 = PLANE('',#9372);
#9372 = AXIS2_PLACEMENT_3D('',#9373,#9374,#9375);
#9373 = CARTESIAN_POINT('',(39.135606742909,3.,49.472211042822));
#9374 = DIRECTION('',(0.,1.,0.));
#9375 = DIRECTION('',(-1.,0.,1.110223024625E-16));
#9376 = DEFINITIONAL_REPRESENTATION('',(#9377),#9381);
#9377 = LINE('',#9378,#9379);
#9378 = CARTESIAN_POINT('',(0.261332617347,-9.472211042822));
#9379 = VECTOR('',#9380,1.);
#9380 = DIRECTION('',(0.,-1.));
#9381 = ( GEOMETRIC_REPRESENTATION_CONTEXT(2)
PARAMETRIC_REPRESENTATION_CONTEXT() REPRESENTATION_CONTEXT('2D SPACE',''
  ) );
#9382 = ORIENTED_EDGE('',*,*,#9383,.T.);
#9383 = EDGE_CURVE('',#9354,#9384,#9386,.T.);
#9384 = VERTEX_POINT('',#9385);
#9385 = CARTESIAN_POINT('',(39.45,2.051219149677,51.75));
#9386 = SURFACE_CURVE('',#9387,(#9392,#9399),.PCURVE_S1.);
#9387 = CIRCLE('',#9388,4.9);
#9388 = AXIS2_PLACEMENT_3D('',#9389,#9390,#9391);
#9389 = CARTESIAN_POINT('',(35.,0.,51.75));
#9390 = DIRECTION('',(-1.110223024625E-16,0.,-1.));
#9391 = DIRECTION('',(0.,1.,0.));
#9392 = PCURVE('',#8816,#9393);
#9393 = DEFINITIONAL_REPRESENTATION('',(#9394),#9398);
#9394 = LINE('',#9395,#9396);
#9395 = CARTESIAN_POINT('',(-6.28318530718,-11.75));
#9396 = VECTOR('',#9397,1.);
#9397 = DIRECTION('',(1.,-0.));
#9398 = ( GEOMETRIC_REPRESENTATION_CONTEXT(2)
PARAMETRIC_REPRESENTATION_CONTEXT() REPRESENTATION_CONTEXT('2D SPACE',''
  ) );
#9399 = PCURVE('',#9400,#9405);
#9400 = PLANE('',#9401);
#9401 = AXIS2_PLACEMENT_3D('',#9402,#9403,#9404);
#9402 = CARTESIAN_POINT('',(38.2,3.,51.75));
#9403 = DIRECTION('',(1.110223024625E-16,0.,1.));
#9404 = DIRECTION('',(1.,0.,-1.110223024625E-16));
#9405 = DEFINITIONAL_REPRESENTATION('',(#9406),#9414);
#9406 = ( BOUNDED_CURVE() B_SPLINE_CURVE(2,(#9407,#9408,#9409,#9410,
#9411,#9412,#9413),.UNSPECIFIED.,.T.,.F.) B_SPLINE_CURVE_WITH_KNOTS((1,2
    ,2,2,2,1),(-2.094395102393,0.,2.094395102393,4.188790204786,
6.28318530718,8.377580409573),.UNSPECIFIED.) CURVE()
GEOMETRIC_REPRESENTATION_ITEM() RATIONAL_B_SPLINE_CURVE((1.,0.5,1.,0.5,
1.,0.5,1.)) REPRESENTATION_ITEM('') );
#9407 = CARTESIAN_POINT('',(-3.2,1.9));
#9408 = CARTESIAN_POINT('',(5.287048957087,1.9));
#9409 = CARTESIAN_POINT('',(1.043524478544,-5.45));
#9410 = CARTESIAN_POINT('',(-3.2,-12.8));
#9411 = CARTESIAN_POINT('',(-7.443524478544,-5.45));
#9412 = CARTESIAN_POINT('',(-11.68704895708,1.9));
#9413 = CARTESIAN_POINT('',(-3.2,1.9));
#9414 = ( GEOMETRIC_REPRESENTATION_CONTEXT(2)
PARAMETRIC_REPRESENTATION_CONTEXT() REPRESENTATION_CONTEXT('2D SPACE',''
  ) );
#9415 = ORIENTED_EDGE('',*,*,#9416,.F.);
#9416 = EDGE_CURVE('',#9417,#9384,#9419,.T.);
#9417 = VERTEX_POINT('',#9418);
#9418 = CARTESIAN_POINT('',(39.45,-2.051219149677,51.75));
#9419 = SURFACE_CURVE('',#9420,(#9425,#9436),.PCURVE_S1.);
#9420 = ELLIPSE('',#9421,6.534746098694,4.9);
#9421 = AXIS2_PLACEMENT_3D('',#9422,#9423,#9424);
#9422 = CARTESIAN_POINT('',(35.,0.,55.676470588235));
#9423 = DIRECTION('',(0.661621637087,-0.,0.749837855365));
#9424 = DIRECTION('',(0.749837855365,0.,-0.661621637087));
#9425 = PCURVE('',#8816,#9426);
#9426 = DEFINITIONAL_REPRESENTATION('',(#9427),#9435);
#9427 = B_SPLINE_CURVE_WITH_KNOTS('',6,(#9428,#9429,#9430,#9431,#9432,
    #9433,#9434),.UNSPECIFIED.,.F.,.F.,(7,7),(5.811527634883,
    6.754842979476),.PIECEWISE_BEZIER_KNOTS.);
#9428 = CARTESIAN_POINT('',(-4.240731308088,-11.825));
#9429 = CARTESIAN_POINT('',(-4.397950532187,-11.51615001175));
#9430 = CARTESIAN_POINT('',(-4.555169756286,-11.32154040984));
#9431 = CARTESIAN_POINT('',(-4.712388980384,-11.25491116567));
#9432 = CARTESIAN_POINT('',(-4.869608204484,-11.32154040984));
#9433 = CARTESIAN_POINT('',(-5.026827428582,-11.51615001175));
#9434 = CARTESIAN_POINT('',(-5.184046652681,-11.825));
#9435 = ( GEOMETRIC_REPRESENTATION_CONTEXT(2)
PARAMETRIC_REPRESENTATION_CONTEXT() REPRESENTATION_CONTEXT('2D SPACE',''
  ) );
#9436 = PCURVE('',#9437,#9442);
#9437 = PLANE('',#9438);
#9438 = AXIS2_PLACEMENT_3D('',#9439,#9440,#9441);
#9439 = CARTESIAN_POINT('',(39.45,3.,51.75));
#9440 = DIRECTION('',(0.661621637087,0.,0.749837855365));
#9441 = DIRECTION('',(0.749837855365,0.,-0.661621637087));
#9442 = DEFINITIONAL_REPRESENTATION('',(#9443),#9447);
#9443 = ELLIPSE('',#9444,6.534746098694,4.9);
#9444 = AXIS2_PLACEMENT_2D('',#9445,#9446);
#9445 = CARTESIAN_POINT('',(-5.934616354936,-3.));
#9446 = DIRECTION('',(1.,0.));
#9447 = ( GEOMETRIC_REPRESENTATION_CONTEXT(2)
PARAMETRIC_REPRESENTATION_CONTEXT() REPRESENTATION_CONTEXT('2D SPACE',''
  ) );
#9448 = ORIENTED_EDGE('',*,*,#9449,.T.);
#9449 = EDGE_CURVE('',#9417,#9450,#9452,.T.);
#9450 = VERTEX_POINT('',#9451);
#9451 = CARTESIAN_POINT('',(38.874274125562,-3.,51.75));
#9452 = SURFACE_CURVE('',#9453,(#9458,#9465),.PCURVE_S1.);
#9453 = CIRCLE('',#9454,4.9);
#9454 = AXIS2_PLACEMENT_3D('',#9455,#9456,#9457);
#9455 = CARTESIAN_POINT('',(35.,0.,51.75));
#9456 = DIRECTION('',(-1.110223024625E-16,0.,-1.));
#9457 = DIRECTION('',(0.,1.,0.));
#9458 = PCURVE('',#8816,#9459);
#9459 = DEFINITIONAL_REPRESENTATION('',(#9460),#9464);
#9460 = LINE('',#9461,#9462);
#9461 = CARTESIAN_POINT('',(-6.28318530718,-11.75));
#9462 = VECTOR('',#9463,1.);
#9463 = DIRECTION('',(1.,-0.));
#9464 = ( GEOMETRIC_REPRESENTATION_CONTEXT(2)
PARAMETRIC_REPRESENTATION_CONTEXT() REPRESENTATION_CONTEXT('2D SPACE',''
  ) );
#9465 = PCURVE('',#9466,#9471);
#9466 = PLANE('',#9467);
#9467 = AXIS2_PLACEMENT_3D('',#9468,#9469,#9470);
#9468 = CARTESIAN_POINT('',(38.2,3.,51.75));
#9469 = DIRECTION('',(1.110223024625E-16,0.,1.));
#9470 = DIRECTION('',(1.,0.,-1.110223024625E-16));
#9471 = DEFINITIONAL_REPRESENTATION('',(#9472),#9480);
#9472 = ( BOUNDED_CURVE() B_SPLINE_CURVE(2,(#9473,#9474,#9475,#9476,
#9477,#9478,#9479),.UNSPECIFIED.,.T.,.F.) B_SPLINE_CURVE_WITH_KNOTS((1,2
    ,2,2,2,1),(-2.094395102393,0.,2.094395102393,4.188790204786,
6.28318530718,8.377580409573),.UNSPECIFIED.) CURVE()
GEOMETRIC_REPRESENTATION_ITEM() RATIONAL_B_SPLINE_CURVE((1.,0.5,1.,0.5,
1.,0.5,1.)) REPRESENTATION_ITEM('') );
#9473 = CARTESIAN_POINT('',(-3.2,1.9));
#9474 = CARTESIAN_POINT('',(5.287048957087,1.9));
#9475 = CARTESIAN_POINT('',(1.043524478544,-5.45));
#9476 = CARTESIAN_POINT('',(-3.2,-12.8));
#9477 = CARTESIAN_POINT('',(-7.443524478544,-5.45));
#9478 = CARTESIAN_POINT('',(-11.68704895708,1.9));
#9479 = CARTESIAN_POINT('',(-3.2,1.9));
#9480 = ( GEOMETRIC_REPRESENTATION_CONTEXT(2)
PARAMETRIC_REPRESENTATION_CONTEXT() REPRESENTATION_CONTEXT('2D SPACE',''
  ) );
#9481 = ORIENTED_EDGE('',*,*,#9482,.T.);
#9482 = EDGE_CURVE('',#9450,#9483,#9485,.T.);
#9483 = VERTEX_POINT('',#9484);
#9484 = CARTESIAN_POINT('',(38.874274125562,-3.,47.15));
#9485 = SURFACE_CURVE('',#9486,(#9490,#9497),.PCURVE_S1.);
#9486 = LINE('',#9487,#9488);
#9487 = CARTESIAN_POINT('',(38.874274125562,-3.,40.));
#9488 = VECTOR('',#9489,1.);
#9489 = DIRECTION('',(-1.110223024625E-16,-0.,-1.));
#9490 = PCURVE('',#8816,#9491);
#9491 = DEFINITIONAL_REPRESENTATION('',(#9492),#9496);
#9492 = LINE('',#9493,#9494);
#9493 = CARTESIAN_POINT('',(-4.053492258375,0.));
#9494 = VECTOR('',#9495,1.);
#9495 = DIRECTION('',(-0.,1.));
#9496 = ( GEOMETRIC_REPRESENTATION_CONTEXT(2)
PARAMETRIC_REPRESENTATION_CONTEXT() REPRESENTATION_CONTEXT('2D SPACE',''
  ) );
#9497 = PCURVE('',#9498,#9503);
#9498 = PLANE('',#9499);
#9499 = AXIS2_PLACEMENT_3D('',#9500,#9501,#9502);
#9500 = CARTESIAN_POINT('',(39.135606742909,-3.,49.472211042822));
#9501 = DIRECTION('',(0.,1.,0.));
#9502 = DIRECTION('',(-1.,0.,1.110223024625E-16));
#9503 = DEFINITIONAL_REPRESENTATION('',(#9504),#9508);
#9504 = LINE('',#9505,#9506);
#9505 = CARTESIAN_POINT('',(0.261332617347,-9.472211042822));
#9506 = VECTOR('',#9507,1.);
#9507 = DIRECTION('',(0.,-1.));
#9508 = ( GEOMETRIC_REPRESENTATION_CONTEXT(2)
PARAMETRIC_REPRESENTATION_CONTEXT() REPRESENTATION_CONTEXT('2D SPACE',''
  ) );
#9509 = ORIENTED_EDGE('',*,*,#9510,.F.);
#9510 = EDGE_CURVE('',#9511,#9483,#9513,.T.);
#9511 = VERTEX_POINT('',#9512);
#9512 = CARTESIAN_POINT('',(39.45,-2.051219149677,47.15));
#9513 = SURFACE_CURVE('',#9514,(#9519,#9526),.PCURVE_S1.);
#9514 = CIRCLE('',#9515,4.9);
#9515 = AXIS2_PLACEMENT_3D('',#9516,#9517,#9518);
#9516 = CARTESIAN_POINT('',(35.,0.,47.15));
#9517 = DIRECTION('',(-1.110223024625E-16,0.,-1.));
#9518 = DIRECTION('',(0.,1.,0.));
#9519 = PCURVE('',#8816,#9520);
#9520 = DEFINITIONAL_REPRESENTATION('',(#9521),#9525);
#9521 = LINE('',#9522,#9523);
#9522 = CARTESIAN_POINT('',(-6.28318530718,-7.15));
#9523 = VECTOR('',#9524,1.);
#9524 = DIRECTION('',(1.,-0.));
#9525 = ( GEOMETRIC_REPRESENTATION_CONTEXT(2)
PARAMETRIC_REPRESENTATION_CONTEXT() REPRESENTATION_CONTEXT('2D SPACE',''
  ) );
#9526 = PCURVE('',#9527,#9532);
#9527 = PLANE('',#9528);
#9528 = AXIS2_PLACEMENT_3D('',#9529,#9530,#9531);
#9529 = CARTESIAN_POINT('',(39.45,3.,47.15));
#9530 = DIRECTION('',(-1.110223024625E-16,0.,-1.));
#9531 = DIRECTION('',(-1.,0.,1.110223024625E-16));
#9532 = DEFINITIONAL_REPRESENTATION('',(#9533),#9537);
#9533 = CIRCLE('',#9534,4.9);
#9534 = AXIS2_PLACEMENT_2D('',#9535,#9536);
#9535 = CARTESIAN_POINT('',(4.45,-3.));
#9536 = DIRECTION('',(0.,1.));
#9537 = ( GEOMETRIC_REPRESENTATION_CONTEXT(2)
PARAMETRIC_REPRESENTATION_CONTEXT() REPRESENTATION_CONTEXT('2D SPACE',''
  ) );
#9538 = ORIENTED_EDGE('',*,*,#9539,.F.);
#9539 = EDGE_CURVE('',#9540,#9511,#9542,.T.);
#9540 = VERTEX_POINT('',#9541);
#9541 = CARTESIAN_POINT('',(39.45,2.051219149677,47.15));
#9542 = SURFACE_CURVE('',#9543,(#9548,#9559),.PCURVE_S1.);
#9543 = ELLIPSE('',#9544,8.608422519347,4.9);
#9544 = AXIS2_PLACEMENT_3D('',#9545,#9546,#9547);
#9545 = CARTESIAN_POINT('',(35.,0.,40.722222222222));
#9546 = DIRECTION('',(0.822192191644,0.,-0.56920997883));
#9547 = DIRECTION('',(-0.56920997883,0.,-0.822192191644));
#9548 = PCURVE('',#8816,#9549);
#9549 = DEFINITIONAL_REPRESENTATION('',(#9550),#9558);
#9550 = B_SPLINE_CURVE_WITH_KNOTS('',6,(#9551,#9552,#9553,#9554,#9555,
    #9556,#9557),.UNSPECIFIED.,.F.,.F.,(7,7),(2.667694105463,
    3.615491201717),.PIECEWISE_BEZIER_KNOTS.);
#9551 = CARTESIAN_POINT('',(-5.186287528512,-7.02));
#9552 = CARTESIAN_POINT('',(-5.028321345803,-7.530231585248));
#9553 = CARTESIAN_POINT('',(-4.870355163094,-7.851882413314));
#9554 = CARTESIAN_POINT('',(-4.712388980385,-7.962037390142));
#9555 = CARTESIAN_POINT('',(-4.554422797676,-7.851882413314));
#9556 = CARTESIAN_POINT('',(-4.396456614967,-7.530231585248));
#9557 = CARTESIAN_POINT('',(-4.238490432258,-7.02));
#9558 = ( GEOMETRIC_REPRESENTATION_CONTEXT(2)
PARAMETRIC_REPRESENTATION_CONTEXT() REPRESENTATION_CONTEXT('2D SPACE',''
  ) );
#9559 = PCURVE('',#9560,#9565);
#9560 = PLANE('',#9561);
#9561 = AXIS2_PLACEMENT_3D('',#9562,#9563,#9564);
#9562 = CARTESIAN_POINT('',(40.35,3.,48.45));
#9563 = DIRECTION('',(0.822192191644,-0.,-0.56920997883));
#9564 = DIRECTION('',(-0.56920997883,0.,-0.822192191644));
#9565 = DEFINITIONAL_REPRESENTATION('',(#9566),#9570);
#9566 = ELLIPSE('',#9567,8.608422519347,4.9);
#9567 = AXIS2_PLACEMENT_2D('',#9568,#9569);
#9568 = CARTESIAN_POINT('',(9.398991934389,-3.));
#9569 = DIRECTION('',(1.,0.));
#9570 = ( GEOMETRIC_REPRESENTATION_CONTEXT(2)
PARAMETRIC_REPRESENTATION_CONTEXT() REPRESENTATION_CONTEXT('2D SPACE',''
  ) );
#9571 = ORIENTED_EDGE('',*,*,#9572,.F.);
#9572 = EDGE_CURVE('',#9356,#9540,#9573,.T.);
#9573 = SURFACE_CURVE('',#9574,(#9579,#9586),.PCURVE_S1.);
#9574 = CIRCLE('',#9575,4.9);
#9575 = AXIS2_PLACEMENT_3D('',#9576,#9577,#9578);
#9576 = CARTESIAN_POINT('',(35.,0.,47.15));
#9577 = DIRECTION('',(-1.110223024625E-16,0.,-1.));
#9578 = DIRECTION('',(0.,1.,0.));
#9579 = PCURVE('',#8816,#9580);
#9580 = DEFINITIONAL_REPRESENTATION('',(#9581),#9585);
#9581 = LINE('',#9582,#9583);
#9582 = CARTESIAN_POINT('',(-6.28318530718,-7.15));
#9583 = VECTOR('',#9584,1.);
#9584 = DIRECTION('',(1.,-0.));
#9585 = ( GEOMETRIC_REPRESENTATION_CONTEXT(2)
PARAMETRIC_REPRESENTATION_CONTEXT() REPRESENTATION_CONTEXT('2D SPACE',''
  ) );
#9586 = PCURVE('',#9587,#9592);
#9587 = PLANE('',#9588);
#9588 = AXIS2_PLACEMENT_3D('',#9589,#9590,#9591);
#9589 = CARTESIAN_POINT('',(39.45,3.,47.15));
#9590 = DIRECTION('',(-1.110223024625E-16,0.,-1.));
#9591 = DIRECTION('',(-1.,0.,1.110223024625E-16));
#9592 = DEFINITIONAL_REPRESENTATION('',(#9593),#9597);
#9593 = CIRCLE('',#9594,4.9);
#9594 = AXIS2_PLACEMENT_2D('',#9595,#9596);
#9595 = CARTESIAN_POINT('',(4.45,-3.));
#9596 = DIRECTION('',(0.,1.));
#9597 = ( GEOMETRIC_REPRESENTATION_CONTEXT(2)
PARAMETRIC_REPRESENTATION_CONTEXT() REPRESENTATION_CONTEXT('2D SPACE',''
  ) );
#9598 = ADVANCED_FACE('',(#9599),#9587,.T.);
#9599 = FACE_BOUND('',#9600,.T.);
#9600 = EDGE_LOOP('',(#9601,#9624,#9645));
#9601 = ORIENTED_EDGE('',*,*,#9602,.F.);
#9602 = EDGE_CURVE('',#9603,#9356,#9605,.T.);
#9603 = VERTEX_POINT('',#9604);
#9604 = CARTESIAN_POINT('',(39.45,3.,47.15));
#9605 = SURFACE_CURVE('',#9606,(#9610,#9617),.PCURVE_S1.);
#9606 = LINE('',#9607,#9608);
#9607 = CARTESIAN_POINT('',(39.45,3.,47.15));
#9608 = VECTOR('',#9609,1.);
#9609 = DIRECTION('',(-1.,0.,1.110223024625E-16));
#9610 = PCURVE('',#9587,#9611);
#9611 = DEFINITIONAL_REPRESENTATION('',(#9612),#9616);
#9612 = LINE('',#9613,#9614);
#9613 = CARTESIAN_POINT('',(0.,0.));
#9614 = VECTOR('',#9615,1.);
#9615 = DIRECTION('',(1.,0.));
#9616 = ( GEOMETRIC_REPRESENTATION_CONTEXT(2)
PARAMETRIC_REPRESENTATION_CONTEXT() REPRESENTATION_CONTEXT('2D SPACE',''
  ) );
#9617 = PCURVE('',#9371,#9618);
#9618 = DEFINITIONAL_REPRESENTATION('',(#9619),#9623);
#9619 = LINE('',#9620,#9621);
#9620 = CARTESIAN_POINT('',(-0.314393257091,-2.322211042822));
#9621 = VECTOR('',#9622,1.);
#9622 = DIRECTION('',(1.,0.));
#9623 = ( GEOMETRIC_REPRESENTATION_CONTEXT(2)
PARAMETRIC_REPRESENTATION_CONTEXT() REPRESENTATION_CONTEXT('2D SPACE',''
  ) );
#9624 = ORIENTED_EDGE('',*,*,#9625,.T.);
#9625 = EDGE_CURVE('',#9603,#9540,#9626,.T.);
#9626 = SURFACE_CURVE('',#9627,(#9631,#9638),.PCURVE_S1.);
#9627 = LINE('',#9628,#9629);
#9628 = CARTESIAN_POINT('',(39.45,3.,47.15));
#9629 = VECTOR('',#9630,1.);
#9630 = DIRECTION('',(0.,-1.,0.));
#9631 = PCURVE('',#9587,#9632);
#9632 = DEFINITIONAL_REPRESENTATION('',(#9633),#9637);
#9633 = LINE('',#9634,#9635);
#9634 = CARTESIAN_POINT('',(0.,0.));
#9635 = VECTOR('',#9636,1.);
#9636 = DIRECTION('',(0.,-1.));
#9637 = ( GEOMETRIC_REPRESENTATION_CONTEXT(2)
PARAMETRIC_REPRESENTATION_CONTEXT() REPRESENTATION_CONTEXT('2D SPACE',''
  ) );
#9638 = PCURVE('',#9560,#9639);
#9639 = DEFINITIONAL_REPRESENTATION('',(#9640),#9644);
#9640 = LINE('',#9641,#9642);
#9641 = CARTESIAN_POINT('',(1.581138830084,0.));
#9642 = VECTOR('',#9643,1.);
#9643 = DIRECTION('',(-0.,-1.));
#9644 = ( GEOMETRIC_REPRESENTATION_CONTEXT(2)
PARAMETRIC_REPRESENTATION_CONTEXT() REPRESENTATION_CONTEXT('2D SPACE',''
  ) );
#9645 = ORIENTED_EDGE('',*,*,#9572,.F.);
#9646 = ADVANCED_FACE('',(#9647),#9560,.T.);
#9647 = FACE_BOUND('',#9648,.T.);
#9648 = EDGE_LOOP('',(#9649,#9672,#9700,#9723,#9744,#9745));
#9649 = ORIENTED_EDGE('',*,*,#9650,.F.);
#9650 = EDGE_CURVE('',#9651,#9603,#9653,.T.);
#9651 = VERTEX_POINT('',#9652);
#9652 = CARTESIAN_POINT('',(40.35,3.,48.45));
#9653 = SURFACE_CURVE('',#9654,(#9658,#9665),.PCURVE_S1.);
#9654 = LINE('',#9655,#9656);
#9655 = CARTESIAN_POINT('',(40.35,3.,48.45));
#9656 = VECTOR('',#9657,1.);
#9657 = DIRECTION('',(-0.56920997883,0.,-0.822192191644));
#9658 = PCURVE('',#9560,#9659);
#9659 = DEFINITIONAL_REPRESENTATION('',(#9660),#9664);
#9660 = LINE('',#9661,#9662);
#9661 = CARTESIAN_POINT('',(0.,0.));
#9662 = VECTOR('',#9663,1.);
#9663 = DIRECTION('',(1.,0.));
#9664 = ( GEOMETRIC_REPRESENTATION_CONTEXT(2)
PARAMETRIC_REPRESENTATION_CONTEXT() REPRESENTATION_CONTEXT('2D SPACE',''
  ) );
#9665 = PCURVE('',#9371,#9666);
#9666 = DEFINITIONAL_REPRESENTATION('',(#9667),#9671);
#9667 = LINE('',#9668,#9669);
#9668 = CARTESIAN_POINT('',(-1.214393257091,-1.022211042822));
#9669 = VECTOR('',#9670,1.);
#9670 = DIRECTION('',(0.56920997883,-0.822192191644));
#9671 = ( GEOMETRIC_REPRESENTATION_CONTEXT(2)
PARAMETRIC_REPRESENTATION_CONTEXT() REPRESENTATION_CONTEXT('2D SPACE',''
  ) );
#9672 = ORIENTED_EDGE('',*,*,#9673,.T.);
#9673 = EDGE_CURVE('',#9651,#9674,#9676,.T.);
#9674 = VERTEX_POINT('',#9675);
#9675 = CARTESIAN_POINT('',(40.35,-3.,48.45));
#9676 = SURFACE_CURVE('',#9677,(#9681,#9688),.PCURVE_S1.);
#9677 = LINE('',#9678,#9679);
#9678 = CARTESIAN_POINT('',(40.35,3.,48.45));
#9679 = VECTOR('',#9680,1.);
#9680 = DIRECTION('',(0.,-1.,0.));
#9681 = PCURVE('',#9560,#9682);
#9682 = DEFINITIONAL_REPRESENTATION('',(#9683),#9687);
#9683 = LINE('',#9684,#9685);
#9684 = CARTESIAN_POINT('',(0.,0.));
#9685 = VECTOR('',#9686,1.);
#9686 = DIRECTION('',(-0.,-1.));
#9687 = ( GEOMETRIC_REPRESENTATION_CONTEXT(2)
PARAMETRIC_REPRESENTATION_CONTEXT() REPRESENTATION_CONTEXT('2D SPACE',''
  ) );
#9688 = PCURVE('',#9689,#9694);
#9689 = PLANE('',#9690);
#9690 = AXIS2_PLACEMENT_3D('',#9691,#9692,#9693);
#9691 = CARTESIAN_POINT('',(40.3,3.,51.));
#9692 = DIRECTION('',(0.999807821657,0.,1.960407493445E-02));
#9693 = DIRECTION('',(1.960407493445E-02,0.,-0.999807821657));
#9694 = DEFINITIONAL_REPRESENTATION('',(#9695),#9699);
#9695 = LINE('',#9696,#9697);
#9696 = CARTESIAN_POINT('',(2.550490148971,0.));
#9697 = VECTOR('',#9698,1.);
#9698 = DIRECTION('',(0.,-1.));
#9699 = ( GEOMETRIC_REPRESENTATION_CONTEXT(2)
PARAMETRIC_REPRESENTATION_CONTEXT() REPRESENTATION_CONTEXT('2D SPACE',''
  ) );
#9700 = ORIENTED_EDGE('',*,*,#9701,.T.);
#9701 = EDGE_CURVE('',#9674,#9702,#9704,.T.);
#9702 = VERTEX_POINT('',#9703);
#9703 = CARTESIAN_POINT('',(39.45,-3.,47.15));
#9704 = SURFACE_CURVE('',#9705,(#9709,#9716),.PCURVE_S1.);
#9705 = LINE('',#9706,#9707);
#9706 = CARTESIAN_POINT('',(40.35,-3.,48.45));
#9707 = VECTOR('',#9708,1.);
#9708 = DIRECTION('',(-0.56920997883,0.,-0.822192191644));
#9709 = PCURVE('',#9560,#9710);
#9710 = DEFINITIONAL_REPRESENTATION('',(#9711),#9715);
#9711 = LINE('',#9712,#9713);
#9712 = CARTESIAN_POINT('',(-0.,-6.));
#9713 = VECTOR('',#9714,1.);
#9714 = DIRECTION('',(1.,0.));
#9715 = ( GEOMETRIC_REPRESENTATION_CONTEXT(2)
PARAMETRIC_REPRESENTATION_CONTEXT() REPRESENTATION_CONTEXT('2D SPACE',''
  ) );
#9716 = PCURVE('',#9498,#9717);
#9717 = DEFINITIONAL_REPRESENTATION('',(#9718),#9722);
#9718 = LINE('',#9719,#9720);
#9719 = CARTESIAN_POINT('',(-1.214393257091,-1.022211042822));
#9720 = VECTOR('',#9721,1.);
#9721 = DIRECTION('',(0.56920997883,-0.822192191644));
#9722 = ( GEOMETRIC_REPRESENTATION_CONTEXT(2)
PARAMETRIC_REPRESENTATION_CONTEXT() REPRESENTATION_CONTEXT('2D SPACE',''
  ) );
#9723 = ORIENTED_EDGE('',*,*,#9724,.F.);
#9724 = EDGE_CURVE('',#9511,#9702,#9725,.T.);
#9725 = SURFACE_CURVE('',#9726,(#9730,#9737),.PCURVE_S1.);
#9726 = LINE('',#9727,#9728);
#9727 = CARTESIAN_POINT('',(39.45,3.,47.15));
#9728 = VECTOR('',#9729,1.);
#9729 = DIRECTION('',(0.,-1.,0.));
#9730 = PCURVE('',#9560,#9731);
#9731 = DEFINITIONAL_REPRESENTATION('',(#9732),#9736);
#9732 = LINE('',#9733,#9734);
#9733 = CARTESIAN_POINT('',(1.581138830084,0.));
#9734 = VECTOR('',#9735,1.);
#9735 = DIRECTION('',(-0.,-1.));
#9736 = ( GEOMETRIC_REPRESENTATION_CONTEXT(2)
PARAMETRIC_REPRESENTATION_CONTEXT() REPRESENTATION_CONTEXT('2D SPACE',''
  ) );
#9737 = PCURVE('',#9527,#9738);
#9738 = DEFINITIONAL_REPRESENTATION('',(#9739),#9743);
#9739 = LINE('',#9740,#9741);
#9740 = CARTESIAN_POINT('',(0.,0.));
#9741 = VECTOR('',#9742,1.);
#9742 = DIRECTION('',(0.,-1.));
#9743 = ( GEOMETRIC_REPRESENTATION_CONTEXT(2)
PARAMETRIC_REPRESENTATION_CONTEXT() REPRESENTATION_CONTEXT('2D SPACE',''
  ) );
#9744 = ORIENTED_EDGE('',*,*,#9539,.F.);
#9745 = ORIENTED_EDGE('',*,*,#9625,.F.);
#9746 = ADVANCED_FACE('',(#9747),#9689,.T.);
#9747 = FACE_BOUND('',#9748,.T.);
#9748 = EDGE_LOOP('',(#9749,#9774,#9795,#9796));
#9749 = ORIENTED_EDGE('',*,*,#9750,.T.);
#9750 = EDGE_CURVE('',#9751,#9753,#9755,.T.);
#9751 = VERTEX_POINT('',#9752);
#9752 = CARTESIAN_POINT('',(40.3,3.,51.));
#9753 = VERTEX_POINT('',#9754);
#9754 = CARTESIAN_POINT('',(40.3,-3.,51.));
#9755 = SURFACE_CURVE('',#9756,(#9760,#9767),.PCURVE_S1.);
#9756 = LINE('',#9757,#9758);
#9757 = CARTESIAN_POINT('',(40.3,3.,51.));
#9758 = VECTOR('',#9759,1.);
#9759 = DIRECTION('',(0.,-1.,0.));
#9760 = PCURVE('',#9689,#9761);
#9761 = DEFINITIONAL_REPRESENTATION('',(#9762),#9766);
#9762 = LINE('',#9763,#9764);
#9763 = CARTESIAN_POINT('',(0.,0.));
#9764 = VECTOR('',#9765,1.);
#9765 = DIRECTION('',(0.,-1.));
#9766 = ( GEOMETRIC_REPRESENTATION_CONTEXT(2)
PARAMETRIC_REPRESENTATION_CONTEXT() REPRESENTATION_CONTEXT('2D SPACE',''
  ) );
#9767 = PCURVE('',#9437,#9768);
#9768 = DEFINITIONAL_REPRESENTATION('',(#9769),#9773);
#9769 = LINE('',#9770,#9771);
#9770 = CARTESIAN_POINT('',(1.133578404875,0.));
#9771 = VECTOR('',#9772,1.);
#9772 = DIRECTION('',(0.,-1.));
#9773 = ( GEOMETRIC_REPRESENTATION_CONTEXT(2)
PARAMETRIC_REPRESENTATION_CONTEXT() REPRESENTATION_CONTEXT('2D SPACE',''
  ) );
#9774 = ORIENTED_EDGE('',*,*,#9775,.T.);
#9775 = EDGE_CURVE('',#9753,#9674,#9776,.T.);
#9776 = SURFACE_CURVE('',#9777,(#9781,#9788),.PCURVE_S1.);
#9777 = LINE('',#9778,#9779);
#9778 = CARTESIAN_POINT('',(40.3,-3.,51.));
#9779 = VECTOR('',#9780,1.);
#9780 = DIRECTION('',(1.960407493445E-02,0.,-0.999807821657));
#9781 = PCURVE('',#9689,#9782);
#9782 = DEFINITIONAL_REPRESENTATION('',(#9783),#9787);
#9783 = LINE('',#9784,#9785);
#9784 = CARTESIAN_POINT('',(0.,-6.));
#9785 = VECTOR('',#9786,1.);
#9786 = DIRECTION('',(1.,0.));
#9787 = ( GEOMETRIC_REPRESENTATION_CONTEXT(2)
PARAMETRIC_REPRESENTATION_CONTEXT() REPRESENTATION_CONTEXT('2D SPACE',''
  ) );
#9788 = PCURVE('',#9498,#9789);
#9789 = DEFINITIONAL_REPRESENTATION('',(#9790),#9794);
#9790 = LINE('',#9791,#9792);
#9791 = CARTESIAN_POINT('',(-1.164393257091,1.527788957178));
#9792 = VECTOR('',#9793,1.);
#9793 = DIRECTION('',(-1.960407493445E-02,-0.999807821657));
#9794 = ( GEOMETRIC_REPRESENTATION_CONTEXT(2)
PARAMETRIC_REPRESENTATION_CONTEXT() REPRESENTATION_CONTEXT('2D SPACE',''
  ) );
#9795 = ORIENTED_EDGE('',*,*,#9673,.F.);
#9796 = ORIENTED_EDGE('',*,*,#9797,.F.);
#9797 = EDGE_CURVE('',#9751,#9651,#9798,.T.);
#9798 = SURFACE_CURVE('',#9799,(#9803,#9810),.PCURVE_S1.);
#9799 = LINE('',#9800,#9801);
#9800 = CARTESIAN_POINT('',(40.3,3.,51.));
#9801 = VECTOR('',#9802,1.);
#9802 = DIRECTION('',(1.960407493445E-02,0.,-0.999807821657));
#9803 = PCURVE('',#9689,#9804);
#9804 = DEFINITIONAL_REPRESENTATION('',(#9805),#9809);
#9805 = LINE('',#9806,#9807);
#9806 = CARTESIAN_POINT('',(0.,0.));
#9807 = VECTOR('',#9808,1.);
#9808 = DIRECTION('',(1.,0.));
#9809 = ( GEOMETRIC_REPRESENTATION_CONTEXT(2)
PARAMETRIC_REPRESENTATION_CONTEXT() REPRESENTATION_CONTEXT('2D SPACE',''
  ) );
#9810 = PCURVE('',#9371,#9811);
#9811 = DEFINITIONAL_REPRESENTATION('',(#9812),#9816);
#9812 = LINE('',#9813,#9814);
#9813 = CARTESIAN_POINT('',(-1.164393257091,1.527788957178));
#9814 = VECTOR('',#9815,1.);
#9815 = DIRECTION('',(-1.960407493445E-02,-0.999807821657));
#9816 = ( GEOMETRIC_REPRESENTATION_CONTEXT(2)
PARAMETRIC_REPRESENTATION_CONTEXT() REPRESENTATION_CONTEXT('2D SPACE',''
  ) );
#9817 = ADVANCED_FACE('',(#9818),#9527,.T.);
#9818 = FACE_BOUND('',#9819,.T.);
#9819 = EDGE_LOOP('',(#9820,#9821,#9822));
#9820 = ORIENTED_EDGE('',*,*,#9510,.F.);
#9821 = ORIENTED_EDGE('',*,*,#9724,.T.);
#9822 = ORIENTED_EDGE('',*,*,#9823,.T.);
#9823 = EDGE_CURVE('',#9702,#9483,#9824,.T.);
#9824 = SURFACE_CURVE('',#9825,(#9829,#9836),.PCURVE_S1.);
#9825 = LINE('',#9826,#9827);
#9826 = CARTESIAN_POINT('',(39.45,-3.,47.15));
#9827 = VECTOR('',#9828,1.);
#9828 = DIRECTION('',(-1.,0.,1.110223024625E-16));
#9829 = PCURVE('',#9527,#9830);
#9830 = DEFINITIONAL_REPRESENTATION('',(#9831),#9835);
#9831 = LINE('',#9832,#9833);
#9832 = CARTESIAN_POINT('',(0.,-6.));
#9833 = VECTOR('',#9834,1.);
#9834 = DIRECTION('',(1.,0.));
#9835 = ( GEOMETRIC_REPRESENTATION_CONTEXT(2)
PARAMETRIC_REPRESENTATION_CONTEXT() REPRESENTATION_CONTEXT('2D SPACE',''
  ) );
#9836 = PCURVE('',#9498,#9837);
#9837 = DEFINITIONAL_REPRESENTATION('',(#9838),#9842);
#9838 = LINE('',#9839,#9840);
#9839 = CARTESIAN_POINT('',(-0.314393257091,-2.322211042822));
#9840 = VECTOR('',#9841,1.);
#9841 = DIRECTION('',(1.,0.));
#9842 = ( GEOMETRIC_REPRESENTATION_CONTEXT(2)
PARAMETRIC_REPRESENTATION_CONTEXT() REPRESENTATION_CONTEXT('2D SPACE',''
  ) );
#9843 = ADVANCED_FACE('',(#9844),#9498,.F.);
#9844 = FACE_BOUND('',#9845,.F.);
#9845 = EDGE_LOOP('',(#9846,#9847,#9870,#9891,#9892,#9893));
#9846 = ORIENTED_EDGE('',*,*,#9482,.F.);
#9847 = ORIENTED_EDGE('',*,*,#9848,.T.);
#9848 = EDGE_CURVE('',#9450,#9849,#9851,.T.);
#9849 = VERTEX_POINT('',#9850);
#9850 = CARTESIAN_POINT('',(39.45,-3.,51.75));
#9851 = SURFACE_CURVE('',#9852,(#9856,#9863),.PCURVE_S1.);
#9852 = LINE('',#9853,#9854);
#9853 = CARTESIAN_POINT('',(38.2,-3.,51.75));
#9854 = VECTOR('',#9855,1.);
#9855 = DIRECTION('',(1.,0.,-1.110223024625E-16));
#9856 = PCURVE('',#9498,#9857);
#9857 = DEFINITIONAL_REPRESENTATION('',(#9858),#9862);
#9858 = LINE('',#9859,#9860);
#9859 = CARTESIAN_POINT('',(0.935606742909,2.277788957178));
#9860 = VECTOR('',#9861,1.);
#9861 = DIRECTION('',(-1.,0.));
#9862 = ( GEOMETRIC_REPRESENTATION_CONTEXT(2)
PARAMETRIC_REPRESENTATION_CONTEXT() REPRESENTATION_CONTEXT('2D SPACE',''
  ) );
#9863 = PCURVE('',#9466,#9864);
#9864 = DEFINITIONAL_REPRESENTATION('',(#9865),#9869);
#9865 = LINE('',#9866,#9867);
#9866 = CARTESIAN_POINT('',(0.,-6.));
#9867 = VECTOR('',#9868,1.);
#9868 = DIRECTION('',(1.,0.));
#9869 = ( GEOMETRIC_REPRESENTATION_CONTEXT(2)
PARAMETRIC_REPRESENTATION_CONTEXT() REPRESENTATION_CONTEXT('2D SPACE',''
  ) );
#9870 = ORIENTED_EDGE('',*,*,#9871,.T.);
#9871 = EDGE_CURVE('',#9849,#9753,#9872,.T.);
#9872 = SURFACE_CURVE('',#9873,(#9877,#9884),.PCURVE_S1.);
#9873 = LINE('',#9874,#9875);
#9874 = CARTESIAN_POINT('',(39.45,-3.,51.75));
#9875 = VECTOR('',#9876,1.);
#9876 = DIRECTION('',(0.749837855365,0.,-0.661621637087));
#9877 = PCURVE('',#9498,#9878);
#9878 = DEFINITIONAL_REPRESENTATION('',(#9879),#9883);
#9879 = LINE('',#9880,#9881);
#9880 = CARTESIAN_POINT('',(-0.314393257091,2.277788957178));
#9881 = VECTOR('',#9882,1.);
#9882 = DIRECTION('',(-0.749837855365,-0.661621637087));
#9883 = ( GEOMETRIC_REPRESENTATION_CONTEXT(2)
PARAMETRIC_REPRESENTATION_CONTEXT() REPRESENTATION_CONTEXT('2D SPACE',''
  ) );
#9884 = PCURVE('',#9437,#9885);
#9885 = DEFINITIONAL_REPRESENTATION('',(#9886),#9890);
#9886 = LINE('',#9887,#9888);
#9887 = CARTESIAN_POINT('',(0.,-6.));
#9888 = VECTOR('',#9889,1.);
#9889 = DIRECTION('',(1.,0.));
#9890 = ( GEOMETRIC_REPRESENTATION_CONTEXT(2)
PARAMETRIC_REPRESENTATION_CONTEXT() REPRESENTATION_CONTEXT('2D SPACE',''
  ) );
#9891 = ORIENTED_EDGE('',*,*,#9775,.T.);
#9892 = ORIENTED_EDGE('',*,*,#9701,.T.);
#9893 = ORIENTED_EDGE('',*,*,#9823,.T.);
#9894 = ADVANCED_FACE('',(#9895),#9466,.T.);
#9895 = FACE_BOUND('',#9896,.T.);
#9896 = EDGE_LOOP('',(#9897,#9898,#9899));
#9897 = ORIENTED_EDGE('',*,*,#9449,.T.);
#9898 = ORIENTED_EDGE('',*,*,#9848,.T.);
#9899 = ORIENTED_EDGE('',*,*,#9900,.F.);
#9900 = EDGE_CURVE('',#9417,#9849,#9901,.T.);
#9901 = SURFACE_CURVE('',#9902,(#9906,#9913),.PCURVE_S1.);
#9902 = LINE('',#9903,#9904);
#9903 = CARTESIAN_POINT('',(39.45,3.,51.75));
#9904 = VECTOR('',#9905,1.);
#9905 = DIRECTION('',(0.,-1.,0.));
#9906 = PCURVE('',#9466,#9907);
#9907 = DEFINITIONAL_REPRESENTATION('',(#9908),#9912);
#9908 = LINE('',#9909,#9910);
#9909 = CARTESIAN_POINT('',(1.25,0.));
#9910 = VECTOR('',#9911,1.);
#9911 = DIRECTION('',(0.,-1.));
#9912 = ( GEOMETRIC_REPRESENTATION_CONTEXT(2)
PARAMETRIC_REPRESENTATION_CONTEXT() REPRESENTATION_CONTEXT('2D SPACE',''
  ) );
#9913 = PCURVE('',#9437,#9914);
#9914 = DEFINITIONAL_REPRESENTATION('',(#9915),#9919);
#9915 = LINE('',#9916,#9917);
#9916 = CARTESIAN_POINT('',(0.,0.));
#9917 = VECTOR('',#9918,1.);
#9918 = DIRECTION('',(0.,-1.));
#9919 = ( GEOMETRIC_REPRESENTATION_CONTEXT(2)
PARAMETRIC_REPRESENTATION_CONTEXT() REPRESENTATION_CONTEXT('2D SPACE',''
  ) );
#9920 = ADVANCED_FACE('',(#9921),#9437,.T.);
#9921 = FACE_BOUND('',#9922,.T.);
#9922 = EDGE_LOOP('',(#9923,#9946,#9967,#9968,#9969,#9970));
#9923 = ORIENTED_EDGE('',*,*,#9924,.F.);
#9924 = EDGE_CURVE('',#9925,#9751,#9927,.T.);
#9925 = VERTEX_POINT('',#9926);
#9926 = CARTESIAN_POINT('',(39.45,3.,51.75));
#9927 = SURFACE_CURVE('',#9928,(#9932,#9939),.PCURVE_S1.);
#9928 = LINE('',#9929,#9930);
#9929 = CARTESIAN_POINT('',(39.45,3.,51.75));
#9930 = VECTOR('',#9931,1.);
#9931 = DIRECTION('',(0.749837855365,0.,-0.661621637087));
#9932 = PCURVE('',#9437,#9933);
#9933 = DEFINITIONAL_REPRESENTATION('',(#9934),#9938);
#9934 = LINE('',#9935,#9936);
#9935 = CARTESIAN_POINT('',(0.,0.));
#9936 = VECTOR('',#9937,1.);
#9937 = DIRECTION('',(1.,0.));
#9938 = ( GEOMETRIC_REPRESENTATION_CONTEXT(2)
PARAMETRIC_REPRESENTATION_CONTEXT() REPRESENTATION_CONTEXT('2D SPACE',''
  ) );
#9939 = PCURVE('',#9371,#9940);
#9940 = DEFINITIONAL_REPRESENTATION('',(#9941),#9945);
#9941 = LINE('',#9942,#9943);
#9942 = CARTESIAN_POINT('',(-0.314393257091,2.277788957178));
#9943 = VECTOR('',#9944,1.);
#9944 = DIRECTION('',(-0.749837855365,-0.661621637087));
#9945 = ( GEOMETRIC_REPRESENTATION_CONTEXT(2)
PARAMETRIC_REPRESENTATION_CONTEXT() REPRESENTATION_CONTEXT('2D SPACE',''
  ) );
#9946 = ORIENTED_EDGE('',*,*,#9947,.T.);
#9947 = EDGE_CURVE('',#9925,#9384,#9948,.T.);
#9948 = SURFACE_CURVE('',#9949,(#9953,#9960),.PCURVE_S1.);
#9949 = LINE('',#9950,#9951);
#9950 = CARTESIAN_POINT('',(39.45,3.,51.75));
#9951 = VECTOR('',#9952,1.);
#9952 = DIRECTION('',(0.,-1.,0.));
#9953 = PCURVE('',#9437,#9954);
#9954 = DEFINITIONAL_REPRESENTATION('',(#9955),#9959);
#9955 = LINE('',#9956,#9957);
#9956 = CARTESIAN_POINT('',(0.,0.));
#9957 = VECTOR('',#9958,1.);
#9958 = DIRECTION('',(0.,-1.));
#9959 = ( GEOMETRIC_REPRESENTATION_CONTEXT(2)
PARAMETRIC_REPRESENTATION_CONTEXT() REPRESENTATION_CONTEXT('2D SPACE',''
  ) );
#9960 = PCURVE('',#9400,#9961);
#9961 = DEFINITIONAL_REPRESENTATION('',(#9962),#9966);
#9962 = LINE('',#9963,#9964);
#9963 = CARTESIAN_POINT('',(1.25,0.));
#9964 = VECTOR('',#9965,1.);
#9965 = DIRECTION('',(0.,-1.));
#9966 = ( GEOMETRIC_REPRESENTATION_CONTEXT(2)
PARAMETRIC_REPRESENTATION_CONTEXT() REPRESENTATION_CONTEXT('2D SPACE',''
  ) );
#9967 = ORIENTED_EDGE('',*,*,#9416,.F.);
#9968 = ORIENTED_EDGE('',*,*,#9900,.T.);
#9969 = ORIENTED_EDGE('',*,*,#9871,.T.);
#9970 = ORIENTED_EDGE('',*,*,#9750,.F.);
#9971 = ADVANCED_FACE('',(#9972),#9400,.T.);
#9972 = FACE_BOUND('',#9973,.T.);
#9973 = EDGE_LOOP('',(#9974,#9995,#9996));
#9974 = ORIENTED_EDGE('',*,*,#9975,.F.);
#9975 = EDGE_CURVE('',#9354,#9925,#9976,.T.);
#9976 = SURFACE_CURVE('',#9977,(#9981,#9988),.PCURVE_S1.);
#9977 = LINE('',#9978,#9979);
#9978 = CARTESIAN_POINT('',(38.2,3.,51.75));
#9979 = VECTOR('',#9980,1.);
#9980 = DIRECTION('',(1.,0.,-1.110223024625E-16));
#9981 = PCURVE('',#9400,#9982);
#9982 = DEFINITIONAL_REPRESENTATION('',(#9983),#9987);
#9983 = LINE('',#9984,#9985);
#9984 = CARTESIAN_POINT('',(0.,0.));
#9985 = VECTOR('',#9986,1.);
#9986 = DIRECTION('',(1.,0.));
#9987 = ( GEOMETRIC_REPRESENTATION_CONTEXT(2)
PARAMETRIC_REPRESENTATION_CONTEXT() REPRESENTATION_CONTEXT('2D SPACE',''
  ) );
#9988 = PCURVE('',#9371,#9989);
#9989 = DEFINITIONAL_REPRESENTATION('',(#9990),#9994);
#9990 = LINE('',#9991,#9992);
#9991 = CARTESIAN_POINT('',(0.935606742909,2.277788957178));
#9992 = VECTOR('',#9993,1.);
#9993 = DIRECTION('',(-1.,0.));
#9994 = ( GEOMETRIC_REPRESENTATION_CONTEXT(2)
PARAMETRIC_REPRESENTATION_CONTEXT() REPRESENTATION_CONTEXT('2D SPACE',''
  ) );
#9995 = ORIENTED_EDGE('',*,*,#9383,.T.);
#9996 = ORIENTED_EDGE('',*,*,#9947,.F.);
#9997 = ADVANCED_FACE('',(#9998),#9371,.T.);
#9998 = FACE_BOUND('',#9999,.T.);
#9999 = EDGE_LOOP('',(#10000,#10001,#10002,#10003,#10004,#10005));
#10000 = ORIENTED_EDGE('',*,*,#9353,.F.);
#10001 = ORIENTED_EDGE('',*,*,#9975,.T.);
#10002 = ORIENTED_EDGE('',*,*,#9924,.T.);
#10003 = ORIENTED_EDGE('',*,*,#9797,.T.);
#10004 = ORIENTED_EDGE('',*,*,#9650,.T.);
#10005 = ORIENTED_EDGE('',*,*,#9602,.T.);
#10006 = ADVANCED_FACE('',(#10007),#9339,.T.);
#10007 = FACE_BOUND('',#10008,.T.);
#10008 = EDGE_LOOP('',(#10009,#10034,#10055,#10056,#10079,#10102));
#10009 = ORIENTED_EDGE('',*,*,#10010,.F.);
#10010 = EDGE_CURVE('',#10011,#10013,#10015,.T.);
#10011 = VERTEX_POINT('',#10012);
#10012 = CARTESIAN_POINT('',(30.55,3.,47.15));
#10013 = VERTEX_POINT('',#10014);
#10014 = CARTESIAN_POINT('',(29.65,3.,48.45));
#10015 = SURFACE_CURVE('',#10016,(#10020,#10027),.PCURVE_S1.);
#10016 = LINE('',#10017,#10018);
#10017 = CARTESIAN_POINT('',(30.55,3.,47.15));
#10018 = VECTOR('',#10019,1.);
#10019 = DIRECTION('',(-0.56920997883,0.,0.822192191644));
#10020 = PCURVE('',#9339,#10021);
#10021 = DEFINITIONAL_REPRESENTATION('',(#10022),#10026);
#10022 = LINE('',#10023,#10024);
#10023 = CARTESIAN_POINT('',(0.,0.));
#10024 = VECTOR('',#10025,1.);
#10025 = DIRECTION('',(1.,0.));
#10026 = ( GEOMETRIC_REPRESENTATION_CONTEXT(2)
PARAMETRIC_REPRESENTATION_CONTEXT() REPRESENTATION_CONTEXT('2D SPACE',''
  ) );
#10027 = PCURVE('',#9279,#10028);
#10028 = DEFINITIONAL_REPRESENTATION('',(#10029),#10033);
#10029 = LINE('',#10030,#10031);
#10030 = CARTESIAN_POINT('',(0.314393257091,-2.322211042822));
#10031 = VECTOR('',#10032,1.);
#10032 = DIRECTION('',(0.56920997883,0.822192191644));
#10033 = ( GEOMETRIC_REPRESENTATION_CONTEXT(2)
PARAMETRIC_REPRESENTATION_CONTEXT() REPRESENTATION_CONTEXT('2D SPACE',''
  ) );
#10034 = ORIENTED_EDGE('',*,*,#10035,.T.);
#10035 = EDGE_CURVE('',#10011,#9292,#10036,.T.);
#10036 = SURFACE_CURVE('',#10037,(#10041,#10048),.PCURVE_S1.);
#10037 = LINE('',#10038,#10039);
#10038 = CARTESIAN_POINT('',(30.55,3.,47.15));
#10039 = VECTOR('',#10040,1.);
#10040 = DIRECTION('',(0.,-1.,0.));
#10041 = PCURVE('',#9339,#10042);
#10042 = DEFINITIONAL_REPRESENTATION('',(#10043),#10047);
#10043 = LINE('',#10044,#10045);
#10044 = CARTESIAN_POINT('',(0.,0.));
#10045 = VECTOR('',#10046,1.);
#10046 = DIRECTION('',(0.,-1.));
#10047 = ( GEOMETRIC_REPRESENTATION_CONTEXT(2)
PARAMETRIC_REPRESENTATION_CONTEXT() REPRESENTATION_CONTEXT('2D SPACE',''
  ) );
#10048 = PCURVE('',#9308,#10049);
#10049 = DEFINITIONAL_REPRESENTATION('',(#10050),#10054);
#10050 = LINE('',#10051,#10052);
#10051 = CARTESIAN_POINT('',(1.25,0.));
#10052 = VECTOR('',#10053,1.);
#10053 = DIRECTION('',(0.,-1.));
#10054 = ( GEOMETRIC_REPRESENTATION_CONTEXT(2)
PARAMETRIC_REPRESENTATION_CONTEXT() REPRESENTATION_CONTEXT('2D SPACE',''
  ) );
#10055 = ORIENTED_EDGE('',*,*,#9320,.F.);
#10056 = ORIENTED_EDGE('',*,*,#10057,.T.);
#10057 = EDGE_CURVE('',#9108,#10058,#10060,.T.);
#10058 = VERTEX_POINT('',#10059);
#10059 = CARTESIAN_POINT('',(30.55,-3.,47.15));
#10060 = SURFACE_CURVE('',#10061,(#10065,#10072),.PCURVE_S1.);
#10061 = LINE('',#10062,#10063);
#10062 = CARTESIAN_POINT('',(30.55,3.,47.15));
#10063 = VECTOR('',#10064,1.);
#10064 = DIRECTION('',(0.,-1.,0.));
#10065 = PCURVE('',#9339,#10066);
#10066 = DEFINITIONAL_REPRESENTATION('',(#10067),#10071);
#10067 = LINE('',#10068,#10069);
#10068 = CARTESIAN_POINT('',(0.,0.));
#10069 = VECTOR('',#10070,1.);
#10070 = DIRECTION('',(0.,-1.));
#10071 = ( GEOMETRIC_REPRESENTATION_CONTEXT(2)
PARAMETRIC_REPRESENTATION_CONTEXT() REPRESENTATION_CONTEXT('2D SPACE',''
  ) );
#10072 = PCURVE('',#9124,#10073);
#10073 = DEFINITIONAL_REPRESENTATION('',(#10074),#10078);
#10074 = LINE('',#10075,#10076);
#10075 = CARTESIAN_POINT('',(1.25,0.));
#10076 = VECTOR('',#10077,1.);
#10077 = DIRECTION('',(0.,-1.));
#10078 = ( GEOMETRIC_REPRESENTATION_CONTEXT(2)
PARAMETRIC_REPRESENTATION_CONTEXT() REPRESENTATION_CONTEXT('2D SPACE',''
  ) );
#10079 = ORIENTED_EDGE('',*,*,#10080,.T.);
#10080 = EDGE_CURVE('',#10058,#10081,#10083,.T.);
#10081 = VERTEX_POINT('',#10082);
#10082 = CARTESIAN_POINT('',(29.65,-3.,48.45));
#10083 = SURFACE_CURVE('',#10084,(#10088,#10095),.PCURVE_S1.);
#10084 = LINE('',#10085,#10086);
#10085 = CARTESIAN_POINT('',(30.55,-3.,47.15));
#10086 = VECTOR('',#10087,1.);
#10087 = DIRECTION('',(-0.56920997883,0.,0.822192191644));
#10088 = PCURVE('',#9339,#10089);
#10089 = DEFINITIONAL_REPRESENTATION('',(#10090),#10094);
#10090 = LINE('',#10091,#10092);
#10091 = CARTESIAN_POINT('',(0.,-6.));
#10092 = VECTOR('',#10093,1.);
#10093 = DIRECTION('',(1.,0.));
#10094 = ( GEOMETRIC_REPRESENTATION_CONTEXT(2)
PARAMETRIC_REPRESENTATION_CONTEXT() REPRESENTATION_CONTEXT('2D SPACE',''
  ) );
#10095 = PCURVE('',#9152,#10096);
#10096 = DEFINITIONAL_REPRESENTATION('',(#10097),#10101);
#10097 = LINE('',#10098,#10099);
#10098 = CARTESIAN_POINT('',(0.314393257091,-2.322211042822));
#10099 = VECTOR('',#10100,1.);
#10100 = DIRECTION('',(0.56920997883,0.822192191644));
#10101 = ( GEOMETRIC_REPRESENTATION_CONTEXT(2)
PARAMETRIC_REPRESENTATION_CONTEXT() REPRESENTATION_CONTEXT('2D SPACE',''
  ) );
#10102 = ORIENTED_EDGE('',*,*,#10103,.F.);
#10103 = EDGE_CURVE('',#10013,#10081,#10104,.T.);
#10104 = SURFACE_CURVE('',#10105,(#10109,#10116),.PCURVE_S1.);
#10105 = LINE('',#10106,#10107);
#10106 = CARTESIAN_POINT('',(29.65,3.,48.45));
#10107 = VECTOR('',#10108,1.);
#10108 = DIRECTION('',(0.,-1.,0.));
#10109 = PCURVE('',#9339,#10110);
#10110 = DEFINITIONAL_REPRESENTATION('',(#10111),#10115);
#10111 = LINE('',#10112,#10113);
#10112 = CARTESIAN_POINT('',(1.581138830084,0.));
#10113 = VECTOR('',#10114,1.);
#10114 = DIRECTION('',(0.,-1.));
#10115 = ( GEOMETRIC_REPRESENTATION_CONTEXT(2)
PARAMETRIC_REPRESENTATION_CONTEXT() REPRESENTATION_CONTEXT('2D SPACE',''
  ) );
#10116 = PCURVE('',#10117,#10122);
#10117 = PLANE('',#10118);
#10118 = AXIS2_PLACEMENT_3D('',#10119,#10120,#10121);
#10119 = CARTESIAN_POINT('',(29.65,3.,48.45));
#10120 = DIRECTION('',(-0.999807821657,0.,1.960407493445E-02));
#10121 = DIRECTION('',(1.960407493445E-02,0.,0.999807821657));
#10122 = DEFINITIONAL_REPRESENTATION('',(#10123),#10127);
#10123 = LINE('',#10124,#10125);
#10124 = CARTESIAN_POINT('',(0.,0.));
#10125 = VECTOR('',#10126,1.);
#10126 = DIRECTION('',(0.,-1.));
#10127 = ( GEOMETRIC_REPRESENTATION_CONTEXT(2)
PARAMETRIC_REPRESENTATION_CONTEXT() REPRESENTATION_CONTEXT('2D SPACE',''
  ) );
#10128 = ADVANCED_FACE('',(#10129),#10117,.T.);
#10129 = FACE_BOUND('',#10130,.T.);
#10130 = EDGE_LOOP('',(#10131,#10132,#10155,#10178));
#10131 = ORIENTED_EDGE('',*,*,#10103,.T.);
#10132 = ORIENTED_EDGE('',*,*,#10133,.T.);
#10133 = EDGE_CURVE('',#10081,#10134,#10136,.T.);
#10134 = VERTEX_POINT('',#10135);
#10135 = CARTESIAN_POINT('',(29.7,-3.,51.));
#10136 = SURFACE_CURVE('',#10137,(#10141,#10148),.PCURVE_S1.);
#10137 = LINE('',#10138,#10139);
#10138 = CARTESIAN_POINT('',(29.65,-3.,48.45));
#10139 = VECTOR('',#10140,1.);
#10140 = DIRECTION('',(1.960407493445E-02,0.,0.999807821657));
#10141 = PCURVE('',#10117,#10142);
#10142 = DEFINITIONAL_REPRESENTATION('',(#10143),#10147);
#10143 = LINE('',#10144,#10145);
#10144 = CARTESIAN_POINT('',(0.,-6.));
#10145 = VECTOR('',#10146,1.);
#10146 = DIRECTION('',(1.,0.));
#10147 = ( GEOMETRIC_REPRESENTATION_CONTEXT(2)
PARAMETRIC_REPRESENTATION_CONTEXT() REPRESENTATION_CONTEXT('2D SPACE',''
  ) );
#10148 = PCURVE('',#9152,#10149);
#10149 = DEFINITIONAL_REPRESENTATION('',(#10150),#10154);
#10150 = LINE('',#10151,#10152);
#10151 = CARTESIAN_POINT('',(1.214393257091,-1.022211042822));
#10152 = VECTOR('',#10153,1.);
#10153 = DIRECTION('',(-1.960407493445E-02,0.999807821657));
#10154 = ( GEOMETRIC_REPRESENTATION_CONTEXT(2)
PARAMETRIC_REPRESENTATION_CONTEXT() REPRESENTATION_CONTEXT('2D SPACE',''
  ) );
#10155 = ORIENTED_EDGE('',*,*,#10156,.F.);
#10156 = EDGE_CURVE('',#10157,#10134,#10159,.T.);
#10157 = VERTEX_POINT('',#10158);
#10158 = CARTESIAN_POINT('',(29.7,3.,51.));
#10159 = SURFACE_CURVE('',#10160,(#10164,#10171),.PCURVE_S1.);
#10160 = LINE('',#10161,#10162);
#10161 = CARTESIAN_POINT('',(29.7,3.,51.));
#10162 = VECTOR('',#10163,1.);
#10163 = DIRECTION('',(0.,-1.,0.));
#10164 = PCURVE('',#10117,#10165);
#10165 = DEFINITIONAL_REPRESENTATION('',(#10166),#10170);
#10166 = LINE('',#10167,#10168);
#10167 = CARTESIAN_POINT('',(2.550490148971,0.));
#10168 = VECTOR('',#10169,1.);
#10169 = DIRECTION('',(0.,-1.));
#10170 = ( GEOMETRIC_REPRESENTATION_CONTEXT(2)
PARAMETRIC_REPRESENTATION_CONTEXT() REPRESENTATION_CONTEXT('2D SPACE',''
  ) );
#10171 = PCURVE('',#9218,#10172);
#10172 = DEFINITIONAL_REPRESENTATION('',(#10173),#10177);
#10173 = LINE('',#10174,#10175);
#10174 = CARTESIAN_POINT('',(0.,0.));
#10175 = VECTOR('',#10176,1.);
#10176 = DIRECTION('',(0.,-1.));
#10177 = ( GEOMETRIC_REPRESENTATION_CONTEXT(2)
PARAMETRIC_REPRESENTATION_CONTEXT() REPRESENTATION_CONTEXT('2D SPACE',''
  ) );
#10178 = ORIENTED_EDGE('',*,*,#10179,.F.);
#10179 = EDGE_CURVE('',#10013,#10157,#10180,.T.);
#10180 = SURFACE_CURVE('',#10181,(#10185,#10192),.PCURVE_S1.);
#10181 = LINE('',#10182,#10183);
#10182 = CARTESIAN_POINT('',(29.65,3.,48.45));
#10183 = VECTOR('',#10184,1.);
#10184 = DIRECTION('',(1.960407493445E-02,0.,0.999807821657));
#10185 = PCURVE('',#10117,#10186);
#10186 = DEFINITIONAL_REPRESENTATION('',(#10187),#10191);
#10187 = LINE('',#10188,#10189);
#10188 = CARTESIAN_POINT('',(0.,0.));
#10189 = VECTOR('',#10190,1.);
#10190 = DIRECTION('',(1.,0.));
#10191 = ( GEOMETRIC_REPRESENTATION_CONTEXT(2)
PARAMETRIC_REPRESENTATION_CONTEXT() REPRESENTATION_CONTEXT('2D SPACE',''
  ) );
#10192 = PCURVE('',#9279,#10193);
#10193 = DEFINITIONAL_REPRESENTATION('',(#10194),#10198);
#10194 = LINE('',#10195,#10196);
#10195 = CARTESIAN_POINT('',(1.214393257091,-1.022211042822));
#10196 = VECTOR('',#10197,1.);
#10197 = DIRECTION('',(-1.960407493445E-02,0.999807821657));
#10198 = ( GEOMETRIC_REPRESENTATION_CONTEXT(2)
PARAMETRIC_REPRESENTATION_CONTEXT() REPRESENTATION_CONTEXT('2D SPACE',''
  ) );
#10199 = ADVANCED_FACE('',(#10200),#9308,.T.);
#10200 = FACE_BOUND('',#10201,.T.);
#10201 = EDGE_LOOP('',(#10202,#10223,#10224));
#10202 = ORIENTED_EDGE('',*,*,#10203,.F.);
#10203 = EDGE_CURVE('',#9264,#10011,#10204,.T.);
#10204 = SURFACE_CURVE('',#10205,(#10209,#10216),.PCURVE_S1.);
#10205 = LINE('',#10206,#10207);
#10206 = CARTESIAN_POINT('',(31.8,3.,47.15));
#10207 = VECTOR('',#10208,1.);
#10208 = DIRECTION('',(-1.,0.,1.110223024625E-16));
#10209 = PCURVE('',#9308,#10210);
#10210 = DEFINITIONAL_REPRESENTATION('',(#10211),#10215);
#10211 = LINE('',#10212,#10213);
#10212 = CARTESIAN_POINT('',(0.,0.));
#10213 = VECTOR('',#10214,1.);
#10214 = DIRECTION('',(1.,0.));
#10215 = ( GEOMETRIC_REPRESENTATION_CONTEXT(2)
PARAMETRIC_REPRESENTATION_CONTEXT() REPRESENTATION_CONTEXT('2D SPACE',''
  ) );
#10216 = PCURVE('',#9279,#10217);
#10217 = DEFINITIONAL_REPRESENTATION('',(#10218),#10222);
#10218 = LINE('',#10219,#10220);
#10219 = CARTESIAN_POINT('',(-0.935606742909,-2.322211042822));
#10220 = VECTOR('',#10221,1.);
#10221 = DIRECTION('',(1.,0.));
#10222 = ( GEOMETRIC_REPRESENTATION_CONTEXT(2)
PARAMETRIC_REPRESENTATION_CONTEXT() REPRESENTATION_CONTEXT('2D SPACE',''
  ) );
#10223 = ORIENTED_EDGE('',*,*,#9291,.F.);
#10224 = ORIENTED_EDGE('',*,*,#10035,.F.);
#10225 = ADVANCED_FACE('',(#10226),#9279,.T.);
#10226 = FACE_BOUND('',#10227,.T.);
#10227 = EDGE_LOOP('',(#10228,#10229,#10230,#10231,#10232,#10255));
#10228 = ORIENTED_EDGE('',*,*,#9263,.T.);
#10229 = ORIENTED_EDGE('',*,*,#10203,.T.);
#10230 = ORIENTED_EDGE('',*,*,#10010,.T.);
#10231 = ORIENTED_EDGE('',*,*,#10179,.T.);
#10232 = ORIENTED_EDGE('',*,*,#10233,.T.);
#10233 = EDGE_CURVE('',#10157,#10234,#10236,.T.);
#10234 = VERTEX_POINT('',#10235);
#10235 = CARTESIAN_POINT('',(30.55,3.,51.75));
#10236 = SURFACE_CURVE('',#10237,(#10241,#10248),.PCURVE_S1.);
#10237 = LINE('',#10238,#10239);
#10238 = CARTESIAN_POINT('',(29.7,3.,51.));
#10239 = VECTOR('',#10240,1.);
#10240 = DIRECTION('',(0.749837855365,0.,0.661621637087));
#10241 = PCURVE('',#9279,#10242);
#10242 = DEFINITIONAL_REPRESENTATION('',(#10243),#10247);
#10243 = LINE('',#10244,#10245);
#10244 = CARTESIAN_POINT('',(1.164393257091,1.527788957178));
#10245 = VECTOR('',#10246,1.);
#10246 = DIRECTION('',(-0.749837855365,0.661621637087));
#10247 = ( GEOMETRIC_REPRESENTATION_CONTEXT(2)
PARAMETRIC_REPRESENTATION_CONTEXT() REPRESENTATION_CONTEXT('2D SPACE',''
  ) );
#10248 = PCURVE('',#9218,#10249);
#10249 = DEFINITIONAL_REPRESENTATION('',(#10250),#10254);
#10250 = LINE('',#10251,#10252);
#10251 = CARTESIAN_POINT('',(0.,0.));
#10252 = VECTOR('',#10253,1.);
#10253 = DIRECTION('',(1.,0.));
#10254 = ( GEOMETRIC_REPRESENTATION_CONTEXT(2)
PARAMETRIC_REPRESENTATION_CONTEXT() REPRESENTATION_CONTEXT('2D SPACE',''
  ) );
#10255 = ORIENTED_EDGE('',*,*,#10256,.T.);
#10256 = EDGE_CURVE('',#10234,#9231,#10257,.T.);
#10257 = SURFACE_CURVE('',#10258,(#10262,#10269),.PCURVE_S1.);
#10258 = LINE('',#10259,#10260);
#10259 = CARTESIAN_POINT('',(30.55,3.,51.75));
#10260 = VECTOR('',#10261,1.);
#10261 = DIRECTION('',(1.,0.,-1.110223024625E-16));
#10262 = PCURVE('',#9279,#10263);
#10263 = DEFINITIONAL_REPRESENTATION('',(#10264),#10268);
#10264 = LINE('',#10265,#10266);
#10265 = CARTESIAN_POINT('',(0.314393257091,2.277788957178));
#10266 = VECTOR('',#10267,1.);
#10267 = DIRECTION('',(-1.,0.));
#10268 = ( GEOMETRIC_REPRESENTATION_CONTEXT(2)
PARAMETRIC_REPRESENTATION_CONTEXT() REPRESENTATION_CONTEXT('2D SPACE',''
  ) );
#10269 = PCURVE('',#9247,#10270);
#10270 = DEFINITIONAL_REPRESENTATION('',(#10271),#10275);
#10271 = LINE('',#10272,#10273);
#10272 = CARTESIAN_POINT('',(0.,0.));
#10273 = VECTOR('',#10274,1.);
#10274 = DIRECTION('',(1.,0.));
#10275 = ( GEOMETRIC_REPRESENTATION_CONTEXT(2)
PARAMETRIC_REPRESENTATION_CONTEXT() REPRESENTATION_CONTEXT('2D SPACE',''
  ) );
#10276 = ADVANCED_FACE('',(#10277),#9247,.T.);
#10277 = FACE_BOUND('',#10278,.T.);
#10278 = EDGE_LOOP('',(#10279,#10280,#10301));
#10279 = ORIENTED_EDGE('',*,*,#10256,.F.);
#10280 = ORIENTED_EDGE('',*,*,#10281,.T.);
#10281 = EDGE_CURVE('',#10234,#9198,#10282,.T.);
#10282 = SURFACE_CURVE('',#10283,(#10287,#10294),.PCURVE_S1.);
#10283 = LINE('',#10284,#10285);
#10284 = CARTESIAN_POINT('',(30.55,3.,51.75));
#10285 = VECTOR('',#10286,1.);
#10286 = DIRECTION('',(0.,-1.,0.));
#10287 = PCURVE('',#9247,#10288);
#10288 = DEFINITIONAL_REPRESENTATION('',(#10289),#10293);
#10289 = LINE('',#10290,#10291);
#10290 = CARTESIAN_POINT('',(0.,0.));
#10291 = VECTOR('',#10292,1.);
#10292 = DIRECTION('',(0.,-1.));
#10293 = ( GEOMETRIC_REPRESENTATION_CONTEXT(2)
PARAMETRIC_REPRESENTATION_CONTEXT() REPRESENTATION_CONTEXT('2D SPACE',''
  ) );
#10294 = PCURVE('',#9218,#10295);
#10295 = DEFINITIONAL_REPRESENTATION('',(#10296),#10300);
#10296 = LINE('',#10297,#10298);
#10297 = CARTESIAN_POINT('',(1.133578404875,0.));
#10298 = VECTOR('',#10299,1.);
#10299 = DIRECTION('',(0.,-1.));
#10300 = ( GEOMETRIC_REPRESENTATION_CONTEXT(2)
PARAMETRIC_REPRESENTATION_CONTEXT() REPRESENTATION_CONTEXT('2D SPACE',''
  ) );
#10301 = ORIENTED_EDGE('',*,*,#9230,.T.);
#10302 = ADVANCED_FACE('',(#10303),#9218,.T.);
#10303 = FACE_BOUND('',#10304,.T.);
#10304 = EDGE_LOOP('',(#10305,#10306,#10307,#10330,#10351,#10352));
#10305 = ORIENTED_EDGE('',*,*,#10233,.F.);
#10306 = ORIENTED_EDGE('',*,*,#10156,.T.);
#10307 = ORIENTED_EDGE('',*,*,#10308,.T.);
#10308 = EDGE_CURVE('',#10134,#10309,#10311,.T.);
#10309 = VERTEX_POINT('',#10310);
#10310 = CARTESIAN_POINT('',(30.55,-3.,51.75));
#10311 = SURFACE_CURVE('',#10312,(#10316,#10323),.PCURVE_S1.);
#10312 = LINE('',#10313,#10314);
#10313 = CARTESIAN_POINT('',(29.7,-3.,51.));
#10314 = VECTOR('',#10315,1.);
#10315 = DIRECTION('',(0.749837855365,0.,0.661621637087));
#10316 = PCURVE('',#9218,#10317);
#10317 = DEFINITIONAL_REPRESENTATION('',(#10318),#10322);
#10318 = LINE('',#10319,#10320);
#10319 = CARTESIAN_POINT('',(0.,-6.));
#10320 = VECTOR('',#10321,1.);
#10321 = DIRECTION('',(1.,0.));
#10322 = ( GEOMETRIC_REPRESENTATION_CONTEXT(2)
PARAMETRIC_REPRESENTATION_CONTEXT() REPRESENTATION_CONTEXT('2D SPACE',''
  ) );
#10323 = PCURVE('',#9152,#10324);
#10324 = DEFINITIONAL_REPRESENTATION('',(#10325),#10329);
#10325 = LINE('',#10326,#10327);
#10326 = CARTESIAN_POINT('',(1.164393257091,1.527788957178));
#10327 = VECTOR('',#10328,1.);
#10328 = DIRECTION('',(-0.749837855365,0.661621637087));
#10329 = ( GEOMETRIC_REPRESENTATION_CONTEXT(2)
PARAMETRIC_REPRESENTATION_CONTEXT() REPRESENTATION_CONTEXT('2D SPACE',''
  ) );
#10330 = ORIENTED_EDGE('',*,*,#10331,.F.);
#10331 = EDGE_CURVE('',#9165,#10309,#10332,.T.);
#10332 = SURFACE_CURVE('',#10333,(#10337,#10344),.PCURVE_S1.);
#10333 = LINE('',#10334,#10335);
#10334 = CARTESIAN_POINT('',(30.55,3.,51.75));
#10335 = VECTOR('',#10336,1.);
#10336 = DIRECTION('',(0.,-1.,0.));
#10337 = PCURVE('',#9218,#10338);
#10338 = DEFINITIONAL_REPRESENTATION('',(#10339),#10343);
#10339 = LINE('',#10340,#10341);
#10340 = CARTESIAN_POINT('',(1.133578404875,0.));
#10341 = VECTOR('',#10342,1.);
#10342 = DIRECTION('',(0.,-1.));
#10343 = ( GEOMETRIC_REPRESENTATION_CONTEXT(2)
PARAMETRIC_REPRESENTATION_CONTEXT() REPRESENTATION_CONTEXT('2D SPACE',''
  ) );
#10344 = PCURVE('',#9181,#10345);
#10345 = DEFINITIONAL_REPRESENTATION('',(#10346),#10350);
#10346 = LINE('',#10347,#10348);
#10347 = CARTESIAN_POINT('',(0.,0.));
#10348 = VECTOR('',#10349,1.);
#10349 = DIRECTION('',(0.,-1.));
#10350 = ( GEOMETRIC_REPRESENTATION_CONTEXT(2)
PARAMETRIC_REPRESENTATION_CONTEXT() REPRESENTATION_CONTEXT('2D SPACE',''
  ) );
#10351 = ORIENTED_EDGE('',*,*,#9197,.F.);
#10352 = ORIENTED_EDGE('',*,*,#10281,.F.);
#10353 = ADVANCED_FACE('',(#10354),#9181,.T.);
#10354 = FACE_BOUND('',#10355,.T.);
#10355 = EDGE_LOOP('',(#10356,#10357,#10358));
#10356 = ORIENTED_EDGE('',*,*,#9164,.T.);
#10357 = ORIENTED_EDGE('',*,*,#10331,.T.);
#10358 = ORIENTED_EDGE('',*,*,#10359,.T.);
#10359 = EDGE_CURVE('',#10309,#9137,#10360,.T.);
#10360 = SURFACE_CURVE('',#10361,(#10365,#10372),.PCURVE_S1.);
#10361 = LINE('',#10362,#10363);
#10362 = CARTESIAN_POINT('',(30.55,-3.,51.75));
#10363 = VECTOR('',#10364,1.);
#10364 = DIRECTION('',(1.,0.,-1.110223024625E-16));
#10365 = PCURVE('',#9181,#10366);
#10366 = DEFINITIONAL_REPRESENTATION('',(#10367),#10371);
#10367 = LINE('',#10368,#10369);
#10368 = CARTESIAN_POINT('',(0.,-6.));
#10369 = VECTOR('',#10370,1.);
#10370 = DIRECTION('',(1.,0.));
#10371 = ( GEOMETRIC_REPRESENTATION_CONTEXT(2)
PARAMETRIC_REPRESENTATION_CONTEXT() REPRESENTATION_CONTEXT('2D SPACE',''
  ) );
#10372 = PCURVE('',#9152,#10373);
#10373 = DEFINITIONAL_REPRESENTATION('',(#10374),#10378);
#10374 = LINE('',#10375,#10376);
#10375 = CARTESIAN_POINT('',(0.314393257091,2.277788957178));
#10376 = VECTOR('',#10377,1.);
#10377 = DIRECTION('',(-1.,0.));
#10378 = ( GEOMETRIC_REPRESENTATION_CONTEXT(2)
PARAMETRIC_REPRESENTATION_CONTEXT() REPRESENTATION_CONTEXT('2D SPACE',''
  ) );
#10379 = ADVANCED_FACE('',(#10380),#9152,.F.);
#10380 = FACE_BOUND('',#10381,.F.);
#10381 = EDGE_LOOP('',(#10382,#10383,#10404,#10405,#10406,#10407));
#10382 = ORIENTED_EDGE('',*,*,#9136,.T.);
#10383 = ORIENTED_EDGE('',*,*,#10384,.T.);
#10384 = EDGE_CURVE('',#9106,#10058,#10385,.T.);
#10385 = SURFACE_CURVE('',#10386,(#10390,#10397),.PCURVE_S1.);
#10386 = LINE('',#10387,#10388);
#10387 = CARTESIAN_POINT('',(31.8,-3.,47.15));
#10388 = VECTOR('',#10389,1.);
#10389 = DIRECTION('',(-1.,0.,1.110223024625E-16));
#10390 = PCURVE('',#9152,#10391);
#10391 = DEFINITIONAL_REPRESENTATION('',(#10392),#10396);
#10392 = LINE('',#10393,#10394);
#10393 = CARTESIAN_POINT('',(-0.935606742909,-2.322211042822));
#10394 = VECTOR('',#10395,1.);
#10395 = DIRECTION('',(1.,0.));
#10396 = ( GEOMETRIC_REPRESENTATION_CONTEXT(2)
PARAMETRIC_REPRESENTATION_CONTEXT() REPRESENTATION_CONTEXT('2D SPACE',''
  ) );
#10397 = PCURVE('',#9124,#10398);
#10398 = DEFINITIONAL_REPRESENTATION('',(#10399),#10403);
#10399 = LINE('',#10400,#10401);
#10400 = CARTESIAN_POINT('',(0.,-6.));
#10401 = VECTOR('',#10402,1.);
#10402 = DIRECTION('',(1.,0.));
#10403 = ( GEOMETRIC_REPRESENTATION_CONTEXT(2)
PARAMETRIC_REPRESENTATION_CONTEXT() REPRESENTATION_CONTEXT('2D SPACE',''
  ) );
#10404 = ORIENTED_EDGE('',*,*,#10080,.T.);
#10405 = ORIENTED_EDGE('',*,*,#10133,.T.);
#10406 = ORIENTED_EDGE('',*,*,#10308,.T.);
#10407 = ORIENTED_EDGE('',*,*,#10359,.T.);
#10408 = ADVANCED_FACE('',(#10409),#9124,.T.);
#10409 = FACE_BOUND('',#10410,.T.);
#10410 = EDGE_LOOP('',(#10411,#10412,#10413));
#10411 = ORIENTED_EDGE('',*,*,#9105,.F.);
#10412 = ORIENTED_EDGE('',*,*,#10384,.T.);
#10413 = ORIENTED_EDGE('',*,*,#10057,.F.);
#10414 = ADVANCED_FACE('',(#10415),#9042,.T.);
#10415 = FACE_BOUND('',#10416,.T.);
#10416 = EDGE_LOOP('',(#10417,#10418,#10441,#10474));
#10417 = ORIENTED_EDGE('',*,*,#9025,.T.);
#10418 = ORIENTED_EDGE('',*,*,#10419,.T.);
#10419 = EDGE_CURVE('',#9026,#10420,#10422,.T.);
#10420 = VERTEX_POINT('',#10421);
#10421 = CARTESIAN_POINT('',(35.425,2.893959225698,53.5));
#10422 = SURFACE_CURVE('',#10423,(#10427,#10434),.PCURVE_S1.);
#10423 = LINE('',#10424,#10425);
#10424 = CARTESIAN_POINT('',(35.425,-2.7,53.5));
#10425 = VECTOR('',#10426,1.);
#10426 = DIRECTION('',(0.,-1.,0.));
#10427 = PCURVE('',#9042,#10428);
#10428 = DEFINITIONAL_REPRESENTATION('',(#10429),#10433);
#10429 = LINE('',#10430,#10431);
#10430 = CARTESIAN_POINT('',(-0.425,2.7));
#10431 = VECTOR('',#10432,1.);
#10432 = DIRECTION('',(0.,1.));
#10433 = ( GEOMETRIC_REPRESENTATION_CONTEXT(2)
PARAMETRIC_REPRESENTATION_CONTEXT() REPRESENTATION_CONTEXT('2D SPACE',''
  ) );
#10434 = PCURVE('',#9013,#10435);
#10435 = DEFINITIONAL_REPRESENTATION('',(#10436),#10440);
#10436 = LINE('',#10437,#10438);
#10437 = CARTESIAN_POINT('',(5.25,2.7));
#10438 = VECTOR('',#10439,1.);
#10439 = DIRECTION('',(0.,-1.));
#10440 = ( GEOMETRIC_REPRESENTATION_CONTEXT(2)
PARAMETRIC_REPRESENTATION_CONTEXT() REPRESENTATION_CONTEXT('2D SPACE',''
  ) );
#10441 = ORIENTED_EDGE('',*,*,#10442,.T.);
#10442 = EDGE_CURVE('',#10420,#10443,#10445,.T.);
#10443 = VERTEX_POINT('',#10444);
#10444 = CARTESIAN_POINT('',(35.425,-2.893959225698,53.5));
#10445 = SURFACE_CURVE('',#10446,(#10451,#10462),.PCURVE_S1.);
#10446 = CIRCLE('',#10447,2.925);
#10447 = AXIS2_PLACEMENT_3D('',#10448,#10449,#10450);
#10448 = CARTESIAN_POINT('',(35.,0.,53.5));
#10449 = DIRECTION('',(-1.110223024625E-16,0.,-1.));
#10450 = DIRECTION('',(0.,1.,0.));
#10451 = PCURVE('',#9042,#10452);
#10452 = DEFINITIONAL_REPRESENTATION('',(#10453),#10461);
#10453 = ( BOUNDED_CURVE() B_SPLINE_CURVE(2,(#10454,#10455,#10456,#10457
    ,#10458,#10459,#10460),.UNSPECIFIED.,.T.,.F.)
B_SPLINE_CURVE_WITH_KNOTS((1,2,2,2,2,1),(-2.094395102393,0.,
    2.094395102393,4.188790204786,6.28318530718,8.377580409573),
.UNSPECIFIED.) CURVE() GEOMETRIC_REPRESENTATION_ITEM()
RATIONAL_B_SPLINE_CURVE((1.,0.5,1.,0.5,1.,0.5,1.)) REPRESENTATION_ITEM(
  '') );
#10454 = CARTESIAN_POINT('',(0.,-2.925));
#10455 = CARTESIAN_POINT('',(-5.066248612139,-2.925));
#10456 = CARTESIAN_POINT('',(-2.533124306069,1.4625));
#10457 = CARTESIAN_POINT('',(-7.164183775012E-16,5.85));
#10458 = CARTESIAN_POINT('',(2.533124306069,1.4625));
#10459 = CARTESIAN_POINT('',(5.066248612139,-2.925));
#10460 = CARTESIAN_POINT('',(0.,-2.925));
#10461 = ( GEOMETRIC_REPRESENTATION_CONTEXT(2)
PARAMETRIC_REPRESENTATION_CONTEXT() REPRESENTATION_CONTEXT('2D SPACE',''
  ) );
#10462 = PCURVE('',#10463,#10468);
#10463 = CYLINDRICAL_SURFACE('',#10464,2.925);
#10464 = AXIS2_PLACEMENT_3D('',#10465,#10466,#10467);
#10465 = CARTESIAN_POINT('',(35.,0.,48.45));
#10466 = DIRECTION('',(-1.110223024625E-16,-0.,-1.));
#10467 = DIRECTION('',(0.,1.,0.));
#10468 = DEFINITIONAL_REPRESENTATION('',(#10469),#10473);
#10469 = LINE('',#10470,#10471);
#10470 = CARTESIAN_POINT('',(-6.28318530718,-5.05));
#10471 = VECTOR('',#10472,1.);
#10472 = DIRECTION('',(1.,-0.));
#10473 = ( GEOMETRIC_REPRESENTATION_CONTEXT(2)
PARAMETRIC_REPRESENTATION_CONTEXT() REPRESENTATION_CONTEXT('2D SPACE',''
  ) );
#10474 = ORIENTED_EDGE('',*,*,#10475,.T.);
#10475 = EDGE_CURVE('',#10443,#8998,#10476,.T.);
#10476 = SURFACE_CURVE('',#10477,(#10481,#10488),.PCURVE_S1.);
#10477 = LINE('',#10478,#10479);
#10478 = CARTESIAN_POINT('',(35.425,-2.7,53.5));
#10479 = VECTOR('',#10480,1.);
#10480 = DIRECTION('',(0.,-1.,0.));
#10481 = PCURVE('',#9042,#10482);
#10482 = DEFINITIONAL_REPRESENTATION('',(#10483),#10487);
#10483 = LINE('',#10484,#10485);
#10484 = CARTESIAN_POINT('',(-0.425,2.7));
#10485 = VECTOR('',#10486,1.);
#10486 = DIRECTION('',(0.,1.));
#10487 = ( GEOMETRIC_REPRESENTATION_CONTEXT(2)
PARAMETRIC_REPRESENTATION_CONTEXT() REPRESENTATION_CONTEXT('2D SPACE',''
  ) );
#10488 = PCURVE('',#9013,#10489);
#10489 = DEFINITIONAL_REPRESENTATION('',(#10490),#10494);
#10490 = LINE('',#10491,#10492);
#10491 = CARTESIAN_POINT('',(5.25,2.7));
#10492 = VECTOR('',#10493,1.);
#10493 = DIRECTION('',(0.,-1.));
#10494 = ( GEOMETRIC_REPRESENTATION_CONTEXT(2)
PARAMETRIC_REPRESENTATION_CONTEXT() REPRESENTATION_CONTEXT('2D SPACE',''
  ) );
#10495 = ADVANCED_FACE('',(#10496),#10463,.F.);
#10496 = FACE_BOUND('',#10497,.T.);
#10497 = EDGE_LOOP('',(#10498,#10521,#10550,#10571));
#10498 = ORIENTED_EDGE('',*,*,#10499,.T.);
#10499 = EDGE_CURVE('',#10420,#10500,#10502,.T.);
#10500 = VERTEX_POINT('',#10501);
#10501 = CARTESIAN_POINT('',(35.425,2.893959225698,48.45));
#10502 = SURFACE_CURVE('',#10503,(#10507,#10514),.PCURVE_S1.);
#10503 = LINE('',#10504,#10505);
#10504 = CARTESIAN_POINT('',(35.425,2.893959225698,48.45));
#10505 = VECTOR('',#10506,1.);
#10506 = DIRECTION('',(-1.110223024625E-16,-0.,-1.));
#10507 = PCURVE('',#10463,#10508);
#10508 = DEFINITIONAL_REPRESENTATION('',(#10509),#10513);
#10509 = LINE('',#10510,#10511);
#10510 = CARTESIAN_POINT('',(-6.137369987434,0.));
#10511 = VECTOR('',#10512,1.);
#10512 = DIRECTION('',(-0.,1.));
#10513 = ( GEOMETRIC_REPRESENTATION_CONTEXT(2)
PARAMETRIC_REPRESENTATION_CONTEXT() REPRESENTATION_CONTEXT('2D SPACE',''
  ) );
#10514 = PCURVE('',#9013,#10515);
#10515 = DEFINITIONAL_REPRESENTATION('',(#10516),#10520);
#10516 = LINE('',#10517,#10518);
#10517 = CARTESIAN_POINT('',(0.2,8.293959225698));
#10518 = VECTOR('',#10519,1.);
#10519 = DIRECTION('',(-1.,0.));
#10520 = ( GEOMETRIC_REPRESENTATION_CONTEXT(2)
PARAMETRIC_REPRESENTATION_CONTEXT() REPRESENTATION_CONTEXT('2D SPACE',''
  ) );
#10521 = ORIENTED_EDGE('',*,*,#10522,.F.);
#10522 = EDGE_CURVE('',#10523,#10500,#10525,.T.);
#10523 = VERTEX_POINT('',#10524);
#10524 = CARTESIAN_POINT('',(35.425,-2.893959225698,48.45));
#10525 = SURFACE_CURVE('',#10526,(#10531,#10538),.PCURVE_S1.);
#10526 = CIRCLE('',#10527,2.925);
#10527 = AXIS2_PLACEMENT_3D('',#10528,#10529,#10530);
#10528 = CARTESIAN_POINT('',(35.,0.,48.45));
#10529 = DIRECTION('',(1.110223024625E-16,-0.,1.));
#10530 = DIRECTION('',(0.,1.,0.));
#10531 = PCURVE('',#10463,#10532);
#10532 = DEFINITIONAL_REPRESENTATION('',(#10533),#10537);
#10533 = LINE('',#10534,#10535);
#10534 = CARTESIAN_POINT('',(-0.,0.));
#10535 = VECTOR('',#10536,1.);
#10536 = DIRECTION('',(-1.,0.));
#10537 = ( GEOMETRIC_REPRESENTATION_CONTEXT(2)
PARAMETRIC_REPRESENTATION_CONTEXT() REPRESENTATION_CONTEXT('2D SPACE',''
  ) );
#10538 = PCURVE('',#10539,#10544);
#10539 = PLANE('',#10540);
#10540 = AXIS2_PLACEMENT_3D('',#10541,#10542,#10543);
#10541 = CARTESIAN_POINT('',(35.,-2.337504500067E-16,48.45));
#10542 = DIRECTION('',(1.110223024625E-16,0.,1.));
#10543 = DIRECTION('',(-1.,0.,1.110223024625E-16));
#10544 = DEFINITIONAL_REPRESENTATION('',(#10545),#10549);
#10545 = CIRCLE('',#10546,2.925);
#10546 = AXIS2_PLACEMENT_2D('',#10547,#10548);
#10547 = CARTESIAN_POINT('',(0.,-2.337504500067E-16));
#10548 = DIRECTION('',(0.,-1.));
#10549 = ( GEOMETRIC_REPRESENTATION_CONTEXT(2)
PARAMETRIC_REPRESENTATION_CONTEXT() REPRESENTATION_CONTEXT('2D SPACE',''
  ) );
#10550 = ORIENTED_EDGE('',*,*,#10551,.F.);
#10551 = EDGE_CURVE('',#10443,#10523,#10552,.T.);
#10552 = SURFACE_CURVE('',#10553,(#10557,#10564),.PCURVE_S1.);
#10553 = LINE('',#10554,#10555);
#10554 = CARTESIAN_POINT('',(35.425,-2.893959225698,48.45));
#10555 = VECTOR('',#10556,1.);
#10556 = DIRECTION('',(-1.110223024625E-16,-0.,-1.));
#10557 = PCURVE('',#10463,#10558);
#10558 = DEFINITIONAL_REPRESENTATION('',(#10559),#10563);
#10559 = LINE('',#10560,#10561);
#10560 = CARTESIAN_POINT('',(-3.287407973335,0.));
#10561 = VECTOR('',#10562,1.);
#10562 = DIRECTION('',(-0.,1.));
#10563 = ( GEOMETRIC_REPRESENTATION_CONTEXT(2)
PARAMETRIC_REPRESENTATION_CONTEXT() REPRESENTATION_CONTEXT('2D SPACE',''
  ) );
#10564 = PCURVE('',#9013,#10565);
#10565 = DEFINITIONAL_REPRESENTATION('',(#10566),#10570);
#10566 = LINE('',#10567,#10568);
#10567 = CARTESIAN_POINT('',(0.2,2.506040774302));
#10568 = VECTOR('',#10569,1.);
#10569 = DIRECTION('',(-1.,0.));
#10570 = ( GEOMETRIC_REPRESENTATION_CONTEXT(2)
PARAMETRIC_REPRESENTATION_CONTEXT() REPRESENTATION_CONTEXT('2D SPACE',''
  ) );
#10571 = ORIENTED_EDGE('',*,*,#10442,.F.);
#10572 = ADVANCED_FACE('',(#10573),#10539,.T.);
#10573 = FACE_BOUND('',#10574,.T.);
#10574 = EDGE_LOOP('',(#10575,#10576));
#10575 = ORIENTED_EDGE('',*,*,#10522,.T.);
#10576 = ORIENTED_EDGE('',*,*,#10577,.T.);
#10577 = EDGE_CURVE('',#10500,#10523,#10578,.T.);
#10578 = SURFACE_CURVE('',#10579,(#10583,#10590),.PCURVE_S1.);
#10579 = LINE('',#10580,#10581);
#10580 = CARTESIAN_POINT('',(35.425,-2.7,48.45));
#10581 = VECTOR('',#10582,1.);
#10582 = DIRECTION('',(0.,-1.,0.));
#10583 = PCURVE('',#10539,#10584);
#10584 = DEFINITIONAL_REPRESENTATION('',(#10585),#10589);
#10585 = LINE('',#10586,#10587);
#10586 = CARTESIAN_POINT('',(-0.425,2.7));
#10587 = VECTOR('',#10588,1.);
#10588 = DIRECTION('',(0.,1.));
#10589 = ( GEOMETRIC_REPRESENTATION_CONTEXT(2)
PARAMETRIC_REPRESENTATION_CONTEXT() REPRESENTATION_CONTEXT('2D SPACE',''
  ) );
#10590 = PCURVE('',#9013,#10591);
#10591 = DEFINITIONAL_REPRESENTATION('',(#10592),#10596);
#10592 = LINE('',#10593,#10594);
#10593 = CARTESIAN_POINT('',(0.2,2.7));
#10594 = VECTOR('',#10595,1.);
#10595 = DIRECTION('',(0.,-1.));
#10596 = ( GEOMETRIC_REPRESENTATION_CONTEXT(2)
PARAMETRIC_REPRESENTATION_CONTEXT() REPRESENTATION_CONTEXT('2D SPACE',''
  ) );
#10597 = ADVANCED_FACE('',(#10598),#9013,.T.);
#10598 = FACE_BOUND('',#10599,.T.);
#10599 = EDGE_LOOP('',(#10600,#10621,#10622,#10623,#10624,#10625,#10626,
    #10627));
#10600 = ORIENTED_EDGE('',*,*,#10601,.F.);
#10601 = EDGE_CURVE('',#8970,#9055,#10602,.T.);
#10602 = SURFACE_CURVE('',#10603,(#10607,#10614),.PCURVE_S1.);
#10603 = LINE('',#10604,#10605);
#10604 = CARTESIAN_POINT('',(35.425,-5.4,48.25));
#10605 = VECTOR('',#10606,1.);
#10606 = DIRECTION('',(0.,1.,0.));
#10607 = PCURVE('',#9013,#10608);
#10608 = DEFINITIONAL_REPRESENTATION('',(#10609),#10613);
#10609 = LINE('',#10610,#10611);
#10610 = CARTESIAN_POINT('',(0.,0.));
#10611 = VECTOR('',#10612,1.);
#10612 = DIRECTION('',(0.,1.));
#10613 = ( GEOMETRIC_REPRESENTATION_CONTEXT(2)
PARAMETRIC_REPRESENTATION_CONTEXT() REPRESENTATION_CONTEXT('2D SPACE',''
  ) );
#10614 = PCURVE('',#8873,#10615);
#10615 = DEFINITIONAL_REPRESENTATION('',(#10616),#10620);
#10616 = LINE('',#10617,#10618);
#10617 = CARTESIAN_POINT('',(0.,0.));
#10618 = VECTOR('',#10619,1.);
#10619 = DIRECTION('',(0.,-1.));
#10620 = ( GEOMETRIC_REPRESENTATION_CONTEXT(2)
PARAMETRIC_REPRESENTATION_CONTEXT() REPRESENTATION_CONTEXT('2D SPACE',''
  ) );
#10621 = ORIENTED_EDGE('',*,*,#8997,.F.);
#10622 = ORIENTED_EDGE('',*,*,#10475,.F.);
#10623 = ORIENTED_EDGE('',*,*,#10551,.T.);
#10624 = ORIENTED_EDGE('',*,*,#10577,.F.);
#10625 = ORIENTED_EDGE('',*,*,#10499,.F.);
#10626 = ORIENTED_EDGE('',*,*,#10419,.F.);
#10627 = ORIENTED_EDGE('',*,*,#9054,.T.);
#10628 = ADVANCED_FACE('',(#10629),#8934,.T.);
#10629 = FACE_BOUND('',#10630,.T.);
#10630 = EDGE_LOOP('',(#10631,#10654,#10655,#10678));
#10631 = ORIENTED_EDGE('',*,*,#10632,.F.);
#10632 = EDGE_CURVE('',#8890,#10633,#10635,.T.);
#10633 = VERTEX_POINT('',#10634);
#10634 = CARTESIAN_POINT('',(34.575,2.893959225698,53.5));
#10635 = SURFACE_CURVE('',#10636,(#10640,#10647),.PCURVE_S1.);
#10636 = LINE('',#10637,#10638);
#10637 = CARTESIAN_POINT('',(34.575,-2.7,53.5));
#10638 = VECTOR('',#10639,1.);
#10639 = DIRECTION('',(0.,-1.,0.));
#10640 = PCURVE('',#8934,#10641);
#10641 = DEFINITIONAL_REPRESENTATION('',(#10642),#10646);
#10642 = LINE('',#10643,#10644);
#10643 = CARTESIAN_POINT('',(0.425,2.7));
#10644 = VECTOR('',#10645,1.);
#10645 = DIRECTION('',(0.,1.));
#10646 = ( GEOMETRIC_REPRESENTATION_CONTEXT(2)
PARAMETRIC_REPRESENTATION_CONTEXT() REPRESENTATION_CONTEXT('2D SPACE',''
  ) );
#10647 = PCURVE('',#8905,#10648);
#10648 = DEFINITIONAL_REPRESENTATION('',(#10649),#10653);
#10649 = LINE('',#10650,#10651);
#10650 = CARTESIAN_POINT('',(5.25,2.7));
#10651 = VECTOR('',#10652,1.);
#10652 = DIRECTION('',(0.,-1.));
#10653 = ( GEOMETRIC_REPRESENTATION_CONTEXT(2)
PARAMETRIC_REPRESENTATION_CONTEXT() REPRESENTATION_CONTEXT('2D SPACE',''
  ) );
#10654 = ORIENTED_EDGE('',*,*,#8917,.T.);
#10655 = ORIENTED_EDGE('',*,*,#10656,.F.);
#10656 = EDGE_CURVE('',#10657,#8918,#10659,.T.);
#10657 = VERTEX_POINT('',#10658);
#10658 = CARTESIAN_POINT('',(34.575,-2.893959225698,53.5));
#10659 = SURFACE_CURVE('',#10660,(#10664,#10671),.PCURVE_S1.);
#10660 = LINE('',#10661,#10662);
#10661 = CARTESIAN_POINT('',(34.575,-2.7,53.5));
#10662 = VECTOR('',#10663,1.);
#10663 = DIRECTION('',(0.,-1.,0.));
#10664 = PCURVE('',#8934,#10665);
#10665 = DEFINITIONAL_REPRESENTATION('',(#10666),#10670);
#10666 = LINE('',#10667,#10668);
#10667 = CARTESIAN_POINT('',(0.425,2.7));
#10668 = VECTOR('',#10669,1.);
#10669 = DIRECTION('',(0.,1.));
#10670 = ( GEOMETRIC_REPRESENTATION_CONTEXT(2)
PARAMETRIC_REPRESENTATION_CONTEXT() REPRESENTATION_CONTEXT('2D SPACE',''
  ) );
#10671 = PCURVE('',#8905,#10672);
#10672 = DEFINITIONAL_REPRESENTATION('',(#10673),#10677);
#10673 = LINE('',#10674,#10675);
#10674 = CARTESIAN_POINT('',(5.25,2.7));
#10675 = VECTOR('',#10676,1.);
#10676 = DIRECTION('',(0.,-1.));
#10677 = ( GEOMETRIC_REPRESENTATION_CONTEXT(2)
PARAMETRIC_REPRESENTATION_CONTEXT() REPRESENTATION_CONTEXT('2D SPACE',''
  ) );
#10678 = ORIENTED_EDGE('',*,*,#10679,.T.);
#10679 = EDGE_CURVE('',#10657,#10633,#10680,.T.);
#10680 = SURFACE_CURVE('',#10681,(#10686,#10697),.PCURVE_S1.);
#10681 = CIRCLE('',#10682,2.925);
#10682 = AXIS2_PLACEMENT_3D('',#10683,#10684,#10685);
#10683 = CARTESIAN_POINT('',(35.,0.,53.5));
#10684 = DIRECTION('',(-1.110223024625E-16,0.,-1.));
#10685 = DIRECTION('',(0.,1.,0.));
#10686 = PCURVE('',#8934,#10687);
#10687 = DEFINITIONAL_REPRESENTATION('',(#10688),#10696);
#10688 = ( BOUNDED_CURVE() B_SPLINE_CURVE(2,(#10689,#10690,#10691,#10692
    ,#10693,#10694,#10695),.UNSPECIFIED.,.T.,.F.)
B_SPLINE_CURVE_WITH_KNOTS((1,2,2,2,2,1),(-2.094395102393,0.,
    2.094395102393,4.188790204786,6.28318530718,8.377580409573),
.UNSPECIFIED.) CURVE() GEOMETRIC_REPRESENTATION_ITEM()
RATIONAL_B_SPLINE_CURVE((1.,0.5,1.,0.5,1.,0.5,1.)) REPRESENTATION_ITEM(
  '') );
#10689 = CARTESIAN_POINT('',(0.,-2.925));
#10690 = CARTESIAN_POINT('',(-5.066248612139,-2.925));
#10691 = CARTESIAN_POINT('',(-2.533124306069,1.4625));
#10692 = CARTESIAN_POINT('',(-7.164183775012E-16,5.85));
#10693 = CARTESIAN_POINT('',(2.533124306069,1.4625));
#10694 = CARTESIAN_POINT('',(5.066248612139,-2.925));
#10695 = CARTESIAN_POINT('',(0.,-2.925));
#10696 = ( GEOMETRIC_REPRESENTATION_CONTEXT(2)
PARAMETRIC_REPRESENTATION_CONTEXT() REPRESENTATION_CONTEXT('2D SPACE',''
  ) );
#10697 = PCURVE('',#10698,#10703);
#10698 = CYLINDRICAL_SURFACE('',#10699,2.925);
#10699 = AXIS2_PLACEMENT_3D('',#10700,#10701,#10702);
#10700 = CARTESIAN_POINT('',(35.,0.,48.45));
#10701 = DIRECTION('',(-1.110223024625E-16,-0.,-1.));
#10702 = DIRECTION('',(0.,1.,0.));
#10703 = DEFINITIONAL_REPRESENTATION('',(#10704),#10708);
#10704 = LINE('',#10705,#10706);
#10705 = CARTESIAN_POINT('',(-6.28318530718,-5.05));
#10706 = VECTOR('',#10707,1.);
#10707 = DIRECTION('',(1.,-0.));
#10708 = ( GEOMETRIC_REPRESENTATION_CONTEXT(2)
PARAMETRIC_REPRESENTATION_CONTEXT() REPRESENTATION_CONTEXT('2D SPACE',''
  ) );
#10709 = ADVANCED_FACE('',(#10710),#10698,.F.);
#10710 = FACE_BOUND('',#10711,.T.);
#10711 = EDGE_LOOP('',(#10712,#10743,#10764,#10765));
#10712 = ORIENTED_EDGE('',*,*,#10713,.F.);
#10713 = EDGE_CURVE('',#10714,#10716,#10718,.T.);
#10714 = VERTEX_POINT('',#10715);
#10715 = CARTESIAN_POINT('',(34.575,2.893959225698,48.45));
#10716 = VERTEX_POINT('',#10717);
#10717 = CARTESIAN_POINT('',(34.575,-2.893959225698,48.45));
#10718 = SURFACE_CURVE('',#10719,(#10724,#10731),.PCURVE_S1.);
#10719 = CIRCLE('',#10720,2.925);
#10720 = AXIS2_PLACEMENT_3D('',#10721,#10722,#10723);
#10721 = CARTESIAN_POINT('',(35.,0.,48.45));
#10722 = DIRECTION('',(1.110223024625E-16,-0.,1.));
#10723 = DIRECTION('',(0.,1.,0.));
#10724 = PCURVE('',#10698,#10725);
#10725 = DEFINITIONAL_REPRESENTATION('',(#10726),#10730);
#10726 = LINE('',#10727,#10728);
#10727 = CARTESIAN_POINT('',(-0.,0.));
#10728 = VECTOR('',#10729,1.);
#10729 = DIRECTION('',(-1.,0.));
#10730 = ( GEOMETRIC_REPRESENTATION_CONTEXT(2)
PARAMETRIC_REPRESENTATION_CONTEXT() REPRESENTATION_CONTEXT('2D SPACE',''
  ) );
#10731 = PCURVE('',#10732,#10737);
#10732 = PLANE('',#10733);
#10733 = AXIS2_PLACEMENT_3D('',#10734,#10735,#10736);
#10734 = CARTESIAN_POINT('',(35.,-2.337504500067E-16,48.45));
#10735 = DIRECTION('',(1.110223024625E-16,0.,1.));
#10736 = DIRECTION('',(-1.,0.,1.110223024625E-16));
#10737 = DEFINITIONAL_REPRESENTATION('',(#10738),#10742);
#10738 = CIRCLE('',#10739,2.925);
#10739 = AXIS2_PLACEMENT_2D('',#10740,#10741);
#10740 = CARTESIAN_POINT('',(0.,-2.337504500067E-16));
#10741 = DIRECTION('',(0.,-1.));
#10742 = ( GEOMETRIC_REPRESENTATION_CONTEXT(2)
PARAMETRIC_REPRESENTATION_CONTEXT() REPRESENTATION_CONTEXT('2D SPACE',''
  ) );
#10743 = ORIENTED_EDGE('',*,*,#10744,.F.);
#10744 = EDGE_CURVE('',#10633,#10714,#10745,.T.);
#10745 = SURFACE_CURVE('',#10746,(#10750,#10757),.PCURVE_S1.);
#10746 = LINE('',#10747,#10748);
#10747 = CARTESIAN_POINT('',(34.575,2.893959225698,48.45));
#10748 = VECTOR('',#10749,1.);
#10749 = DIRECTION('',(-1.110223024625E-16,-0.,-1.));
#10750 = PCURVE('',#10698,#10751);
#10751 = DEFINITIONAL_REPRESENTATION('',(#10752),#10756);
#10752 = LINE('',#10753,#10754);
#10753 = CARTESIAN_POINT('',(-0.145815319746,0.));
#10754 = VECTOR('',#10755,1.);
#10755 = DIRECTION('',(-0.,1.));
#10756 = ( GEOMETRIC_REPRESENTATION_CONTEXT(2)
PARAMETRIC_REPRESENTATION_CONTEXT() REPRESENTATION_CONTEXT('2D SPACE',''
  ) );
#10757 = PCURVE('',#8905,#10758);
#10758 = DEFINITIONAL_REPRESENTATION('',(#10759),#10763);
#10759 = LINE('',#10760,#10761);
#10760 = CARTESIAN_POINT('',(0.2,8.293959225698));
#10761 = VECTOR('',#10762,1.);
#10762 = DIRECTION('',(-1.,0.));
#10763 = ( GEOMETRIC_REPRESENTATION_CONTEXT(2)
PARAMETRIC_REPRESENTATION_CONTEXT() REPRESENTATION_CONTEXT('2D SPACE',''
  ) );
#10764 = ORIENTED_EDGE('',*,*,#10679,.F.);
#10765 = ORIENTED_EDGE('',*,*,#10766,.T.);
#10766 = EDGE_CURVE('',#10657,#10716,#10767,.T.);
#10767 = SURFACE_CURVE('',#10768,(#10772,#10779),.PCURVE_S1.);
#10768 = LINE('',#10769,#10770);
#10769 = CARTESIAN_POINT('',(34.575,-2.893959225698,48.45));
#10770 = VECTOR('',#10771,1.);
#10771 = DIRECTION('',(-1.110223024625E-16,-0.,-1.));
#10772 = PCURVE('',#10698,#10773);
#10773 = DEFINITIONAL_REPRESENTATION('',(#10774),#10778);
#10774 = LINE('',#10775,#10776);
#10775 = CARTESIAN_POINT('',(-2.995777333844,0.));
#10776 = VECTOR('',#10777,1.);
#10777 = DIRECTION('',(-0.,1.));
#10778 = ( GEOMETRIC_REPRESENTATION_CONTEXT(2)
PARAMETRIC_REPRESENTATION_CONTEXT() REPRESENTATION_CONTEXT('2D SPACE',''
  ) );
#10779 = PCURVE('',#8905,#10780);
#10780 = DEFINITIONAL_REPRESENTATION('',(#10781),#10785);
#10781 = LINE('',#10782,#10783);
#10782 = CARTESIAN_POINT('',(0.2,2.506040774302));
#10783 = VECTOR('',#10784,1.);
#10784 = DIRECTION('',(-1.,0.));
#10785 = ( GEOMETRIC_REPRESENTATION_CONTEXT(2)
PARAMETRIC_REPRESENTATION_CONTEXT() REPRESENTATION_CONTEXT('2D SPACE',''
  ) );
#10786 = ADVANCED_FACE('',(#10787),#10732,.T.);
#10787 = FACE_BOUND('',#10788,.T.);
#10788 = EDGE_LOOP('',(#10789,#10810));
#10789 = ORIENTED_EDGE('',*,*,#10790,.F.);
#10790 = EDGE_CURVE('',#10714,#10716,#10791,.T.);
#10791 = SURFACE_CURVE('',#10792,(#10796,#10803),.PCURVE_S1.);
#10792 = LINE('',#10793,#10794);
#10793 = CARTESIAN_POINT('',(34.575,-2.7,48.45));
#10794 = VECTOR('',#10795,1.);
#10795 = DIRECTION('',(0.,-1.,0.));
#10796 = PCURVE('',#10732,#10797);
#10797 = DEFINITIONAL_REPRESENTATION('',(#10798),#10802);
#10798 = LINE('',#10799,#10800);
#10799 = CARTESIAN_POINT('',(0.425,2.7));
#10800 = VECTOR('',#10801,1.);
#10801 = DIRECTION('',(0.,1.));
#10802 = ( GEOMETRIC_REPRESENTATION_CONTEXT(2)
PARAMETRIC_REPRESENTATION_CONTEXT() REPRESENTATION_CONTEXT('2D SPACE',''
  ) );
#10803 = PCURVE('',#8905,#10804);
#10804 = DEFINITIONAL_REPRESENTATION('',(#10805),#10809);
#10805 = LINE('',#10806,#10807);
#10806 = CARTESIAN_POINT('',(0.2,2.7));
#10807 = VECTOR('',#10808,1.);
#10808 = DIRECTION('',(0.,-1.));
#10809 = ( GEOMETRIC_REPRESENTATION_CONTEXT(2)
PARAMETRIC_REPRESENTATION_CONTEXT() REPRESENTATION_CONTEXT('2D SPACE',''
  ) );
#10810 = ORIENTED_EDGE('',*,*,#10713,.T.);
#10811 = ADVANCED_FACE('',(#10812),#8905,.F.);
#10812 = FACE_BOUND('',#10813,.F.);
#10813 = EDGE_LOOP('',(#10814,#10835,#10836,#10837,#10838,#10839,#10840,
    #10841));
#10814 = ORIENTED_EDGE('',*,*,#10815,.F.);
#10815 = EDGE_CURVE('',#8947,#8857,#10816,.T.);
#10816 = SURFACE_CURVE('',#10817,(#10821,#10828),.PCURVE_S1.);
#10817 = LINE('',#10818,#10819);
#10818 = CARTESIAN_POINT('',(34.575,-5.4,48.25));
#10819 = VECTOR('',#10820,1.);
#10820 = DIRECTION('',(0.,1.,0.));
#10821 = PCURVE('',#8905,#10822);
#10822 = DEFINITIONAL_REPRESENTATION('',(#10823),#10827);
#10823 = LINE('',#10824,#10825);
#10824 = CARTESIAN_POINT('',(0.,0.));
#10825 = VECTOR('',#10826,1.);
#10826 = DIRECTION('',(0.,1.));
#10827 = ( GEOMETRIC_REPRESENTATION_CONTEXT(2)
PARAMETRIC_REPRESENTATION_CONTEXT() REPRESENTATION_CONTEXT('2D SPACE',''
  ) );
#10828 = PCURVE('',#8873,#10829);
#10829 = DEFINITIONAL_REPRESENTATION('',(#10830),#10834);
#10830 = LINE('',#10831,#10832);
#10831 = CARTESIAN_POINT('',(0.85,0.));
#10832 = VECTOR('',#10833,1.);
#10833 = DIRECTION('',(0.,-1.));
#10834 = ( GEOMETRIC_REPRESENTATION_CONTEXT(2)
PARAMETRIC_REPRESENTATION_CONTEXT() REPRESENTATION_CONTEXT('2D SPACE',''
  ) );
#10835 = ORIENTED_EDGE('',*,*,#8946,.F.);
#10836 = ORIENTED_EDGE('',*,*,#10656,.F.);
#10837 = ORIENTED_EDGE('',*,*,#10766,.T.);
#10838 = ORIENTED_EDGE('',*,*,#10790,.F.);
#10839 = ORIENTED_EDGE('',*,*,#10744,.F.);
#10840 = ORIENTED_EDGE('',*,*,#10632,.F.);
#10841 = ORIENTED_EDGE('',*,*,#8889,.T.);
#10842 = ADVANCED_FACE('',(#10843),#8873,.T.);
#10843 = FACE_BOUND('',#10844,.T.);
#10844 = EDGE_LOOP('',(#10845,#10846,#10847,#10848,#10849));
#10845 = ORIENTED_EDGE('',*,*,#10815,.F.);
#10846 = ORIENTED_EDGE('',*,*,#8969,.F.);
#10847 = ORIENTED_EDGE('',*,*,#10601,.T.);
#10848 = ORIENTED_EDGE('',*,*,#9077,.F.);
#10849 = ORIENTED_EDGE('',*,*,#8856,.F.);
#10850 = ADVANCED_FACE('',(#10851),#8781,.T.);
#10851 = FACE_BOUND('',#10852,.T.);
#10852 = EDGE_LOOP('',(#10853,#10883,#10904,#10905));
#10853 = ORIENTED_EDGE('',*,*,#10854,.F.);
#10854 = EDGE_CURVE('',#10855,#10857,#10859,.T.);
#10855 = VERTEX_POINT('',#10856);
#10856 = CARTESIAN_POINT('',(47.947079786577,7.475,37.5));
#10857 = VERTEX_POINT('',#10858);
#10858 = CARTESIAN_POINT('',(47.394111709698,8.359933906888,37.5));
#10859 = SURFACE_CURVE('',#10860,(#10864,#10871),.PCURVE_S1.);
#10860 = LINE('',#10861,#10862);
#10861 = CARTESIAN_POINT('',(47.947079786577,7.475,37.5));
#10862 = VECTOR('',#10863,1.);
#10863 = DIRECTION('',(-0.529919264233,0.848048096156,5.883285683441E-17
    ));
#10864 = PCURVE('',#8781,#10865);
#10865 = DEFINITIONAL_REPRESENTATION('',(#10866),#10870);
#10866 = LINE('',#10867,#10868);
#10867 = CARTESIAN_POINT('',(0.,0.));
#10868 = VECTOR('',#10869,1.);
#10869 = DIRECTION('',(1.,0.));
#10870 = ( GEOMETRIC_REPRESENTATION_CONTEXT(2)
PARAMETRIC_REPRESENTATION_CONTEXT() REPRESENTATION_CONTEXT('2D SPACE',''
  ) );
#10871 = PCURVE('',#10872,#10877);
#10872 = PLANE('',#10873);
#10873 = AXIS2_PLACEMENT_3D('',#10874,#10875,#10876);
#10874 = CARTESIAN_POINT('',(35.,2.021888080462,37.5));
#10875 = DIRECTION('',(1.110223024625E-16,0.,1.));
#10876 = DIRECTION('',(-1.,0.,1.110223024625E-16));
#10877 = DEFINITIONAL_REPRESENTATION('',(#10878),#10882);
#10878 = LINE('',#10879,#10880);
#10879 = CARTESIAN_POINT('',(-12.94707978657,-5.453111919538));
#10880 = VECTOR('',#10881,1.);
#10881 = DIRECTION('',(0.529919264233,-0.848048096156));
#10882 = ( GEOMETRIC_REPRESENTATION_CONTEXT(2)
PARAMETRIC_REPRESENTATION_CONTEXT() REPRESENTATION_CONTEXT('2D SPACE',''
  ) );
#10883 = ORIENTED_EDGE('',*,*,#10884,.T.);
#10884 = EDGE_CURVE('',#10855,#4650,#10885,.T.);
#10885 = SURFACE_CURVE('',#10886,(#10890,#10897),.PCURVE_S1.);
#10886 = LINE('',#10887,#10888);
#10887 = CARTESIAN_POINT('',(47.947079786577,7.475,37.5));
#10888 = VECTOR('',#10889,1.);
#10889 = DIRECTION('',(1.110223024625E-16,0.,1.));
#10890 = PCURVE('',#8781,#10891);
#10891 = DEFINITIONAL_REPRESENTATION('',(#10892),#10896);
#10892 = LINE('',#10893,#10894);
#10893 = CARTESIAN_POINT('',(0.,0.));
#10894 = VECTOR('',#10895,1.);
#10895 = DIRECTION('',(0.,-1.));
#10896 = ( GEOMETRIC_REPRESENTATION_CONTEXT(2)
PARAMETRIC_REPRESENTATION_CONTEXT() REPRESENTATION_CONTEXT('2D SPACE',''
  ) );
#10897 = PCURVE('',#4667,#10898);
#10898 = DEFINITIONAL_REPRESENTATION('',(#10899),#10903);
#10899 = LINE('',#10900,#10901);
#10900 = CARTESIAN_POINT('',(1.043494951405,5.438884960132E-17));
#10901 = VECTOR('',#10902,1.);
#10902 = DIRECTION('',(0.,-1.));
#10903 = ( GEOMETRIC_REPRESENTATION_CONTEXT(2)
PARAMETRIC_REPRESENTATION_CONTEXT() REPRESENTATION_CONTEXT('2D SPACE',''
  ) );
#10904 = ORIENTED_EDGE('',*,*,#8767,.F.);
#10905 = ORIENTED_EDGE('',*,*,#10906,.F.);
#10906 = EDGE_CURVE('',#10857,#8740,#10907,.T.);
#10907 = SURFACE_CURVE('',#10908,(#10912,#10919),.PCURVE_S1.);
#10908 = LINE('',#10909,#10910);
#10909 = CARTESIAN_POINT('',(47.394111709698,8.359933906888,37.5));
#10910 = VECTOR('',#10911,1.);
#10911 = DIRECTION('',(1.110223024625E-16,0.,1.));
#10912 = PCURVE('',#8781,#10913);
#10913 = DEFINITIONAL_REPRESENTATION('',(#10914),#10918);
#10914 = LINE('',#10915,#10916);
#10915 = CARTESIAN_POINT('',(1.043494951405,6.139178908343E-17));
#10916 = VECTOR('',#10917,1.);
#10917 = DIRECTION('',(0.,-1.));
#10918 = ( GEOMETRIC_REPRESENTATION_CONTEXT(2)
PARAMETRIC_REPRESENTATION_CONTEXT() REPRESENTATION_CONTEXT('2D SPACE',''
  ) );
#10919 = PCURVE('',#8755,#10920);
#10920 = DEFINITIONAL_REPRESENTATION('',(#10921),#10925);
#10921 = LINE('',#10922,#10923);
#10922 = CARTESIAN_POINT('',(0.,0.));
#10923 = VECTOR('',#10924,1.);
#10924 = DIRECTION('',(0.,-1.));
#10925 = ( GEOMETRIC_REPRESENTATION_CONTEXT(2)
PARAMETRIC_REPRESENTATION_CONTEXT() REPRESENTATION_CONTEXT('2D SPACE',''
  ) );
#10926 = ADVANCED_FACE('',(#10927),#10872,.T.);
#10927 = FACE_BOUND('',#10928,.T.);
#10928 = EDGE_LOOP('',(#10929,#10954,#10977,#11000,#11023,#11046,#11069,
    #11092,#11115,#11138,#11161,#11184,#11207,#11230,#11253,#11276,
    #11299,#11322,#11345,#11368,#11391,#11414,#11437,#11460,#11483,
    #11506,#11529,#11552,#11575,#11598,#11621,#11644,#11667,#11690,
    #11713,#11736,#11759,#11782,#11805,#11828,#11851,#11874,#11897,
    #11920,#11943,#11966,#11989,#12010,#12011,#12034,#12057,#12080,
    #12103,#12126,#12149,#12172,#12195,#12218,#12241,#12264,#12287,
    #12310,#12333,#12356,#12379,#12402,#12425,#12448,#12471,#12494,
    #12517,#12540,#12563,#12586,#12609,#12632,#12655,#12678,#12701,
    #12724,#12747,#12770,#12793,#12816,#12839,#12862,#12885,#12908,
    #12931,#12954,#12977,#13000,#13023,#13046,#13069,#13092,#13115,
    #13138,#13161,#13184,#13207,#13230,#13253,#13276,#13299,#13322,
    #13345,#13368,#13391,#13414,#13437,#13460,#13483,#13506,#13529,
    #13552,#13575,#13598,#13621,#13644,#13667,#13690,#13713,#13736,
    #13759,#13782,#13805,#13828,#13851,#13874,#13897,#13920,#13943,
    #13966,#13989,#14012,#14035,#14058,#14081,#14104,#14127,#14150,
    #14173,#14196,#14219,#14242,#14265,#14288,#14311,#14334));
#10929 = ORIENTED_EDGE('',*,*,#10930,.F.);
#10930 = EDGE_CURVE('',#10931,#10933,#10935,.T.);
#10931 = VERTEX_POINT('',#10932);
#10932 = CARTESIAN_POINT('',(44.326672691244,6.290920164046,37.5));
#10933 = VERTEX_POINT('',#10934);
#10934 = CARTESIAN_POINT('',(43.865120978076,6.926191597414,37.5));
#10935 = SURFACE_CURVE('',#10936,(#10940,#10947),.PCURVE_S1.);
#10936 = LINE('',#10937,#10938);
#10937 = CARTESIAN_POINT('',(44.326672691244,6.290920164046,37.5));
#10938 = VECTOR('',#10939,1.);
#10939 = DIRECTION('',(-0.587785252292,0.809016994375,0.));
#10940 = PCURVE('',#10872,#10941);
#10941 = DEFINITIONAL_REPRESENTATION('',(#10942),#10946);
#10942 = LINE('',#10943,#10944);
#10943 = CARTESIAN_POINT('',(-9.326672691244,-4.269032083584));
#10944 = VECTOR('',#10945,1.);
#10945 = DIRECTION('',(0.587785252292,-0.809016994375));
#10946 = ( GEOMETRIC_REPRESENTATION_CONTEXT(2)
PARAMETRIC_REPRESENTATION_CONTEXT() REPRESENTATION_CONTEXT('2D SPACE',''
  ) );
#10947 = PCURVE('',#5899,#10948);
#10948 = DEFINITIONAL_REPRESENTATION('',(#10949),#10953);
#10949 = LINE('',#10950,#10951);
#10950 = CARTESIAN_POINT('',(0.785238675806,-5.12425339015E-17));
#10951 = VECTOR('',#10952,1.);
#10952 = DIRECTION('',(-1.,6.525727206302E-17));
#10953 = ( GEOMETRIC_REPRESENTATION_CONTEXT(2)
PARAMETRIC_REPRESENTATION_CONTEXT() REPRESENTATION_CONTEXT('2D SPACE',''
  ) );
#10954 = ORIENTED_EDGE('',*,*,#10955,.T.);
#10955 = EDGE_CURVE('',#10931,#10956,#10958,.T.);
#10956 = VERTEX_POINT('',#10957);
#10957 = CARTESIAN_POINT('',(44.742785792575,5.625,37.5));
#10958 = SURFACE_CURVE('',#10959,(#10963,#10970),.PCURVE_S1.);
#10959 = LINE('',#10960,#10961);
#10960 = CARTESIAN_POINT('',(44.326672691244,6.290920164046,37.5));
#10961 = VECTOR('',#10962,1.);
#10962 = DIRECTION('',(0.529919264233,-0.848048096156,
    -5.883285683441E-17));
#10963 = PCURVE('',#10872,#10964);
#10964 = DEFINITIONAL_REPRESENTATION('',(#10965),#10969);
#10965 = LINE('',#10966,#10967);
#10966 = CARTESIAN_POINT('',(-9.326672691244,-4.269032083584));
#10967 = VECTOR('',#10968,1.);
#10968 = DIRECTION('',(-0.529919264233,0.848048096156));
#10969 = ( GEOMETRIC_REPRESENTATION_CONTEXT(2)
PARAMETRIC_REPRESENTATION_CONTEXT() REPRESENTATION_CONTEXT('2D SPACE',''
  ) );
#10970 = PCURVE('',#5872,#10971);
#10971 = DEFINITIONAL_REPRESENTATION('',(#10972),#10976);
#10972 = LINE('',#10973,#10974);
#10973 = CARTESIAN_POINT('',(0.,0.));
#10974 = VECTOR('',#10975,1.);
#10975 = DIRECTION('',(1.,0.));
#10976 = ( GEOMETRIC_REPRESENTATION_CONTEXT(2)
PARAMETRIC_REPRESENTATION_CONTEXT() REPRESENTATION_CONTEXT('2D SPACE',''
  ) );
#10977 = ORIENTED_EDGE('',*,*,#10978,.T.);
#10978 = EDGE_CURVE('',#10956,#10979,#10981,.T.);
#10979 = VERTEX_POINT('',#10980);
#10980 = CARTESIAN_POINT('',(45.111433020866,4.931675401377,37.5));
#10981 = SURFACE_CURVE('',#10982,(#10986,#10993),.PCURVE_S1.);
#10982 = LINE('',#10983,#10984);
#10983 = CARTESIAN_POINT('',(44.742785792575,5.625,37.5));
#10984 = VECTOR('',#10985,1.);
#10985 = DIRECTION('',(0.469471562786,-0.882947592859,
    -5.212181384116E-17));
#10986 = PCURVE('',#10872,#10987);
#10987 = DEFINITIONAL_REPRESENTATION('',(#10988),#10992);
#10988 = LINE('',#10989,#10990);
#10989 = CARTESIAN_POINT('',(-9.742785792575,-3.603111919538));
#10990 = VECTOR('',#10991,1.);
#10991 = DIRECTION('',(-0.469471562786,0.882947592859));
#10992 = ( GEOMETRIC_REPRESENTATION_CONTEXT(2)
PARAMETRIC_REPRESENTATION_CONTEXT() REPRESENTATION_CONTEXT('2D SPACE',''
  ) );
#10993 = PCURVE('',#5846,#10994);
#10994 = DEFINITIONAL_REPRESENTATION('',(#10995),#10999);
#10995 = LINE('',#10996,#10997);
#10996 = CARTESIAN_POINT('',(0.,0.));
#10997 = VECTOR('',#10998,1.);
#10998 = DIRECTION('',(1.,0.));
#10999 = ( GEOMETRIC_REPRESENTATION_CONTEXT(2)
PARAMETRIC_REPRESENTATION_CONTEXT() REPRESENTATION_CONTEXT('2D SPACE',''
  ) );
#11000 = ORIENTED_EDGE('',*,*,#11001,.T.);
#11001 = EDGE_CURVE('',#10979,#11002,#11004,.T.);
#11002 = VERTEX_POINT('',#11003);
#11003 = CARTESIAN_POINT('',(45.430818363876,4.214324175929,37.5));
#11004 = SURFACE_CURVE('',#11005,(#11009,#11016),.PCURVE_S1.);
#11005 = LINE('',#11006,#11007);
#11006 = CARTESIAN_POINT('',(45.111433020866,4.931675401377,37.5));
#11007 = VECTOR('',#11008,1.);
#11008 = DIRECTION('',(0.406736643076,-0.913545457643,
    -4.515683861015E-17));
#11009 = PCURVE('',#10872,#11010);
#11010 = DEFINITIONAL_REPRESENTATION('',(#11011),#11015);
#11011 = LINE('',#11012,#11013);
#11012 = CARTESIAN_POINT('',(-10.11143302086,-2.909787320915));
#11013 = VECTOR('',#11014,1.);
#11014 = DIRECTION('',(-0.406736643076,0.913545457643));
#11015 = ( GEOMETRIC_REPRESENTATION_CONTEXT(2)
PARAMETRIC_REPRESENTATION_CONTEXT() REPRESENTATION_CONTEXT('2D SPACE',''
  ) );
#11016 = PCURVE('',#5820,#11017);
#11017 = DEFINITIONAL_REPRESENTATION('',(#11018),#11022);
#11018 = LINE('',#11019,#11020);
#11019 = CARTESIAN_POINT('',(0.,0.));
#11020 = VECTOR('',#11021,1.);
#11021 = DIRECTION('',(1.,0.));
#11022 = ( GEOMETRIC_REPRESENTATION_CONTEXT(2)
PARAMETRIC_REPRESENTATION_CONTEXT() REPRESENTATION_CONTEXT('2D SPACE',''
  ) );
#11023 = ORIENTED_EDGE('',*,*,#11024,.T.);
#11024 = EDGE_CURVE('',#11002,#11025,#11027,.T.);
#11025 = VERTEX_POINT('',#11026);
#11026 = CARTESIAN_POINT('',(45.69938580832,3.476441186718,37.5));
#11027 = SURFACE_CURVE('',#11028,(#11032,#11039),.PCURVE_S1.);
#11028 = LINE('',#11029,#11030);
#11029 = CARTESIAN_POINT('',(45.430818363876,4.214324175929,37.5));
#11030 = VECTOR('',#11031,1.);
#11031 = DIRECTION('',(0.342020143326,-0.939692620786,
    -3.797186380058E-17));
#11032 = PCURVE('',#10872,#11033);
#11033 = DEFINITIONAL_REPRESENTATION('',(#11034),#11038);
#11034 = LINE('',#11035,#11036);
#11035 = CARTESIAN_POINT('',(-10.43081836387,-2.192436095467));
#11036 = VECTOR('',#11037,1.);
#11037 = DIRECTION('',(-0.342020143326,0.939692620786));
#11038 = ( GEOMETRIC_REPRESENTATION_CONTEXT(2)
PARAMETRIC_REPRESENTATION_CONTEXT() REPRESENTATION_CONTEXT('2D SPACE',''
  ) );
#11039 = PCURVE('',#5794,#11040);
#11040 = DEFINITIONAL_REPRESENTATION('',(#11041),#11045);
#11041 = LINE('',#11042,#11043);
#11042 = CARTESIAN_POINT('',(0.,0.));
#11043 = VECTOR('',#11044,1.);
#11044 = DIRECTION('',(1.,0.));
#11045 = ( GEOMETRIC_REPRESENTATION_CONTEXT(2)
PARAMETRIC_REPRESENTATION_CONTEXT() REPRESENTATION_CONTEXT('2D SPACE',''
  ) );
#11046 = ORIENTED_EDGE('',*,*,#11047,.T.);
#11047 = EDGE_CURVE('',#11025,#11048,#11050,.T.);
#11048 = VERTEX_POINT('',#11049);
#11049 = CARTESIAN_POINT('',(45.915826920605,2.721621325496,37.5));
#11050 = SURFACE_CURVE('',#11051,(#11055,#11062),.PCURVE_S1.);
#11051 = LINE('',#11052,#11053);
#11052 = CARTESIAN_POINT('',(45.69938580832,3.476441186718,37.5));
#11053 = VECTOR('',#11054,1.);
#11054 = DIRECTION('',(0.275637355817,-0.961261695938,
    -3.060189388748E-17));
#11055 = PCURVE('',#10872,#11056);
#11056 = DEFINITIONAL_REPRESENTATION('',(#11057),#11061);
#11057 = LINE('',#11058,#11059);
#11058 = CARTESIAN_POINT('',(-10.69938580832,-1.454553106256));
#11059 = VECTOR('',#11060,1.);
#11060 = DIRECTION('',(-0.275637355817,0.961261695938));
#11061 = ( GEOMETRIC_REPRESENTATION_CONTEXT(2)
PARAMETRIC_REPRESENTATION_CONTEXT() REPRESENTATION_CONTEXT('2D SPACE',''
  ) );
#11062 = PCURVE('',#5768,#11063);
#11063 = DEFINITIONAL_REPRESENTATION('',(#11064),#11068);
#11064 = LINE('',#11065,#11066);
#11065 = CARTESIAN_POINT('',(0.,0.));
#11066 = VECTOR('',#11067,1.);
#11067 = DIRECTION('',(1.,0.));
#11068 = ( GEOMETRIC_REPRESENTATION_CONTEXT(2)
PARAMETRIC_REPRESENTATION_CONTEXT() REPRESENTATION_CONTEXT('2D SPACE',''
  ) );
#11069 = ORIENTED_EDGE('',*,*,#11070,.T.);
#11070 = EDGE_CURVE('',#11048,#11071,#11073,.T.);
#11071 = VERTEX_POINT('',#11072);
#11072 = CARTESIAN_POINT('',(46.079087221387,1.953541998753,37.5));
#11073 = SURFACE_CURVE('',#11074,(#11078,#11085),.PCURVE_S1.);
#11074 = LINE('',#11075,#11076);
#11075 = CARTESIAN_POINT('',(45.915826920605,2.721621325496,37.5));
#11076 = VECTOR('',#11077,1.);
#11077 = DIRECTION('',(0.207911690818,-0.978147600734,
    -2.308283462346E-17));
#11078 = PCURVE('',#10872,#11079);
#11079 = DEFINITIONAL_REPRESENTATION('',(#11080),#11084);
#11080 = LINE('',#11081,#11082);
#11081 = CARTESIAN_POINT('',(-10.9158269206,-0.699733245034));
#11082 = VECTOR('',#11083,1.);
#11083 = DIRECTION('',(-0.207911690818,0.978147600734));
#11084 = ( GEOMETRIC_REPRESENTATION_CONTEXT(2)
PARAMETRIC_REPRESENTATION_CONTEXT() REPRESENTATION_CONTEXT('2D SPACE',''
  ) );
#11085 = PCURVE('',#5742,#11086);
#11086 = DEFINITIONAL_REPRESENTATION('',(#11087),#11091);
#11087 = LINE('',#11088,#11089);
#11088 = CARTESIAN_POINT('',(0.,0.));
#11089 = VECTOR('',#11090,1.);
#11090 = DIRECTION('',(1.,0.));
#11091 = ( GEOMETRIC_REPRESENTATION_CONTEXT(2)
PARAMETRIC_REPRESENTATION_CONTEXT() REPRESENTATION_CONTEXT('2D SPACE',''
  ) );
#11092 = ORIENTED_EDGE('',*,*,#11093,.T.);
#11093 = EDGE_CURVE('',#11071,#11094,#11096,.T.);
#11094 = VERTEX_POINT('',#11095);
#11095 = CARTESIAN_POINT('',(46.188371322893,1.175945211761,37.5));
#11096 = SURFACE_CURVE('',#11097,(#11101,#11108),.PCURVE_S1.);
#11097 = LINE('',#11098,#11099);
#11098 = CARTESIAN_POINT('',(46.079087221387,1.953541998753,37.5));
#11099 = VECTOR('',#11100,1.);
#11100 = DIRECTION('',(0.13917310096,-0.990268068742,-1.545131810943E-17
    ));
#11101 = PCURVE('',#10872,#11102);
#11102 = DEFINITIONAL_REPRESENTATION('',(#11103),#11107);
#11103 = LINE('',#11104,#11105);
#11104 = CARTESIAN_POINT('',(-11.07908722138,6.834608170908E-02));
#11105 = VECTOR('',#11106,1.);
#11106 = DIRECTION('',(-0.13917310096,0.990268068742));
#11107 = ( GEOMETRIC_REPRESENTATION_CONTEXT(2)
PARAMETRIC_REPRESENTATION_CONTEXT() REPRESENTATION_CONTEXT('2D SPACE',''
  ) );
#11108 = PCURVE('',#5716,#11109);
#11109 = DEFINITIONAL_REPRESENTATION('',(#11110),#11114);
#11110 = LINE('',#11111,#11112);
#11111 = CARTESIAN_POINT('',(0.,0.));
#11112 = VECTOR('',#11113,1.);
#11113 = DIRECTION('',(1.,0.));
#11114 = ( GEOMETRIC_REPRESENTATION_CONTEXT(2)
PARAMETRIC_REPRESENTATION_CONTEXT() REPRESENTATION_CONTEXT('2D SPACE',''
  ) );
#11115 = ORIENTED_EDGE('',*,*,#11116,.T.);
#11116 = EDGE_CURVE('',#11094,#11117,#11119,.T.);
#11117 = VERTEX_POINT('',#11118);
#11118 = CARTESIAN_POINT('',(46.243146803965,0.392619337903,37.5));
#11119 = SURFACE_CURVE('',#11120,(#11124,#11131),.PCURVE_S1.);
#11120 = LINE('',#11121,#11122);
#11121 = CARTESIAN_POINT('',(46.188371322893,1.175945211761,37.5));
#11122 = VECTOR('',#11123,1.);
#11123 = DIRECTION('',(6.975647374413E-02,-0.99756405026,
    -7.744524326739E-18));
#11124 = PCURVE('',#10872,#11125);
#11125 = DEFINITIONAL_REPRESENTATION('',(#11126),#11130);
#11126 = LINE('',#11127,#11128);
#11127 = CARTESIAN_POINT('',(-11.18837132289,0.845942868701));
#11128 = VECTOR('',#11129,1.);
#11129 = DIRECTION('',(-6.975647374413E-02,0.99756405026));
#11130 = ( GEOMETRIC_REPRESENTATION_CONTEXT(2)
PARAMETRIC_REPRESENTATION_CONTEXT() REPRESENTATION_CONTEXT('2D SPACE',''
  ) );
#11131 = PCURVE('',#5690,#11132);
#11132 = DEFINITIONAL_REPRESENTATION('',(#11133),#11137);
#11133 = LINE('',#11134,#11135);
#11134 = CARTESIAN_POINT('',(0.,0.));
#11135 = VECTOR('',#11136,1.);
#11136 = DIRECTION('',(1.,0.));
#11137 = ( GEOMETRIC_REPRESENTATION_CONTEXT(2)
PARAMETRIC_REPRESENTATION_CONTEXT() REPRESENTATION_CONTEXT('2D SPACE',''
  ) );
#11138 = ORIENTED_EDGE('',*,*,#11139,.T.);
#11139 = EDGE_CURVE('',#11117,#11140,#11142,.T.);
#11140 = VERTEX_POINT('',#11141);
#11141 = CARTESIAN_POINT('',(46.243146803965,-0.392619337903,37.5));
#11142 = SURFACE_CURVE('',#11143,(#11147,#11154),.PCURVE_S1.);
#11143 = LINE('',#11144,#11145);
#11144 = CARTESIAN_POINT('',(46.243146803965,0.392619337903,37.5));
#11145 = VECTOR('',#11146,1.);
#11146 = DIRECTION('',(0.,-1.,0.));
#11147 = PCURVE('',#10872,#11148);
#11148 = DEFINITIONAL_REPRESENTATION('',(#11149),#11153);
#11149 = LINE('',#11150,#11151);
#11150 = CARTESIAN_POINT('',(-11.24314680396,1.629268742559));
#11151 = VECTOR('',#11152,1.);
#11152 = DIRECTION('',(0.,1.));
#11153 = ( GEOMETRIC_REPRESENTATION_CONTEXT(2)
PARAMETRIC_REPRESENTATION_CONTEXT() REPRESENTATION_CONTEXT('2D SPACE',''
  ) );
#11154 = PCURVE('',#5664,#11155);
#11155 = DEFINITIONAL_REPRESENTATION('',(#11156),#11160);
#11156 = LINE('',#11157,#11158);
#11157 = CARTESIAN_POINT('',(0.,-0.));
#11158 = VECTOR('',#11159,1.);
#11159 = DIRECTION('',(1.,0.));
#11160 = ( GEOMETRIC_REPRESENTATION_CONTEXT(2)
PARAMETRIC_REPRESENTATION_CONTEXT() REPRESENTATION_CONTEXT('2D SPACE',''
  ) );
#11161 = ORIENTED_EDGE('',*,*,#11162,.T.);
#11162 = EDGE_CURVE('',#11140,#11163,#11165,.T.);
#11163 = VERTEX_POINT('',#11164);
#11164 = CARTESIAN_POINT('',(46.188371322893,-1.175945211761,37.5));
#11165 = SURFACE_CURVE('',#11166,(#11170,#11177),.PCURVE_S1.);
#11166 = LINE('',#11167,#11168);
#11167 = CARTESIAN_POINT('',(46.243146803965,-0.392619337903,37.5));
#11168 = VECTOR('',#11169,1.);
#11169 = DIRECTION('',(-6.975647374413E-02,-0.99756405026,
    7.744524326739E-18));
#11170 = PCURVE('',#10872,#11171);
#11171 = DEFINITIONAL_REPRESENTATION('',(#11172),#11176);
#11172 = LINE('',#11173,#11174);
#11173 = CARTESIAN_POINT('',(-11.24314680396,2.414507418365));
#11174 = VECTOR('',#11175,1.);
#11175 = DIRECTION('',(6.975647374413E-02,0.99756405026));
#11176 = ( GEOMETRIC_REPRESENTATION_CONTEXT(2)
PARAMETRIC_REPRESENTATION_CONTEXT() REPRESENTATION_CONTEXT('2D SPACE',''
  ) );
#11177 = PCURVE('',#5638,#11178);
#11178 = DEFINITIONAL_REPRESENTATION('',(#11179),#11183);
#11179 = LINE('',#11180,#11181);
#11180 = CARTESIAN_POINT('',(0.,0.));
#11181 = VECTOR('',#11182,1.);
#11182 = DIRECTION('',(1.,0.));
#11183 = ( GEOMETRIC_REPRESENTATION_CONTEXT(2)
PARAMETRIC_REPRESENTATION_CONTEXT() REPRESENTATION_CONTEXT('2D SPACE',''
  ) );
#11184 = ORIENTED_EDGE('',*,*,#11185,.T.);
#11185 = EDGE_CURVE('',#11163,#11186,#11188,.T.);
#11186 = VERTEX_POINT('',#11187);
#11187 = CARTESIAN_POINT('',(46.079087221387,-1.953541998753,37.5));
#11188 = SURFACE_CURVE('',#11189,(#11193,#11200),.PCURVE_S1.);
#11189 = LINE('',#11190,#11191);
#11190 = CARTESIAN_POINT('',(46.188371322893,-1.175945211761,37.5));
#11191 = VECTOR('',#11192,1.);
#11192 = DIRECTION('',(-0.13917310096,-0.990268068742,1.545131810943E-17
    ));
#11193 = PCURVE('',#10872,#11194);
#11194 = DEFINITIONAL_REPRESENTATION('',(#11195),#11199);
#11195 = LINE('',#11196,#11197);
#11196 = CARTESIAN_POINT('',(-11.18837132289,3.197833292223));
#11197 = VECTOR('',#11198,1.);
#11198 = DIRECTION('',(0.13917310096,0.990268068742));
#11199 = ( GEOMETRIC_REPRESENTATION_CONTEXT(2)
PARAMETRIC_REPRESENTATION_CONTEXT() REPRESENTATION_CONTEXT('2D SPACE',''
  ) );
#11200 = PCURVE('',#5612,#11201);
#11201 = DEFINITIONAL_REPRESENTATION('',(#11202),#11206);
#11202 = LINE('',#11203,#11204);
#11203 = CARTESIAN_POINT('',(0.,0.));
#11204 = VECTOR('',#11205,1.);
#11205 = DIRECTION('',(1.,0.));
#11206 = ( GEOMETRIC_REPRESENTATION_CONTEXT(2)
PARAMETRIC_REPRESENTATION_CONTEXT() REPRESENTATION_CONTEXT('2D SPACE',''
  ) );
#11207 = ORIENTED_EDGE('',*,*,#11208,.T.);
#11208 = EDGE_CURVE('',#11186,#11209,#11211,.T.);
#11209 = VERTEX_POINT('',#11210);
#11210 = CARTESIAN_POINT('',(45.915826920605,-2.721621325496,37.5));
#11211 = SURFACE_CURVE('',#11212,(#11216,#11223),.PCURVE_S1.);
#11212 = LINE('',#11213,#11214);
#11213 = CARTESIAN_POINT('',(46.079087221387,-1.953541998753,37.5));
#11214 = VECTOR('',#11215,1.);
#11215 = DIRECTION('',(-0.207911690818,-0.978147600734,
    2.308283462346E-17));
#11216 = PCURVE('',#10872,#11217);
#11217 = DEFINITIONAL_REPRESENTATION('',(#11218),#11222);
#11218 = LINE('',#11219,#11220);
#11219 = CARTESIAN_POINT('',(-11.07908722138,3.975430079215));
#11220 = VECTOR('',#11221,1.);
#11221 = DIRECTION('',(0.207911690818,0.978147600734));
#11222 = ( GEOMETRIC_REPRESENTATION_CONTEXT(2)
PARAMETRIC_REPRESENTATION_CONTEXT() REPRESENTATION_CONTEXT('2D SPACE',''
  ) );
#11223 = PCURVE('',#5586,#11224);
#11224 = DEFINITIONAL_REPRESENTATION('',(#11225),#11229);
#11225 = LINE('',#11226,#11227);
#11226 = CARTESIAN_POINT('',(0.,0.));
#11227 = VECTOR('',#11228,1.);
#11228 = DIRECTION('',(1.,0.));
#11229 = ( GEOMETRIC_REPRESENTATION_CONTEXT(2)
PARAMETRIC_REPRESENTATION_CONTEXT() REPRESENTATION_CONTEXT('2D SPACE',''
  ) );
#11230 = ORIENTED_EDGE('',*,*,#11231,.T.);
#11231 = EDGE_CURVE('',#11209,#11232,#11234,.T.);
#11232 = VERTEX_POINT('',#11233);
#11233 = CARTESIAN_POINT('',(45.69938580832,-3.476441186718,37.5));
#11234 = SURFACE_CURVE('',#11235,(#11239,#11246),.PCURVE_S1.);
#11235 = LINE('',#11236,#11237);
#11236 = CARTESIAN_POINT('',(45.915826920605,-2.721621325496,37.5));
#11237 = VECTOR('',#11238,1.);
#11238 = DIRECTION('',(-0.275637355817,-0.961261695938,
    3.060189388748E-17));
#11239 = PCURVE('',#10872,#11240);
#11240 = DEFINITIONAL_REPRESENTATION('',(#11241),#11245);
#11241 = LINE('',#11242,#11243);
#11242 = CARTESIAN_POINT('',(-10.9158269206,4.743509405958));
#11243 = VECTOR('',#11244,1.);
#11244 = DIRECTION('',(0.275637355817,0.961261695938));
#11245 = ( GEOMETRIC_REPRESENTATION_CONTEXT(2)
PARAMETRIC_REPRESENTATION_CONTEXT() REPRESENTATION_CONTEXT('2D SPACE',''
  ) );
#11246 = PCURVE('',#5560,#11247);
#11247 = DEFINITIONAL_REPRESENTATION('',(#11248),#11252);
#11248 = LINE('',#11249,#11250);
#11249 = CARTESIAN_POINT('',(0.,0.));
#11250 = VECTOR('',#11251,1.);
#11251 = DIRECTION('',(1.,0.));
#11252 = ( GEOMETRIC_REPRESENTATION_CONTEXT(2)
PARAMETRIC_REPRESENTATION_CONTEXT() REPRESENTATION_CONTEXT('2D SPACE',''
  ) );
#11253 = ORIENTED_EDGE('',*,*,#11254,.T.);
#11254 = EDGE_CURVE('',#11232,#11255,#11257,.T.);
#11255 = VERTEX_POINT('',#11256);
#11256 = CARTESIAN_POINT('',(45.430818363876,-4.214324175929,37.5));
#11257 = SURFACE_CURVE('',#11258,(#11262,#11269),.PCURVE_S1.);
#11258 = LINE('',#11259,#11260);
#11259 = CARTESIAN_POINT('',(45.69938580832,-3.476441186718,37.5));
#11260 = VECTOR('',#11261,1.);
#11261 = DIRECTION('',(-0.342020143326,-0.939692620786,
    3.797186380058E-17));
#11262 = PCURVE('',#10872,#11263);
#11263 = DEFINITIONAL_REPRESENTATION('',(#11264),#11268);
#11264 = LINE('',#11265,#11266);
#11265 = CARTESIAN_POINT('',(-10.69938580832,5.49832926718));
#11266 = VECTOR('',#11267,1.);
#11267 = DIRECTION('',(0.342020143326,0.939692620786));
#11268 = ( GEOMETRIC_REPRESENTATION_CONTEXT(2)
PARAMETRIC_REPRESENTATION_CONTEXT() REPRESENTATION_CONTEXT('2D SPACE',''
  ) );
#11269 = PCURVE('',#5534,#11270);
#11270 = DEFINITIONAL_REPRESENTATION('',(#11271),#11275);
#11271 = LINE('',#11272,#11273);
#11272 = CARTESIAN_POINT('',(0.,0.));
#11273 = VECTOR('',#11274,1.);
#11274 = DIRECTION('',(1.,0.));
#11275 = ( GEOMETRIC_REPRESENTATION_CONTEXT(2)
PARAMETRIC_REPRESENTATION_CONTEXT() REPRESENTATION_CONTEXT('2D SPACE',''
  ) );
#11276 = ORIENTED_EDGE('',*,*,#11277,.T.);
#11277 = EDGE_CURVE('',#11255,#11278,#11280,.T.);
#11278 = VERTEX_POINT('',#11279);
#11279 = CARTESIAN_POINT('',(45.111433020866,-4.931675401377,37.5));
#11280 = SURFACE_CURVE('',#11281,(#11285,#11292),.PCURVE_S1.);
#11281 = LINE('',#11282,#11283);
#11282 = CARTESIAN_POINT('',(45.430818363876,-4.214324175929,37.5));
#11283 = VECTOR('',#11284,1.);
#11284 = DIRECTION('',(-0.406736643076,-0.913545457643,
    4.515683861015E-17));
#11285 = PCURVE('',#10872,#11286);
#11286 = DEFINITIONAL_REPRESENTATION('',(#11287),#11291);
#11287 = LINE('',#11288,#11289);
#11288 = CARTESIAN_POINT('',(-10.43081836387,6.236212256391));
#11289 = VECTOR('',#11290,1.);
#11290 = DIRECTION('',(0.406736643076,0.913545457643));
#11291 = ( GEOMETRIC_REPRESENTATION_CONTEXT(2)
PARAMETRIC_REPRESENTATION_CONTEXT() REPRESENTATION_CONTEXT('2D SPACE',''
  ) );
#11292 = PCURVE('',#5508,#11293);
#11293 = DEFINITIONAL_REPRESENTATION('',(#11294),#11298);
#11294 = LINE('',#11295,#11296);
#11295 = CARTESIAN_POINT('',(0.,0.));
#11296 = VECTOR('',#11297,1.);
#11297 = DIRECTION('',(1.,0.));
#11298 = ( GEOMETRIC_REPRESENTATION_CONTEXT(2)
PARAMETRIC_REPRESENTATION_CONTEXT() REPRESENTATION_CONTEXT('2D SPACE',''
  ) );
#11299 = ORIENTED_EDGE('',*,*,#11300,.T.);
#11300 = EDGE_CURVE('',#11278,#11301,#11303,.T.);
#11301 = VERTEX_POINT('',#11302);
#11302 = CARTESIAN_POINT('',(44.742785792575,-5.625,37.5));
#11303 = SURFACE_CURVE('',#11304,(#11308,#11315),.PCURVE_S1.);
#11304 = LINE('',#11305,#11306);
#11305 = CARTESIAN_POINT('',(45.111433020866,-4.931675401377,37.5));
#11306 = VECTOR('',#11307,1.);
#11307 = DIRECTION('',(-0.469471562786,-0.882947592859,
    5.212181384117E-17));
#11308 = PCURVE('',#10872,#11309);
#11309 = DEFINITIONAL_REPRESENTATION('',(#11310),#11314);
#11310 = LINE('',#11311,#11312);
#11311 = CARTESIAN_POINT('',(-10.11143302086,6.953563481839));
#11312 = VECTOR('',#11313,1.);
#11313 = DIRECTION('',(0.469471562786,0.882947592859));
#11314 = ( GEOMETRIC_REPRESENTATION_CONTEXT(2)
PARAMETRIC_REPRESENTATION_CONTEXT() REPRESENTATION_CONTEXT('2D SPACE',''
  ) );
#11315 = PCURVE('',#5482,#11316);
#11316 = DEFINITIONAL_REPRESENTATION('',(#11317),#11321);
#11317 = LINE('',#11318,#11319);
#11318 = CARTESIAN_POINT('',(0.,0.));
#11319 = VECTOR('',#11320,1.);
#11320 = DIRECTION('',(1.,0.));
#11321 = ( GEOMETRIC_REPRESENTATION_CONTEXT(2)
PARAMETRIC_REPRESENTATION_CONTEXT() REPRESENTATION_CONTEXT('2D SPACE',''
  ) );
#11322 = ORIENTED_EDGE('',*,*,#11323,.T.);
#11323 = EDGE_CURVE('',#11301,#11324,#11326,.T.);
#11324 = VERTEX_POINT('',#11325);
#11325 = CARTESIAN_POINT('',(44.326672691244,-6.290920164046,37.5));
#11326 = SURFACE_CURVE('',#11327,(#11331,#11338),.PCURVE_S1.);
#11327 = LINE('',#11328,#11329);
#11328 = CARTESIAN_POINT('',(44.742785792575,-5.625,37.5));
#11329 = VECTOR('',#11330,1.);
#11330 = DIRECTION('',(-0.529919264233,-0.848048096156,
    5.883285683441E-17));
#11331 = PCURVE('',#10872,#11332);
#11332 = DEFINITIONAL_REPRESENTATION('',(#11333),#11337);
#11333 = LINE('',#11334,#11335);
#11334 = CARTESIAN_POINT('',(-9.742785792575,7.646888080462));
#11335 = VECTOR('',#11336,1.);
#11336 = DIRECTION('',(0.529919264233,0.848048096156));
#11337 = ( GEOMETRIC_REPRESENTATION_CONTEXT(2)
PARAMETRIC_REPRESENTATION_CONTEXT() REPRESENTATION_CONTEXT('2D SPACE',''
  ) );
#11338 = PCURVE('',#5456,#11339);
#11339 = DEFINITIONAL_REPRESENTATION('',(#11340),#11344);
#11340 = LINE('',#11341,#11342);
#11341 = CARTESIAN_POINT('',(0.,0.));
#11342 = VECTOR('',#11343,1.);
#11343 = DIRECTION('',(1.,0.));
#11344 = ( GEOMETRIC_REPRESENTATION_CONTEXT(2)
PARAMETRIC_REPRESENTATION_CONTEXT() REPRESENTATION_CONTEXT('2D SPACE',''
  ) );
#11345 = ORIENTED_EDGE('',*,*,#11346,.F.);
#11346 = EDGE_CURVE('',#11347,#11324,#11349,.T.);
#11347 = VERTEX_POINT('',#11348);
#11348 = CARTESIAN_POINT('',(43.865120978076,-6.926191597414,37.5));
#11349 = SURFACE_CURVE('',#11350,(#11354,#11361),.PCURVE_S1.);
#11350 = LINE('',#11351,#11352);
#11351 = CARTESIAN_POINT('',(43.865120978076,-6.926191597414,37.5));
#11352 = VECTOR('',#11353,1.);
#11353 = DIRECTION('',(0.587785252292,0.809016994375,0.));
#11354 = PCURVE('',#10872,#11355);
#11355 = DEFINITIONAL_REPRESENTATION('',(#11356),#11360);
#11356 = LINE('',#11357,#11358);
#11357 = CARTESIAN_POINT('',(-8.865120978076,8.948079677876));
#11358 = VECTOR('',#11359,1.);
#11359 = DIRECTION('',(-0.587785252292,-0.809016994375));
#11360 = ( GEOMETRIC_REPRESENTATION_CONTEXT(2)
PARAMETRIC_REPRESENTATION_CONTEXT() REPRESENTATION_CONTEXT('2D SPACE',''
  ) );
#11361 = PCURVE('',#5429,#11362);
#11362 = DEFINITIONAL_REPRESENTATION('',(#11363),#11367);
#11363 = LINE('',#11364,#11365);
#11364 = CARTESIAN_POINT('',(0.785238675806,5.12425339015E-17));
#11365 = VECTOR('',#11366,1.);
#11366 = DIRECTION('',(-1.,-6.525727206302E-17));
#11367 = ( GEOMETRIC_REPRESENTATION_CONTEXT(2)
PARAMETRIC_REPRESENTATION_CONTEXT() REPRESENTATION_CONTEXT('2D SPACE',''
  ) );
#11368 = ORIENTED_EDGE('',*,*,#11369,.T.);
#11369 = EDGE_CURVE('',#11347,#11370,#11372,.T.);
#11370 = VERTEX_POINT('',#11371);
#11371 = CARTESIAN_POINT('',(43.360379286621,-7.527719321537,37.5));
#11372 = SURFACE_CURVE('',#11373,(#11377,#11384),.PCURVE_S1.);
#11373 = LINE('',#11374,#11375);
#11374 = CARTESIAN_POINT('',(43.865120978076,-6.926191597414,37.5));
#11375 = VECTOR('',#11376,1.);
#11376 = DIRECTION('',(-0.642787609687,-0.766044443119,
    7.136376042178E-17));
#11377 = PCURVE('',#10872,#11378);
#11378 = DEFINITIONAL_REPRESENTATION('',(#11379),#11383);
#11379 = LINE('',#11380,#11381);
#11380 = CARTESIAN_POINT('',(-8.865120978076,8.948079677876));
#11381 = VECTOR('',#11382,1.);
#11382 = DIRECTION('',(0.642787609687,0.766044443119));
#11383 = ( GEOMETRIC_REPRESENTATION_CONTEXT(2)
PARAMETRIC_REPRESENTATION_CONTEXT() REPRESENTATION_CONTEXT('2D SPACE',''
  ) );
#11384 = PCURVE('',#5401,#11385);
#11385 = DEFINITIONAL_REPRESENTATION('',(#11386),#11390);
#11386 = LINE('',#11387,#11388);
#11387 = CARTESIAN_POINT('',(0.,0.));
#11388 = VECTOR('',#11389,1.);
#11389 = DIRECTION('',(1.,0.));
#11390 = ( GEOMETRIC_REPRESENTATION_CONTEXT(2)
PARAMETRIC_REPRESENTATION_CONTEXT() REPRESENTATION_CONTEXT('2D SPACE',''
  ) );
#11391 = ORIENTED_EDGE('',*,*,#11392,.T.);
#11392 = EDGE_CURVE('',#11370,#11393,#11395,.T.);
#11393 = VERTEX_POINT('',#11394);
#11394 = CARTESIAN_POINT('',(42.814906667664,-8.09257275381,37.5));
#11395 = SURFACE_CURVE('',#11396,(#11400,#11407),.PCURVE_S1.);
#11396 = LINE('',#11397,#11398);
#11397 = CARTESIAN_POINT('',(43.360379286621,-7.527719321537,37.5));
#11398 = VECTOR('',#11399,1.);
#11399 = DIRECTION('',(-0.694658370459,-0.719339800339,
    7.712257171322E-17));
#11400 = PCURVE('',#10872,#11401);
#11401 = DEFINITIONAL_REPRESENTATION('',(#11402),#11406);
#11402 = LINE('',#11403,#11404);
#11403 = CARTESIAN_POINT('',(-8.360379286621,9.549607401999));
#11404 = VECTOR('',#11405,1.);
#11405 = DIRECTION('',(0.694658370459,0.719339800339));
#11406 = ( GEOMETRIC_REPRESENTATION_CONTEXT(2)
PARAMETRIC_REPRESENTATION_CONTEXT() REPRESENTATION_CONTEXT('2D SPACE',''
  ) );
#11407 = PCURVE('',#5373,#11408);
#11408 = DEFINITIONAL_REPRESENTATION('',(#11409),#11413);
#11409 = LINE('',#11410,#11411);
#11410 = CARTESIAN_POINT('',(0.,0.));
#11411 = VECTOR('',#11412,1.);
#11412 = DIRECTION('',(1.,0.));
#11413 = ( GEOMETRIC_REPRESENTATION_CONTEXT(2)
PARAMETRIC_REPRESENTATION_CONTEXT() REPRESENTATION_CONTEXT('2D SPACE',''
  ) );
#11414 = ORIENTED_EDGE('',*,*,#11415,.T.);
#11415 = EDGE_CURVE('',#11393,#11416,#11418,.T.);
#11416 = VERTEX_POINT('',#11417);
#11417 = CARTESIAN_POINT('',(42.231360608974,-8.617999985089,37.5));
#11418 = SURFACE_CURVE('',#11419,(#11423,#11430),.PCURVE_S1.);
#11419 = LINE('',#11420,#11421);
#11420 = CARTESIAN_POINT('',(42.814906667664,-8.09257275381,37.5));
#11421 = VECTOR('',#11422,1.);
#11422 = DIRECTION('',(-0.743144825477,-0.669130606359,8.25056495876E-17
    ));
#11423 = PCURVE('',#10872,#11424);
#11424 = DEFINITIONAL_REPRESENTATION('',(#11425),#11429);
#11425 = LINE('',#11426,#11427);
#11426 = CARTESIAN_POINT('',(-7.814906667664,10.114460834272));
#11427 = VECTOR('',#11428,1.);
#11428 = DIRECTION('',(0.743144825477,0.669130606359));
#11429 = ( GEOMETRIC_REPRESENTATION_CONTEXT(2)
PARAMETRIC_REPRESENTATION_CONTEXT() REPRESENTATION_CONTEXT('2D SPACE',''
  ) );
#11430 = PCURVE('',#5345,#11431);
#11431 = DEFINITIONAL_REPRESENTATION('',(#11432),#11436);
#11432 = LINE('',#11433,#11434);
#11433 = CARTESIAN_POINT('',(0.,0.));
#11434 = VECTOR('',#11435,1.);
#11435 = DIRECTION('',(1.,0.));
#11436 = ( GEOMETRIC_REPRESENTATION_CONTEXT(2)
PARAMETRIC_REPRESENTATION_CONTEXT() REPRESENTATION_CONTEXT('2D SPACE',''
  ) );
#11437 = ORIENTED_EDGE('',*,*,#11438,.T.);
#11438 = EDGE_CURVE('',#11416,#11439,#11441,.T.);
#11439 = VERTEX_POINT('',#11440);
#11440 = CARTESIAN_POINT('',(41.61258408829,-9.101441186718,37.5));
#11441 = SURFACE_CURVE('',#11442,(#11446,#11453),.PCURVE_S1.);
#11442 = LINE('',#11443,#11444);
#11443 = CARTESIAN_POINT('',(42.231360608974,-8.617999985089,37.5));
#11444 = VECTOR('',#11445,1.);
#11445 = DIRECTION('',(-0.788010753607,-0.615661475326,
    8.748676823064E-17));
#11446 = PCURVE('',#10872,#11447);
#11447 = DEFINITIONAL_REPRESENTATION('',(#11448),#11452);
#11448 = LINE('',#11449,#11450);
#11449 = CARTESIAN_POINT('',(-7.231360608974,10.639888065551));
#11450 = VECTOR('',#11451,1.);
#11451 = DIRECTION('',(0.788010753607,0.615661475326));
#11452 = ( GEOMETRIC_REPRESENTATION_CONTEXT(2)
PARAMETRIC_REPRESENTATION_CONTEXT() REPRESENTATION_CONTEXT('2D SPACE',''
  ) );
#11453 = PCURVE('',#5317,#11454);
#11454 = DEFINITIONAL_REPRESENTATION('',(#11455),#11459);
#11455 = LINE('',#11456,#11457);
#11456 = CARTESIAN_POINT('',(0.,0.));
#11457 = VECTOR('',#11458,1.);
#11458 = DIRECTION('',(1.,0.));
#11459 = ( GEOMETRIC_REPRESENTATION_CONTEXT(2)
PARAMETRIC_REPRESENTATION_CONTEXT() REPRESENTATION_CONTEXT('2D SPACE',''
  ) );
#11460 = ORIENTED_EDGE('',*,*,#11461,.T.);
#11461 = EDGE_CURVE('',#11439,#11462,#11464,.T.);
#11462 = VERTEX_POINT('',#11463);
#11463 = CARTESIAN_POINT('',(40.961591722624,-9.54054108176,37.5));
#11464 = SURFACE_CURVE('',#11465,(#11469,#11476),.PCURVE_S1.);
#11465 = LINE('',#11466,#11467);
#11466 = CARTESIAN_POINT('',(41.61258408829,-9.101441186718,37.5));
#11467 = VECTOR('',#11468,1.);
#11468 = DIRECTION('',(-0.829037572555,-0.559192903471,9.2041660133E-17)
  );
#11469 = PCURVE('',#10872,#11470);
#11470 = DEFINITIONAL_REPRESENTATION('',(#11471),#11475);
#11471 = LINE('',#11472,#11473);
#11472 = CARTESIAN_POINT('',(-6.61258408829,11.12332926718));
#11473 = VECTOR('',#11474,1.);
#11474 = DIRECTION('',(0.829037572555,0.559192903471));
#11475 = ( GEOMETRIC_REPRESENTATION_CONTEXT(2)
PARAMETRIC_REPRESENTATION_CONTEXT() REPRESENTATION_CONTEXT('2D SPACE',''
  ) );
#11476 = PCURVE('',#5289,#11477);
#11477 = DEFINITIONAL_REPRESENTATION('',(#11478),#11482);
#11478 = LINE('',#11479,#11480);
#11479 = CARTESIAN_POINT('',(0.,0.));
#11480 = VECTOR('',#11481,1.);
#11481 = DIRECTION('',(1.,0.));
#11482 = ( GEOMETRIC_REPRESENTATION_CONTEXT(2)
PARAMETRIC_REPRESENTATION_CONTEXT() REPRESENTATION_CONTEXT('2D SPACE',''
  ) );
#11483 = ORIENTED_EDGE('',*,*,#11484,.T.);
#11484 = EDGE_CURVE('',#11462,#11485,#11487,.T.);
#11485 = VERTEX_POINT('',#11486);
#11486 = CARTESIAN_POINT('',(42.922293000286,-12.67831903753,37.5));
#11487 = SURFACE_CURVE('',#11488,(#11492,#11499),.PCURVE_S1.);
#11488 = LINE('',#11489,#11490);
#11489 = CARTESIAN_POINT('',(40.961591722624,-9.54054108176,37.5));
#11490 = VECTOR('',#11491,1.);
#11491 = DIRECTION('',(0.529919264233,-0.848048096156,
    -5.883285683441E-17));
#11492 = PCURVE('',#10872,#11493);
#11493 = DEFINITIONAL_REPRESENTATION('',(#11494),#11498);
#11494 = LINE('',#11495,#11496);
#11495 = CARTESIAN_POINT('',(-5.961591722624,11.562429162222));
#11496 = VECTOR('',#11497,1.);
#11497 = DIRECTION('',(-0.529919264233,0.848048096156));
#11498 = ( GEOMETRIC_REPRESENTATION_CONTEXT(2)
PARAMETRIC_REPRESENTATION_CONTEXT() REPRESENTATION_CONTEXT('2D SPACE',''
  ) );
#11499 = PCURVE('',#5261,#11500);
#11500 = DEFINITIONAL_REPRESENTATION('',(#11501),#11505);
#11501 = LINE('',#11502,#11503);
#11502 = CARTESIAN_POINT('',(0.,0.));
#11503 = VECTOR('',#11504,1.);
#11504 = DIRECTION('',(1.,0.));
#11505 = ( GEOMETRIC_REPRESENTATION_CONTEXT(2)
PARAMETRIC_REPRESENTATION_CONTEXT() REPRESENTATION_CONTEXT('2D SPACE',''
  ) );
#11506 = ORIENTED_EDGE('',*,*,#11507,.T.);
#11507 = EDGE_CURVE('',#11485,#11508,#11510,.T.);
#11508 = VERTEX_POINT('',#11509);
#11509 = CARTESIAN_POINT('',(43.787389521772,-12.0948040659,37.5));
#11510 = SURFACE_CURVE('',#11511,(#11515,#11522),.PCURVE_S1.);
#11511 = LINE('',#11512,#11513);
#11512 = CARTESIAN_POINT('',(42.922293000286,-12.67831903753,37.5));
#11513 = VECTOR('',#11514,1.);
#11514 = DIRECTION('',(0.829037572555,0.559192903471,-9.2041660133E-17)
  );
#11515 = PCURVE('',#10872,#11516);
#11516 = DEFINITIONAL_REPRESENTATION('',(#11517),#11521);
#11517 = LINE('',#11518,#11519);
#11518 = CARTESIAN_POINT('',(-7.922293000286,14.700207118001));
#11519 = VECTOR('',#11520,1.);
#11520 = DIRECTION('',(-0.829037572555,-0.559192903471));
#11521 = ( GEOMETRIC_REPRESENTATION_CONTEXT(2)
PARAMETRIC_REPRESENTATION_CONTEXT() REPRESENTATION_CONTEXT('2D SPACE',''
  ) );
#11522 = PCURVE('',#5233,#11523);
#11523 = DEFINITIONAL_REPRESENTATION('',(#11524),#11528);
#11524 = LINE('',#11525,#11526);
#11525 = CARTESIAN_POINT('',(0.,0.));
#11526 = VECTOR('',#11527,1.);
#11527 = DIRECTION('',(1.,0.));
#11528 = ( GEOMETRIC_REPRESENTATION_CONTEXT(2)
PARAMETRIC_REPRESENTATION_CONTEXT() REPRESENTATION_CONTEXT('2D SPACE',''
  ) );
#11529 = ORIENTED_EDGE('',*,*,#11530,.T.);
#11530 = EDGE_CURVE('',#11508,#11531,#11533,.T.);
#11531 = VERTEX_POINT('',#11532);
#11532 = CARTESIAN_POINT('',(44.609674764814,-11.45236442462,37.5));
#11533 = SURFACE_CURVE('',#11534,(#11538,#11545),.PCURVE_S1.);
#11534 = LINE('',#11535,#11536);
#11535 = CARTESIAN_POINT('',(43.787389521772,-12.0948040659,37.5));
#11536 = VECTOR('',#11537,1.);
#11537 = DIRECTION('',(0.788010753607,0.615661475326,-8.748676823064E-17
    ));
#11538 = PCURVE('',#10872,#11539);
#11539 = DEFINITIONAL_REPRESENTATION('',(#11540),#11544);
#11540 = LINE('',#11541,#11542);
#11541 = CARTESIAN_POINT('',(-8.787389521772,14.116692146368));
#11542 = VECTOR('',#11543,1.);
#11543 = DIRECTION('',(-0.788010753607,-0.615661475326));
#11544 = ( GEOMETRIC_REPRESENTATION_CONTEXT(2)
PARAMETRIC_REPRESENTATION_CONTEXT() REPRESENTATION_CONTEXT('2D SPACE',''
  ) );
#11545 = PCURVE('',#5205,#11546);
#11546 = DEFINITIONAL_REPRESENTATION('',(#11547),#11551);
#11547 = LINE('',#11548,#11549);
#11548 = CARTESIAN_POINT('',(0.,0.));
#11549 = VECTOR('',#11550,1.);
#11550 = DIRECTION('',(1.,0.));
#11551 = ( GEOMETRIC_REPRESENTATION_CONTEXT(2)
PARAMETRIC_REPRESENTATION_CONTEXT() REPRESENTATION_CONTEXT('2D SPACE',''
  ) );
#11552 = ORIENTED_EDGE('',*,*,#11553,.T.);
#11553 = EDGE_CURVE('',#11531,#11554,#11556,.T.);
#11554 = VERTEX_POINT('',#11555);
#11555 = CARTESIAN_POINT('',(45.385142638362,-10.75413001506,37.5));
#11556 = SURFACE_CURVE('',#11557,(#11561,#11568),.PCURVE_S1.);
#11557 = LINE('',#11558,#11559);
#11558 = CARTESIAN_POINT('',(44.609674764814,-11.45236442462,37.5));
#11559 = VECTOR('',#11560,1.);
#11560 = DIRECTION('',(0.743144825477,0.669130606359,-8.25056495876E-17)
  );
#11561 = PCURVE('',#10872,#11562);
#11562 = DEFINITIONAL_REPRESENTATION('',(#11563),#11567);
#11563 = LINE('',#11564,#11565);
#11564 = CARTESIAN_POINT('',(-9.609674764814,13.474252505091));
#11565 = VECTOR('',#11566,1.);
#11566 = DIRECTION('',(-0.743144825477,-0.669130606359));
#11567 = ( GEOMETRIC_REPRESENTATION_CONTEXT(2)
PARAMETRIC_REPRESENTATION_CONTEXT() REPRESENTATION_CONTEXT('2D SPACE',''
  ) );
#11568 = PCURVE('',#5177,#11569);
#11569 = DEFINITIONAL_REPRESENTATION('',(#11570),#11574);
#11570 = LINE('',#11571,#11572);
#11571 = CARTESIAN_POINT('',(0.,0.));
#11572 = VECTOR('',#11573,1.);
#11573 = DIRECTION('',(1.,0.));
#11574 = ( GEOMETRIC_REPRESENTATION_CONTEXT(2)
PARAMETRIC_REPRESENTATION_CONTEXT() REPRESENTATION_CONTEXT('2D SPACE',''
  ) );
#11575 = ORIENTED_EDGE('',*,*,#11576,.T.);
#11576 = EDGE_CURVE('',#11554,#11577,#11579,.T.);
#11577 = VERTEX_POINT('',#11578);
#11578 = CARTESIAN_POINT('',(46.110015140887,-10.00350256506,37.5));
#11579 = SURFACE_CURVE('',#11580,(#11584,#11591),.PCURVE_S1.);
#11580 = LINE('',#11581,#11582);
#11581 = CARTESIAN_POINT('',(45.385142638362,-10.75413001506,37.5));
#11582 = VECTOR('',#11583,1.);
#11583 = DIRECTION('',(0.694658370459,0.719339800339,-7.712257171322E-17
    ));
#11584 = PCURVE('',#10872,#11585);
#11585 = DEFINITIONAL_REPRESENTATION('',(#11586),#11590);
#11586 = LINE('',#11587,#11588);
#11587 = CARTESIAN_POINT('',(-10.38514263836,12.776018095525));
#11588 = VECTOR('',#11589,1.);
#11589 = DIRECTION('',(-0.694658370459,-0.719339800339));
#11590 = ( GEOMETRIC_REPRESENTATION_CONTEXT(2)
PARAMETRIC_REPRESENTATION_CONTEXT() REPRESENTATION_CONTEXT('2D SPACE',''
  ) );
#11591 = PCURVE('',#5149,#11592);
#11592 = DEFINITIONAL_REPRESENTATION('',(#11593),#11597);
#11593 = LINE('',#11594,#11595);
#11594 = CARTESIAN_POINT('',(0.,0.));
#11595 = VECTOR('',#11596,1.);
#11596 = DIRECTION('',(1.,0.));
#11597 = ( GEOMETRIC_REPRESENTATION_CONTEXT(2)
PARAMETRIC_REPRESENTATION_CONTEXT() REPRESENTATION_CONTEXT('2D SPACE',''
  ) );
#11598 = ORIENTED_EDGE('',*,*,#11599,.T.);
#11599 = EDGE_CURVE('',#11577,#11600,#11602,.T.);
#11600 = VERTEX_POINT('',#11601);
#11601 = CARTESIAN_POINT('',(46.78076076642,-9.204139056119,37.5));
#11602 = SURFACE_CURVE('',#11603,(#11607,#11614),.PCURVE_S1.);
#11603 = LINE('',#11604,#11605);
#11604 = CARTESIAN_POINT('',(46.110015140887,-10.00350256506,37.5));
#11605 = VECTOR('',#11606,1.);
#11606 = DIRECTION('',(0.642787609687,0.766044443119,-7.136376042178E-17
    ));
#11607 = PCURVE('',#10872,#11608);
#11608 = DEFINITIONAL_REPRESENTATION('',(#11609),#11613);
#11609 = LINE('',#11610,#11611);
#11610 = CARTESIAN_POINT('',(-11.11001514088,12.025390645527));
#11611 = VECTOR('',#11612,1.);
#11612 = DIRECTION('',(-0.642787609687,-0.766044443119));
#11613 = ( GEOMETRIC_REPRESENTATION_CONTEXT(2)
PARAMETRIC_REPRESENTATION_CONTEXT() REPRESENTATION_CONTEXT('2D SPACE',''
  ) );
#11614 = PCURVE('',#5121,#11615);
#11615 = DEFINITIONAL_REPRESENTATION('',(#11616),#11620);
#11616 = LINE('',#11617,#11618);
#11617 = CARTESIAN_POINT('',(0.,0.));
#11618 = VECTOR('',#11619,1.);
#11619 = DIRECTION('',(1.,0.));
#11620 = ( GEOMETRIC_REPRESENTATION_CONTEXT(2)
PARAMETRIC_REPRESENTATION_CONTEXT() REPRESENTATION_CONTEXT('2D SPACE',''
  ) );
#11621 = ORIENTED_EDGE('',*,*,#11622,.T.);
#11622 = EDGE_CURVE('',#11600,#11623,#11625,.T.);
#11623 = VERTEX_POINT('',#11624);
#11624 = CARTESIAN_POINT('',(47.394111709698,-8.359933906888,37.5));
#11625 = SURFACE_CURVE('',#11626,(#11630,#11637),.PCURVE_S1.);
#11626 = LINE('',#11627,#11628);
#11627 = CARTESIAN_POINT('',(46.78076076642,-9.204139056119,37.5));
#11628 = VECTOR('',#11629,1.);
#11629 = DIRECTION('',(0.587785252292,0.809016994375,-6.525727206302E-17
    ));
#11630 = PCURVE('',#10872,#11631);
#11631 = DEFINITIONAL_REPRESENTATION('',(#11632),#11636);
#11632 = LINE('',#11633,#11634);
#11633 = CARTESIAN_POINT('',(-11.78076076642,11.226027136581));
#11634 = VECTOR('',#11635,1.);
#11635 = DIRECTION('',(-0.587785252292,-0.809016994375));
#11636 = ( GEOMETRIC_REPRESENTATION_CONTEXT(2)
PARAMETRIC_REPRESENTATION_CONTEXT() REPRESENTATION_CONTEXT('2D SPACE',''
  ) );
#11637 = PCURVE('',#5093,#11638);
#11638 = DEFINITIONAL_REPRESENTATION('',(#11639),#11643);
#11639 = LINE('',#11640,#11641);
#11640 = CARTESIAN_POINT('',(0.,0.));
#11641 = VECTOR('',#11642,1.);
#11642 = DIRECTION('',(1.,0.));
#11643 = ( GEOMETRIC_REPRESENTATION_CONTEXT(2)
PARAMETRIC_REPRESENTATION_CONTEXT() REPRESENTATION_CONTEXT('2D SPACE',''
  ) );
#11644 = ORIENTED_EDGE('',*,*,#11645,.T.);
#11645 = EDGE_CURVE('',#11623,#11646,#11648,.T.);
#11646 = VERTEX_POINT('',#11647);
#11647 = CARTESIAN_POINT('',(47.947079786577,-7.475,37.5));
#11648 = SURFACE_CURVE('',#11649,(#11653,#11660),.PCURVE_S1.);
#11649 = LINE('',#11650,#11651);
#11650 = CARTESIAN_POINT('',(47.394111709698,-8.359933906888,37.5));
#11651 = VECTOR('',#11652,1.);
#11652 = DIRECTION('',(0.529919264233,0.848048096156,-5.883285683441E-17
    ));
#11653 = PCURVE('',#10872,#11654);
#11654 = DEFINITIONAL_REPRESENTATION('',(#11655),#11659);
#11655 = LINE('',#11656,#11657);
#11656 = CARTESIAN_POINT('',(-12.39411170969,10.38182198735));
#11657 = VECTOR('',#11658,1.);
#11658 = DIRECTION('',(-0.529919264233,-0.848048096156));
#11659 = ( GEOMETRIC_REPRESENTATION_CONTEXT(2)
PARAMETRIC_REPRESENTATION_CONTEXT() REPRESENTATION_CONTEXT('2D SPACE',''
  ) );
#11660 = PCURVE('',#5065,#11661);
#11661 = DEFINITIONAL_REPRESENTATION('',(#11662),#11666);
#11662 = LINE('',#11663,#11664);
#11663 = CARTESIAN_POINT('',(0.,0.));
#11664 = VECTOR('',#11665,1.);
#11665 = DIRECTION('',(1.,0.));
#11666 = ( GEOMETRIC_REPRESENTATION_CONTEXT(2)
PARAMETRIC_REPRESENTATION_CONTEXT() REPRESENTATION_CONTEXT('2D SPACE',''
  ) );
#11667 = ORIENTED_EDGE('',*,*,#11668,.T.);
#11668 = EDGE_CURVE('',#11646,#11669,#11671,.T.);
#11669 = VERTEX_POINT('',#11670);
#11670 = CARTESIAN_POINT('',(48.436970992173,-6.553648644497,37.5));
#11671 = SURFACE_CURVE('',#11672,(#11676,#11683),.PCURVE_S1.);
#11672 = LINE('',#11673,#11674);
#11673 = CARTESIAN_POINT('',(47.947079786577,-7.475,37.5));
#11674 = VECTOR('',#11675,1.);
#11675 = DIRECTION('',(0.469471562786,0.882947592859,-5.212181384117E-17
    ));
#11676 = PCURVE('',#10872,#11677);
#11677 = DEFINITIONAL_REPRESENTATION('',(#11678),#11682);
#11678 = LINE('',#11679,#11680);
#11679 = CARTESIAN_POINT('',(-12.94707978657,9.496888080462));
#11680 = VECTOR('',#11681,1.);
#11681 = DIRECTION('',(-0.469471562786,-0.882947592859));
#11682 = ( GEOMETRIC_REPRESENTATION_CONTEXT(2)
PARAMETRIC_REPRESENTATION_CONTEXT() REPRESENTATION_CONTEXT('2D SPACE',''
  ) );
#11683 = PCURVE('',#5037,#11684);
#11684 = DEFINITIONAL_REPRESENTATION('',(#11685),#11689);
#11685 = LINE('',#11686,#11687);
#11686 = CARTESIAN_POINT('',(0.,0.));
#11687 = VECTOR('',#11688,1.);
#11688 = DIRECTION('',(1.,0.));
#11689 = ( GEOMETRIC_REPRESENTATION_CONTEXT(2)
PARAMETRIC_REPRESENTATION_CONTEXT() REPRESENTATION_CONTEXT('2D SPACE',''
  ) );
#11690 = ORIENTED_EDGE('',*,*,#11691,.F.);
#11691 = EDGE_CURVE('',#11692,#11669,#11694,.T.);
#11692 = VERTEX_POINT('',#11693);
#11693 = CARTESIAN_POINT('',(48.861398625773,-5.600368571568,37.5));
#11694 = SURFACE_CURVE('',#11695,(#11699,#11706),.PCURVE_S1.);
#11695 = LINE('',#11696,#11697);
#11696 = CARTESIAN_POINT('',(48.861398625773,-5.600368571568,37.5));
#11697 = VECTOR('',#11698,1.);
#11698 = DIRECTION('',(-0.406736643076,-0.913545457643,0.));
#11699 = PCURVE('',#10872,#11700);
#11700 = DEFINITIONAL_REPRESENTATION('',(#11701),#11705);
#11701 = LINE('',#11702,#11703);
#11702 = CARTESIAN_POINT('',(-13.86139862577,7.62225665203));
#11703 = VECTOR('',#11704,1.);
#11704 = DIRECTION('',(0.406736643076,0.913545457643));
#11705 = ( GEOMETRIC_REPRESENTATION_CONTEXT(2)
PARAMETRIC_REPRESENTATION_CONTEXT() REPRESENTATION_CONTEXT('2D SPACE',''
  ) );
#11706 = PCURVE('',#5009,#11707);
#11707 = DEFINITIONAL_REPRESENTATION('',(#11708),#11712);
#11708 = LINE('',#11709,#11710);
#11709 = CARTESIAN_POINT('',(1.043494951405,-4.712093311109E-17));
#11710 = VECTOR('',#11711,1.);
#11711 = DIRECTION('',(-1.,4.515683861015E-17));
#11712 = ( GEOMETRIC_REPRESENTATION_CONTEXT(2)
PARAMETRIC_REPRESENTATION_CONTEXT() REPRESENTATION_CONTEXT('2D SPACE',''
  ) );
#11713 = ORIENTED_EDGE('',*,*,#11714,.T.);
#11714 = EDGE_CURVE('',#11692,#11715,#11717,.T.);
#11715 = VERTEX_POINT('',#11716);
#11716 = CARTESIAN_POINT('',(49.218294918613,-4.619804065905,37.5));
#11717 = SURFACE_CURVE('',#11718,(#11722,#11729),.PCURVE_S1.);
#11718 = LINE('',#11719,#11720);
#11719 = CARTESIAN_POINT('',(48.861398625773,-5.600368571568,37.5));
#11720 = VECTOR('',#11721,1.);
#11721 = DIRECTION('',(0.342020143326,0.939692620786,-3.797186380058E-17
    ));
#11722 = PCURVE('',#10872,#11723);
#11723 = DEFINITIONAL_REPRESENTATION('',(#11724),#11728);
#11724 = LINE('',#11725,#11726);
#11725 = CARTESIAN_POINT('',(-13.86139862577,7.62225665203));
#11726 = VECTOR('',#11727,1.);
#11727 = DIRECTION('',(-0.342020143326,-0.939692620786));
#11728 = ( GEOMETRIC_REPRESENTATION_CONTEXT(2)
PARAMETRIC_REPRESENTATION_CONTEXT() REPRESENTATION_CONTEXT('2D SPACE',''
  ) );
#11729 = PCURVE('',#4982,#11730);
#11730 = DEFINITIONAL_REPRESENTATION('',(#11731),#11735);
#11731 = LINE('',#11732,#11733);
#11732 = CARTESIAN_POINT('',(0.,0.));
#11733 = VECTOR('',#11734,1.);
#11734 = DIRECTION('',(1.,0.));
#11735 = ( GEOMETRIC_REPRESENTATION_CONTEXT(2)
PARAMETRIC_REPRESENTATION_CONTEXT() REPRESENTATION_CONTEXT('2D SPACE',''
  ) );
#11736 = ORIENTED_EDGE('',*,*,#11737,.T.);
#11737 = EDGE_CURVE('',#11715,#11738,#11740,.T.);
#11738 = VERTEX_POINT('',#11739);
#11739 = CARTESIAN_POINT('',(49.505921107826,-3.616732339215,37.5));
#11740 = SURFACE_CURVE('',#11741,(#11745,#11752),.PCURVE_S1.);
#11741 = LINE('',#11742,#11743);
#11742 = CARTESIAN_POINT('',(49.218294918613,-4.619804065905,37.5));
#11743 = VECTOR('',#11744,1.);
#11744 = DIRECTION('',(0.275637355817,0.961261695938,-3.060189388748E-17
    ));
#11745 = PCURVE('',#10872,#11746);
#11746 = DEFINITIONAL_REPRESENTATION('',(#11747),#11751);
#11747 = LINE('',#11748,#11749);
#11748 = CARTESIAN_POINT('',(-14.21829491861,6.641692146368));
#11749 = VECTOR('',#11750,1.);
#11750 = DIRECTION('',(-0.275637355817,-0.961261695938));
#11751 = ( GEOMETRIC_REPRESENTATION_CONTEXT(2)
PARAMETRIC_REPRESENTATION_CONTEXT() REPRESENTATION_CONTEXT('2D SPACE',''
  ) );
#11752 = PCURVE('',#4956,#11753);
#11753 = DEFINITIONAL_REPRESENTATION('',(#11754),#11758);
#11754 = LINE('',#11755,#11756);
#11755 = CARTESIAN_POINT('',(0.,0.));
#11756 = VECTOR('',#11757,1.);
#11757 = DIRECTION('',(1.,0.));
#11758 = ( GEOMETRIC_REPRESENTATION_CONTEXT(2)
PARAMETRIC_REPRESENTATION_CONTEXT() REPRESENTATION_CONTEXT('2D SPACE',''
  ) );
#11759 = ORIENTED_EDGE('',*,*,#11760,.T.);
#11760 = EDGE_CURVE('',#11738,#11761,#11763,.T.);
#11761 = VERTEX_POINT('',#11762);
#11762 = CARTESIAN_POINT('',(49.722875907533,-2.596040256121,37.5));
#11763 = SURFACE_CURVE('',#11764,(#11768,#11775),.PCURVE_S1.);
#11764 = LINE('',#11765,#11766);
#11765 = CARTESIAN_POINT('',(49.505921107826,-3.616732339215,37.5));
#11766 = VECTOR('',#11767,1.);
#11767 = DIRECTION('',(0.207911690818,0.978147600734,-2.308283462346E-17
    ));
#11768 = PCURVE('',#10872,#11769);
#11769 = DEFINITIONAL_REPRESENTATION('',(#11770),#11774);
#11770 = LINE('',#11771,#11772);
#11771 = CARTESIAN_POINT('',(-14.50592110782,5.638620419677));
#11772 = VECTOR('',#11773,1.);
#11773 = DIRECTION('',(-0.207911690818,-0.978147600734));
#11774 = ( GEOMETRIC_REPRESENTATION_CONTEXT(2)
PARAMETRIC_REPRESENTATION_CONTEXT() REPRESENTATION_CONTEXT('2D SPACE',''
  ) );
#11775 = PCURVE('',#4930,#11776);
#11776 = DEFINITIONAL_REPRESENTATION('',(#11777),#11781);
#11777 = LINE('',#11778,#11779);
#11778 = CARTESIAN_POINT('',(0.,0.));
#11779 = VECTOR('',#11780,1.);
#11780 = DIRECTION('',(1.,0.));
#11781 = ( GEOMETRIC_REPRESENTATION_CONTEXT(2)
PARAMETRIC_REPRESENTATION_CONTEXT() REPRESENTATION_CONTEXT('2D SPACE',''
  ) );
#11782 = ORIENTED_EDGE('',*,*,#11783,.T.);
#11783 = EDGE_CURVE('',#11761,#11784,#11786,.T.);
#11784 = VERTEX_POINT('',#11785);
#11785 = CARTESIAN_POINT('',(49.868102335756,-1.562700525851,37.5));
#11786 = SURFACE_CURVE('',#11787,(#11791,#11798),.PCURVE_S1.);
#11787 = LINE('',#11788,#11789);
#11788 = CARTESIAN_POINT('',(49.722875907533,-2.596040256121,37.5));
#11789 = VECTOR('',#11790,1.);
#11790 = DIRECTION('',(0.13917310096,0.990268068742,-1.545131810943E-17)
  );
#11791 = PCURVE('',#10872,#11792);
#11792 = DEFINITIONAL_REPRESENTATION('',(#11793),#11797);
#11793 = LINE('',#11794,#11795);
#11794 = CARTESIAN_POINT('',(-14.72287590753,4.617928336583));
#11795 = VECTOR('',#11796,1.);
#11796 = DIRECTION('',(-0.13917310096,-0.990268068742));
#11797 = ( GEOMETRIC_REPRESENTATION_CONTEXT(2)
PARAMETRIC_REPRESENTATION_CONTEXT() REPRESENTATION_CONTEXT('2D SPACE',''
  ) );
#11798 = PCURVE('',#4904,#11799);
#11799 = DEFINITIONAL_REPRESENTATION('',(#11800),#11804);
#11800 = LINE('',#11801,#11802);
#11801 = CARTESIAN_POINT('',(0.,0.));
#11802 = VECTOR('',#11803,1.);
#11803 = DIRECTION('',(1.,0.));
#11804 = ( GEOMETRIC_REPRESENTATION_CONTEXT(2)
PARAMETRIC_REPRESENTATION_CONTEXT() REPRESENTATION_CONTEXT('2D SPACE',''
  ) );
#11805 = ORIENTED_EDGE('',*,*,#11806,.T.);
#11806 = EDGE_CURVE('',#11784,#11807,#11809,.T.);
#11807 = VERTEX_POINT('',#11808);
#11808 = CARTESIAN_POINT('',(49.940892863935,-0.521747475702,37.5));
#11809 = SURFACE_CURVE('',#11810,(#11814,#11821),.PCURVE_S1.);
#11810 = LINE('',#11811,#11812);
#11811 = CARTESIAN_POINT('',(49.868102335756,-1.562700525851,37.5));
#11812 = VECTOR('',#11813,1.);
#11813 = DIRECTION('',(6.975647374413E-02,0.99756405026,
    -7.744524326739E-18));
#11814 = PCURVE('',#10872,#11815);
#11815 = DEFINITIONAL_REPRESENTATION('',(#11816),#11820);
#11816 = LINE('',#11817,#11818);
#11817 = CARTESIAN_POINT('',(-14.86810233575,3.584588606313));
#11818 = VECTOR('',#11819,1.);
#11819 = DIRECTION('',(-6.975647374413E-02,-0.99756405026));
#11820 = ( GEOMETRIC_REPRESENTATION_CONTEXT(2)
PARAMETRIC_REPRESENTATION_CONTEXT() REPRESENTATION_CONTEXT('2D SPACE',''
  ) );
#11821 = PCURVE('',#4878,#11822);
#11822 = DEFINITIONAL_REPRESENTATION('',(#11823),#11827);
#11823 = LINE('',#11824,#11825);
#11824 = CARTESIAN_POINT('',(0.,0.));
#11825 = VECTOR('',#11826,1.);
#11826 = DIRECTION('',(1.,0.));
#11827 = ( GEOMETRIC_REPRESENTATION_CONTEXT(2)
PARAMETRIC_REPRESENTATION_CONTEXT() REPRESENTATION_CONTEXT('2D SPACE',''
  ) );
#11828 = ORIENTED_EDGE('',*,*,#11829,.T.);
#11829 = EDGE_CURVE('',#11807,#11830,#11832,.T.);
#11830 = VERTEX_POINT('',#11831);
#11831 = CARTESIAN_POINT('',(49.940892863935,0.521747475702,37.5));
#11832 = SURFACE_CURVE('',#11833,(#11837,#11844),.PCURVE_S1.);
#11833 = LINE('',#11834,#11835);
#11834 = CARTESIAN_POINT('',(49.940892863935,-0.521747475702,37.5));
#11835 = VECTOR('',#11836,1.);
#11836 = DIRECTION('',(0.,1.,0.));
#11837 = PCURVE('',#10872,#11838);
#11838 = DEFINITIONAL_REPRESENTATION('',(#11839),#11843);
#11839 = LINE('',#11840,#11841);
#11840 = CARTESIAN_POINT('',(-14.94089286393,2.543635556164));
#11841 = VECTOR('',#11842,1.);
#11842 = DIRECTION('',(0.,-1.));
#11843 = ( GEOMETRIC_REPRESENTATION_CONTEXT(2)
PARAMETRIC_REPRESENTATION_CONTEXT() REPRESENTATION_CONTEXT('2D SPACE',''
  ) );
#11844 = PCURVE('',#4852,#11845);
#11845 = DEFINITIONAL_REPRESENTATION('',(#11846),#11850);
#11846 = LINE('',#11847,#11848);
#11847 = CARTESIAN_POINT('',(0.,0.));
#11848 = VECTOR('',#11849,1.);
#11849 = DIRECTION('',(1.,0.));
#11850 = ( GEOMETRIC_REPRESENTATION_CONTEXT(2)
PARAMETRIC_REPRESENTATION_CONTEXT() REPRESENTATION_CONTEXT('2D SPACE',''
  ) );
#11851 = ORIENTED_EDGE('',*,*,#11852,.T.);
#11852 = EDGE_CURVE('',#11830,#11853,#11855,.T.);
#11853 = VERTEX_POINT('',#11854);
#11854 = CARTESIAN_POINT('',(49.868102335756,1.562700525851,37.5));
#11855 = SURFACE_CURVE('',#11856,(#11860,#11867),.PCURVE_S1.);
#11856 = LINE('',#11857,#11858);
#11857 = CARTESIAN_POINT('',(49.940892863935,0.521747475702,37.5));
#11858 = VECTOR('',#11859,1.);
#11859 = DIRECTION('',(-6.975647374413E-02,0.99756405026,
    7.744524326739E-18));
#11860 = PCURVE('',#10872,#11861);
#11861 = DEFINITIONAL_REPRESENTATION('',(#11862),#11866);
#11862 = LINE('',#11863,#11864);
#11863 = CARTESIAN_POINT('',(-14.94089286393,1.50014060476));
#11864 = VECTOR('',#11865,1.);
#11865 = DIRECTION('',(6.975647374413E-02,-0.99756405026));
#11866 = ( GEOMETRIC_REPRESENTATION_CONTEXT(2)
PARAMETRIC_REPRESENTATION_CONTEXT() REPRESENTATION_CONTEXT('2D SPACE',''
  ) );
#11867 = PCURVE('',#4826,#11868);
#11868 = DEFINITIONAL_REPRESENTATION('',(#11869),#11873);
#11869 = LINE('',#11870,#11871);
#11870 = CARTESIAN_POINT('',(0.,0.));
#11871 = VECTOR('',#11872,1.);
#11872 = DIRECTION('',(1.,0.));
#11873 = ( GEOMETRIC_REPRESENTATION_CONTEXT(2)
PARAMETRIC_REPRESENTATION_CONTEXT() REPRESENTATION_CONTEXT('2D SPACE',''
  ) );
#11874 = ORIENTED_EDGE('',*,*,#11875,.T.);
#11875 = EDGE_CURVE('',#11853,#11876,#11878,.T.);
#11876 = VERTEX_POINT('',#11877);
#11877 = CARTESIAN_POINT('',(49.722875907533,2.596040256121,37.5));
#11878 = SURFACE_CURVE('',#11879,(#11883,#11890),.PCURVE_S1.);
#11879 = LINE('',#11880,#11881);
#11880 = CARTESIAN_POINT('',(49.868102335756,1.562700525851,37.5));
#11881 = VECTOR('',#11882,1.);
#11882 = DIRECTION('',(-0.13917310096,0.990268068742,1.545131810943E-17)
  );
#11883 = PCURVE('',#10872,#11884);
#11884 = DEFINITIONAL_REPRESENTATION('',(#11885),#11889);
#11885 = LINE('',#11886,#11887);
#11886 = CARTESIAN_POINT('',(-14.86810233575,0.459187554611));
#11887 = VECTOR('',#11888,1.);
#11888 = DIRECTION('',(0.13917310096,-0.990268068742));
#11889 = ( GEOMETRIC_REPRESENTATION_CONTEXT(2)
PARAMETRIC_REPRESENTATION_CONTEXT() REPRESENTATION_CONTEXT('2D SPACE',''
  ) );
#11890 = PCURVE('',#4800,#11891);
#11891 = DEFINITIONAL_REPRESENTATION('',(#11892),#11896);
#11892 = LINE('',#11893,#11894);
#11893 = CARTESIAN_POINT('',(0.,0.));
#11894 = VECTOR('',#11895,1.);
#11895 = DIRECTION('',(1.,0.));
#11896 = ( GEOMETRIC_REPRESENTATION_CONTEXT(2)
PARAMETRIC_REPRESENTATION_CONTEXT() REPRESENTATION_CONTEXT('2D SPACE',''
  ) );
#11897 = ORIENTED_EDGE('',*,*,#11898,.T.);
#11898 = EDGE_CURVE('',#11876,#11899,#11901,.T.);
#11899 = VERTEX_POINT('',#11900);
#11900 = CARTESIAN_POINT('',(49.505921107826,3.616732339215,37.5));
#11901 = SURFACE_CURVE('',#11902,(#11906,#11913),.PCURVE_S1.);
#11902 = LINE('',#11903,#11904);
#11903 = CARTESIAN_POINT('',(49.722875907533,2.596040256121,37.5));
#11904 = VECTOR('',#11905,1.);
#11905 = DIRECTION('',(-0.207911690818,0.978147600734,2.308283462346E-17
    ));
#11906 = PCURVE('',#10872,#11907);
#11907 = DEFINITIONAL_REPRESENTATION('',(#11908),#11912);
#11908 = LINE('',#11909,#11910);
#11909 = CARTESIAN_POINT('',(-14.72287590753,-0.574152175659));
#11910 = VECTOR('',#11911,1.);
#11911 = DIRECTION('',(0.207911690818,-0.978147600734));
#11912 = ( GEOMETRIC_REPRESENTATION_CONTEXT(2)
PARAMETRIC_REPRESENTATION_CONTEXT() REPRESENTATION_CONTEXT('2D SPACE',''
  ) );
#11913 = PCURVE('',#4774,#11914);
#11914 = DEFINITIONAL_REPRESENTATION('',(#11915),#11919);
#11915 = LINE('',#11916,#11917);
#11916 = CARTESIAN_POINT('',(0.,0.));
#11917 = VECTOR('',#11918,1.);
#11918 = DIRECTION('',(1.,0.));
#11919 = ( GEOMETRIC_REPRESENTATION_CONTEXT(2)
PARAMETRIC_REPRESENTATION_CONTEXT() REPRESENTATION_CONTEXT('2D SPACE',''
  ) );
#11920 = ORIENTED_EDGE('',*,*,#11921,.T.);
#11921 = EDGE_CURVE('',#11899,#11922,#11924,.T.);
#11922 = VERTEX_POINT('',#11923);
#11923 = CARTESIAN_POINT('',(49.218294918613,4.619804065905,37.5));
#11924 = SURFACE_CURVE('',#11925,(#11929,#11936),.PCURVE_S1.);
#11925 = LINE('',#11926,#11927);
#11926 = CARTESIAN_POINT('',(49.505921107826,3.616732339215,37.5));
#11927 = VECTOR('',#11928,1.);
#11928 = DIRECTION('',(-0.275637355817,0.961261695938,3.060189388748E-17
    ));
#11929 = PCURVE('',#10872,#11930);
#11930 = DEFINITIONAL_REPRESENTATION('',(#11931),#11935);
#11931 = LINE('',#11932,#11933);
#11932 = CARTESIAN_POINT('',(-14.50592110782,-1.594844258753));
#11933 = VECTOR('',#11934,1.);
#11934 = DIRECTION('',(0.275637355817,-0.961261695938));
#11935 = ( GEOMETRIC_REPRESENTATION_CONTEXT(2)
PARAMETRIC_REPRESENTATION_CONTEXT() REPRESENTATION_CONTEXT('2D SPACE',''
  ) );
#11936 = PCURVE('',#4748,#11937);
#11937 = DEFINITIONAL_REPRESENTATION('',(#11938),#11942);
#11938 = LINE('',#11939,#11940);
#11939 = CARTESIAN_POINT('',(0.,0.));
#11940 = VECTOR('',#11941,1.);
#11941 = DIRECTION('',(1.,0.));
#11942 = ( GEOMETRIC_REPRESENTATION_CONTEXT(2)
PARAMETRIC_REPRESENTATION_CONTEXT() REPRESENTATION_CONTEXT('2D SPACE',''
  ) );
#11943 = ORIENTED_EDGE('',*,*,#11944,.T.);
#11944 = EDGE_CURVE('',#11922,#11945,#11947,.T.);
#11945 = VERTEX_POINT('',#11946);
#11946 = CARTESIAN_POINT('',(48.861398625773,5.600368571568,37.5));
#11947 = SURFACE_CURVE('',#11948,(#11952,#11959),.PCURVE_S1.);
#11948 = LINE('',#11949,#11950);
#11949 = CARTESIAN_POINT('',(49.218294918613,4.619804065905,37.5));
#11950 = VECTOR('',#11951,1.);
#11951 = DIRECTION('',(-0.342020143326,0.939692620786,3.797186380058E-17
    ));
#11952 = PCURVE('',#10872,#11953);
#11953 = DEFINITIONAL_REPRESENTATION('',(#11954),#11958);
#11954 = LINE('',#11955,#11956);
#11955 = CARTESIAN_POINT('',(-14.21829491861,-2.597915985443));
#11956 = VECTOR('',#11957,1.);
#11957 = DIRECTION('',(0.342020143326,-0.939692620786));
#11958 = ( GEOMETRIC_REPRESENTATION_CONTEXT(2)
PARAMETRIC_REPRESENTATION_CONTEXT() REPRESENTATION_CONTEXT('2D SPACE',''
  ) );
#11959 = PCURVE('',#4722,#11960);
#11960 = DEFINITIONAL_REPRESENTATION('',(#11961),#11965);
#11961 = LINE('',#11962,#11963);
#11962 = CARTESIAN_POINT('',(0.,0.));
#11963 = VECTOR('',#11964,1.);
#11964 = DIRECTION('',(1.,0.));
#11965 = ( GEOMETRIC_REPRESENTATION_CONTEXT(2)
PARAMETRIC_REPRESENTATION_CONTEXT() REPRESENTATION_CONTEXT('2D SPACE',''
  ) );
#11966 = ORIENTED_EDGE('',*,*,#11967,.F.);
#11967 = EDGE_CURVE('',#11968,#11945,#11970,.T.);
#11968 = VERTEX_POINT('',#11969);
#11969 = CARTESIAN_POINT('',(48.436970992173,6.553648644497,37.5));
#11970 = SURFACE_CURVE('',#11971,(#11975,#11982),.PCURVE_S1.);
#11971 = LINE('',#11972,#11973);
#11972 = CARTESIAN_POINT('',(48.436970992173,6.553648644497,37.5));
#11973 = VECTOR('',#11974,1.);
#11974 = DIRECTION('',(0.406736643076,-0.913545457643,0.));
#11975 = PCURVE('',#10872,#11976);
#11976 = DEFINITIONAL_REPRESENTATION('',(#11977),#11981);
#11977 = LINE('',#11978,#11979);
#11978 = CARTESIAN_POINT('',(-13.43697099217,-4.531760564035));
#11979 = VECTOR('',#11980,1.);
#11980 = DIRECTION('',(-0.406736643076,0.913545457643));
#11981 = ( GEOMETRIC_REPRESENTATION_CONTEXT(2)
PARAMETRIC_REPRESENTATION_CONTEXT() REPRESENTATION_CONTEXT('2D SPACE',''
  ) );
#11982 = PCURVE('',#4695,#11983);
#11983 = DEFINITIONAL_REPRESENTATION('',(#11984),#11988);
#11984 = LINE('',#11985,#11986);
#11985 = CARTESIAN_POINT('',(1.043494951405,4.712093311109E-17));
#11986 = VECTOR('',#11987,1.);
#11987 = DIRECTION('',(-1.,-4.515683861015E-17));
#11988 = ( GEOMETRIC_REPRESENTATION_CONTEXT(2)
PARAMETRIC_REPRESENTATION_CONTEXT() REPRESENTATION_CONTEXT('2D SPACE',''
  ) );
#11989 = ORIENTED_EDGE('',*,*,#11990,.T.);
#11990 = EDGE_CURVE('',#11968,#10855,#11991,.T.);
#11991 = SURFACE_CURVE('',#11992,(#11996,#12003),.PCURVE_S1.);
#11992 = LINE('',#11993,#11994);
#11993 = CARTESIAN_POINT('',(48.436970992173,6.553648644497,37.5));
#11994 = VECTOR('',#11995,1.);
#11995 = DIRECTION('',(-0.469471562786,0.882947592859,5.212181384117E-17
    ));
#11996 = PCURVE('',#10872,#11997);
#11997 = DEFINITIONAL_REPRESENTATION('',(#11998),#12002);
#11998 = LINE('',#11999,#12000);
#11999 = CARTESIAN_POINT('',(-13.43697099217,-4.531760564035));
#12000 = VECTOR('',#12001,1.);
#12001 = DIRECTION('',(0.469471562786,-0.882947592859));
#12002 = ( GEOMETRIC_REPRESENTATION_CONTEXT(2)
PARAMETRIC_REPRESENTATION_CONTEXT() REPRESENTATION_CONTEXT('2D SPACE',''
  ) );
#12003 = PCURVE('',#4667,#12004);
#12004 = DEFINITIONAL_REPRESENTATION('',(#12005),#12009);
#12005 = LINE('',#12006,#12007);
#12006 = CARTESIAN_POINT('',(0.,0.));
#12007 = VECTOR('',#12008,1.);
#12008 = DIRECTION('',(1.,0.));
#12009 = ( GEOMETRIC_REPRESENTATION_CONTEXT(2)
PARAMETRIC_REPRESENTATION_CONTEXT() REPRESENTATION_CONTEXT('2D SPACE',''
  ) );
#12010 = ORIENTED_EDGE('',*,*,#10854,.T.);
#12011 = ORIENTED_EDGE('',*,*,#12012,.T.);
#12012 = EDGE_CURVE('',#10857,#12013,#12015,.T.);
#12013 = VERTEX_POINT('',#12014);
#12014 = CARTESIAN_POINT('',(46.78076076642,9.204139056119,37.5));
#12015 = SURFACE_CURVE('',#12016,(#12020,#12027),.PCURVE_S1.);
#12016 = LINE('',#12017,#12018);
#12017 = CARTESIAN_POINT('',(47.394111709698,8.359933906888,37.5));
#12018 = VECTOR('',#12019,1.);
#12019 = DIRECTION('',(-0.587785252292,0.809016994375,6.525727206302E-17
    ));
#12020 = PCURVE('',#10872,#12021);
#12021 = DEFINITIONAL_REPRESENTATION('',(#12022),#12026);
#12022 = LINE('',#12023,#12024);
#12023 = CARTESIAN_POINT('',(-12.39411170969,-6.338045826426));
#12024 = VECTOR('',#12025,1.);
#12025 = DIRECTION('',(0.587785252292,-0.809016994375));
#12026 = ( GEOMETRIC_REPRESENTATION_CONTEXT(2)
PARAMETRIC_REPRESENTATION_CONTEXT() REPRESENTATION_CONTEXT('2D SPACE',''
  ) );
#12027 = PCURVE('',#8755,#12028);
#12028 = DEFINITIONAL_REPRESENTATION('',(#12029),#12033);
#12029 = LINE('',#12030,#12031);
#12030 = CARTESIAN_POINT('',(0.,0.));
#12031 = VECTOR('',#12032,1.);
#12032 = DIRECTION('',(1.,0.));
#12033 = ( GEOMETRIC_REPRESENTATION_CONTEXT(2)
PARAMETRIC_REPRESENTATION_CONTEXT() REPRESENTATION_CONTEXT('2D SPACE',''
  ) );
#12034 = ORIENTED_EDGE('',*,*,#12035,.T.);
#12035 = EDGE_CURVE('',#12013,#12036,#12038,.T.);
#12036 = VERTEX_POINT('',#12037);
#12037 = CARTESIAN_POINT('',(46.110015140887,10.003502565065,37.5));
#12038 = SURFACE_CURVE('',#12039,(#12043,#12050),.PCURVE_S1.);
#12039 = LINE('',#12040,#12041);
#12040 = CARTESIAN_POINT('',(46.78076076642,9.204139056119,37.5));
#12041 = VECTOR('',#12042,1.);
#12042 = DIRECTION('',(-0.642787609687,0.766044443119,7.136376042178E-17
    ));
#12043 = PCURVE('',#10872,#12044);
#12044 = DEFINITIONAL_REPRESENTATION('',(#12045),#12049);
#12045 = LINE('',#12046,#12047);
#12046 = CARTESIAN_POINT('',(-11.78076076642,-7.182250975657));
#12047 = VECTOR('',#12048,1.);
#12048 = DIRECTION('',(0.642787609687,-0.766044443119));
#12049 = ( GEOMETRIC_REPRESENTATION_CONTEXT(2)
PARAMETRIC_REPRESENTATION_CONTEXT() REPRESENTATION_CONTEXT('2D SPACE',''
  ) );
#12050 = PCURVE('',#8727,#12051);
#12051 = DEFINITIONAL_REPRESENTATION('',(#12052),#12056);
#12052 = LINE('',#12053,#12054);
#12053 = CARTESIAN_POINT('',(0.,0.));
#12054 = VECTOR('',#12055,1.);
#12055 = DIRECTION('',(1.,0.));
#12056 = ( GEOMETRIC_REPRESENTATION_CONTEXT(2)
PARAMETRIC_REPRESENTATION_CONTEXT() REPRESENTATION_CONTEXT('2D SPACE',''
  ) );
#12057 = ORIENTED_EDGE('',*,*,#12058,.T.);
#12058 = EDGE_CURVE('',#12036,#12059,#12061,.T.);
#12059 = VERTEX_POINT('',#12060);
#12060 = CARTESIAN_POINT('',(45.385142638362,10.754130015063,37.5));
#12061 = SURFACE_CURVE('',#12062,(#12066,#12073),.PCURVE_S1.);
#12062 = LINE('',#12063,#12064);
#12063 = CARTESIAN_POINT('',(46.110015140887,10.003502565065,37.5));
#12064 = VECTOR('',#12065,1.);
#12065 = DIRECTION('',(-0.694658370459,0.719339800339,7.712257171322E-17
    ));
#12066 = PCURVE('',#10872,#12067);
#12067 = DEFINITIONAL_REPRESENTATION('',(#12068),#12072);
#12068 = LINE('',#12069,#12070);
#12069 = CARTESIAN_POINT('',(-11.11001514088,-7.981614484603));
#12070 = VECTOR('',#12071,1.);
#12071 = DIRECTION('',(0.694658370459,-0.719339800339));
#12072 = ( GEOMETRIC_REPRESENTATION_CONTEXT(2)
PARAMETRIC_REPRESENTATION_CONTEXT() REPRESENTATION_CONTEXT('2D SPACE',''
  ) );
#12073 = PCURVE('',#8699,#12074);
#12074 = DEFINITIONAL_REPRESENTATION('',(#12075),#12079);
#12075 = LINE('',#12076,#12077);
#12076 = CARTESIAN_POINT('',(0.,0.));
#12077 = VECTOR('',#12078,1.);
#12078 = DIRECTION('',(1.,0.));
#12079 = ( GEOMETRIC_REPRESENTATION_CONTEXT(2)
PARAMETRIC_REPRESENTATION_CONTEXT() REPRESENTATION_CONTEXT('2D SPACE',''
  ) );
#12080 = ORIENTED_EDGE('',*,*,#12081,.T.);
#12081 = EDGE_CURVE('',#12059,#12082,#12084,.T.);
#12082 = VERTEX_POINT('',#12083);
#12083 = CARTESIAN_POINT('',(44.609674764814,11.452364424629,37.5));
#12084 = SURFACE_CURVE('',#12085,(#12089,#12096),.PCURVE_S1.);
#12085 = LINE('',#12086,#12087);
#12086 = CARTESIAN_POINT('',(45.385142638362,10.754130015063,37.5));
#12087 = VECTOR('',#12088,1.);
#12088 = DIRECTION('',(-0.743144825477,0.669130606359,8.25056495876E-17)
  );
#12089 = PCURVE('',#10872,#12090);
#12090 = DEFINITIONAL_REPRESENTATION('',(#12091),#12095);
#12091 = LINE('',#12092,#12093);
#12092 = CARTESIAN_POINT('',(-10.38514263836,-8.732241934601));
#12093 = VECTOR('',#12094,1.);
#12094 = DIRECTION('',(0.743144825477,-0.669130606359));
#12095 = ( GEOMETRIC_REPRESENTATION_CONTEXT(2)
PARAMETRIC_REPRESENTATION_CONTEXT() REPRESENTATION_CONTEXT('2D SPACE',''
  ) );
#12096 = PCURVE('',#8671,#12097);
#12097 = DEFINITIONAL_REPRESENTATION('',(#12098),#12102);
#12098 = LINE('',#12099,#12100);
#12099 = CARTESIAN_POINT('',(0.,0.));
#12100 = VECTOR('',#12101,1.);
#12101 = DIRECTION('',(1.,0.));
#12102 = ( GEOMETRIC_REPRESENTATION_CONTEXT(2)
PARAMETRIC_REPRESENTATION_CONTEXT() REPRESENTATION_CONTEXT('2D SPACE',''
  ) );
#12103 = ORIENTED_EDGE('',*,*,#12104,.T.);
#12104 = EDGE_CURVE('',#12082,#12105,#12107,.T.);
#12105 = VERTEX_POINT('',#12106);
#12106 = CARTESIAN_POINT('',(43.787389521772,12.094804065905,37.5));
#12107 = SURFACE_CURVE('',#12108,(#12112,#12119),.PCURVE_S1.);
#12108 = LINE('',#12109,#12110);
#12109 = CARTESIAN_POINT('',(44.609674764814,11.452364424629,37.5));
#12110 = VECTOR('',#12111,1.);
#12111 = DIRECTION('',(-0.788010753607,0.615661475326,8.748676823064E-17
    ));
#12112 = PCURVE('',#10872,#12113);
#12113 = DEFINITIONAL_REPRESENTATION('',(#12114),#12118);
#12114 = LINE('',#12115,#12116);
#12115 = CARTESIAN_POINT('',(-9.609674764814,-9.430476344167));
#12116 = VECTOR('',#12117,1.);
#12117 = DIRECTION('',(0.788010753607,-0.615661475326));
#12118 = ( GEOMETRIC_REPRESENTATION_CONTEXT(2)
PARAMETRIC_REPRESENTATION_CONTEXT() REPRESENTATION_CONTEXT('2D SPACE',''
  ) );
#12119 = PCURVE('',#8643,#12120);
#12120 = DEFINITIONAL_REPRESENTATION('',(#12121),#12125);
#12121 = LINE('',#12122,#12123);
#12122 = CARTESIAN_POINT('',(0.,0.));
#12123 = VECTOR('',#12124,1.);
#12124 = DIRECTION('',(1.,0.));
#12125 = ( GEOMETRIC_REPRESENTATION_CONTEXT(2)
PARAMETRIC_REPRESENTATION_CONTEXT() REPRESENTATION_CONTEXT('2D SPACE',''
  ) );
#12126 = ORIENTED_EDGE('',*,*,#12127,.T.);
#12127 = EDGE_CURVE('',#12105,#12128,#12130,.T.);
#12128 = VERTEX_POINT('',#12129);
#12129 = CARTESIAN_POINT('',(42.922293000286,12.678319037539,37.5));
#12130 = SURFACE_CURVE('',#12131,(#12135,#12142),.PCURVE_S1.);
#12131 = LINE('',#12132,#12133);
#12132 = CARTESIAN_POINT('',(43.787389521772,12.094804065905,37.5));
#12133 = VECTOR('',#12134,1.);
#12134 = DIRECTION('',(-0.829037572555,0.559192903471,9.2041660133E-17)
  );
#12135 = PCURVE('',#10872,#12136);
#12136 = DEFINITIONAL_REPRESENTATION('',(#12137),#12141);
#12137 = LINE('',#12138,#12139);
#12138 = CARTESIAN_POINT('',(-8.787389521772,-10.07291598544));
#12139 = VECTOR('',#12140,1.);
#12140 = DIRECTION('',(0.829037572555,-0.559192903471));
#12141 = ( GEOMETRIC_REPRESENTATION_CONTEXT(2)
PARAMETRIC_REPRESENTATION_CONTEXT() REPRESENTATION_CONTEXT('2D SPACE',''
  ) );
#12142 = PCURVE('',#8615,#12143);
#12143 = DEFINITIONAL_REPRESENTATION('',(#12144),#12148);
#12144 = LINE('',#12145,#12146);
#12145 = CARTESIAN_POINT('',(0.,0.));
#12146 = VECTOR('',#12147,1.);
#12147 = DIRECTION('',(1.,0.));
#12148 = ( GEOMETRIC_REPRESENTATION_CONTEXT(2)
PARAMETRIC_REPRESENTATION_CONTEXT() REPRESENTATION_CONTEXT('2D SPACE',''
  ) );
#12149 = ORIENTED_EDGE('',*,*,#12150,.T.);
#12150 = EDGE_CURVE('',#12128,#12151,#12153,.T.);
#12151 = VERTEX_POINT('',#12152);
#12152 = CARTESIAN_POINT('',(42.018599863649,13.200066513241,37.5));
#12153 = SURFACE_CURVE('',#12154,(#12158,#12165),.PCURVE_S1.);
#12154 = LINE('',#12155,#12156);
#12155 = CARTESIAN_POINT('',(42.922293000286,12.678319037539,37.5));
#12156 = VECTOR('',#12157,1.);
#12157 = DIRECTION('',(-0.866025403784,0.5,9.614813431918E-17));
#12158 = PCURVE('',#10872,#12159);
#12159 = DEFINITIONAL_REPRESENTATION('',(#12160),#12164);
#12160 = LINE('',#12161,#12162);
#12161 = CARTESIAN_POINT('',(-7.922293000286,-10.65643095707));
#12162 = VECTOR('',#12163,1.);
#12163 = DIRECTION('',(0.866025403784,-0.5));
#12164 = ( GEOMETRIC_REPRESENTATION_CONTEXT(2)
PARAMETRIC_REPRESENTATION_CONTEXT() REPRESENTATION_CONTEXT('2D SPACE',''
  ) );
#12165 = PCURVE('',#8587,#12166);
#12166 = DEFINITIONAL_REPRESENTATION('',(#12167),#12171);
#12167 = LINE('',#12168,#12169);
#12168 = CARTESIAN_POINT('',(0.,0.));
#12169 = VECTOR('',#12170,1.);
#12170 = DIRECTION('',(1.,0.));
#12171 = ( GEOMETRIC_REPRESENTATION_CONTEXT(2)
PARAMETRIC_REPRESENTATION_CONTEXT() REPRESENTATION_CONTEXT('2D SPACE',''
  ) );
#12172 = ORIENTED_EDGE('',*,*,#12173,.T.);
#12173 = EDGE_CURVE('',#12151,#12174,#12176,.T.);
#12174 = VERTEX_POINT('',#12175);
#12175 = CARTESIAN_POINT('',(41.080712813983,13.657504591757,37.5));
#12176 = SURFACE_CURVE('',#12177,(#12181,#12188),.PCURVE_S1.);
#12177 = LINE('',#12178,#12179);
#12178 = CARTESIAN_POINT('',(42.018599863649,13.200066513241,37.5));
#12179 = VECTOR('',#12180,1.);
#12180 = DIRECTION('',(-0.898794046299,0.438371146789,9.978618445973E-17
    ));
#12181 = PCURVE('',#10872,#12182);
#12182 = DEFINITIONAL_REPRESENTATION('',(#12183),#12187);
#12183 = LINE('',#12184,#12185);
#12184 = CARTESIAN_POINT('',(-7.018599863649,-11.17817843277));
#12185 = VECTOR('',#12186,1.);
#12186 = DIRECTION('',(0.898794046299,-0.438371146789));
#12187 = ( GEOMETRIC_REPRESENTATION_CONTEXT(2)
PARAMETRIC_REPRESENTATION_CONTEXT() REPRESENTATION_CONTEXT('2D SPACE',''
  ) );
#12188 = PCURVE('',#8559,#12189);
#12189 = DEFINITIONAL_REPRESENTATION('',(#12190),#12194);
#12190 = LINE('',#12191,#12192);
#12191 = CARTESIAN_POINT('',(0.,0.));
#12192 = VECTOR('',#12193,1.);
#12193 = DIRECTION('',(1.,0.));
#12194 = ( GEOMETRIC_REPRESENTATION_CONTEXT(2)
PARAMETRIC_REPRESENTATION_CONTEXT() REPRESENTATION_CONTEXT('2D SPACE',''
  ) );
#12195 = ORIENTED_EDGE('',*,*,#12196,.T.);
#12196 = EDGE_CURVE('',#12174,#12197,#12199,.T.);
#12197 = VERTEX_POINT('',#12198);
#12198 = CARTESIAN_POINT('',(40.113201142719,14.048404680749,37.5));
#12199 = SURFACE_CURVE('',#12200,(#12204,#12211),.PCURVE_S1.);
#12200 = LINE('',#12201,#12202);
#12201 = CARTESIAN_POINT('',(41.080712813983,13.657504591757,37.5));
#12202 = VECTOR('',#12203,1.);
#12203 = DIRECTION('',(-0.927183854567,0.374606593416,1.029380863401E-16
    ));
#12204 = PCURVE('',#10872,#12205);
#12205 = DEFINITIONAL_REPRESENTATION('',(#12206),#12210);
#12206 = LINE('',#12207,#12208);
#12207 = CARTESIAN_POINT('',(-6.080712813983,-11.63561651129));
#12208 = VECTOR('',#12209,1.);
#12209 = DIRECTION('',(0.927183854567,-0.374606593416));
#12210 = ( GEOMETRIC_REPRESENTATION_CONTEXT(2)
PARAMETRIC_REPRESENTATION_CONTEXT() REPRESENTATION_CONTEXT('2D SPACE',''
  ) );
#12211 = PCURVE('',#8531,#12212);
#12212 = DEFINITIONAL_REPRESENTATION('',(#12213),#12217);
#12213 = LINE('',#12214,#12215);
#12214 = CARTESIAN_POINT('',(0.,0.));
#12215 = VECTOR('',#12216,1.);
#12216 = DIRECTION('',(1.,0.));
#12217 = ( GEOMETRIC_REPRESENTATION_CONTEXT(2)
PARAMETRIC_REPRESENTATION_CONTEXT() REPRESENTATION_CONTEXT('2D SPACE',''
  ) );
#12218 = ORIENTED_EDGE('',*,*,#12219,.T.);
#12219 = EDGE_CURVE('',#12197,#12220,#12222,.T.);
#12220 = VERTEX_POINT('',#12221);
#12221 = CARTESIAN_POINT('',(39.120778469464,14.370862354278,37.5));
#12222 = SURFACE_CURVE('',#12223,(#12227,#12234),.PCURVE_S1.);
#12223 = LINE('',#12224,#12225);
#12224 = CARTESIAN_POINT('',(40.113201142719,14.048404680749,37.5));
#12225 = VECTOR('',#12226,1.);
#12226 = DIRECTION('',(-0.951056516295,0.309016994375,1.055884842111E-16
    ));
#12227 = PCURVE('',#10872,#12228);
#12228 = DEFINITIONAL_REPRESENTATION('',(#12229),#12233);
#12229 = LINE('',#12230,#12231);
#12230 = CARTESIAN_POINT('',(-5.113201142719,-12.02651660028));
#12231 = VECTOR('',#12232,1.);
#12232 = DIRECTION('',(0.951056516295,-0.309016994375));
#12233 = ( GEOMETRIC_REPRESENTATION_CONTEXT(2)
PARAMETRIC_REPRESENTATION_CONTEXT() REPRESENTATION_CONTEXT('2D SPACE',''
  ) );
#12234 = PCURVE('',#8503,#12235);
#12235 = DEFINITIONAL_REPRESENTATION('',(#12236),#12240);
#12236 = LINE('',#12237,#12238);
#12237 = CARTESIAN_POINT('',(0.,0.));
#12238 = VECTOR('',#12239,1.);
#12239 = DIRECTION('',(1.,0.));
#12240 = ( GEOMETRIC_REPRESENTATION_CONTEXT(2)
PARAMETRIC_REPRESENTATION_CONTEXT() REPRESENTATION_CONTEXT('2D SPACE',''
  ) );
#12241 = ORIENTED_EDGE('',*,*,#12242,.T.);
#12242 = EDGE_CURVE('',#12220,#12243,#12245,.T.);
#12243 = VERTEX_POINT('',#12244);
#12244 = CARTESIAN_POINT('',(38.108279777725,14.62330663097,37.5));
#12245 = SURFACE_CURVE('',#12246,(#12250,#12257),.PCURVE_S1.);
#12246 = LINE('',#12247,#12248);
#12247 = CARTESIAN_POINT('',(39.120778469464,14.370862354278,37.5));
#12248 = VECTOR('',#12249,1.);
#12249 = DIRECTION('',(-0.970295726276,0.2419218956,1.077244656007E-16)
  );
#12250 = PCURVE('',#10872,#12251);
#12251 = DEFINITIONAL_REPRESENTATION('',(#12252),#12256);
#12252 = LINE('',#12253,#12254);
#12253 = CARTESIAN_POINT('',(-4.120778469464,-12.34897427381));
#12254 = VECTOR('',#12255,1.);
#12255 = DIRECTION('',(0.970295726276,-0.2419218956));
#12256 = ( GEOMETRIC_REPRESENTATION_CONTEXT(2)
PARAMETRIC_REPRESENTATION_CONTEXT() REPRESENTATION_CONTEXT('2D SPACE',''
  ) );
#12257 = PCURVE('',#8475,#12258);
#12258 = DEFINITIONAL_REPRESENTATION('',(#12259),#12263);
#12259 = LINE('',#12260,#12261);
#12260 = CARTESIAN_POINT('',(0.,0.));
#12261 = VECTOR('',#12262,1.);
#12262 = DIRECTION('',(1.,0.));
#12263 = ( GEOMETRIC_REPRESENTATION_CONTEXT(2)
PARAMETRIC_REPRESENTATION_CONTEXT() REPRESENTATION_CONTEXT('2D SPACE',''
  ) );
#12264 = ORIENTED_EDGE('',*,*,#12265,.T.);
#12265 = EDGE_CURVE('',#12243,#12266,#12268,.T.);
#12266 = VERTEX_POINT('',#12267);
#12267 = CARTESIAN_POINT('',(37.080637859353,14.804507627686,37.5));
#12268 = SURFACE_CURVE('',#12269,(#12273,#12280),.PCURVE_S1.);
#12269 = LINE('',#12270,#12271);
#12270 = CARTESIAN_POINT('',(38.108279777725,14.62330663097,37.5));
#12271 = VECTOR('',#12272,1.);
#12272 = DIRECTION('',(-0.984807753012,0.173648177667,1.093356242224E-16
    ));
#12273 = PCURVE('',#10872,#12274);
#12274 = DEFINITIONAL_REPRESENTATION('',(#12275),#12279);
#12275 = LINE('',#12276,#12277);
#12276 = CARTESIAN_POINT('',(-3.108279777725,-12.6014185505));
#12277 = VECTOR('',#12278,1.);
#12278 = DIRECTION('',(0.984807753012,-0.173648177667));
#12279 = ( GEOMETRIC_REPRESENTATION_CONTEXT(2)
PARAMETRIC_REPRESENTATION_CONTEXT() REPRESENTATION_CONTEXT('2D SPACE',''
  ) );
#12280 = PCURVE('',#8447,#12281);
#12281 = DEFINITIONAL_REPRESENTATION('',(#12282),#12286);
#12282 = LINE('',#12283,#12284);
#12283 = CARTESIAN_POINT('',(0.,0.));
#12284 = VECTOR('',#12285,1.);
#12285 = DIRECTION('',(1.,0.));
#12286 = ( GEOMETRIC_REPRESENTATION_CONTEXT(2)
PARAMETRIC_REPRESENTATION_CONTEXT() REPRESENTATION_CONTEXT('2D SPACE',''
  ) );
#12287 = ORIENTED_EDGE('',*,*,#12288,.T.);
#12288 = EDGE_CURVE('',#12266,#12289,#12291,.T.);
#12289 = VERTEX_POINT('',#12290);
#12290 = CARTESIAN_POINT('',(36.042859282475,14.913582551384,37.5));
#12291 = SURFACE_CURVE('',#12292,(#12296,#12303),.PCURVE_S1.);
#12292 = LINE('',#12293,#12294);
#12293 = CARTESIAN_POINT('',(37.080637859353,14.804507627686,37.5));
#12294 = VECTOR('',#12295,1.);
#12295 = DIRECTION('',(-0.994521895368,0.104528463268,1.104141106732E-16
    ));
#12296 = PCURVE('',#10872,#12297);
#12297 = DEFINITIONAL_REPRESENTATION('',(#12298),#12302);
#12298 = LINE('',#12299,#12300);
#12299 = CARTESIAN_POINT('',(-2.080637859353,-12.78261954722));
#12300 = VECTOR('',#12301,1.);
#12301 = DIRECTION('',(0.994521895368,-0.104528463268));
#12302 = ( GEOMETRIC_REPRESENTATION_CONTEXT(2)
PARAMETRIC_REPRESENTATION_CONTEXT() REPRESENTATION_CONTEXT('2D SPACE',''
  ) );
#12303 = PCURVE('',#8419,#12304);
#12304 = DEFINITIONAL_REPRESENTATION('',(#12305),#12309);
#12305 = LINE('',#12306,#12307);
#12306 = CARTESIAN_POINT('',(0.,0.));
#12307 = VECTOR('',#12308,1.);
#12308 = DIRECTION('',(1.,0.));
#12309 = ( GEOMETRIC_REPRESENTATION_CONTEXT(2)
PARAMETRIC_REPRESENTATION_CONTEXT() REPRESENTATION_CONTEXT('2D SPACE',''
  ) );
#12310 = ORIENTED_EDGE('',*,*,#12311,.T.);
#12311 = EDGE_CURVE('',#12289,#12312,#12314,.T.);
#12312 = VERTEX_POINT('',#12313);
#12313 = CARTESIAN_POINT('',(35.,14.95,37.5));
#12314 = SURFACE_CURVE('',#12315,(#12319,#12326),.PCURVE_S1.);
#12315 = LINE('',#12316,#12317);
#12316 = CARTESIAN_POINT('',(36.042859282475,14.913582551384,37.5));
#12317 = VECTOR('',#12318,1.);
#12318 = DIRECTION('',(-0.999390827019,3.48994967025E-02,
    1.109546706756E-16));
#12319 = PCURVE('',#10872,#12320);
#12320 = DEFINITIONAL_REPRESENTATION('',(#12321),#12325);
#12321 = LINE('',#12322,#12323);
#12322 = CARTESIAN_POINT('',(-1.042859282475,-12.89169447092));
#12323 = VECTOR('',#12324,1.);
#12324 = DIRECTION('',(0.999390827019,-3.48994967025E-02));
#12325 = ( GEOMETRIC_REPRESENTATION_CONTEXT(2)
PARAMETRIC_REPRESENTATION_CONTEXT() REPRESENTATION_CONTEXT('2D SPACE',''
  ) );
#12326 = PCURVE('',#8391,#12327);
#12327 = DEFINITIONAL_REPRESENTATION('',(#12328),#12332);
#12328 = LINE('',#12329,#12330);
#12329 = CARTESIAN_POINT('',(0.,0.));
#12330 = VECTOR('',#12331,1.);
#12331 = DIRECTION('',(1.,0.));
#12332 = ( GEOMETRIC_REPRESENTATION_CONTEXT(2)
PARAMETRIC_REPRESENTATION_CONTEXT() REPRESENTATION_CONTEXT('2D SPACE',''
  ) );
#12333 = ORIENTED_EDGE('',*,*,#12334,.T.);
#12334 = EDGE_CURVE('',#12312,#12335,#12337,.T.);
#12335 = VERTEX_POINT('',#12336);
#12336 = CARTESIAN_POINT('',(33.957140717525,14.913582551384,37.5));
#12337 = SURFACE_CURVE('',#12338,(#12342,#12349),.PCURVE_S1.);
#12338 = LINE('',#12339,#12340);
#12339 = CARTESIAN_POINT('',(35.,14.95,37.5));
#12340 = VECTOR('',#12341,1.);
#12341 = DIRECTION('',(-0.999390827019,-3.48994967025E-02,
    1.109546706756E-16));
#12342 = PCURVE('',#10872,#12343);
#12343 = DEFINITIONAL_REPRESENTATION('',(#12344),#12348);
#12344 = LINE('',#12345,#12346);
#12345 = CARTESIAN_POINT('',(0.,-12.92811191953));
#12346 = VECTOR('',#12347,1.);
#12347 = DIRECTION('',(0.999390827019,3.48994967025E-02));
#12348 = ( GEOMETRIC_REPRESENTATION_CONTEXT(2)
PARAMETRIC_REPRESENTATION_CONTEXT() REPRESENTATION_CONTEXT('2D SPACE',''
  ) );
#12349 = PCURVE('',#8363,#12350);
#12350 = DEFINITIONAL_REPRESENTATION('',(#12351),#12355);
#12351 = LINE('',#12352,#12353);
#12352 = CARTESIAN_POINT('',(0.,0.));
#12353 = VECTOR('',#12354,1.);
#12354 = DIRECTION('',(1.,0.));
#12355 = ( GEOMETRIC_REPRESENTATION_CONTEXT(2)
PARAMETRIC_REPRESENTATION_CONTEXT() REPRESENTATION_CONTEXT('2D SPACE',''
  ) );
#12356 = ORIENTED_EDGE('',*,*,#12357,.T.);
#12357 = EDGE_CURVE('',#12335,#12358,#12360,.T.);
#12358 = VERTEX_POINT('',#12359);
#12359 = CARTESIAN_POINT('',(32.919362140647,14.804507627686,37.5));
#12360 = SURFACE_CURVE('',#12361,(#12365,#12372),.PCURVE_S1.);
#12361 = LINE('',#12362,#12363);
#12362 = CARTESIAN_POINT('',(33.957140717525,14.913582551384,37.5));
#12363 = VECTOR('',#12364,1.);
#12364 = DIRECTION('',(-0.994521895368,-0.104528463268,
    1.104141106732E-16));
#12365 = PCURVE('',#10872,#12366);
#12366 = DEFINITIONAL_REPRESENTATION('',(#12367),#12371);
#12367 = LINE('',#12368,#12369);
#12368 = CARTESIAN_POINT('',(1.042859282475,-12.89169447092));
#12369 = VECTOR('',#12370,1.);
#12370 = DIRECTION('',(0.994521895368,0.104528463268));
#12371 = ( GEOMETRIC_REPRESENTATION_CONTEXT(2)
PARAMETRIC_REPRESENTATION_CONTEXT() REPRESENTATION_CONTEXT('2D SPACE',''
  ) );
#12372 = PCURVE('',#8335,#12373);
#12373 = DEFINITIONAL_REPRESENTATION('',(#12374),#12378);
#12374 = LINE('',#12375,#12376);
#12375 = CARTESIAN_POINT('',(0.,0.));
#12376 = VECTOR('',#12377,1.);
#12377 = DIRECTION('',(1.,0.));
#12378 = ( GEOMETRIC_REPRESENTATION_CONTEXT(2)
PARAMETRIC_REPRESENTATION_CONTEXT() REPRESENTATION_CONTEXT('2D SPACE',''
  ) );
#12379 = ORIENTED_EDGE('',*,*,#12380,.T.);
#12380 = EDGE_CURVE('',#12358,#12381,#12383,.T.);
#12381 = VERTEX_POINT('',#12382);
#12382 = CARTESIAN_POINT('',(31.891720222274,14.62330663097,37.5));
#12383 = SURFACE_CURVE('',#12384,(#12388,#12395),.PCURVE_S1.);
#12384 = LINE('',#12385,#12386);
#12385 = CARTESIAN_POINT('',(32.919362140647,14.804507627686,37.5));
#12386 = VECTOR('',#12387,1.);
#12387 = DIRECTION('',(-0.984807753012,-0.173648177667,
    1.093356242224E-16));
#12388 = PCURVE('',#10872,#12389);
#12389 = DEFINITIONAL_REPRESENTATION('',(#12390),#12394);
#12390 = LINE('',#12391,#12392);
#12391 = CARTESIAN_POINT('',(2.080637859353,-12.78261954722));
#12392 = VECTOR('',#12393,1.);
#12393 = DIRECTION('',(0.984807753012,0.173648177667));
#12394 = ( GEOMETRIC_REPRESENTATION_CONTEXT(2)
PARAMETRIC_REPRESENTATION_CONTEXT() REPRESENTATION_CONTEXT('2D SPACE',''
  ) );
#12395 = PCURVE('',#8307,#12396);
#12396 = DEFINITIONAL_REPRESENTATION('',(#12397),#12401);
#12397 = LINE('',#12398,#12399);
#12398 = CARTESIAN_POINT('',(0.,0.));
#12399 = VECTOR('',#12400,1.);
#12400 = DIRECTION('',(1.,0.));
#12401 = ( GEOMETRIC_REPRESENTATION_CONTEXT(2)
PARAMETRIC_REPRESENTATION_CONTEXT() REPRESENTATION_CONTEXT('2D SPACE',''
  ) );
#12402 = ORIENTED_EDGE('',*,*,#12403,.T.);
#12403 = EDGE_CURVE('',#12381,#12404,#12406,.T.);
#12404 = VERTEX_POINT('',#12405);
#12405 = CARTESIAN_POINT('',(30.879221530536,14.370862354278,37.5));
#12406 = SURFACE_CURVE('',#12407,(#12411,#12418),.PCURVE_S1.);
#12407 = LINE('',#12408,#12409);
#12408 = CARTESIAN_POINT('',(31.891720222274,14.62330663097,37.5));
#12409 = VECTOR('',#12410,1.);
#12410 = DIRECTION('',(-0.970295726276,-0.2419218956,1.077244656007E-16)
  );
#12411 = PCURVE('',#10872,#12412);
#12412 = DEFINITIONAL_REPRESENTATION('',(#12413),#12417);
#12413 = LINE('',#12414,#12415);
#12414 = CARTESIAN_POINT('',(3.108279777726,-12.6014185505));
#12415 = VECTOR('',#12416,1.);
#12416 = DIRECTION('',(0.970295726276,0.2419218956));
#12417 = ( GEOMETRIC_REPRESENTATION_CONTEXT(2)
PARAMETRIC_REPRESENTATION_CONTEXT() REPRESENTATION_CONTEXT('2D SPACE',''
  ) );
#12418 = PCURVE('',#8279,#12419);
#12419 = DEFINITIONAL_REPRESENTATION('',(#12420),#12424);
#12420 = LINE('',#12421,#12422);
#12421 = CARTESIAN_POINT('',(0.,0.));
#12422 = VECTOR('',#12423,1.);
#12423 = DIRECTION('',(1.,0.));
#12424 = ( GEOMETRIC_REPRESENTATION_CONTEXT(2)
PARAMETRIC_REPRESENTATION_CONTEXT() REPRESENTATION_CONTEXT('2D SPACE',''
  ) );
#12425 = ORIENTED_EDGE('',*,*,#12426,.T.);
#12426 = EDGE_CURVE('',#12404,#12427,#12429,.T.);
#12427 = VERTEX_POINT('',#12428);
#12428 = CARTESIAN_POINT('',(29.886798857281,14.048404680749,37.5));
#12429 = SURFACE_CURVE('',#12430,(#12434,#12441),.PCURVE_S1.);
#12430 = LINE('',#12431,#12432);
#12431 = CARTESIAN_POINT('',(30.879221530536,14.370862354278,37.5));
#12432 = VECTOR('',#12433,1.);
#12433 = DIRECTION('',(-0.951056516295,-0.309016994375,
    1.055884842111E-16));
#12434 = PCURVE('',#10872,#12435);
#12435 = DEFINITIONAL_REPRESENTATION('',(#12436),#12440);
#12436 = LINE('',#12437,#12438);
#12437 = CARTESIAN_POINT('',(4.120778469464,-12.34897427381));
#12438 = VECTOR('',#12439,1.);
#12439 = DIRECTION('',(0.951056516295,0.309016994375));
#12440 = ( GEOMETRIC_REPRESENTATION_CONTEXT(2)
PARAMETRIC_REPRESENTATION_CONTEXT() REPRESENTATION_CONTEXT('2D SPACE',''
  ) );
#12441 = PCURVE('',#8251,#12442);
#12442 = DEFINITIONAL_REPRESENTATION('',(#12443),#12447);
#12443 = LINE('',#12444,#12445);
#12444 = CARTESIAN_POINT('',(0.,0.));
#12445 = VECTOR('',#12446,1.);
#12446 = DIRECTION('',(1.,0.));
#12447 = ( GEOMETRIC_REPRESENTATION_CONTEXT(2)
PARAMETRIC_REPRESENTATION_CONTEXT() REPRESENTATION_CONTEXT('2D SPACE',''
  ) );
#12448 = ORIENTED_EDGE('',*,*,#12449,.T.);
#12449 = EDGE_CURVE('',#12427,#12450,#12452,.T.);
#12450 = VERTEX_POINT('',#12451);
#12451 = CARTESIAN_POINT('',(28.919287186017,13.657504591757,37.5));
#12452 = SURFACE_CURVE('',#12453,(#12457,#12464),.PCURVE_S1.);
#12453 = LINE('',#12454,#12455);
#12454 = CARTESIAN_POINT('',(29.886798857281,14.048404680749,37.5));
#12455 = VECTOR('',#12456,1.);
#12456 = DIRECTION('',(-0.927183854567,-0.374606593416,
    1.029380863401E-16));
#12457 = PCURVE('',#10872,#12458);
#12458 = DEFINITIONAL_REPRESENTATION('',(#12459),#12463);
#12459 = LINE('',#12460,#12461);
#12460 = CARTESIAN_POINT('',(5.113201142719,-12.02651660028));
#12461 = VECTOR('',#12462,1.);
#12462 = DIRECTION('',(0.927183854567,0.374606593416));
#12463 = ( GEOMETRIC_REPRESENTATION_CONTEXT(2)
PARAMETRIC_REPRESENTATION_CONTEXT() REPRESENTATION_CONTEXT('2D SPACE',''
  ) );
#12464 = PCURVE('',#8223,#12465);
#12465 = DEFINITIONAL_REPRESENTATION('',(#12466),#12470);
#12466 = LINE('',#12467,#12468);
#12467 = CARTESIAN_POINT('',(0.,0.));
#12468 = VECTOR('',#12469,1.);
#12469 = DIRECTION('',(1.,0.));
#12470 = ( GEOMETRIC_REPRESENTATION_CONTEXT(2)
PARAMETRIC_REPRESENTATION_CONTEXT() REPRESENTATION_CONTEXT('2D SPACE',''
  ) );
#12471 = ORIENTED_EDGE('',*,*,#12472,.T.);
#12472 = EDGE_CURVE('',#12450,#12473,#12475,.T.);
#12473 = VERTEX_POINT('',#12474);
#12474 = CARTESIAN_POINT('',(27.981400136351,13.200066513241,37.5));
#12475 = SURFACE_CURVE('',#12476,(#12480,#12487),.PCURVE_S1.);
#12476 = LINE('',#12477,#12478);
#12477 = CARTESIAN_POINT('',(28.919287186017,13.657504591757,37.5));
#12478 = VECTOR('',#12479,1.);
#12479 = DIRECTION('',(-0.898794046299,-0.438371146789,
    9.978618445973E-17));
#12480 = PCURVE('',#10872,#12481);
#12481 = DEFINITIONAL_REPRESENTATION('',(#12482),#12486);
#12482 = LINE('',#12483,#12484);
#12483 = CARTESIAN_POINT('',(6.080712813983,-11.63561651129));
#12484 = VECTOR('',#12485,1.);
#12485 = DIRECTION('',(0.898794046299,0.438371146789));
#12486 = ( GEOMETRIC_REPRESENTATION_CONTEXT(2)
PARAMETRIC_REPRESENTATION_CONTEXT() REPRESENTATION_CONTEXT('2D SPACE',''
  ) );
#12487 = PCURVE('',#8195,#12488);
#12488 = DEFINITIONAL_REPRESENTATION('',(#12489),#12493);
#12489 = LINE('',#12490,#12491);
#12490 = CARTESIAN_POINT('',(0.,0.));
#12491 = VECTOR('',#12492,1.);
#12492 = DIRECTION('',(1.,0.));
#12493 = ( GEOMETRIC_REPRESENTATION_CONTEXT(2)
PARAMETRIC_REPRESENTATION_CONTEXT() REPRESENTATION_CONTEXT('2D SPACE',''
  ) );
#12494 = ORIENTED_EDGE('',*,*,#12495,.T.);
#12495 = EDGE_CURVE('',#12473,#12496,#12498,.T.);
#12496 = VERTEX_POINT('',#12497);
#12497 = CARTESIAN_POINT('',(27.077706999714,12.678319037539,37.5));
#12498 = SURFACE_CURVE('',#12499,(#12503,#12510),.PCURVE_S1.);
#12499 = LINE('',#12500,#12501);
#12500 = CARTESIAN_POINT('',(27.981400136351,13.200066513241,37.5));
#12501 = VECTOR('',#12502,1.);
#12502 = DIRECTION('',(-0.866025403784,-0.5,9.614813431918E-17));
#12503 = PCURVE('',#10872,#12504);
#12504 = DEFINITIONAL_REPRESENTATION('',(#12505),#12509);
#12505 = LINE('',#12506,#12507);
#12506 = CARTESIAN_POINT('',(7.018599863649,-11.17817843277));
#12507 = VECTOR('',#12508,1.);
#12508 = DIRECTION('',(0.866025403784,0.5));
#12509 = ( GEOMETRIC_REPRESENTATION_CONTEXT(2)
PARAMETRIC_REPRESENTATION_CONTEXT() REPRESENTATION_CONTEXT('2D SPACE',''
  ) );
#12510 = PCURVE('',#8167,#12511);
#12511 = DEFINITIONAL_REPRESENTATION('',(#12512),#12516);
#12512 = LINE('',#12513,#12514);
#12513 = CARTESIAN_POINT('',(0.,0.));
#12514 = VECTOR('',#12515,1.);
#12515 = DIRECTION('',(1.,0.));
#12516 = ( GEOMETRIC_REPRESENTATION_CONTEXT(2)
PARAMETRIC_REPRESENTATION_CONTEXT() REPRESENTATION_CONTEXT('2D SPACE',''
  ) );
#12517 = ORIENTED_EDGE('',*,*,#12518,.T.);
#12518 = EDGE_CURVE('',#12496,#12519,#12521,.T.);
#12519 = VERTEX_POINT('',#12520);
#12520 = CARTESIAN_POINT('',(26.212610478228,12.094804065905,37.5));
#12521 = SURFACE_CURVE('',#12522,(#12526,#12533),.PCURVE_S1.);
#12522 = LINE('',#12523,#12524);
#12523 = CARTESIAN_POINT('',(27.077706999714,12.678319037539,37.5));
#12524 = VECTOR('',#12525,1.);
#12525 = DIRECTION('',(-0.829037572555,-0.559192903471,9.2041660133E-17)
  );
#12526 = PCURVE('',#10872,#12527);
#12527 = DEFINITIONAL_REPRESENTATION('',(#12528),#12532);
#12528 = LINE('',#12529,#12530);
#12529 = CARTESIAN_POINT('',(7.922293000286,-10.65643095707));
#12530 = VECTOR('',#12531,1.);
#12531 = DIRECTION('',(0.829037572555,0.559192903471));
#12532 = ( GEOMETRIC_REPRESENTATION_CONTEXT(2)
PARAMETRIC_REPRESENTATION_CONTEXT() REPRESENTATION_CONTEXT('2D SPACE',''
  ) );
#12533 = PCURVE('',#8139,#12534);
#12534 = DEFINITIONAL_REPRESENTATION('',(#12535),#12539);
#12535 = LINE('',#12536,#12537);
#12536 = CARTESIAN_POINT('',(0.,0.));
#12537 = VECTOR('',#12538,1.);
#12538 = DIRECTION('',(1.,0.));
#12539 = ( GEOMETRIC_REPRESENTATION_CONTEXT(2)
PARAMETRIC_REPRESENTATION_CONTEXT() REPRESENTATION_CONTEXT('2D SPACE',''
  ) );
#12540 = ORIENTED_EDGE('',*,*,#12541,.T.);
#12541 = EDGE_CURVE('',#12519,#12542,#12544,.T.);
#12542 = VERTEX_POINT('',#12543);
#12543 = CARTESIAN_POINT('',(25.390325235186,11.452364424629,37.5));
#12544 = SURFACE_CURVE('',#12545,(#12549,#12556),.PCURVE_S1.);
#12545 = LINE('',#12546,#12547);
#12546 = CARTESIAN_POINT('',(26.212610478228,12.094804065905,37.5));
#12547 = VECTOR('',#12548,1.);
#12548 = DIRECTION('',(-0.788010753607,-0.615661475326,
    8.748676823064E-17));
#12549 = PCURVE('',#10872,#12550);
#12550 = DEFINITIONAL_REPRESENTATION('',(#12551),#12555);
#12551 = LINE('',#12552,#12553);
#12552 = CARTESIAN_POINT('',(8.787389521772,-10.07291598544));
#12553 = VECTOR('',#12554,1.);
#12554 = DIRECTION('',(0.788010753607,0.615661475326));
#12555 = ( GEOMETRIC_REPRESENTATION_CONTEXT(2)
PARAMETRIC_REPRESENTATION_CONTEXT() REPRESENTATION_CONTEXT('2D SPACE',''
  ) );
#12556 = PCURVE('',#8111,#12557);
#12557 = DEFINITIONAL_REPRESENTATION('',(#12558),#12562);
#12558 = LINE('',#12559,#12560);
#12559 = CARTESIAN_POINT('',(0.,0.));
#12560 = VECTOR('',#12561,1.);
#12561 = DIRECTION('',(1.,0.));
#12562 = ( GEOMETRIC_REPRESENTATION_CONTEXT(2)
PARAMETRIC_REPRESENTATION_CONTEXT() REPRESENTATION_CONTEXT('2D SPACE',''
  ) );
#12563 = ORIENTED_EDGE('',*,*,#12564,.T.);
#12564 = EDGE_CURVE('',#12542,#12565,#12567,.T.);
#12565 = VERTEX_POINT('',#12566);
#12566 = CARTESIAN_POINT('',(24.614857361638,10.754130015063,37.5));
#12567 = SURFACE_CURVE('',#12568,(#12572,#12579),.PCURVE_S1.);
#12568 = LINE('',#12569,#12570);
#12569 = CARTESIAN_POINT('',(25.390325235186,11.452364424629,37.5));
#12570 = VECTOR('',#12571,1.);
#12571 = DIRECTION('',(-0.743144825477,-0.669130606359,8.25056495876E-17
    ));
#12572 = PCURVE('',#10872,#12573);
#12573 = DEFINITIONAL_REPRESENTATION('',(#12574),#12578);
#12574 = LINE('',#12575,#12576);
#12575 = CARTESIAN_POINT('',(9.609674764814,-9.430476344167));
#12576 = VECTOR('',#12577,1.);
#12577 = DIRECTION('',(0.743144825477,0.669130606359));
#12578 = ( GEOMETRIC_REPRESENTATION_CONTEXT(2)
PARAMETRIC_REPRESENTATION_CONTEXT() REPRESENTATION_CONTEXT('2D SPACE',''
  ) );
#12579 = PCURVE('',#8083,#12580);
#12580 = DEFINITIONAL_REPRESENTATION('',(#12581),#12585);
#12581 = LINE('',#12582,#12583);
#12582 = CARTESIAN_POINT('',(0.,0.));
#12583 = VECTOR('',#12584,1.);
#12584 = DIRECTION('',(1.,0.));
#12585 = ( GEOMETRIC_REPRESENTATION_CONTEXT(2)
PARAMETRIC_REPRESENTATION_CONTEXT() REPRESENTATION_CONTEXT('2D SPACE',''
  ) );
#12586 = ORIENTED_EDGE('',*,*,#12587,.T.);
#12587 = EDGE_CURVE('',#12565,#12588,#12590,.T.);
#12588 = VERTEX_POINT('',#12589);
#12589 = CARTESIAN_POINT('',(23.889984859113,10.003502565065,37.5));
#12590 = SURFACE_CURVE('',#12591,(#12595,#12602),.PCURVE_S1.);
#12591 = LINE('',#12592,#12593);
#12592 = CARTESIAN_POINT('',(24.614857361638,10.754130015063,37.5));
#12593 = VECTOR('',#12594,1.);
#12594 = DIRECTION('',(-0.694658370459,-0.719339800339,
    7.712257171322E-17));
#12595 = PCURVE('',#10872,#12596);
#12596 = DEFINITIONAL_REPRESENTATION('',(#12597),#12601);
#12597 = LINE('',#12598,#12599);
#12598 = CARTESIAN_POINT('',(10.385142638362,-8.732241934601));
#12599 = VECTOR('',#12600,1.);
#12600 = DIRECTION('',(0.694658370459,0.719339800339));
#12601 = ( GEOMETRIC_REPRESENTATION_CONTEXT(2)
PARAMETRIC_REPRESENTATION_CONTEXT() REPRESENTATION_CONTEXT('2D SPACE',''
  ) );
#12602 = PCURVE('',#8055,#12603);
#12603 = DEFINITIONAL_REPRESENTATION('',(#12604),#12608);
#12604 = LINE('',#12605,#12606);
#12605 = CARTESIAN_POINT('',(0.,0.));
#12606 = VECTOR('',#12607,1.);
#12607 = DIRECTION('',(1.,0.));
#12608 = ( GEOMETRIC_REPRESENTATION_CONTEXT(2)
PARAMETRIC_REPRESENTATION_CONTEXT() REPRESENTATION_CONTEXT('2D SPACE',''
  ) );
#12609 = ORIENTED_EDGE('',*,*,#12610,.T.);
#12610 = EDGE_CURVE('',#12588,#12611,#12613,.T.);
#12611 = VERTEX_POINT('',#12612);
#12612 = CARTESIAN_POINT('',(23.21923923358,9.204139056119,37.5));
#12613 = SURFACE_CURVE('',#12614,(#12618,#12625),.PCURVE_S1.);
#12614 = LINE('',#12615,#12616);
#12615 = CARTESIAN_POINT('',(23.889984859113,10.003502565065,37.5));
#12616 = VECTOR('',#12617,1.);
#12617 = DIRECTION('',(-0.642787609687,-0.766044443119,
    7.136376042178E-17));
#12618 = PCURVE('',#10872,#12619);
#12619 = DEFINITIONAL_REPRESENTATION('',(#12620),#12624);
#12620 = LINE('',#12621,#12622);
#12621 = CARTESIAN_POINT('',(11.110015140887,-7.981614484603));
#12622 = VECTOR('',#12623,1.);
#12623 = DIRECTION('',(0.642787609687,0.766044443119));
#12624 = ( GEOMETRIC_REPRESENTATION_CONTEXT(2)
PARAMETRIC_REPRESENTATION_CONTEXT() REPRESENTATION_CONTEXT('2D SPACE',''
  ) );
#12625 = PCURVE('',#8027,#12626);
#12626 = DEFINITIONAL_REPRESENTATION('',(#12627),#12631);
#12627 = LINE('',#12628,#12629);
#12628 = CARTESIAN_POINT('',(0.,0.));
#12629 = VECTOR('',#12630,1.);
#12630 = DIRECTION('',(1.,0.));
#12631 = ( GEOMETRIC_REPRESENTATION_CONTEXT(2)
PARAMETRIC_REPRESENTATION_CONTEXT() REPRESENTATION_CONTEXT('2D SPACE',''
  ) );
#12632 = ORIENTED_EDGE('',*,*,#12633,.T.);
#12633 = EDGE_CURVE('',#12611,#12634,#12636,.T.);
#12634 = VERTEX_POINT('',#12635);
#12635 = CARTESIAN_POINT('',(22.605888290302,8.359933906888,37.5));
#12636 = SURFACE_CURVE('',#12637,(#12641,#12648),.PCURVE_S1.);
#12637 = LINE('',#12638,#12639);
#12638 = CARTESIAN_POINT('',(23.21923923358,9.204139056119,37.5));
#12639 = VECTOR('',#12640,1.);
#12640 = DIRECTION('',(-0.587785252292,-0.809016994375,
    6.525727206302E-17));
#12641 = PCURVE('',#10872,#12642);
#12642 = DEFINITIONAL_REPRESENTATION('',(#12643),#12647);
#12643 = LINE('',#12644,#12645);
#12644 = CARTESIAN_POINT('',(11.78076076642,-7.182250975657));
#12645 = VECTOR('',#12646,1.);
#12646 = DIRECTION('',(0.587785252292,0.809016994375));
#12647 = ( GEOMETRIC_REPRESENTATION_CONTEXT(2)
PARAMETRIC_REPRESENTATION_CONTEXT() REPRESENTATION_CONTEXT('2D SPACE',''
  ) );
#12648 = PCURVE('',#7999,#12649);
#12649 = DEFINITIONAL_REPRESENTATION('',(#12650),#12654);
#12650 = LINE('',#12651,#12652);
#12651 = CARTESIAN_POINT('',(0.,0.));
#12652 = VECTOR('',#12653,1.);
#12653 = DIRECTION('',(1.,0.));
#12654 = ( GEOMETRIC_REPRESENTATION_CONTEXT(2)
PARAMETRIC_REPRESENTATION_CONTEXT() REPRESENTATION_CONTEXT('2D SPACE',''
  ) );
#12655 = ORIENTED_EDGE('',*,*,#12656,.T.);
#12656 = EDGE_CURVE('',#12634,#12657,#12659,.T.);
#12657 = VERTEX_POINT('',#12658);
#12658 = CARTESIAN_POINT('',(22.052920213423,7.475,37.5));
#12659 = SURFACE_CURVE('',#12660,(#12664,#12671),.PCURVE_S1.);
#12660 = LINE('',#12661,#12662);
#12661 = CARTESIAN_POINT('',(22.605888290302,8.359933906888,37.5));
#12662 = VECTOR('',#12663,1.);
#12663 = DIRECTION('',(-0.529919264233,-0.848048096156,
    5.883285683441E-17));
#12664 = PCURVE('',#10872,#12665);
#12665 = DEFINITIONAL_REPRESENTATION('',(#12666),#12670);
#12666 = LINE('',#12667,#12668);
#12667 = CARTESIAN_POINT('',(12.394111709698,-6.338045826426));
#12668 = VECTOR('',#12669,1.);
#12669 = DIRECTION('',(0.529919264233,0.848048096156));
#12670 = ( GEOMETRIC_REPRESENTATION_CONTEXT(2)
PARAMETRIC_REPRESENTATION_CONTEXT() REPRESENTATION_CONTEXT('2D SPACE',''
  ) );
#12671 = PCURVE('',#7971,#12672);
#12672 = DEFINITIONAL_REPRESENTATION('',(#12673),#12677);
#12673 = LINE('',#12674,#12675);
#12674 = CARTESIAN_POINT('',(0.,0.));
#12675 = VECTOR('',#12676,1.);
#12676 = DIRECTION('',(1.,0.));
#12677 = ( GEOMETRIC_REPRESENTATION_CONTEXT(2)
PARAMETRIC_REPRESENTATION_CONTEXT() REPRESENTATION_CONTEXT('2D SPACE',''
  ) );
#12678 = ORIENTED_EDGE('',*,*,#12679,.T.);
#12679 = EDGE_CURVE('',#12657,#12680,#12682,.T.);
#12680 = VERTEX_POINT('',#12681);
#12681 = CARTESIAN_POINT('',(21.563029007827,6.553648644497,37.5));
#12682 = SURFACE_CURVE('',#12683,(#12687,#12694),.PCURVE_S1.);
#12683 = LINE('',#12684,#12685);
#12684 = CARTESIAN_POINT('',(22.052920213423,7.475,37.5));
#12685 = VECTOR('',#12686,1.);
#12686 = DIRECTION('',(-0.469471562786,-0.882947592859,
    5.212181384117E-17));
#12687 = PCURVE('',#10872,#12688);
#12688 = DEFINITIONAL_REPRESENTATION('',(#12689),#12693);
#12689 = LINE('',#12690,#12691);
#12690 = CARTESIAN_POINT('',(12.947079786577,-5.453111919538));
#12691 = VECTOR('',#12692,1.);
#12692 = DIRECTION('',(0.469471562786,0.882947592859));
#12693 = ( GEOMETRIC_REPRESENTATION_CONTEXT(2)
PARAMETRIC_REPRESENTATION_CONTEXT() REPRESENTATION_CONTEXT('2D SPACE',''
  ) );
#12694 = PCURVE('',#7943,#12695);
#12695 = DEFINITIONAL_REPRESENTATION('',(#12696),#12700);
#12696 = LINE('',#12697,#12698);
#12697 = CARTESIAN_POINT('',(0.,0.));
#12698 = VECTOR('',#12699,1.);
#12699 = DIRECTION('',(1.,0.));
#12700 = ( GEOMETRIC_REPRESENTATION_CONTEXT(2)
PARAMETRIC_REPRESENTATION_CONTEXT() REPRESENTATION_CONTEXT('2D SPACE',''
  ) );
#12701 = ORIENTED_EDGE('',*,*,#12702,.T.);
#12702 = EDGE_CURVE('',#12680,#12703,#12705,.T.);
#12703 = VERTEX_POINT('',#12704);
#12704 = CARTESIAN_POINT('',(21.138601374227,5.600368571568,37.5));
#12705 = SURFACE_CURVE('',#12706,(#12710,#12717),.PCURVE_S1.);
#12706 = LINE('',#12707,#12708);
#12707 = CARTESIAN_POINT('',(21.563029007827,6.553648644497,37.5));
#12708 = VECTOR('',#12709,1.);
#12709 = DIRECTION('',(-0.406736643076,-0.913545457643,
    4.515683861015E-17));
#12710 = PCURVE('',#10872,#12711);
#12711 = DEFINITIONAL_REPRESENTATION('',(#12712),#12716);
#12712 = LINE('',#12713,#12714);
#12713 = CARTESIAN_POINT('',(13.436970992173,-4.531760564035));
#12714 = VECTOR('',#12715,1.);
#12715 = DIRECTION('',(0.406736643076,0.913545457643));
#12716 = ( GEOMETRIC_REPRESENTATION_CONTEXT(2)
PARAMETRIC_REPRESENTATION_CONTEXT() REPRESENTATION_CONTEXT('2D SPACE',''
  ) );
#12717 = PCURVE('',#7915,#12718);
#12718 = DEFINITIONAL_REPRESENTATION('',(#12719),#12723);
#12719 = LINE('',#12720,#12721);
#12720 = CARTESIAN_POINT('',(0.,0.));
#12721 = VECTOR('',#12722,1.);
#12722 = DIRECTION('',(1.,0.));
#12723 = ( GEOMETRIC_REPRESENTATION_CONTEXT(2)
PARAMETRIC_REPRESENTATION_CONTEXT() REPRESENTATION_CONTEXT('2D SPACE',''
  ) );
#12724 = ORIENTED_EDGE('',*,*,#12725,.T.);
#12725 = EDGE_CURVE('',#12703,#12726,#12728,.T.);
#12726 = VERTEX_POINT('',#12727);
#12727 = CARTESIAN_POINT('',(20.781705081387,4.619804065905,37.5));
#12728 = SURFACE_CURVE('',#12729,(#12733,#12740),.PCURVE_S1.);
#12729 = LINE('',#12730,#12731);
#12730 = CARTESIAN_POINT('',(21.138601374227,5.600368571568,37.5));
#12731 = VECTOR('',#12732,1.);
#12732 = DIRECTION('',(-0.342020143326,-0.939692620786,
    3.797186380058E-17));
#12733 = PCURVE('',#10872,#12734);
#12734 = DEFINITIONAL_REPRESENTATION('',(#12735),#12739);
#12735 = LINE('',#12736,#12737);
#12736 = CARTESIAN_POINT('',(13.861398625773,-3.578480491106));
#12737 = VECTOR('',#12738,1.);
#12738 = DIRECTION('',(0.342020143326,0.939692620786));
#12739 = ( GEOMETRIC_REPRESENTATION_CONTEXT(2)
PARAMETRIC_REPRESENTATION_CONTEXT() REPRESENTATION_CONTEXT('2D SPACE',''
  ) );
#12740 = PCURVE('',#7887,#12741);
#12741 = DEFINITIONAL_REPRESENTATION('',(#12742),#12746);
#12742 = LINE('',#12743,#12744);
#12743 = CARTESIAN_POINT('',(0.,0.));
#12744 = VECTOR('',#12745,1.);
#12745 = DIRECTION('',(1.,0.));
#12746 = ( GEOMETRIC_REPRESENTATION_CONTEXT(2)
PARAMETRIC_REPRESENTATION_CONTEXT() REPRESENTATION_CONTEXT('2D SPACE',''
  ) );
#12747 = ORIENTED_EDGE('',*,*,#12748,.T.);
#12748 = EDGE_CURVE('',#12726,#12749,#12751,.T.);
#12749 = VERTEX_POINT('',#12750);
#12750 = CARTESIAN_POINT('',(20.494078892174,3.616732339215,37.5));
#12751 = SURFACE_CURVE('',#12752,(#12756,#12763),.PCURVE_S1.);
#12752 = LINE('',#12753,#12754);
#12753 = CARTESIAN_POINT('',(20.781705081387,4.619804065905,37.5));
#12754 = VECTOR('',#12755,1.);
#12755 = DIRECTION('',(-0.275637355817,-0.961261695938,
    3.060189388748E-17));
#12756 = PCURVE('',#10872,#12757);
#12757 = DEFINITIONAL_REPRESENTATION('',(#12758),#12762);
#12758 = LINE('',#12759,#12760);
#12759 = CARTESIAN_POINT('',(14.218294918613,-2.597915985443));
#12760 = VECTOR('',#12761,1.);
#12761 = DIRECTION('',(0.275637355817,0.961261695938));
#12762 = ( GEOMETRIC_REPRESENTATION_CONTEXT(2)
PARAMETRIC_REPRESENTATION_CONTEXT() REPRESENTATION_CONTEXT('2D SPACE',''
  ) );
#12763 = PCURVE('',#7859,#12764);
#12764 = DEFINITIONAL_REPRESENTATION('',(#12765),#12769);
#12765 = LINE('',#12766,#12767);
#12766 = CARTESIAN_POINT('',(0.,0.));
#12767 = VECTOR('',#12768,1.);
#12768 = DIRECTION('',(1.,0.));
#12769 = ( GEOMETRIC_REPRESENTATION_CONTEXT(2)
PARAMETRIC_REPRESENTATION_CONTEXT() REPRESENTATION_CONTEXT('2D SPACE',''
  ) );
#12770 = ORIENTED_EDGE('',*,*,#12771,.T.);
#12771 = EDGE_CURVE('',#12749,#12772,#12774,.T.);
#12772 = VERTEX_POINT('',#12773);
#12773 = CARTESIAN_POINT('',(20.277124092467,2.596040256121,37.5));
#12774 = SURFACE_CURVE('',#12775,(#12779,#12786),.PCURVE_S1.);
#12775 = LINE('',#12776,#12777);
#12776 = CARTESIAN_POINT('',(20.494078892174,3.616732339215,37.5));
#12777 = VECTOR('',#12778,1.);
#12778 = DIRECTION('',(-0.207911690818,-0.978147600734,
    2.308283462346E-17));
#12779 = PCURVE('',#10872,#12780);
#12780 = DEFINITIONAL_REPRESENTATION('',(#12781),#12785);
#12781 = LINE('',#12782,#12783);
#12782 = CARTESIAN_POINT('',(14.505921107826,-1.594844258753));
#12783 = VECTOR('',#12784,1.);
#12784 = DIRECTION('',(0.207911690818,0.978147600734));
#12785 = ( GEOMETRIC_REPRESENTATION_CONTEXT(2)
PARAMETRIC_REPRESENTATION_CONTEXT() REPRESENTATION_CONTEXT('2D SPACE',''
  ) );
#12786 = PCURVE('',#7831,#12787);
#12787 = DEFINITIONAL_REPRESENTATION('',(#12788),#12792);
#12788 = LINE('',#12789,#12790);
#12789 = CARTESIAN_POINT('',(0.,0.));
#12790 = VECTOR('',#12791,1.);
#12791 = DIRECTION('',(1.,0.));
#12792 = ( GEOMETRIC_REPRESENTATION_CONTEXT(2)
PARAMETRIC_REPRESENTATION_CONTEXT() REPRESENTATION_CONTEXT('2D SPACE',''
  ) );
#12793 = ORIENTED_EDGE('',*,*,#12794,.T.);
#12794 = EDGE_CURVE('',#12772,#12795,#12797,.T.);
#12795 = VERTEX_POINT('',#12796);
#12796 = CARTESIAN_POINT('',(20.131897664244,1.562700525851,37.5));
#12797 = SURFACE_CURVE('',#12798,(#12802,#12809),.PCURVE_S1.);
#12798 = LINE('',#12799,#12800);
#12799 = CARTESIAN_POINT('',(20.277124092467,2.596040256121,37.5));
#12800 = VECTOR('',#12801,1.);
#12801 = DIRECTION('',(-0.13917310096,-0.990268068742,1.545131810943E-17
    ));
#12802 = PCURVE('',#10872,#12803);
#12803 = DEFINITIONAL_REPRESENTATION('',(#12804),#12808);
#12804 = LINE('',#12805,#12806);
#12805 = CARTESIAN_POINT('',(14.722875907533,-0.574152175659));
#12806 = VECTOR('',#12807,1.);
#12807 = DIRECTION('',(0.13917310096,0.990268068742));
#12808 = ( GEOMETRIC_REPRESENTATION_CONTEXT(2)
PARAMETRIC_REPRESENTATION_CONTEXT() REPRESENTATION_CONTEXT('2D SPACE',''
  ) );
#12809 = PCURVE('',#7803,#12810);
#12810 = DEFINITIONAL_REPRESENTATION('',(#12811),#12815);
#12811 = LINE('',#12812,#12813);
#12812 = CARTESIAN_POINT('',(0.,0.));
#12813 = VECTOR('',#12814,1.);
#12814 = DIRECTION('',(1.,0.));
#12815 = ( GEOMETRIC_REPRESENTATION_CONTEXT(2)
PARAMETRIC_REPRESENTATION_CONTEXT() REPRESENTATION_CONTEXT('2D SPACE',''
  ) );
#12816 = ORIENTED_EDGE('',*,*,#12817,.T.);
#12817 = EDGE_CURVE('',#12795,#12818,#12820,.T.);
#12818 = VERTEX_POINT('',#12819);
#12819 = CARTESIAN_POINT('',(20.059107136065,0.521747475702,37.5));
#12820 = SURFACE_CURVE('',#12821,(#12825,#12832),.PCURVE_S1.);
#12821 = LINE('',#12822,#12823);
#12822 = CARTESIAN_POINT('',(20.131897664244,1.562700525851,37.5));
#12823 = VECTOR('',#12824,1.);
#12824 = DIRECTION('',(-6.975647374413E-02,-0.99756405026,
    7.744524326739E-18));
#12825 = PCURVE('',#10872,#12826);
#12826 = DEFINITIONAL_REPRESENTATION('',(#12827),#12831);
#12827 = LINE('',#12828,#12829);
#12828 = CARTESIAN_POINT('',(14.868102335756,0.459187554611));
#12829 = VECTOR('',#12830,1.);
#12830 = DIRECTION('',(6.975647374413E-02,0.99756405026));
#12831 = ( GEOMETRIC_REPRESENTATION_CONTEXT(2)
PARAMETRIC_REPRESENTATION_CONTEXT() REPRESENTATION_CONTEXT('2D SPACE',''
  ) );
#12832 = PCURVE('',#7775,#12833);
#12833 = DEFINITIONAL_REPRESENTATION('',(#12834),#12838);
#12834 = LINE('',#12835,#12836);
#12835 = CARTESIAN_POINT('',(0.,0.));
#12836 = VECTOR('',#12837,1.);
#12837 = DIRECTION('',(1.,0.));
#12838 = ( GEOMETRIC_REPRESENTATION_CONTEXT(2)
PARAMETRIC_REPRESENTATION_CONTEXT() REPRESENTATION_CONTEXT('2D SPACE',''
  ) );
#12839 = ORIENTED_EDGE('',*,*,#12840,.T.);
#12840 = EDGE_CURVE('',#12818,#12841,#12843,.T.);
#12841 = VERTEX_POINT('',#12842);
#12842 = CARTESIAN_POINT('',(20.059107136065,-0.521747475702,37.5));
#12843 = SURFACE_CURVE('',#12844,(#12848,#12855),.PCURVE_S1.);
#12844 = LINE('',#12845,#12846);
#12845 = CARTESIAN_POINT('',(20.059107136065,0.521747475702,37.5));
#12846 = VECTOR('',#12847,1.);
#12847 = DIRECTION('',(0.,-1.,0.));
#12848 = PCURVE('',#10872,#12849);
#12849 = DEFINITIONAL_REPRESENTATION('',(#12850),#12854);
#12850 = LINE('',#12851,#12852);
#12851 = CARTESIAN_POINT('',(14.940892863935,1.50014060476));
#12852 = VECTOR('',#12853,1.);
#12853 = DIRECTION('',(0.,1.));
#12854 = ( GEOMETRIC_REPRESENTATION_CONTEXT(2)
PARAMETRIC_REPRESENTATION_CONTEXT() REPRESENTATION_CONTEXT('2D SPACE',''
  ) );
#12855 = PCURVE('',#7747,#12856);
#12856 = DEFINITIONAL_REPRESENTATION('',(#12857),#12861);
#12857 = LINE('',#12858,#12859);
#12858 = CARTESIAN_POINT('',(0.,-0.));
#12859 = VECTOR('',#12860,1.);
#12860 = DIRECTION('',(1.,0.));
#12861 = ( GEOMETRIC_REPRESENTATION_CONTEXT(2)
PARAMETRIC_REPRESENTATION_CONTEXT() REPRESENTATION_CONTEXT('2D SPACE',''
  ) );
#12862 = ORIENTED_EDGE('',*,*,#12863,.T.);
#12863 = EDGE_CURVE('',#12841,#12864,#12866,.T.);
#12864 = VERTEX_POINT('',#12865);
#12865 = CARTESIAN_POINT('',(20.131897664244,-1.562700525851,37.5));
#12866 = SURFACE_CURVE('',#12867,(#12871,#12878),.PCURVE_S1.);
#12867 = LINE('',#12868,#12869);
#12868 = CARTESIAN_POINT('',(20.059107136065,-0.521747475702,37.5));
#12869 = VECTOR('',#12870,1.);
#12870 = DIRECTION('',(6.975647374413E-02,-0.99756405026,
    -7.744524326739E-18));
#12871 = PCURVE('',#10872,#12872);
#12872 = DEFINITIONAL_REPRESENTATION('',(#12873),#12877);
#12873 = LINE('',#12874,#12875);
#12874 = CARTESIAN_POINT('',(14.940892863935,2.543635556164));
#12875 = VECTOR('',#12876,1.);
#12876 = DIRECTION('',(-6.975647374413E-02,0.99756405026));
#12877 = ( GEOMETRIC_REPRESENTATION_CONTEXT(2)
PARAMETRIC_REPRESENTATION_CONTEXT() REPRESENTATION_CONTEXT('2D SPACE',''
  ) );
#12878 = PCURVE('',#7719,#12879);
#12879 = DEFINITIONAL_REPRESENTATION('',(#12880),#12884);
#12880 = LINE('',#12881,#12882);
#12881 = CARTESIAN_POINT('',(0.,0.));
#12882 = VECTOR('',#12883,1.);
#12883 = DIRECTION('',(1.,0.));
#12884 = ( GEOMETRIC_REPRESENTATION_CONTEXT(2)
PARAMETRIC_REPRESENTATION_CONTEXT() REPRESENTATION_CONTEXT('2D SPACE',''
  ) );
#12885 = ORIENTED_EDGE('',*,*,#12886,.T.);
#12886 = EDGE_CURVE('',#12864,#12887,#12889,.T.);
#12887 = VERTEX_POINT('',#12888);
#12888 = CARTESIAN_POINT('',(20.277124092467,-2.596040256121,37.5));
#12889 = SURFACE_CURVE('',#12890,(#12894,#12901),.PCURVE_S1.);
#12890 = LINE('',#12891,#12892);
#12891 = CARTESIAN_POINT('',(20.131897664244,-1.562700525851,37.5));
#12892 = VECTOR('',#12893,1.);
#12893 = DIRECTION('',(0.13917310096,-0.990268068742,-1.545131810943E-17
    ));
#12894 = PCURVE('',#10872,#12895);
#12895 = DEFINITIONAL_REPRESENTATION('',(#12896),#12900);
#12896 = LINE('',#12897,#12898);
#12897 = CARTESIAN_POINT('',(14.868102335756,3.584588606313));
#12898 = VECTOR('',#12899,1.);
#12899 = DIRECTION('',(-0.13917310096,0.990268068742));
#12900 = ( GEOMETRIC_REPRESENTATION_CONTEXT(2)
PARAMETRIC_REPRESENTATION_CONTEXT() REPRESENTATION_CONTEXT('2D SPACE',''
  ) );
#12901 = PCURVE('',#7691,#12902);
#12902 = DEFINITIONAL_REPRESENTATION('',(#12903),#12907);
#12903 = LINE('',#12904,#12905);
#12904 = CARTESIAN_POINT('',(0.,0.));
#12905 = VECTOR('',#12906,1.);
#12906 = DIRECTION('',(1.,0.));
#12907 = ( GEOMETRIC_REPRESENTATION_CONTEXT(2)
PARAMETRIC_REPRESENTATION_CONTEXT() REPRESENTATION_CONTEXT('2D SPACE',''
  ) );
#12908 = ORIENTED_EDGE('',*,*,#12909,.T.);
#12909 = EDGE_CURVE('',#12887,#12910,#12912,.T.);
#12910 = VERTEX_POINT('',#12911);
#12911 = CARTESIAN_POINT('',(20.494078892174,-3.616732339215,37.5));
#12912 = SURFACE_CURVE('',#12913,(#12917,#12924),.PCURVE_S1.);
#12913 = LINE('',#12914,#12915);
#12914 = CARTESIAN_POINT('',(20.277124092467,-2.596040256121,37.5));
#12915 = VECTOR('',#12916,1.);
#12916 = DIRECTION('',(0.207911690818,-0.978147600734,
    -2.308283462346E-17));
#12917 = PCURVE('',#10872,#12918);
#12918 = DEFINITIONAL_REPRESENTATION('',(#12919),#12923);
#12919 = LINE('',#12920,#12921);
#12920 = CARTESIAN_POINT('',(14.722875907533,4.617928336583));
#12921 = VECTOR('',#12922,1.);
#12922 = DIRECTION('',(-0.207911690818,0.978147600734));
#12923 = ( GEOMETRIC_REPRESENTATION_CONTEXT(2)
PARAMETRIC_REPRESENTATION_CONTEXT() REPRESENTATION_CONTEXT('2D SPACE',''
  ) );
#12924 = PCURVE('',#7663,#12925);
#12925 = DEFINITIONAL_REPRESENTATION('',(#12926),#12930);
#12926 = LINE('',#12927,#12928);
#12927 = CARTESIAN_POINT('',(0.,0.));
#12928 = VECTOR('',#12929,1.);
#12929 = DIRECTION('',(1.,0.));
#12930 = ( GEOMETRIC_REPRESENTATION_CONTEXT(2)
PARAMETRIC_REPRESENTATION_CONTEXT() REPRESENTATION_CONTEXT('2D SPACE',''
  ) );
#12931 = ORIENTED_EDGE('',*,*,#12932,.T.);
#12932 = EDGE_CURVE('',#12910,#12933,#12935,.T.);
#12933 = VERTEX_POINT('',#12934);
#12934 = CARTESIAN_POINT('',(20.781705081387,-4.619804065905,37.5));
#12935 = SURFACE_CURVE('',#12936,(#12940,#12947),.PCURVE_S1.);
#12936 = LINE('',#12937,#12938);
#12937 = CARTESIAN_POINT('',(20.494078892174,-3.616732339215,37.5));
#12938 = VECTOR('',#12939,1.);
#12939 = DIRECTION('',(0.275637355817,-0.961261695938,
    -3.060189388748E-17));
#12940 = PCURVE('',#10872,#12941);
#12941 = DEFINITIONAL_REPRESENTATION('',(#12942),#12946);
#12942 = LINE('',#12943,#12944);
#12943 = CARTESIAN_POINT('',(14.505921107826,5.638620419677));
#12944 = VECTOR('',#12945,1.);
#12945 = DIRECTION('',(-0.275637355817,0.961261695938));
#12946 = ( GEOMETRIC_REPRESENTATION_CONTEXT(2)
PARAMETRIC_REPRESENTATION_CONTEXT() REPRESENTATION_CONTEXT('2D SPACE',''
  ) );
#12947 = PCURVE('',#7635,#12948);
#12948 = DEFINITIONAL_REPRESENTATION('',(#12949),#12953);
#12949 = LINE('',#12950,#12951);
#12950 = CARTESIAN_POINT('',(0.,0.));
#12951 = VECTOR('',#12952,1.);
#12952 = DIRECTION('',(1.,0.));
#12953 = ( GEOMETRIC_REPRESENTATION_CONTEXT(2)
PARAMETRIC_REPRESENTATION_CONTEXT() REPRESENTATION_CONTEXT('2D SPACE',''
  ) );
#12954 = ORIENTED_EDGE('',*,*,#12955,.T.);
#12955 = EDGE_CURVE('',#12933,#12956,#12958,.T.);
#12956 = VERTEX_POINT('',#12957);
#12957 = CARTESIAN_POINT('',(21.138601374227,-5.600368571568,37.5));
#12958 = SURFACE_CURVE('',#12959,(#12963,#12970),.PCURVE_S1.);
#12959 = LINE('',#12960,#12961);
#12960 = CARTESIAN_POINT('',(20.781705081387,-4.619804065905,37.5));
#12961 = VECTOR('',#12962,1.);
#12962 = DIRECTION('',(0.342020143326,-0.939692620786,
    -3.797186380058E-17));
#12963 = PCURVE('',#10872,#12964);
#12964 = DEFINITIONAL_REPRESENTATION('',(#12965),#12969);
#12965 = LINE('',#12966,#12967);
#12966 = CARTESIAN_POINT('',(14.218294918613,6.641692146368));
#12967 = VECTOR('',#12968,1.);
#12968 = DIRECTION('',(-0.342020143326,0.939692620786));
#12969 = ( GEOMETRIC_REPRESENTATION_CONTEXT(2)
PARAMETRIC_REPRESENTATION_CONTEXT() REPRESENTATION_CONTEXT('2D SPACE',''
  ) );
#12970 = PCURVE('',#7607,#12971);
#12971 = DEFINITIONAL_REPRESENTATION('',(#12972),#12976);
#12972 = LINE('',#12973,#12974);
#12973 = CARTESIAN_POINT('',(0.,0.));
#12974 = VECTOR('',#12975,1.);
#12975 = DIRECTION('',(1.,0.));
#12976 = ( GEOMETRIC_REPRESENTATION_CONTEXT(2)
PARAMETRIC_REPRESENTATION_CONTEXT() REPRESENTATION_CONTEXT('2D SPACE',''
  ) );
#12977 = ORIENTED_EDGE('',*,*,#12978,.T.);
#12978 = EDGE_CURVE('',#12956,#12979,#12981,.T.);
#12979 = VERTEX_POINT('',#12980);
#12980 = CARTESIAN_POINT('',(21.563029007827,-6.553648644497,37.5));
#12981 = SURFACE_CURVE('',#12982,(#12986,#12993),.PCURVE_S1.);
#12982 = LINE('',#12983,#12984);
#12983 = CARTESIAN_POINT('',(21.138601374227,-5.600368571568,37.5));
#12984 = VECTOR('',#12985,1.);
#12985 = DIRECTION('',(0.406736643076,-0.913545457643,
    -4.515683861015E-17));
#12986 = PCURVE('',#10872,#12987);
#12987 = DEFINITIONAL_REPRESENTATION('',(#12988),#12992);
#12988 = LINE('',#12989,#12990);
#12989 = CARTESIAN_POINT('',(13.861398625773,7.62225665203));
#12990 = VECTOR('',#12991,1.);
#12991 = DIRECTION('',(-0.406736643076,0.913545457643));
#12992 = ( GEOMETRIC_REPRESENTATION_CONTEXT(2)
PARAMETRIC_REPRESENTATION_CONTEXT() REPRESENTATION_CONTEXT('2D SPACE',''
  ) );
#12993 = PCURVE('',#7579,#12994);
#12994 = DEFINITIONAL_REPRESENTATION('',(#12995),#12999);
#12995 = LINE('',#12996,#12997);
#12996 = CARTESIAN_POINT('',(0.,0.));
#12997 = VECTOR('',#12998,1.);
#12998 = DIRECTION('',(1.,0.));
#12999 = ( GEOMETRIC_REPRESENTATION_CONTEXT(2)
PARAMETRIC_REPRESENTATION_CONTEXT() REPRESENTATION_CONTEXT('2D SPACE',''
  ) );
#13000 = ORIENTED_EDGE('',*,*,#13001,.T.);
#13001 = EDGE_CURVE('',#12979,#13002,#13004,.T.);
#13002 = VERTEX_POINT('',#13003);
#13003 = CARTESIAN_POINT('',(22.052920213423,-7.475,37.5));
#13004 = SURFACE_CURVE('',#13005,(#13009,#13016),.PCURVE_S1.);
#13005 = LINE('',#13006,#13007);
#13006 = CARTESIAN_POINT('',(21.563029007827,-6.553648644497,37.5));
#13007 = VECTOR('',#13008,1.);
#13008 = DIRECTION('',(0.469471562786,-0.882947592859,
    -5.212181384117E-17));
#13009 = PCURVE('',#10872,#13010);
#13010 = DEFINITIONAL_REPRESENTATION('',(#13011),#13015);
#13011 = LINE('',#13012,#13013);
#13012 = CARTESIAN_POINT('',(13.436970992173,8.575536724959));
#13013 = VECTOR('',#13014,1.);
#13014 = DIRECTION('',(-0.469471562786,0.882947592859));
#13015 = ( GEOMETRIC_REPRESENTATION_CONTEXT(2)
PARAMETRIC_REPRESENTATION_CONTEXT() REPRESENTATION_CONTEXT('2D SPACE',''
  ) );
#13016 = PCURVE('',#7551,#13017);
#13017 = DEFINITIONAL_REPRESENTATION('',(#13018),#13022);
#13018 = LINE('',#13019,#13020);
#13019 = CARTESIAN_POINT('',(0.,0.));
#13020 = VECTOR('',#13021,1.);
#13021 = DIRECTION('',(1.,0.));
#13022 = ( GEOMETRIC_REPRESENTATION_CONTEXT(2)
PARAMETRIC_REPRESENTATION_CONTEXT() REPRESENTATION_CONTEXT('2D SPACE',''
  ) );
#13023 = ORIENTED_EDGE('',*,*,#13024,.T.);
#13024 = EDGE_CURVE('',#13002,#13025,#13027,.T.);
#13025 = VERTEX_POINT('',#13026);
#13026 = CARTESIAN_POINT('',(22.605888290302,-8.359933906888,37.5));
#13027 = SURFACE_CURVE('',#13028,(#13032,#13039),.PCURVE_S1.);
#13028 = LINE('',#13029,#13030);
#13029 = CARTESIAN_POINT('',(22.052920213423,-7.475,37.5));
#13030 = VECTOR('',#13031,1.);
#13031 = DIRECTION('',(0.529919264233,-0.848048096156,
    -5.883285683441E-17));
#13032 = PCURVE('',#10872,#13033);
#13033 = DEFINITIONAL_REPRESENTATION('',(#13034),#13038);
#13034 = LINE('',#13035,#13036);
#13035 = CARTESIAN_POINT('',(12.947079786577,9.496888080462));
#13036 = VECTOR('',#13037,1.);
#13037 = DIRECTION('',(-0.529919264233,0.848048096156));
#13038 = ( GEOMETRIC_REPRESENTATION_CONTEXT(2)
PARAMETRIC_REPRESENTATION_CONTEXT() REPRESENTATION_CONTEXT('2D SPACE',''
  ) );
#13039 = PCURVE('',#7523,#13040);
#13040 = DEFINITIONAL_REPRESENTATION('',(#13041),#13045);
#13041 = LINE('',#13042,#13043);
#13042 = CARTESIAN_POINT('',(0.,0.));
#13043 = VECTOR('',#13044,1.);
#13044 = DIRECTION('',(1.,0.));
#13045 = ( GEOMETRIC_REPRESENTATION_CONTEXT(2)
PARAMETRIC_REPRESENTATION_CONTEXT() REPRESENTATION_CONTEXT('2D SPACE',''
  ) );
#13046 = ORIENTED_EDGE('',*,*,#13047,.T.);
#13047 = EDGE_CURVE('',#13025,#13048,#13050,.T.);
#13048 = VERTEX_POINT('',#13049);
#13049 = CARTESIAN_POINT('',(23.21923923358,-9.204139056119,37.5));
#13050 = SURFACE_CURVE('',#13051,(#13055,#13062),.PCURVE_S1.);
#13051 = LINE('',#13052,#13053);
#13052 = CARTESIAN_POINT('',(22.605888290302,-8.359933906888,37.5));
#13053 = VECTOR('',#13054,1.);
#13054 = DIRECTION('',(0.587785252292,-0.809016994375,
    -6.525727206302E-17));
#13055 = PCURVE('',#10872,#13056);
#13056 = DEFINITIONAL_REPRESENTATION('',(#13057),#13061);
#13057 = LINE('',#13058,#13059);
#13058 = CARTESIAN_POINT('',(12.394111709698,10.38182198735));
#13059 = VECTOR('',#13060,1.);
#13060 = DIRECTION('',(-0.587785252292,0.809016994375));
#13061 = ( GEOMETRIC_REPRESENTATION_CONTEXT(2)
PARAMETRIC_REPRESENTATION_CONTEXT() REPRESENTATION_CONTEXT('2D SPACE',''
  ) );
#13062 = PCURVE('',#7495,#13063);
#13063 = DEFINITIONAL_REPRESENTATION('',(#13064),#13068);
#13064 = LINE('',#13065,#13066);
#13065 = CARTESIAN_POINT('',(0.,0.));
#13066 = VECTOR('',#13067,1.);
#13067 = DIRECTION('',(1.,0.));
#13068 = ( GEOMETRIC_REPRESENTATION_CONTEXT(2)
PARAMETRIC_REPRESENTATION_CONTEXT() REPRESENTATION_CONTEXT('2D SPACE',''
  ) );
#13069 = ORIENTED_EDGE('',*,*,#13070,.T.);
#13070 = EDGE_CURVE('',#13048,#13071,#13073,.T.);
#13071 = VERTEX_POINT('',#13072);
#13072 = CARTESIAN_POINT('',(23.889984859113,-10.00350256506,37.5));
#13073 = SURFACE_CURVE('',#13074,(#13078,#13085),.PCURVE_S1.);
#13074 = LINE('',#13075,#13076);
#13075 = CARTESIAN_POINT('',(23.21923923358,-9.204139056119,37.5));
#13076 = VECTOR('',#13077,1.);
#13077 = DIRECTION('',(0.642787609687,-0.766044443119,
    -7.136376042178E-17));
#13078 = PCURVE('',#10872,#13079);
#13079 = DEFINITIONAL_REPRESENTATION('',(#13080),#13084);
#13080 = LINE('',#13081,#13082);
#13081 = CARTESIAN_POINT('',(11.78076076642,11.226027136581));
#13082 = VECTOR('',#13083,1.);
#13083 = DIRECTION('',(-0.642787609687,0.766044443119));
#13084 = ( GEOMETRIC_REPRESENTATION_CONTEXT(2)
PARAMETRIC_REPRESENTATION_CONTEXT() REPRESENTATION_CONTEXT('2D SPACE',''
  ) );
#13085 = PCURVE('',#7467,#13086);
#13086 = DEFINITIONAL_REPRESENTATION('',(#13087),#13091);
#13087 = LINE('',#13088,#13089);
#13088 = CARTESIAN_POINT('',(0.,0.));
#13089 = VECTOR('',#13090,1.);
#13090 = DIRECTION('',(1.,0.));
#13091 = ( GEOMETRIC_REPRESENTATION_CONTEXT(2)
PARAMETRIC_REPRESENTATION_CONTEXT() REPRESENTATION_CONTEXT('2D SPACE',''
  ) );
#13092 = ORIENTED_EDGE('',*,*,#13093,.T.);
#13093 = EDGE_CURVE('',#13071,#13094,#13096,.T.);
#13094 = VERTEX_POINT('',#13095);
#13095 = CARTESIAN_POINT('',(24.614857361638,-10.75413001506,37.5));
#13096 = SURFACE_CURVE('',#13097,(#13101,#13108),.PCURVE_S1.);
#13097 = LINE('',#13098,#13099);
#13098 = CARTESIAN_POINT('',(23.889984859113,-10.00350256506,37.5));
#13099 = VECTOR('',#13100,1.);
#13100 = DIRECTION('',(0.694658370459,-0.719339800339,
    -7.712257171322E-17));
#13101 = PCURVE('',#10872,#13102);
#13102 = DEFINITIONAL_REPRESENTATION('',(#13103),#13107);
#13103 = LINE('',#13104,#13105);
#13104 = CARTESIAN_POINT('',(11.110015140887,12.025390645527));
#13105 = VECTOR('',#13106,1.);
#13106 = DIRECTION('',(-0.694658370459,0.719339800339));
#13107 = ( GEOMETRIC_REPRESENTATION_CONTEXT(2)
PARAMETRIC_REPRESENTATION_CONTEXT() REPRESENTATION_CONTEXT('2D SPACE',''
  ) );
#13108 = PCURVE('',#7439,#13109);
#13109 = DEFINITIONAL_REPRESENTATION('',(#13110),#13114);
#13110 = LINE('',#13111,#13112);
#13111 = CARTESIAN_POINT('',(0.,0.));
#13112 = VECTOR('',#13113,1.);
#13113 = DIRECTION('',(1.,0.));
#13114 = ( GEOMETRIC_REPRESENTATION_CONTEXT(2)
PARAMETRIC_REPRESENTATION_CONTEXT() REPRESENTATION_CONTEXT('2D SPACE',''
  ) );
#13115 = ORIENTED_EDGE('',*,*,#13116,.T.);
#13116 = EDGE_CURVE('',#13094,#13117,#13119,.T.);
#13117 = VERTEX_POINT('',#13118);
#13118 = CARTESIAN_POINT('',(25.390325235186,-11.45236442462,37.5));
#13119 = SURFACE_CURVE('',#13120,(#13124,#13131),.PCURVE_S1.);
#13120 = LINE('',#13121,#13122);
#13121 = CARTESIAN_POINT('',(24.614857361638,-10.75413001506,37.5));
#13122 = VECTOR('',#13123,1.);
#13123 = DIRECTION('',(0.743144825477,-0.669130606359,-8.25056495876E-17
    ));
#13124 = PCURVE('',#10872,#13125);
#13125 = DEFINITIONAL_REPRESENTATION('',(#13126),#13130);
#13126 = LINE('',#13127,#13128);
#13127 = CARTESIAN_POINT('',(10.385142638362,12.776018095525));
#13128 = VECTOR('',#13129,1.);
#13129 = DIRECTION('',(-0.743144825477,0.669130606359));
#13130 = ( GEOMETRIC_REPRESENTATION_CONTEXT(2)
PARAMETRIC_REPRESENTATION_CONTEXT() REPRESENTATION_CONTEXT('2D SPACE',''
  ) );
#13131 = PCURVE('',#7411,#13132);
#13132 = DEFINITIONAL_REPRESENTATION('',(#13133),#13137);
#13133 = LINE('',#13134,#13135);
#13134 = CARTESIAN_POINT('',(0.,0.));
#13135 = VECTOR('',#13136,1.);
#13136 = DIRECTION('',(1.,0.));
#13137 = ( GEOMETRIC_REPRESENTATION_CONTEXT(2)
PARAMETRIC_REPRESENTATION_CONTEXT() REPRESENTATION_CONTEXT('2D SPACE',''
  ) );
#13138 = ORIENTED_EDGE('',*,*,#13139,.T.);
#13139 = EDGE_CURVE('',#13117,#13140,#13142,.T.);
#13140 = VERTEX_POINT('',#13141);
#13141 = CARTESIAN_POINT('',(26.212610478228,-12.0948040659,37.5));
#13142 = SURFACE_CURVE('',#13143,(#13147,#13154),.PCURVE_S1.);
#13143 = LINE('',#13144,#13145);
#13144 = CARTESIAN_POINT('',(25.390325235186,-11.45236442462,37.5));
#13145 = VECTOR('',#13146,1.);
#13146 = DIRECTION('',(0.788010753607,-0.615661475326,
    -8.748676823064E-17));
#13147 = PCURVE('',#10872,#13148);
#13148 = DEFINITIONAL_REPRESENTATION('',(#13149),#13153);
#13149 = LINE('',#13150,#13151);
#13150 = CARTESIAN_POINT('',(9.609674764814,13.474252505091));
#13151 = VECTOR('',#13152,1.);
#13152 = DIRECTION('',(-0.788010753607,0.615661475326));
#13153 = ( GEOMETRIC_REPRESENTATION_CONTEXT(2)
PARAMETRIC_REPRESENTATION_CONTEXT() REPRESENTATION_CONTEXT('2D SPACE',''
  ) );
#13154 = PCURVE('',#7383,#13155);
#13155 = DEFINITIONAL_REPRESENTATION('',(#13156),#13160);
#13156 = LINE('',#13157,#13158);
#13157 = CARTESIAN_POINT('',(0.,0.));
#13158 = VECTOR('',#13159,1.);
#13159 = DIRECTION('',(1.,0.));
#13160 = ( GEOMETRIC_REPRESENTATION_CONTEXT(2)
PARAMETRIC_REPRESENTATION_CONTEXT() REPRESENTATION_CONTEXT('2D SPACE',''
  ) );
#13161 = ORIENTED_EDGE('',*,*,#13162,.T.);
#13162 = EDGE_CURVE('',#13140,#13163,#13165,.T.);
#13163 = VERTEX_POINT('',#13164);
#13164 = CARTESIAN_POINT('',(27.077706999714,-12.67831903753,37.5));
#13165 = SURFACE_CURVE('',#13166,(#13170,#13177),.PCURVE_S1.);
#13166 = LINE('',#13167,#13168);
#13167 = CARTESIAN_POINT('',(26.212610478228,-12.0948040659,37.5));
#13168 = VECTOR('',#13169,1.);
#13169 = DIRECTION('',(0.829037572555,-0.559192903471,-9.2041660133E-17)
  );
#13170 = PCURVE('',#10872,#13171);
#13171 = DEFINITIONAL_REPRESENTATION('',(#13172),#13176);
#13172 = LINE('',#13173,#13174);
#13173 = CARTESIAN_POINT('',(8.787389521772,14.116692146368));
#13174 = VECTOR('',#13175,1.);
#13175 = DIRECTION('',(-0.829037572555,0.559192903471));
#13176 = ( GEOMETRIC_REPRESENTATION_CONTEXT(2)
PARAMETRIC_REPRESENTATION_CONTEXT() REPRESENTATION_CONTEXT('2D SPACE',''
  ) );
#13177 = PCURVE('',#7355,#13178);
#13178 = DEFINITIONAL_REPRESENTATION('',(#13179),#13183);
#13179 = LINE('',#13180,#13181);
#13180 = CARTESIAN_POINT('',(0.,0.));
#13181 = VECTOR('',#13182,1.);
#13182 = DIRECTION('',(1.,0.));
#13183 = ( GEOMETRIC_REPRESENTATION_CONTEXT(2)
PARAMETRIC_REPRESENTATION_CONTEXT() REPRESENTATION_CONTEXT('2D SPACE',''
  ) );
#13184 = ORIENTED_EDGE('',*,*,#13185,.T.);
#13185 = EDGE_CURVE('',#13163,#13186,#13188,.T.);
#13186 = VERTEX_POINT('',#13187);
#13187 = CARTESIAN_POINT('',(29.038408277376,-9.54054108176,37.5));
#13188 = SURFACE_CURVE('',#13189,(#13193,#13200),.PCURVE_S1.);
#13189 = LINE('',#13190,#13191);
#13190 = CARTESIAN_POINT('',(27.077706999714,-12.67831903753,37.5));
#13191 = VECTOR('',#13192,1.);
#13192 = DIRECTION('',(0.529919264233,0.848048096156,-5.883285683441E-17
    ));
#13193 = PCURVE('',#10872,#13194);
#13194 = DEFINITIONAL_REPRESENTATION('',(#13195),#13199);
#13195 = LINE('',#13196,#13197);
#13196 = CARTESIAN_POINT('',(7.922293000286,14.700207118001));
#13197 = VECTOR('',#13198,1.);
#13198 = DIRECTION('',(-0.529919264233,-0.848048096156));
#13199 = ( GEOMETRIC_REPRESENTATION_CONTEXT(2)
PARAMETRIC_REPRESENTATION_CONTEXT() REPRESENTATION_CONTEXT('2D SPACE',''
  ) );
#13200 = PCURVE('',#7327,#13201);
#13201 = DEFINITIONAL_REPRESENTATION('',(#13202),#13206);
#13202 = LINE('',#13203,#13204);
#13203 = CARTESIAN_POINT('',(0.,0.));
#13204 = VECTOR('',#13205,1.);
#13205 = DIRECTION('',(1.,0.));
#13206 = ( GEOMETRIC_REPRESENTATION_CONTEXT(2)
PARAMETRIC_REPRESENTATION_CONTEXT() REPRESENTATION_CONTEXT('2D SPACE',''
  ) );
#13207 = ORIENTED_EDGE('',*,*,#13208,.T.);
#13208 = EDGE_CURVE('',#13186,#13209,#13211,.T.);
#13209 = VERTEX_POINT('',#13210);
#13210 = CARTESIAN_POINT('',(28.38741591171,-9.101441186718,37.5));
#13211 = SURFACE_CURVE('',#13212,(#13216,#13223),.PCURVE_S1.);
#13212 = LINE('',#13213,#13214);
#13213 = CARTESIAN_POINT('',(29.038408277376,-9.54054108176,37.5));
#13214 = VECTOR('',#13215,1.);
#13215 = DIRECTION('',(-0.829037572555,0.559192903471,9.2041660133E-17)
  );
#13216 = PCURVE('',#10872,#13217);
#13217 = DEFINITIONAL_REPRESENTATION('',(#13218),#13222);
#13218 = LINE('',#13219,#13220);
#13219 = CARTESIAN_POINT('',(5.961591722624,11.562429162222));
#13220 = VECTOR('',#13221,1.);
#13221 = DIRECTION('',(0.829037572555,-0.559192903471));
#13222 = ( GEOMETRIC_REPRESENTATION_CONTEXT(2)
PARAMETRIC_REPRESENTATION_CONTEXT() REPRESENTATION_CONTEXT('2D SPACE',''
  ) );
#13223 = PCURVE('',#7299,#13224);
#13224 = DEFINITIONAL_REPRESENTATION('',(#13225),#13229);
#13225 = LINE('',#13226,#13227);
#13226 = CARTESIAN_POINT('',(0.,0.));
#13227 = VECTOR('',#13228,1.);
#13228 = DIRECTION('',(1.,0.));
#13229 = ( GEOMETRIC_REPRESENTATION_CONTEXT(2)
PARAMETRIC_REPRESENTATION_CONTEXT() REPRESENTATION_CONTEXT('2D SPACE',''
  ) );
#13230 = ORIENTED_EDGE('',*,*,#13231,.T.);
#13231 = EDGE_CURVE('',#13209,#13232,#13234,.T.);
#13232 = VERTEX_POINT('',#13233);
#13233 = CARTESIAN_POINT('',(27.768639391026,-8.617999985089,37.5));
#13234 = SURFACE_CURVE('',#13235,(#13239,#13246),.PCURVE_S1.);
#13235 = LINE('',#13236,#13237);
#13236 = CARTESIAN_POINT('',(28.38741591171,-9.101441186718,37.5));
#13237 = VECTOR('',#13238,1.);
#13238 = DIRECTION('',(-0.788010753607,0.615661475326,8.748676823064E-17
    ));
#13239 = PCURVE('',#10872,#13240);
#13240 = DEFINITIONAL_REPRESENTATION('',(#13241),#13245);
#13241 = LINE('',#13242,#13243);
#13242 = CARTESIAN_POINT('',(6.61258408829,11.12332926718));
#13243 = VECTOR('',#13244,1.);
#13244 = DIRECTION('',(0.788010753607,-0.615661475326));
#13245 = ( GEOMETRIC_REPRESENTATION_CONTEXT(2)
PARAMETRIC_REPRESENTATION_CONTEXT() REPRESENTATION_CONTEXT('2D SPACE',''
  ) );
#13246 = PCURVE('',#7271,#13247);
#13247 = DEFINITIONAL_REPRESENTATION('',(#13248),#13252);
#13248 = LINE('',#13249,#13250);
#13249 = CARTESIAN_POINT('',(0.,0.));
#13250 = VECTOR('',#13251,1.);
#13251 = DIRECTION('',(1.,0.));
#13252 = ( GEOMETRIC_REPRESENTATION_CONTEXT(2)
PARAMETRIC_REPRESENTATION_CONTEXT() REPRESENTATION_CONTEXT('2D SPACE',''
  ) );
#13253 = ORIENTED_EDGE('',*,*,#13254,.T.);
#13254 = EDGE_CURVE('',#13232,#13255,#13257,.T.);
#13255 = VERTEX_POINT('',#13256);
#13256 = CARTESIAN_POINT('',(27.185093332336,-8.09257275381,37.5));
#13257 = SURFACE_CURVE('',#13258,(#13262,#13269),.PCURVE_S1.);
#13258 = LINE('',#13259,#13260);
#13259 = CARTESIAN_POINT('',(27.768639391026,-8.617999985089,37.5));
#13260 = VECTOR('',#13261,1.);
#13261 = DIRECTION('',(-0.743144825477,0.669130606359,8.25056495876E-17)
  );
#13262 = PCURVE('',#10872,#13263);
#13263 = DEFINITIONAL_REPRESENTATION('',(#13264),#13268);
#13264 = LINE('',#13265,#13266);
#13265 = CARTESIAN_POINT('',(7.231360608974,10.639888065551));
#13266 = VECTOR('',#13267,1.);
#13267 = DIRECTION('',(0.743144825477,-0.669130606359));
#13268 = ( GEOMETRIC_REPRESENTATION_CONTEXT(2)
PARAMETRIC_REPRESENTATION_CONTEXT() REPRESENTATION_CONTEXT('2D SPACE',''
  ) );
#13269 = PCURVE('',#7243,#13270);
#13270 = DEFINITIONAL_REPRESENTATION('',(#13271),#13275);
#13271 = LINE('',#13272,#13273);
#13272 = CARTESIAN_POINT('',(0.,0.));
#13273 = VECTOR('',#13274,1.);
#13274 = DIRECTION('',(1.,0.));
#13275 = ( GEOMETRIC_REPRESENTATION_CONTEXT(2)
PARAMETRIC_REPRESENTATION_CONTEXT() REPRESENTATION_CONTEXT('2D SPACE',''
  ) );
#13276 = ORIENTED_EDGE('',*,*,#13277,.T.);
#13277 = EDGE_CURVE('',#13255,#13278,#13280,.T.);
#13278 = VERTEX_POINT('',#13279);
#13279 = CARTESIAN_POINT('',(26.639620713379,-7.527719321537,37.5));
#13280 = SURFACE_CURVE('',#13281,(#13285,#13292),.PCURVE_S1.);
#13281 = LINE('',#13282,#13283);
#13282 = CARTESIAN_POINT('',(27.185093332336,-8.09257275381,37.5));
#13283 = VECTOR('',#13284,1.);
#13284 = DIRECTION('',(-0.694658370459,0.719339800339,7.712257171322E-17
    ));
#13285 = PCURVE('',#10872,#13286);
#13286 = DEFINITIONAL_REPRESENTATION('',(#13287),#13291);
#13287 = LINE('',#13288,#13289);
#13288 = CARTESIAN_POINT('',(7.814906667664,10.114460834272));
#13289 = VECTOR('',#13290,1.);
#13290 = DIRECTION('',(0.694658370459,-0.719339800339));
#13291 = ( GEOMETRIC_REPRESENTATION_CONTEXT(2)
PARAMETRIC_REPRESENTATION_CONTEXT() REPRESENTATION_CONTEXT('2D SPACE',''
  ) );
#13292 = PCURVE('',#7215,#13293);
#13293 = DEFINITIONAL_REPRESENTATION('',(#13294),#13298);
#13294 = LINE('',#13295,#13296);
#13295 = CARTESIAN_POINT('',(0.,0.));
#13296 = VECTOR('',#13297,1.);
#13297 = DIRECTION('',(1.,0.));
#13298 = ( GEOMETRIC_REPRESENTATION_CONTEXT(2)
PARAMETRIC_REPRESENTATION_CONTEXT() REPRESENTATION_CONTEXT('2D SPACE',''
  ) );
#13299 = ORIENTED_EDGE('',*,*,#13300,.T.);
#13300 = EDGE_CURVE('',#13278,#13301,#13303,.T.);
#13301 = VERTEX_POINT('',#13302);
#13302 = CARTESIAN_POINT('',(26.134879021924,-6.926191597414,37.5));
#13303 = SURFACE_CURVE('',#13304,(#13308,#13315),.PCURVE_S1.);
#13304 = LINE('',#13305,#13306);
#13305 = CARTESIAN_POINT('',(26.639620713379,-7.527719321537,37.5));
#13306 = VECTOR('',#13307,1.);
#13307 = DIRECTION('',(-0.642787609687,0.766044443119,7.136376042178E-17
    ));
#13308 = PCURVE('',#10872,#13309);
#13309 = DEFINITIONAL_REPRESENTATION('',(#13310),#13314);
#13310 = LINE('',#13311,#13312);
#13311 = CARTESIAN_POINT('',(8.360379286621,9.549607401999));
#13312 = VECTOR('',#13313,1.);
#13313 = DIRECTION('',(0.642787609687,-0.766044443119));
#13314 = ( GEOMETRIC_REPRESENTATION_CONTEXT(2)
PARAMETRIC_REPRESENTATION_CONTEXT() REPRESENTATION_CONTEXT('2D SPACE',''
  ) );
#13315 = PCURVE('',#7187,#13316);
#13316 = DEFINITIONAL_REPRESENTATION('',(#13317),#13321);
#13317 = LINE('',#13318,#13319);
#13318 = CARTESIAN_POINT('',(0.,0.));
#13319 = VECTOR('',#13320,1.);
#13320 = DIRECTION('',(1.,0.));
#13321 = ( GEOMETRIC_REPRESENTATION_CONTEXT(2)
PARAMETRIC_REPRESENTATION_CONTEXT() REPRESENTATION_CONTEXT('2D SPACE',''
  ) );
#13322 = ORIENTED_EDGE('',*,*,#13323,.T.);
#13323 = EDGE_CURVE('',#13301,#13324,#13326,.T.);
#13324 = VERTEX_POINT('',#13325);
#13325 = CARTESIAN_POINT('',(25.673327308756,-6.290920164046,37.5));
#13326 = SURFACE_CURVE('',#13327,(#13331,#13338),.PCURVE_S1.);
#13327 = LINE('',#13328,#13329);
#13328 = CARTESIAN_POINT('',(26.134879021924,-6.926191597414,37.5));
#13329 = VECTOR('',#13330,1.);
#13330 = DIRECTION('',(-0.587785252292,0.809016994375,6.525727206302E-17
    ));
#13331 = PCURVE('',#10872,#13332);
#13332 = DEFINITIONAL_REPRESENTATION('',(#13333),#13337);
#13333 = LINE('',#13334,#13335);
#13334 = CARTESIAN_POINT('',(8.865120978076,8.948079677876));
#13335 = VECTOR('',#13336,1.);
#13336 = DIRECTION('',(0.587785252292,-0.809016994375));
#13337 = ( GEOMETRIC_REPRESENTATION_CONTEXT(2)
PARAMETRIC_REPRESENTATION_CONTEXT() REPRESENTATION_CONTEXT('2D SPACE',''
  ) );
#13338 = PCURVE('',#7159,#13339);
#13339 = DEFINITIONAL_REPRESENTATION('',(#13340),#13344);
#13340 = LINE('',#13341,#13342);
#13341 = CARTESIAN_POINT('',(0.,0.));
#13342 = VECTOR('',#13343,1.);
#13343 = DIRECTION('',(1.,0.));
#13344 = ( GEOMETRIC_REPRESENTATION_CONTEXT(2)
PARAMETRIC_REPRESENTATION_CONTEXT() REPRESENTATION_CONTEXT('2D SPACE',''
  ) );
#13345 = ORIENTED_EDGE('',*,*,#13346,.T.);
#13346 = EDGE_CURVE('',#13324,#13347,#13349,.T.);
#13347 = VERTEX_POINT('',#13348);
#13348 = CARTESIAN_POINT('',(25.257214207425,-5.625,37.5));
#13349 = SURFACE_CURVE('',#13350,(#13354,#13361),.PCURVE_S1.);
#13350 = LINE('',#13351,#13352);
#13351 = CARTESIAN_POINT('',(25.673327308756,-6.290920164046,37.5));
#13352 = VECTOR('',#13353,1.);
#13353 = DIRECTION('',(-0.529919264233,0.848048096156,5.883285683441E-17
    ));
#13354 = PCURVE('',#10872,#13355);
#13355 = DEFINITIONAL_REPRESENTATION('',(#13356),#13360);
#13356 = LINE('',#13357,#13358);
#13357 = CARTESIAN_POINT('',(9.326672691244,8.312808244508));
#13358 = VECTOR('',#13359,1.);
#13359 = DIRECTION('',(0.529919264233,-0.848048096156));
#13360 = ( GEOMETRIC_REPRESENTATION_CONTEXT(2)
PARAMETRIC_REPRESENTATION_CONTEXT() REPRESENTATION_CONTEXT('2D SPACE',''
  ) );
#13361 = PCURVE('',#7131,#13362);
#13362 = DEFINITIONAL_REPRESENTATION('',(#13363),#13367);
#13363 = LINE('',#13364,#13365);
#13364 = CARTESIAN_POINT('',(0.,0.));
#13365 = VECTOR('',#13366,1.);
#13366 = DIRECTION('',(1.,0.));
#13367 = ( GEOMETRIC_REPRESENTATION_CONTEXT(2)
PARAMETRIC_REPRESENTATION_CONTEXT() REPRESENTATION_CONTEXT('2D SPACE',''
  ) );
#13368 = ORIENTED_EDGE('',*,*,#13369,.T.);
#13369 = EDGE_CURVE('',#13347,#13370,#13372,.T.);
#13370 = VERTEX_POINT('',#13371);
#13371 = CARTESIAN_POINT('',(24.888566979134,-4.931675401377,37.5));
#13372 = SURFACE_CURVE('',#13373,(#13377,#13384),.PCURVE_S1.);
#13373 = LINE('',#13374,#13375);
#13374 = CARTESIAN_POINT('',(25.257214207425,-5.625,37.5));
#13375 = VECTOR('',#13376,1.);
#13376 = DIRECTION('',(-0.469471562786,0.882947592859,5.212181384117E-17
    ));
#13377 = PCURVE('',#10872,#13378);
#13378 = DEFINITIONAL_REPRESENTATION('',(#13379),#13383);
#13379 = LINE('',#13380,#13381);
#13380 = CARTESIAN_POINT('',(9.742785792575,7.646888080462));
#13381 = VECTOR('',#13382,1.);
#13382 = DIRECTION('',(0.469471562786,-0.882947592859));
#13383 = ( GEOMETRIC_REPRESENTATION_CONTEXT(2)
PARAMETRIC_REPRESENTATION_CONTEXT() REPRESENTATION_CONTEXT('2D SPACE',''
  ) );
#13384 = PCURVE('',#7103,#13385);
#13385 = DEFINITIONAL_REPRESENTATION('',(#13386),#13390);
#13386 = LINE('',#13387,#13388);
#13387 = CARTESIAN_POINT('',(0.,0.));
#13388 = VECTOR('',#13389,1.);
#13389 = DIRECTION('',(1.,0.));
#13390 = ( GEOMETRIC_REPRESENTATION_CONTEXT(2)
PARAMETRIC_REPRESENTATION_CONTEXT() REPRESENTATION_CONTEXT('2D SPACE',''
  ) );
#13391 = ORIENTED_EDGE('',*,*,#13392,.T.);
#13392 = EDGE_CURVE('',#13370,#13393,#13395,.T.);
#13393 = VERTEX_POINT('',#13394);
#13394 = CARTESIAN_POINT('',(24.569181636124,-4.214324175929,37.5));
#13395 = SURFACE_CURVE('',#13396,(#13400,#13407),.PCURVE_S1.);
#13396 = LINE('',#13397,#13398);
#13397 = CARTESIAN_POINT('',(24.888566979134,-4.931675401377,37.5));
#13398 = VECTOR('',#13399,1.);
#13399 = DIRECTION('',(-0.406736643076,0.913545457643,4.515683861015E-17
    ));
#13400 = PCURVE('',#10872,#13401);
#13401 = DEFINITIONAL_REPRESENTATION('',(#13402),#13406);
#13402 = LINE('',#13403,#13404);
#13403 = CARTESIAN_POINT('',(10.111433020866,6.953563481839));
#13404 = VECTOR('',#13405,1.);
#13405 = DIRECTION('',(0.406736643076,-0.913545457643));
#13406 = ( GEOMETRIC_REPRESENTATION_CONTEXT(2)
PARAMETRIC_REPRESENTATION_CONTEXT() REPRESENTATION_CONTEXT('2D SPACE',''
  ) );
#13407 = PCURVE('',#7075,#13408);
#13408 = DEFINITIONAL_REPRESENTATION('',(#13409),#13413);
#13409 = LINE('',#13410,#13411);
#13410 = CARTESIAN_POINT('',(0.,0.));
#13411 = VECTOR('',#13412,1.);
#13412 = DIRECTION('',(1.,0.));
#13413 = ( GEOMETRIC_REPRESENTATION_CONTEXT(2)
PARAMETRIC_REPRESENTATION_CONTEXT() REPRESENTATION_CONTEXT('2D SPACE',''
  ) );
#13414 = ORIENTED_EDGE('',*,*,#13415,.T.);
#13415 = EDGE_CURVE('',#13393,#13416,#13418,.T.);
#13416 = VERTEX_POINT('',#13417);
#13417 = CARTESIAN_POINT('',(24.30061419168,-3.476441186718,37.5));
#13418 = SURFACE_CURVE('',#13419,(#13423,#13430),.PCURVE_S1.);
#13419 = LINE('',#13420,#13421);
#13420 = CARTESIAN_POINT('',(24.569181636124,-4.214324175929,37.5));
#13421 = VECTOR('',#13422,1.);
#13422 = DIRECTION('',(-0.342020143326,0.939692620786,3.797186380058E-17
    ));
#13423 = PCURVE('',#10872,#13424);
#13424 = DEFINITIONAL_REPRESENTATION('',(#13425),#13429);
#13425 = LINE('',#13426,#13427);
#13426 = CARTESIAN_POINT('',(10.430818363876,6.236212256391));
#13427 = VECTOR('',#13428,1.);
#13428 = DIRECTION('',(0.342020143326,-0.939692620786));
#13429 = ( GEOMETRIC_REPRESENTATION_CONTEXT(2)
PARAMETRIC_REPRESENTATION_CONTEXT() REPRESENTATION_CONTEXT('2D SPACE',''
  ) );
#13430 = PCURVE('',#7047,#13431);
#13431 = DEFINITIONAL_REPRESENTATION('',(#13432),#13436);
#13432 = LINE('',#13433,#13434);
#13433 = CARTESIAN_POINT('',(0.,0.));
#13434 = VECTOR('',#13435,1.);
#13435 = DIRECTION('',(1.,0.));
#13436 = ( GEOMETRIC_REPRESENTATION_CONTEXT(2)
PARAMETRIC_REPRESENTATION_CONTEXT() REPRESENTATION_CONTEXT('2D SPACE',''
  ) );
#13437 = ORIENTED_EDGE('',*,*,#13438,.T.);
#13438 = EDGE_CURVE('',#13416,#13439,#13441,.T.);
#13439 = VERTEX_POINT('',#13440);
#13440 = CARTESIAN_POINT('',(24.084173079395,-2.721621325496,37.5));
#13441 = SURFACE_CURVE('',#13442,(#13446,#13453),.PCURVE_S1.);
#13442 = LINE('',#13443,#13444);
#13443 = CARTESIAN_POINT('',(24.30061419168,-3.476441186718,37.5));
#13444 = VECTOR('',#13445,1.);
#13445 = DIRECTION('',(-0.275637355817,0.961261695938,3.060189388748E-17
    ));
#13446 = PCURVE('',#10872,#13447);
#13447 = DEFINITIONAL_REPRESENTATION('',(#13448),#13452);
#13448 = LINE('',#13449,#13450);
#13449 = CARTESIAN_POINT('',(10.69938580832,5.49832926718));
#13450 = VECTOR('',#13451,1.);
#13451 = DIRECTION('',(0.275637355817,-0.961261695938));
#13452 = ( GEOMETRIC_REPRESENTATION_CONTEXT(2)
PARAMETRIC_REPRESENTATION_CONTEXT() REPRESENTATION_CONTEXT('2D SPACE',''
  ) );
#13453 = PCURVE('',#7019,#13454);
#13454 = DEFINITIONAL_REPRESENTATION('',(#13455),#13459);
#13455 = LINE('',#13456,#13457);
#13456 = CARTESIAN_POINT('',(0.,0.));
#13457 = VECTOR('',#13458,1.);
#13458 = DIRECTION('',(1.,0.));
#13459 = ( GEOMETRIC_REPRESENTATION_CONTEXT(2)
PARAMETRIC_REPRESENTATION_CONTEXT() REPRESENTATION_CONTEXT('2D SPACE',''
  ) );
#13460 = ORIENTED_EDGE('',*,*,#13461,.T.);
#13461 = EDGE_CURVE('',#13439,#13462,#13464,.T.);
#13462 = VERTEX_POINT('',#13463);
#13463 = CARTESIAN_POINT('',(23.920912778613,-1.953541998753,37.5));
#13464 = SURFACE_CURVE('',#13465,(#13469,#13476),.PCURVE_S1.);
#13465 = LINE('',#13466,#13467);
#13466 = CARTESIAN_POINT('',(24.084173079395,-2.721621325496,37.5));
#13467 = VECTOR('',#13468,1.);
#13468 = DIRECTION('',(-0.207911690818,0.978147600734,2.308283462346E-17
    ));
#13469 = PCURVE('',#10872,#13470);
#13470 = DEFINITIONAL_REPRESENTATION('',(#13471),#13475);
#13471 = LINE('',#13472,#13473);
#13472 = CARTESIAN_POINT('',(10.915826920605,4.743509405958));
#13473 = VECTOR('',#13474,1.);
#13474 = DIRECTION('',(0.207911690818,-0.978147600734));
#13475 = ( GEOMETRIC_REPRESENTATION_CONTEXT(2)
PARAMETRIC_REPRESENTATION_CONTEXT() REPRESENTATION_CONTEXT('2D SPACE',''
  ) );
#13476 = PCURVE('',#6991,#13477);
#13477 = DEFINITIONAL_REPRESENTATION('',(#13478),#13482);
#13478 = LINE('',#13479,#13480);
#13479 = CARTESIAN_POINT('',(0.,0.));
#13480 = VECTOR('',#13481,1.);
#13481 = DIRECTION('',(1.,0.));
#13482 = ( GEOMETRIC_REPRESENTATION_CONTEXT(2)
PARAMETRIC_REPRESENTATION_CONTEXT() REPRESENTATION_CONTEXT('2D SPACE',''
  ) );
#13483 = ORIENTED_EDGE('',*,*,#13484,.T.);
#13484 = EDGE_CURVE('',#13462,#13485,#13487,.T.);
#13485 = VERTEX_POINT('',#13486);
#13486 = CARTESIAN_POINT('',(23.811628677107,-1.175945211761,37.5));
#13487 = SURFACE_CURVE('',#13488,(#13492,#13499),.PCURVE_S1.);
#13488 = LINE('',#13489,#13490);
#13489 = CARTESIAN_POINT('',(23.920912778613,-1.953541998753,37.5));
#13490 = VECTOR('',#13491,1.);
#13491 = DIRECTION('',(-0.13917310096,0.990268068742,1.545131810943E-17)
  );
#13492 = PCURVE('',#10872,#13493);
#13493 = DEFINITIONAL_REPRESENTATION('',(#13494),#13498);
#13494 = LINE('',#13495,#13496);
#13495 = CARTESIAN_POINT('',(11.079087221387,3.975430079215));
#13496 = VECTOR('',#13497,1.);
#13497 = DIRECTION('',(0.13917310096,-0.990268068742));
#13498 = ( GEOMETRIC_REPRESENTATION_CONTEXT(2)
PARAMETRIC_REPRESENTATION_CONTEXT() REPRESENTATION_CONTEXT('2D SPACE',''
  ) );
#13499 = PCURVE('',#6963,#13500);
#13500 = DEFINITIONAL_REPRESENTATION('',(#13501),#13505);
#13501 = LINE('',#13502,#13503);
#13502 = CARTESIAN_POINT('',(0.,0.));
#13503 = VECTOR('',#13504,1.);
#13504 = DIRECTION('',(1.,0.));
#13505 = ( GEOMETRIC_REPRESENTATION_CONTEXT(2)
PARAMETRIC_REPRESENTATION_CONTEXT() REPRESENTATION_CONTEXT('2D SPACE',''
  ) );
#13506 = ORIENTED_EDGE('',*,*,#13507,.T.);
#13507 = EDGE_CURVE('',#13485,#13508,#13510,.T.);
#13508 = VERTEX_POINT('',#13509);
#13509 = CARTESIAN_POINT('',(23.756853196035,-0.392619337903,37.5));
#13510 = SURFACE_CURVE('',#13511,(#13515,#13522),.PCURVE_S1.);
#13511 = LINE('',#13512,#13513);
#13512 = CARTESIAN_POINT('',(23.811628677107,-1.175945211761,37.5));
#13513 = VECTOR('',#13514,1.);
#13514 = DIRECTION('',(-6.975647374413E-02,0.99756405026,
    7.744524326739E-18));
#13515 = PCURVE('',#10872,#13516);
#13516 = DEFINITIONAL_REPRESENTATION('',(#13517),#13521);
#13517 = LINE('',#13518,#13519);
#13518 = CARTESIAN_POINT('',(11.188371322893,3.197833292223));
#13519 = VECTOR('',#13520,1.);
#13520 = DIRECTION('',(6.975647374413E-02,-0.99756405026));
#13521 = ( GEOMETRIC_REPRESENTATION_CONTEXT(2)
PARAMETRIC_REPRESENTATION_CONTEXT() REPRESENTATION_CONTEXT('2D SPACE',''
  ) );
#13522 = PCURVE('',#6935,#13523);
#13523 = DEFINITIONAL_REPRESENTATION('',(#13524),#13528);
#13524 = LINE('',#13525,#13526);
#13525 = CARTESIAN_POINT('',(0.,0.));
#13526 = VECTOR('',#13527,1.);
#13527 = DIRECTION('',(1.,0.));
#13528 = ( GEOMETRIC_REPRESENTATION_CONTEXT(2)
PARAMETRIC_REPRESENTATION_CONTEXT() REPRESENTATION_CONTEXT('2D SPACE',''
  ) );
#13529 = ORIENTED_EDGE('',*,*,#13530,.T.);
#13530 = EDGE_CURVE('',#13508,#13531,#13533,.T.);
#13531 = VERTEX_POINT('',#13532);
#13532 = CARTESIAN_POINT('',(23.756853196035,0.392619337903,37.5));
#13533 = SURFACE_CURVE('',#13534,(#13538,#13545),.PCURVE_S1.);
#13534 = LINE('',#13535,#13536);
#13535 = CARTESIAN_POINT('',(23.756853196035,-0.392619337903,37.5));
#13536 = VECTOR('',#13537,1.);
#13537 = DIRECTION('',(0.,1.,0.));
#13538 = PCURVE('',#10872,#13539);
#13539 = DEFINITIONAL_REPRESENTATION('',(#13540),#13544);
#13540 = LINE('',#13541,#13542);
#13541 = CARTESIAN_POINT('',(11.243146803965,2.414507418365));
#13542 = VECTOR('',#13543,1.);
#13543 = DIRECTION('',(0.,-1.));
#13544 = ( GEOMETRIC_REPRESENTATION_CONTEXT(2)
PARAMETRIC_REPRESENTATION_CONTEXT() REPRESENTATION_CONTEXT('2D SPACE',''
  ) );
#13545 = PCURVE('',#6907,#13546);
#13546 = DEFINITIONAL_REPRESENTATION('',(#13547),#13551);
#13547 = LINE('',#13548,#13549);
#13548 = CARTESIAN_POINT('',(0.,0.));
#13549 = VECTOR('',#13550,1.);
#13550 = DIRECTION('',(1.,0.));
#13551 = ( GEOMETRIC_REPRESENTATION_CONTEXT(2)
PARAMETRIC_REPRESENTATION_CONTEXT() REPRESENTATION_CONTEXT('2D SPACE',''
  ) );
#13552 = ORIENTED_EDGE('',*,*,#13553,.T.);
#13553 = EDGE_CURVE('',#13531,#13554,#13556,.T.);
#13554 = VERTEX_POINT('',#13555);
#13555 = CARTESIAN_POINT('',(23.811628677107,1.175945211761,37.5));
#13556 = SURFACE_CURVE('',#13557,(#13561,#13568),.PCURVE_S1.);
#13557 = LINE('',#13558,#13559);
#13558 = CARTESIAN_POINT('',(23.756853196035,0.392619337903,37.5));
#13559 = VECTOR('',#13560,1.);
#13560 = DIRECTION('',(6.975647374413E-02,0.99756405026,
    -7.744524326739E-18));
#13561 = PCURVE('',#10872,#13562);
#13562 = DEFINITIONAL_REPRESENTATION('',(#13563),#13567);
#13563 = LINE('',#13564,#13565);
#13564 = CARTESIAN_POINT('',(11.243146803965,1.629268742559));
#13565 = VECTOR('',#13566,1.);
#13566 = DIRECTION('',(-6.975647374413E-02,-0.99756405026));
#13567 = ( GEOMETRIC_REPRESENTATION_CONTEXT(2)
PARAMETRIC_REPRESENTATION_CONTEXT() REPRESENTATION_CONTEXT('2D SPACE',''
  ) );
#13568 = PCURVE('',#6879,#13569);
#13569 = DEFINITIONAL_REPRESENTATION('',(#13570),#13574);
#13570 = LINE('',#13571,#13572);
#13571 = CARTESIAN_POINT('',(0.,0.));
#13572 = VECTOR('',#13573,1.);
#13573 = DIRECTION('',(1.,0.));
#13574 = ( GEOMETRIC_REPRESENTATION_CONTEXT(2)
PARAMETRIC_REPRESENTATION_CONTEXT() REPRESENTATION_CONTEXT('2D SPACE',''
  ) );
#13575 = ORIENTED_EDGE('',*,*,#13576,.T.);
#13576 = EDGE_CURVE('',#13554,#13577,#13579,.T.);
#13577 = VERTEX_POINT('',#13578);
#13578 = CARTESIAN_POINT('',(23.920912778613,1.953541998753,37.5));
#13579 = SURFACE_CURVE('',#13580,(#13584,#13591),.PCURVE_S1.);
#13580 = LINE('',#13581,#13582);
#13581 = CARTESIAN_POINT('',(23.811628677107,1.175945211761,37.5));
#13582 = VECTOR('',#13583,1.);
#13583 = DIRECTION('',(0.13917310096,0.990268068742,-1.545131810943E-17)
  );
#13584 = PCURVE('',#10872,#13585);
#13585 = DEFINITIONAL_REPRESENTATION('',(#13586),#13590);
#13586 = LINE('',#13587,#13588);
#13587 = CARTESIAN_POINT('',(11.188371322893,0.845942868701));
#13588 = VECTOR('',#13589,1.);
#13589 = DIRECTION('',(-0.13917310096,-0.990268068742));
#13590 = ( GEOMETRIC_REPRESENTATION_CONTEXT(2)
PARAMETRIC_REPRESENTATION_CONTEXT() REPRESENTATION_CONTEXT('2D SPACE',''
  ) );
#13591 = PCURVE('',#6851,#13592);
#13592 = DEFINITIONAL_REPRESENTATION('',(#13593),#13597);
#13593 = LINE('',#13594,#13595);
#13594 = CARTESIAN_POINT('',(0.,0.));
#13595 = VECTOR('',#13596,1.);
#13596 = DIRECTION('',(1.,0.));
#13597 = ( GEOMETRIC_REPRESENTATION_CONTEXT(2)
PARAMETRIC_REPRESENTATION_CONTEXT() REPRESENTATION_CONTEXT('2D SPACE',''
  ) );
#13598 = ORIENTED_EDGE('',*,*,#13599,.T.);
#13599 = EDGE_CURVE('',#13577,#13600,#13602,.T.);
#13600 = VERTEX_POINT('',#13601);
#13601 = CARTESIAN_POINT('',(24.084173079395,2.721621325496,37.5));
#13602 = SURFACE_CURVE('',#13603,(#13607,#13614),.PCURVE_S1.);
#13603 = LINE('',#13604,#13605);
#13604 = CARTESIAN_POINT('',(23.920912778613,1.953541998753,37.5));
#13605 = VECTOR('',#13606,1.);
#13606 = DIRECTION('',(0.207911690818,0.978147600734,-2.308283462346E-17
    ));
#13607 = PCURVE('',#10872,#13608);
#13608 = DEFINITIONAL_REPRESENTATION('',(#13609),#13613);
#13609 = LINE('',#13610,#13611);
#13610 = CARTESIAN_POINT('',(11.079087221387,6.834608170908E-02));
#13611 = VECTOR('',#13612,1.);
#13612 = DIRECTION('',(-0.207911690818,-0.978147600734));
#13613 = ( GEOMETRIC_REPRESENTATION_CONTEXT(2)
PARAMETRIC_REPRESENTATION_CONTEXT() REPRESENTATION_CONTEXT('2D SPACE',''
  ) );
#13614 = PCURVE('',#6823,#13615);
#13615 = DEFINITIONAL_REPRESENTATION('',(#13616),#13620);
#13616 = LINE('',#13617,#13618);
#13617 = CARTESIAN_POINT('',(0.,0.));
#13618 = VECTOR('',#13619,1.);
#13619 = DIRECTION('',(1.,0.));
#13620 = ( GEOMETRIC_REPRESENTATION_CONTEXT(2)
PARAMETRIC_REPRESENTATION_CONTEXT() REPRESENTATION_CONTEXT('2D SPACE',''
  ) );
#13621 = ORIENTED_EDGE('',*,*,#13622,.T.);
#13622 = EDGE_CURVE('',#13600,#13623,#13625,.T.);
#13623 = VERTEX_POINT('',#13624);
#13624 = CARTESIAN_POINT('',(24.30061419168,3.476441186718,37.5));
#13625 = SURFACE_CURVE('',#13626,(#13630,#13637),.PCURVE_S1.);
#13626 = LINE('',#13627,#13628);
#13627 = CARTESIAN_POINT('',(24.084173079395,2.721621325496,37.5));
#13628 = VECTOR('',#13629,1.);
#13629 = DIRECTION('',(0.275637355817,0.961261695938,-3.060189388748E-17
    ));
#13630 = PCURVE('',#10872,#13631);
#13631 = DEFINITIONAL_REPRESENTATION('',(#13632),#13636);
#13632 = LINE('',#13633,#13634);
#13633 = CARTESIAN_POINT('',(10.915826920605,-0.699733245034));
#13634 = VECTOR('',#13635,1.);
#13635 = DIRECTION('',(-0.275637355817,-0.961261695938));
#13636 = ( GEOMETRIC_REPRESENTATION_CONTEXT(2)
PARAMETRIC_REPRESENTATION_CONTEXT() REPRESENTATION_CONTEXT('2D SPACE',''
  ) );
#13637 = PCURVE('',#6795,#13638);
#13638 = DEFINITIONAL_REPRESENTATION('',(#13639),#13643);
#13639 = LINE('',#13640,#13641);
#13640 = CARTESIAN_POINT('',(0.,0.));
#13641 = VECTOR('',#13642,1.);
#13642 = DIRECTION('',(1.,0.));
#13643 = ( GEOMETRIC_REPRESENTATION_CONTEXT(2)
PARAMETRIC_REPRESENTATION_CONTEXT() REPRESENTATION_CONTEXT('2D SPACE',''
  ) );
#13644 = ORIENTED_EDGE('',*,*,#13645,.T.);
#13645 = EDGE_CURVE('',#13623,#13646,#13648,.T.);
#13646 = VERTEX_POINT('',#13647);
#13647 = CARTESIAN_POINT('',(24.569181636124,4.214324175929,37.5));
#13648 = SURFACE_CURVE('',#13649,(#13653,#13660),.PCURVE_S1.);
#13649 = LINE('',#13650,#13651);
#13650 = CARTESIAN_POINT('',(24.30061419168,3.476441186718,37.5));
#13651 = VECTOR('',#13652,1.);
#13652 = DIRECTION('',(0.342020143326,0.939692620786,-3.797186380058E-17
    ));
#13653 = PCURVE('',#10872,#13654);
#13654 = DEFINITIONAL_REPRESENTATION('',(#13655),#13659);
#13655 = LINE('',#13656,#13657);
#13656 = CARTESIAN_POINT('',(10.69938580832,-1.454553106256));
#13657 = VECTOR('',#13658,1.);
#13658 = DIRECTION('',(-0.342020143326,-0.939692620786));
#13659 = ( GEOMETRIC_REPRESENTATION_CONTEXT(2)
PARAMETRIC_REPRESENTATION_CONTEXT() REPRESENTATION_CONTEXT('2D SPACE',''
  ) );
#13660 = PCURVE('',#6767,#13661);
#13661 = DEFINITIONAL_REPRESENTATION('',(#13662),#13666);
#13662 = LINE('',#13663,#13664);
#13663 = CARTESIAN_POINT('',(0.,0.));
#13664 = VECTOR('',#13665,1.);
#13665 = DIRECTION('',(1.,0.));
#13666 = ( GEOMETRIC_REPRESENTATION_CONTEXT(2)
PARAMETRIC_REPRESENTATION_CONTEXT() REPRESENTATION_CONTEXT('2D SPACE',''
  ) );
#13667 = ORIENTED_EDGE('',*,*,#13668,.T.);
#13668 = EDGE_CURVE('',#13646,#13669,#13671,.T.);
#13669 = VERTEX_POINT('',#13670);
#13670 = CARTESIAN_POINT('',(24.888566979134,4.931675401377,37.5));
#13671 = SURFACE_CURVE('',#13672,(#13676,#13683),.PCURVE_S1.);
#13672 = LINE('',#13673,#13674);
#13673 = CARTESIAN_POINT('',(24.569181636124,4.214324175929,37.5));
#13674 = VECTOR('',#13675,1.);
#13675 = DIRECTION('',(0.406736643076,0.913545457643,-4.515683861015E-17
    ));
#13676 = PCURVE('',#10872,#13677);
#13677 = DEFINITIONAL_REPRESENTATION('',(#13678),#13682);
#13678 = LINE('',#13679,#13680);
#13679 = CARTESIAN_POINT('',(10.430818363876,-2.192436095467));
#13680 = VECTOR('',#13681,1.);
#13681 = DIRECTION('',(-0.406736643076,-0.913545457643));
#13682 = ( GEOMETRIC_REPRESENTATION_CONTEXT(2)
PARAMETRIC_REPRESENTATION_CONTEXT() REPRESENTATION_CONTEXT('2D SPACE',''
  ) );
#13683 = PCURVE('',#6739,#13684);
#13684 = DEFINITIONAL_REPRESENTATION('',(#13685),#13689);
#13685 = LINE('',#13686,#13687);
#13686 = CARTESIAN_POINT('',(0.,0.));
#13687 = VECTOR('',#13688,1.);
#13688 = DIRECTION('',(1.,0.));
#13689 = ( GEOMETRIC_REPRESENTATION_CONTEXT(2)
PARAMETRIC_REPRESENTATION_CONTEXT() REPRESENTATION_CONTEXT('2D SPACE',''
  ) );
#13690 = ORIENTED_EDGE('',*,*,#13691,.T.);
#13691 = EDGE_CURVE('',#13669,#13692,#13694,.T.);
#13692 = VERTEX_POINT('',#13693);
#13693 = CARTESIAN_POINT('',(25.257214207425,5.625,37.5));
#13694 = SURFACE_CURVE('',#13695,(#13699,#13706),.PCURVE_S1.);
#13695 = LINE('',#13696,#13697);
#13696 = CARTESIAN_POINT('',(24.888566979134,4.931675401377,37.5));
#13697 = VECTOR('',#13698,1.);
#13698 = DIRECTION('',(0.469471562786,0.882947592859,-5.212181384116E-17
    ));
#13699 = PCURVE('',#10872,#13700);
#13700 = DEFINITIONAL_REPRESENTATION('',(#13701),#13705);
#13701 = LINE('',#13702,#13703);
#13702 = CARTESIAN_POINT('',(10.111433020866,-2.909787320915));
#13703 = VECTOR('',#13704,1.);
#13704 = DIRECTION('',(-0.469471562786,-0.882947592859));
#13705 = ( GEOMETRIC_REPRESENTATION_CONTEXT(2)
PARAMETRIC_REPRESENTATION_CONTEXT() REPRESENTATION_CONTEXT('2D SPACE',''
  ) );
#13706 = PCURVE('',#6711,#13707);
#13707 = DEFINITIONAL_REPRESENTATION('',(#13708),#13712);
#13708 = LINE('',#13709,#13710);
#13709 = CARTESIAN_POINT('',(0.,0.));
#13710 = VECTOR('',#13711,1.);
#13711 = DIRECTION('',(1.,0.));
#13712 = ( GEOMETRIC_REPRESENTATION_CONTEXT(2)
PARAMETRIC_REPRESENTATION_CONTEXT() REPRESENTATION_CONTEXT('2D SPACE',''
  ) );
#13713 = ORIENTED_EDGE('',*,*,#13714,.T.);
#13714 = EDGE_CURVE('',#13692,#13715,#13717,.T.);
#13715 = VERTEX_POINT('',#13716);
#13716 = CARTESIAN_POINT('',(25.673327308756,6.290920164046,37.5));
#13717 = SURFACE_CURVE('',#13718,(#13722,#13729),.PCURVE_S1.);
#13718 = LINE('',#13719,#13720);
#13719 = CARTESIAN_POINT('',(25.257214207425,5.625,37.5));
#13720 = VECTOR('',#13721,1.);
#13721 = DIRECTION('',(0.529919264233,0.848048096156,-5.883285683441E-17
    ));
#13722 = PCURVE('',#10872,#13723);
#13723 = DEFINITIONAL_REPRESENTATION('',(#13724),#13728);
#13724 = LINE('',#13725,#13726);
#13725 = CARTESIAN_POINT('',(9.742785792575,-3.603111919538));
#13726 = VECTOR('',#13727,1.);
#13727 = DIRECTION('',(-0.529919264233,-0.848048096156));
#13728 = ( GEOMETRIC_REPRESENTATION_CONTEXT(2)
PARAMETRIC_REPRESENTATION_CONTEXT() REPRESENTATION_CONTEXT('2D SPACE',''
  ) );
#13729 = PCURVE('',#6683,#13730);
#13730 = DEFINITIONAL_REPRESENTATION('',(#13731),#13735);
#13731 = LINE('',#13732,#13733);
#13732 = CARTESIAN_POINT('',(0.,0.));
#13733 = VECTOR('',#13734,1.);
#13734 = DIRECTION('',(1.,0.));
#13735 = ( GEOMETRIC_REPRESENTATION_CONTEXT(2)
PARAMETRIC_REPRESENTATION_CONTEXT() REPRESENTATION_CONTEXT('2D SPACE',''
  ) );
#13736 = ORIENTED_EDGE('',*,*,#13737,.T.);
#13737 = EDGE_CURVE('',#13715,#13738,#13740,.T.);
#13738 = VERTEX_POINT('',#13739);
#13739 = CARTESIAN_POINT('',(26.134879021924,6.926191597414,37.5));
#13740 = SURFACE_CURVE('',#13741,(#13745,#13752),.PCURVE_S1.);
#13741 = LINE('',#13742,#13743);
#13742 = CARTESIAN_POINT('',(25.673327308756,6.290920164046,37.5));
#13743 = VECTOR('',#13744,1.);
#13744 = DIRECTION('',(0.587785252292,0.809016994375,-6.525727206302E-17
    ));
#13745 = PCURVE('',#10872,#13746);
#13746 = DEFINITIONAL_REPRESENTATION('',(#13747),#13751);
#13747 = LINE('',#13748,#13749);
#13748 = CARTESIAN_POINT('',(9.326672691244,-4.269032083584));
#13749 = VECTOR('',#13750,1.);
#13750 = DIRECTION('',(-0.587785252292,-0.809016994375));
#13751 = ( GEOMETRIC_REPRESENTATION_CONTEXT(2)
PARAMETRIC_REPRESENTATION_CONTEXT() REPRESENTATION_CONTEXT('2D SPACE',''
  ) );
#13752 = PCURVE('',#6655,#13753);
#13753 = DEFINITIONAL_REPRESENTATION('',(#13754),#13758);
#13754 = LINE('',#13755,#13756);
#13755 = CARTESIAN_POINT('',(0.,0.));
#13756 = VECTOR('',#13757,1.);
#13757 = DIRECTION('',(1.,0.));
#13758 = ( GEOMETRIC_REPRESENTATION_CONTEXT(2)
PARAMETRIC_REPRESENTATION_CONTEXT() REPRESENTATION_CONTEXT('2D SPACE',''
  ) );
#13759 = ORIENTED_EDGE('',*,*,#13760,.T.);
#13760 = EDGE_CURVE('',#13738,#13761,#13763,.T.);
#13761 = VERTEX_POINT('',#13762);
#13762 = CARTESIAN_POINT('',(26.639620713379,7.527719321537,37.5));
#13763 = SURFACE_CURVE('',#13764,(#13768,#13775),.PCURVE_S1.);
#13764 = LINE('',#13765,#13766);
#13765 = CARTESIAN_POINT('',(26.134879021924,6.926191597414,37.5));
#13766 = VECTOR('',#13767,1.);
#13767 = DIRECTION('',(0.642787609687,0.766044443119,-7.136376042178E-17
    ));
#13768 = PCURVE('',#10872,#13769);
#13769 = DEFINITIONAL_REPRESENTATION('',(#13770),#13774);
#13770 = LINE('',#13771,#13772);
#13771 = CARTESIAN_POINT('',(8.865120978076,-4.904303516952));
#13772 = VECTOR('',#13773,1.);
#13773 = DIRECTION('',(-0.642787609687,-0.766044443119));
#13774 = ( GEOMETRIC_REPRESENTATION_CONTEXT(2)
PARAMETRIC_REPRESENTATION_CONTEXT() REPRESENTATION_CONTEXT('2D SPACE',''
  ) );
#13775 = PCURVE('',#6627,#13776);
#13776 = DEFINITIONAL_REPRESENTATION('',(#13777),#13781);
#13777 = LINE('',#13778,#13779);
#13778 = CARTESIAN_POINT('',(0.,0.));
#13779 = VECTOR('',#13780,1.);
#13780 = DIRECTION('',(1.,0.));
#13781 = ( GEOMETRIC_REPRESENTATION_CONTEXT(2)
PARAMETRIC_REPRESENTATION_CONTEXT() REPRESENTATION_CONTEXT('2D SPACE',''
  ) );
#13782 = ORIENTED_EDGE('',*,*,#13783,.T.);
#13783 = EDGE_CURVE('',#13761,#13784,#13786,.T.);
#13784 = VERTEX_POINT('',#13785);
#13785 = CARTESIAN_POINT('',(27.185093332336,8.09257275381,37.5));
#13786 = SURFACE_CURVE('',#13787,(#13791,#13798),.PCURVE_S1.);
#13787 = LINE('',#13788,#13789);
#13788 = CARTESIAN_POINT('',(26.639620713379,7.527719321537,37.5));
#13789 = VECTOR('',#13790,1.);
#13790 = DIRECTION('',(0.694658370459,0.719339800339,-7.712257171322E-17
    ));
#13791 = PCURVE('',#10872,#13792);
#13792 = DEFINITIONAL_REPRESENTATION('',(#13793),#13797);
#13793 = LINE('',#13794,#13795);
#13794 = CARTESIAN_POINT('',(8.360379286621,-5.505831241075));
#13795 = VECTOR('',#13796,1.);
#13796 = DIRECTION('',(-0.694658370459,-0.719339800339));
#13797 = ( GEOMETRIC_REPRESENTATION_CONTEXT(2)
PARAMETRIC_REPRESENTATION_CONTEXT() REPRESENTATION_CONTEXT('2D SPACE',''
  ) );
#13798 = PCURVE('',#6599,#13799);
#13799 = DEFINITIONAL_REPRESENTATION('',(#13800),#13804);
#13800 = LINE('',#13801,#13802);
#13801 = CARTESIAN_POINT('',(0.,0.));
#13802 = VECTOR('',#13803,1.);
#13803 = DIRECTION('',(1.,0.));
#13804 = ( GEOMETRIC_REPRESENTATION_CONTEXT(2)
PARAMETRIC_REPRESENTATION_CONTEXT() REPRESENTATION_CONTEXT('2D SPACE',''
  ) );
#13805 = ORIENTED_EDGE('',*,*,#13806,.T.);
#13806 = EDGE_CURVE('',#13784,#13807,#13809,.T.);
#13807 = VERTEX_POINT('',#13808);
#13808 = CARTESIAN_POINT('',(27.768639391026,8.617999985089,37.5));
#13809 = SURFACE_CURVE('',#13810,(#13814,#13821),.PCURVE_S1.);
#13810 = LINE('',#13811,#13812);
#13811 = CARTESIAN_POINT('',(27.185093332336,8.09257275381,37.5));
#13812 = VECTOR('',#13813,1.);
#13813 = DIRECTION('',(0.743144825477,0.669130606359,-8.25056495876E-17)
  );
#13814 = PCURVE('',#10872,#13815);
#13815 = DEFINITIONAL_REPRESENTATION('',(#13816),#13820);
#13816 = LINE('',#13817,#13818);
#13817 = CARTESIAN_POINT('',(7.814906667664,-6.070684673348));
#13818 = VECTOR('',#13819,1.);
#13819 = DIRECTION('',(-0.743144825477,-0.669130606359));
#13820 = ( GEOMETRIC_REPRESENTATION_CONTEXT(2)
PARAMETRIC_REPRESENTATION_CONTEXT() REPRESENTATION_CONTEXT('2D SPACE',''
  ) );
#13821 = PCURVE('',#6571,#13822);
#13822 = DEFINITIONAL_REPRESENTATION('',(#13823),#13827);
#13823 = LINE('',#13824,#13825);
#13824 = CARTESIAN_POINT('',(0.,0.));
#13825 = VECTOR('',#13826,1.);
#13826 = DIRECTION('',(1.,0.));
#13827 = ( GEOMETRIC_REPRESENTATION_CONTEXT(2)
PARAMETRIC_REPRESENTATION_CONTEXT() REPRESENTATION_CONTEXT('2D SPACE',''
  ) );
#13828 = ORIENTED_EDGE('',*,*,#13829,.T.);
#13829 = EDGE_CURVE('',#13807,#13830,#13832,.T.);
#13830 = VERTEX_POINT('',#13831);
#13831 = CARTESIAN_POINT('',(28.38741591171,9.101441186718,37.5));
#13832 = SURFACE_CURVE('',#13833,(#13837,#13844),.PCURVE_S1.);
#13833 = LINE('',#13834,#13835);
#13834 = CARTESIAN_POINT('',(27.768639391026,8.617999985089,37.5));
#13835 = VECTOR('',#13836,1.);
#13836 = DIRECTION('',(0.788010753607,0.615661475326,-8.748676823064E-17
    ));
#13837 = PCURVE('',#10872,#13838);
#13838 = DEFINITIONAL_REPRESENTATION('',(#13839),#13843);
#13839 = LINE('',#13840,#13841);
#13840 = CARTESIAN_POINT('',(7.231360608974,-6.596111904626));
#13841 = VECTOR('',#13842,1.);
#13842 = DIRECTION('',(-0.788010753607,-0.615661475326));
#13843 = ( GEOMETRIC_REPRESENTATION_CONTEXT(2)
PARAMETRIC_REPRESENTATION_CONTEXT() REPRESENTATION_CONTEXT('2D SPACE',''
  ) );
#13844 = PCURVE('',#6543,#13845);
#13845 = DEFINITIONAL_REPRESENTATION('',(#13846),#13850);
#13846 = LINE('',#13847,#13848);
#13847 = CARTESIAN_POINT('',(0.,0.));
#13848 = VECTOR('',#13849,1.);
#13849 = DIRECTION('',(1.,0.));
#13850 = ( GEOMETRIC_REPRESENTATION_CONTEXT(2)
PARAMETRIC_REPRESENTATION_CONTEXT() REPRESENTATION_CONTEXT('2D SPACE',''
  ) );
#13851 = ORIENTED_EDGE('',*,*,#13852,.T.);
#13852 = EDGE_CURVE('',#13830,#13853,#13855,.T.);
#13853 = VERTEX_POINT('',#13854);
#13854 = CARTESIAN_POINT('',(29.038408277376,9.54054108176,37.5));
#13855 = SURFACE_CURVE('',#13856,(#13860,#13867),.PCURVE_S1.);
#13856 = LINE('',#13857,#13858);
#13857 = CARTESIAN_POINT('',(28.38741591171,9.101441186718,37.5));
#13858 = VECTOR('',#13859,1.);
#13859 = DIRECTION('',(0.829037572555,0.559192903471,-9.2041660133E-17)
  );
#13860 = PCURVE('',#10872,#13861);
#13861 = DEFINITIONAL_REPRESENTATION('',(#13862),#13866);
#13862 = LINE('',#13863,#13864);
#13863 = CARTESIAN_POINT('',(6.61258408829,-7.079553106256));
#13864 = VECTOR('',#13865,1.);
#13865 = DIRECTION('',(-0.829037572555,-0.559192903471));
#13866 = ( GEOMETRIC_REPRESENTATION_CONTEXT(2)
PARAMETRIC_REPRESENTATION_CONTEXT() REPRESENTATION_CONTEXT('2D SPACE',''
  ) );
#13867 = PCURVE('',#6515,#13868);
#13868 = DEFINITIONAL_REPRESENTATION('',(#13869),#13873);
#13869 = LINE('',#13870,#13871);
#13870 = CARTESIAN_POINT('',(0.,0.));
#13871 = VECTOR('',#13872,1.);
#13872 = DIRECTION('',(1.,0.));
#13873 = ( GEOMETRIC_REPRESENTATION_CONTEXT(2)
PARAMETRIC_REPRESENTATION_CONTEXT() REPRESENTATION_CONTEXT('2D SPACE',''
  ) );
#13874 = ORIENTED_EDGE('',*,*,#13875,.T.);
#13875 = EDGE_CURVE('',#13853,#13876,#13878,.T.);
#13876 = VERTEX_POINT('',#13877);
#13877 = CARTESIAN_POINT('',(29.718444918659,9.933160419663,37.5));
#13878 = SURFACE_CURVE('',#13879,(#13883,#13890),.PCURVE_S1.);
#13879 = LINE('',#13880,#13881);
#13880 = CARTESIAN_POINT('',(29.038408277376,9.54054108176,37.5));
#13881 = VECTOR('',#13882,1.);
#13882 = DIRECTION('',(0.866025403784,0.5,-9.614813431918E-17));
#13883 = PCURVE('',#10872,#13884);
#13884 = DEFINITIONAL_REPRESENTATION('',(#13885),#13889);
#13885 = LINE('',#13886,#13887);
#13886 = CARTESIAN_POINT('',(5.961591722624,-7.518653001298));
#13887 = VECTOR('',#13888,1.);
#13888 = DIRECTION('',(-0.866025403784,-0.5));
#13889 = ( GEOMETRIC_REPRESENTATION_CONTEXT(2)
PARAMETRIC_REPRESENTATION_CONTEXT() REPRESENTATION_CONTEXT('2D SPACE',''
  ) );
#13890 = PCURVE('',#6487,#13891);
#13891 = DEFINITIONAL_REPRESENTATION('',(#13892),#13896);
#13892 = LINE('',#13893,#13894);
#13893 = CARTESIAN_POINT('',(0.,0.));
#13894 = VECTOR('',#13895,1.);
#13895 = DIRECTION('',(1.,0.));
#13896 = ( GEOMETRIC_REPRESENTATION_CONTEXT(2)
PARAMETRIC_REPRESENTATION_CONTEXT() REPRESENTATION_CONTEXT('2D SPACE',''
  ) );
#13897 = ORIENTED_EDGE('',*,*,#13898,.T.);
#13898 = EDGE_CURVE('',#13876,#13899,#13901,.T.);
#13899 = VERTEX_POINT('',#13900);
#13900 = CARTESIAN_POINT('',(30.424212765397,10.277386398479,37.5));
#13901 = SURFACE_CURVE('',#13902,(#13906,#13913),.PCURVE_S1.);
#13902 = LINE('',#13903,#13904);
#13903 = CARTESIAN_POINT('',(29.718444918659,9.933160419663,37.5));
#13904 = VECTOR('',#13905,1.);
#13905 = DIRECTION('',(0.898794046299,0.438371146789,-9.978618445973E-17
    ));
#13906 = PCURVE('',#10872,#13907);
#13907 = DEFINITIONAL_REPRESENTATION('',(#13908),#13912);
#13908 = LINE('',#13909,#13910);
#13909 = CARTESIAN_POINT('',(5.281555081341,-7.911272339201));
#13910 = VECTOR('',#13911,1.);
#13911 = DIRECTION('',(-0.898794046299,-0.438371146789));
#13912 = ( GEOMETRIC_REPRESENTATION_CONTEXT(2)
PARAMETRIC_REPRESENTATION_CONTEXT() REPRESENTATION_CONTEXT('2D SPACE',''
  ) );
#13913 = PCURVE('',#6459,#13914);
#13914 = DEFINITIONAL_REPRESENTATION('',(#13915),#13919);
#13915 = LINE('',#13916,#13917);
#13916 = CARTESIAN_POINT('',(0.,0.));
#13917 = VECTOR('',#13918,1.);
#13918 = DIRECTION('',(1.,0.));
#13919 = ( GEOMETRIC_REPRESENTATION_CONTEXT(2)
PARAMETRIC_REPRESENTATION_CONTEXT() REPRESENTATION_CONTEXT('2D SPACE',''
  ) );
#13920 = ORIENTED_EDGE('',*,*,#13921,.T.);
#13921 = EDGE_CURVE('',#13899,#13922,#13924,.T.);
#13922 = VERTEX_POINT('',#13923);
#13923 = CARTESIAN_POINT('',(31.152273387586,10.571541983841,37.5));
#13924 = SURFACE_CURVE('',#13925,(#13929,#13936),.PCURVE_S1.);
#13925 = LINE('',#13926,#13927);
#13926 = CARTESIAN_POINT('',(30.424212765397,10.277386398479,37.5));
#13927 = VECTOR('',#13928,1.);
#13928 = DIRECTION('',(0.927183854567,0.374606593416,-1.029380863401E-16
    ));
#13929 = PCURVE('',#10872,#13930);
#13930 = DEFINITIONAL_REPRESENTATION('',(#13931),#13935);
#13931 = LINE('',#13932,#13933);
#13932 = CARTESIAN_POINT('',(4.575787234603,-8.255498318017));
#13933 = VECTOR('',#13934,1.);
#13934 = DIRECTION('',(-0.927183854567,-0.374606593416));
#13935 = ( GEOMETRIC_REPRESENTATION_CONTEXT(2)
PARAMETRIC_REPRESENTATION_CONTEXT() REPRESENTATION_CONTEXT('2D SPACE',''
  ) );
#13936 = PCURVE('',#6431,#13937);
#13937 = DEFINITIONAL_REPRESENTATION('',(#13938),#13942);
#13938 = LINE('',#13939,#13940);
#13939 = CARTESIAN_POINT('',(0.,0.));
#13940 = VECTOR('',#13941,1.);
#13941 = DIRECTION('',(1.,0.));
#13942 = ( GEOMETRIC_REPRESENTATION_CONTEXT(2)
PARAMETRIC_REPRESENTATION_CONTEXT() REPRESENTATION_CONTEXT('2D SPACE',''
  ) );
#13943 = ORIENTED_EDGE('',*,*,#13944,.T.);
#13944 = EDGE_CURVE('',#13922,#13945,#13947,.T.);
#13945 = VERTEX_POINT('',#13946);
#13946 = CARTESIAN_POINT('',(31.899079747059,10.814194079306,37.5));
#13947 = SURFACE_CURVE('',#13948,(#13952,#13959),.PCURVE_S1.);
#13948 = LINE('',#13949,#13950);
#13949 = CARTESIAN_POINT('',(31.152273387586,10.571541983841,37.5));
#13950 = VECTOR('',#13951,1.);
#13951 = DIRECTION('',(0.951056516295,0.309016994375,-1.055884842111E-16
    ));
#13952 = PCURVE('',#10872,#13953);
#13953 = DEFINITIONAL_REPRESENTATION('',(#13954),#13958);
#13954 = LINE('',#13955,#13956);
#13955 = CARTESIAN_POINT('',(3.847726612414,-8.549653903379));
#13956 = VECTOR('',#13957,1.);
#13957 = DIRECTION('',(-0.951056516295,-0.309016994375));
#13958 = ( GEOMETRIC_REPRESENTATION_CONTEXT(2)
PARAMETRIC_REPRESENTATION_CONTEXT() REPRESENTATION_CONTEXT('2D SPACE',''
  ) );
#13959 = PCURVE('',#6403,#13960);
#13960 = DEFINITIONAL_REPRESENTATION('',(#13961),#13965);
#13961 = LINE('',#13962,#13963);
#13962 = CARTESIAN_POINT('',(0.,0.));
#13963 = VECTOR('',#13964,1.);
#13964 = DIRECTION('',(1.,0.));
#13965 = ( GEOMETRIC_REPRESENTATION_CONTEXT(2)
PARAMETRIC_REPRESENTATION_CONTEXT() REPRESENTATION_CONTEXT('2D SPACE',''
  ) );
#13966 = ORIENTED_EDGE('',*,*,#13967,.T.);
#13967 = EDGE_CURVE('',#13945,#13968,#13970,.T.);
#13968 = VERTEX_POINT('',#13969);
#13969 = CARTESIAN_POINT('',(32.6609934783,11.004160508255,37.5));
#13970 = SURFACE_CURVE('',#13971,(#13975,#13982),.PCURVE_S1.);
#13971 = LINE('',#13972,#13973);
#13972 = CARTESIAN_POINT('',(31.899079747059,10.814194079306,37.5));
#13973 = VECTOR('',#13974,1.);
#13974 = DIRECTION('',(0.970295726276,0.2419218956,-1.077244656007E-16)
  );
#13975 = PCURVE('',#10872,#13976);
#13976 = DEFINITIONAL_REPRESENTATION('',(#13977),#13981);
#13977 = LINE('',#13978,#13979);
#13978 = CARTESIAN_POINT('',(3.100920252941,-8.792305998844));
#13979 = VECTOR('',#13980,1.);
#13980 = DIRECTION('',(-0.970295726276,-0.2419218956));
#13981 = ( GEOMETRIC_REPRESENTATION_CONTEXT(2)
PARAMETRIC_REPRESENTATION_CONTEXT() REPRESENTATION_CONTEXT('2D SPACE',''
  ) );
#13982 = PCURVE('',#6375,#13983);
#13983 = DEFINITIONAL_REPRESENTATION('',(#13984),#13988);
#13984 = LINE('',#13985,#13986);
#13985 = CARTESIAN_POINT('',(0.,0.));
#13986 = VECTOR('',#13987,1.);
#13987 = DIRECTION('',(1.,0.));
#13988 = ( GEOMETRIC_REPRESENTATION_CONTEXT(2)
PARAMETRIC_REPRESENTATION_CONTEXT() REPRESENTATION_CONTEXT('2D SPACE',''
  ) );
#13989 = ORIENTED_EDGE('',*,*,#13990,.T.);
#13990 = EDGE_CURVE('',#13968,#13991,#13993,.T.);
#13991 = VERTEX_POINT('',#13992);
#13992 = CARTESIAN_POINT('',(33.434302614199,11.140515773343,37.5));
#13993 = SURFACE_CURVE('',#13994,(#13998,#14005),.PCURVE_S1.);
#13994 = LINE('',#13995,#13996);
#13995 = CARTESIAN_POINT('',(32.6609934783,11.004160508255,37.5));
#13996 = VECTOR('',#13997,1.);
#13997 = DIRECTION('',(0.984807753012,0.173648177667,-1.093356242224E-16
    ));
#13998 = PCURVE('',#10872,#13999);
#13999 = DEFINITIONAL_REPRESENTATION('',(#14000),#14004);
#14000 = LINE('',#14001,#14002);
#14001 = CARTESIAN_POINT('',(2.3390065217,-8.982272427793));
#14002 = VECTOR('',#14003,1.);
#14003 = DIRECTION('',(-0.984807753012,-0.173648177667));
#14004 = ( GEOMETRIC_REPRESENTATION_CONTEXT(2)
PARAMETRIC_REPRESENTATION_CONTEXT() REPRESENTATION_CONTEXT('2D SPACE',''
  ) );
#14005 = PCURVE('',#6347,#14006);
#14006 = DEFINITIONAL_REPRESENTATION('',(#14007),#14011);
#14007 = LINE('',#14008,#14009);
#14008 = CARTESIAN_POINT('',(0.,0.));
#14009 = VECTOR('',#14010,1.);
#14010 = DIRECTION('',(1.,0.));
#14011 = ( GEOMETRIC_REPRESENTATION_CONTEXT(2)
PARAMETRIC_REPRESENTATION_CONTEXT() REPRESENTATION_CONTEXT('2D SPACE',''
  ) );
#14012 = ORIENTED_EDGE('',*,*,#14013,.T.);
#14013 = EDGE_CURVE('',#13991,#14014,#14016,.T.);
#14014 = VERTEX_POINT('',#14015);
#14015 = CARTESIAN_POINT('',(34.215239670379,11.222595565423,37.5));
#14016 = SURFACE_CURVE('',#14017,(#14021,#14028),.PCURVE_S1.);
#14017 = LINE('',#14018,#14019);
#14018 = CARTESIAN_POINT('',(33.434302614199,11.140515773343,37.5));
#14019 = VECTOR('',#14020,1.);
#14020 = DIRECTION('',(0.994521895368,0.104528463268,-1.104141106732E-16
    ));
#14021 = PCURVE('',#10872,#14022);
#14022 = DEFINITIONAL_REPRESENTATION('',(#14023),#14027);
#14023 = LINE('',#14024,#14025);
#14024 = CARTESIAN_POINT('',(1.565697385801,-9.118627692881));
#14025 = VECTOR('',#14026,1.);
#14026 = DIRECTION('',(-0.994521895368,-0.104528463268));
#14027 = ( GEOMETRIC_REPRESENTATION_CONTEXT(2)
PARAMETRIC_REPRESENTATION_CONTEXT() REPRESENTATION_CONTEXT('2D SPACE',''
  ) );
#14028 = PCURVE('',#6319,#14029);
#14029 = DEFINITIONAL_REPRESENTATION('',(#14030),#14034);
#14030 = LINE('',#14031,#14032);
#14031 = CARTESIAN_POINT('',(0.,0.));
#14032 = VECTOR('',#14033,1.);
#14033 = DIRECTION('',(1.,0.));
#14034 = ( GEOMETRIC_REPRESENTATION_CONTEXT(2)
PARAMETRIC_REPRESENTATION_CONTEXT() REPRESENTATION_CONTEXT('2D SPACE',''
  ) );
#14035 = ORIENTED_EDGE('',*,*,#14036,.T.);
#14036 = EDGE_CURVE('',#14014,#14037,#14039,.T.);
#14037 = VERTEX_POINT('',#14038);
#14038 = CARTESIAN_POINT('',(35.,11.25,37.5));
#14039 = SURFACE_CURVE('',#14040,(#14044,#14051),.PCURVE_S1.);
#14040 = LINE('',#14041,#14042);
#14041 = CARTESIAN_POINT('',(34.215239670379,11.222595565423,37.5));
#14042 = VECTOR('',#14043,1.);
#14043 = DIRECTION('',(0.999390827019,3.48994967025E-02,
    -1.109546706756E-16));
#14044 = PCURVE('',#10872,#14045);
#14045 = DEFINITIONAL_REPRESENTATION('',(#14046),#14050);
#14046 = LINE('',#14047,#14048);
#14047 = CARTESIAN_POINT('',(0.784760329621,-9.200707484961));
#14048 = VECTOR('',#14049,1.);
#14049 = DIRECTION('',(-0.999390827019,-3.48994967025E-02));
#14050 = ( GEOMETRIC_REPRESENTATION_CONTEXT(2)
PARAMETRIC_REPRESENTATION_CONTEXT() REPRESENTATION_CONTEXT('2D SPACE',''
  ) );
#14051 = PCURVE('',#6291,#14052);
#14052 = DEFINITIONAL_REPRESENTATION('',(#14053),#14057);
#14053 = LINE('',#14054,#14055);
#14054 = CARTESIAN_POINT('',(0.,0.));
#14055 = VECTOR('',#14056,1.);
#14056 = DIRECTION('',(1.,0.));
#14057 = ( GEOMETRIC_REPRESENTATION_CONTEXT(2)
PARAMETRIC_REPRESENTATION_CONTEXT() REPRESENTATION_CONTEXT('2D SPACE',''
  ) );
#14058 = ORIENTED_EDGE('',*,*,#14059,.T.);
#14059 = EDGE_CURVE('',#14037,#14060,#14062,.T.);
#14060 = VERTEX_POINT('',#14061);
#14061 = CARTESIAN_POINT('',(35.784760329621,11.222595565423,37.5));
#14062 = SURFACE_CURVE('',#14063,(#14067,#14074),.PCURVE_S1.);
#14063 = LINE('',#14064,#14065);
#14064 = CARTESIAN_POINT('',(35.,11.25,37.5));
#14065 = VECTOR('',#14066,1.);
#14066 = DIRECTION('',(0.999390827019,-3.48994967025E-02,
    -1.109546706756E-16));
#14067 = PCURVE('',#10872,#14068);
#14068 = DEFINITIONAL_REPRESENTATION('',(#14069),#14073);
#14069 = LINE('',#14070,#14071);
#14070 = CARTESIAN_POINT('',(0.,-9.228111919538));
#14071 = VECTOR('',#14072,1.);
#14072 = DIRECTION('',(-0.999390827019,3.48994967025E-02));
#14073 = ( GEOMETRIC_REPRESENTATION_CONTEXT(2)
PARAMETRIC_REPRESENTATION_CONTEXT() REPRESENTATION_CONTEXT('2D SPACE',''
  ) );
#14074 = PCURVE('',#6263,#14075);
#14075 = DEFINITIONAL_REPRESENTATION('',(#14076),#14080);
#14076 = LINE('',#14077,#14078);
#14077 = CARTESIAN_POINT('',(0.,0.));
#14078 = VECTOR('',#14079,1.);
#14079 = DIRECTION('',(1.,0.));
#14080 = ( GEOMETRIC_REPRESENTATION_CONTEXT(2)
PARAMETRIC_REPRESENTATION_CONTEXT() REPRESENTATION_CONTEXT('2D SPACE',''
  ) );
#14081 = ORIENTED_EDGE('',*,*,#14082,.T.);
#14082 = EDGE_CURVE('',#14060,#14083,#14085,.T.);
#14083 = VERTEX_POINT('',#14084);
#14084 = CARTESIAN_POINT('',(36.565697385801,11.140515773343,37.5));
#14085 = SURFACE_CURVE('',#14086,(#14090,#14097),.PCURVE_S1.);
#14086 = LINE('',#14087,#14088);
#14087 = CARTESIAN_POINT('',(35.784760329621,11.222595565423,37.5));
#14088 = VECTOR('',#14089,1.);
#14089 = DIRECTION('',(0.994521895368,-0.104528463268,
    -1.104141106732E-16));
#14090 = PCURVE('',#10872,#14091);
#14091 = DEFINITIONAL_REPRESENTATION('',(#14092),#14096);
#14092 = LINE('',#14093,#14094);
#14093 = CARTESIAN_POINT('',(-0.784760329621,-9.200707484961));
#14094 = VECTOR('',#14095,1.);
#14095 = DIRECTION('',(-0.994521895368,0.104528463268));
#14096 = ( GEOMETRIC_REPRESENTATION_CONTEXT(2)
PARAMETRIC_REPRESENTATION_CONTEXT() REPRESENTATION_CONTEXT('2D SPACE',''
  ) );
#14097 = PCURVE('',#6235,#14098);
#14098 = DEFINITIONAL_REPRESENTATION('',(#14099),#14103);
#14099 = LINE('',#14100,#14101);
#14100 = CARTESIAN_POINT('',(0.,0.));
#14101 = VECTOR('',#14102,1.);
#14102 = DIRECTION('',(1.,0.));
#14103 = ( GEOMETRIC_REPRESENTATION_CONTEXT(2)
PARAMETRIC_REPRESENTATION_CONTEXT() REPRESENTATION_CONTEXT('2D SPACE',''
  ) );
#14104 = ORIENTED_EDGE('',*,*,#14105,.T.);
#14105 = EDGE_CURVE('',#14083,#14106,#14108,.T.);
#14106 = VERTEX_POINT('',#14107);
#14107 = CARTESIAN_POINT('',(37.3390065217,11.004160508255,37.5));
#14108 = SURFACE_CURVE('',#14109,(#14113,#14120),.PCURVE_S1.);
#14109 = LINE('',#14110,#14111);
#14110 = CARTESIAN_POINT('',(36.565697385801,11.140515773343,37.5));
#14111 = VECTOR('',#14112,1.);
#14112 = DIRECTION('',(0.984807753012,-0.173648177667,
    -1.093356242224E-16));
#14113 = PCURVE('',#10872,#14114);
#14114 = DEFINITIONAL_REPRESENTATION('',(#14115),#14119);
#14115 = LINE('',#14116,#14117);
#14116 = CARTESIAN_POINT('',(-1.565697385801,-9.118627692881));
#14117 = VECTOR('',#14118,1.);
#14118 = DIRECTION('',(-0.984807753012,0.173648177667));
#14119 = ( GEOMETRIC_REPRESENTATION_CONTEXT(2)
PARAMETRIC_REPRESENTATION_CONTEXT() REPRESENTATION_CONTEXT('2D SPACE',''
  ) );
#14120 = PCURVE('',#6207,#14121);
#14121 = DEFINITIONAL_REPRESENTATION('',(#14122),#14126);
#14122 = LINE('',#14123,#14124);
#14123 = CARTESIAN_POINT('',(0.,0.));
#14124 = VECTOR('',#14125,1.);
#14125 = DIRECTION('',(1.,0.));
#14126 = ( GEOMETRIC_REPRESENTATION_CONTEXT(2)
PARAMETRIC_REPRESENTATION_CONTEXT() REPRESENTATION_CONTEXT('2D SPACE',''
  ) );
#14127 = ORIENTED_EDGE('',*,*,#14128,.T.);
#14128 = EDGE_CURVE('',#14106,#14129,#14131,.T.);
#14129 = VERTEX_POINT('',#14130);
#14130 = CARTESIAN_POINT('',(38.100920252941,10.814194079306,37.5));
#14131 = SURFACE_CURVE('',#14132,(#14136,#14143),.PCURVE_S1.);
#14132 = LINE('',#14133,#14134);
#14133 = CARTESIAN_POINT('',(37.3390065217,11.004160508255,37.5));
#14134 = VECTOR('',#14135,1.);
#14135 = DIRECTION('',(0.970295726276,-0.2419218956,-1.077244656007E-16)
  );
#14136 = PCURVE('',#10872,#14137);
#14137 = DEFINITIONAL_REPRESENTATION('',(#14138),#14142);
#14138 = LINE('',#14139,#14140);
#14139 = CARTESIAN_POINT('',(-2.3390065217,-8.982272427793));
#14140 = VECTOR('',#14141,1.);
#14141 = DIRECTION('',(-0.970295726276,0.2419218956));
#14142 = ( GEOMETRIC_REPRESENTATION_CONTEXT(2)
PARAMETRIC_REPRESENTATION_CONTEXT() REPRESENTATION_CONTEXT('2D SPACE',''
  ) );
#14143 = PCURVE('',#6179,#14144);
#14144 = DEFINITIONAL_REPRESENTATION('',(#14145),#14149);
#14145 = LINE('',#14146,#14147);
#14146 = CARTESIAN_POINT('',(0.,0.));
#14147 = VECTOR('',#14148,1.);
#14148 = DIRECTION('',(1.,0.));
#14149 = ( GEOMETRIC_REPRESENTATION_CONTEXT(2)
PARAMETRIC_REPRESENTATION_CONTEXT() REPRESENTATION_CONTEXT('2D SPACE',''
  ) );
#14150 = ORIENTED_EDGE('',*,*,#14151,.T.);
#14151 = EDGE_CURVE('',#14129,#14152,#14154,.T.);
#14152 = VERTEX_POINT('',#14153);
#14153 = CARTESIAN_POINT('',(38.847726612414,10.571541983841,37.5));
#14154 = SURFACE_CURVE('',#14155,(#14159,#14166),.PCURVE_S1.);
#14155 = LINE('',#14156,#14157);
#14156 = CARTESIAN_POINT('',(38.100920252941,10.814194079306,37.5));
#14157 = VECTOR('',#14158,1.);
#14158 = DIRECTION('',(0.951056516295,-0.309016994375,
    -1.055884842111E-16));
#14159 = PCURVE('',#10872,#14160);
#14160 = DEFINITIONAL_REPRESENTATION('',(#14161),#14165);
#14161 = LINE('',#14162,#14163);
#14162 = CARTESIAN_POINT('',(-3.100920252941,-8.792305998844));
#14163 = VECTOR('',#14164,1.);
#14164 = DIRECTION('',(-0.951056516295,0.309016994375));
#14165 = ( GEOMETRIC_REPRESENTATION_CONTEXT(2)
PARAMETRIC_REPRESENTATION_CONTEXT() REPRESENTATION_CONTEXT('2D SPACE',''
  ) );
#14166 = PCURVE('',#6151,#14167);
#14167 = DEFINITIONAL_REPRESENTATION('',(#14168),#14172);
#14168 = LINE('',#14169,#14170);
#14169 = CARTESIAN_POINT('',(0.,0.));
#14170 = VECTOR('',#14171,1.);
#14171 = DIRECTION('',(1.,0.));
#14172 = ( GEOMETRIC_REPRESENTATION_CONTEXT(2)
PARAMETRIC_REPRESENTATION_CONTEXT() REPRESENTATION_CONTEXT('2D SPACE',''
  ) );
#14173 = ORIENTED_EDGE('',*,*,#14174,.T.);
#14174 = EDGE_CURVE('',#14152,#14175,#14177,.T.);
#14175 = VERTEX_POINT('',#14176);
#14176 = CARTESIAN_POINT('',(39.575787234603,10.277386398479,37.5));
#14177 = SURFACE_CURVE('',#14178,(#14182,#14189),.PCURVE_S1.);
#14178 = LINE('',#14179,#14180);
#14179 = CARTESIAN_POINT('',(38.847726612414,10.571541983841,37.5));
#14180 = VECTOR('',#14181,1.);
#14181 = DIRECTION('',(0.927183854567,-0.374606593416,
    -1.029380863401E-16));
#14182 = PCURVE('',#10872,#14183);
#14183 = DEFINITIONAL_REPRESENTATION('',(#14184),#14188);
#14184 = LINE('',#14185,#14186);
#14185 = CARTESIAN_POINT('',(-3.847726612414,-8.549653903379));
#14186 = VECTOR('',#14187,1.);
#14187 = DIRECTION('',(-0.927183854567,0.374606593416));
#14188 = ( GEOMETRIC_REPRESENTATION_CONTEXT(2)
PARAMETRIC_REPRESENTATION_CONTEXT() REPRESENTATION_CONTEXT('2D SPACE',''
  ) );
#14189 = PCURVE('',#6123,#14190);
#14190 = DEFINITIONAL_REPRESENTATION('',(#14191),#14195);
#14191 = LINE('',#14192,#14193);
#14192 = CARTESIAN_POINT('',(0.,0.));
#14193 = VECTOR('',#14194,1.);
#14194 = DIRECTION('',(1.,0.));
#14195 = ( GEOMETRIC_REPRESENTATION_CONTEXT(2)
PARAMETRIC_REPRESENTATION_CONTEXT() REPRESENTATION_CONTEXT('2D SPACE',''
  ) );
#14196 = ORIENTED_EDGE('',*,*,#14197,.T.);
#14197 = EDGE_CURVE('',#14175,#14198,#14200,.T.);
#14198 = VERTEX_POINT('',#14199);
#14199 = CARTESIAN_POINT('',(40.281555081341,9.933160419663,37.5));
#14200 = SURFACE_CURVE('',#14201,(#14205,#14212),.PCURVE_S1.);
#14201 = LINE('',#14202,#14203);
#14202 = CARTESIAN_POINT('',(39.575787234603,10.277386398479,37.5));
#14203 = VECTOR('',#14204,1.);
#14204 = DIRECTION('',(0.898794046299,-0.438371146789,
    -9.978618445973E-17));
#14205 = PCURVE('',#10872,#14206);
#14206 = DEFINITIONAL_REPRESENTATION('',(#14207),#14211);
#14207 = LINE('',#14208,#14209);
#14208 = CARTESIAN_POINT('',(-4.575787234603,-8.255498318017));
#14209 = VECTOR('',#14210,1.);
#14210 = DIRECTION('',(-0.898794046299,0.438371146789));
#14211 = ( GEOMETRIC_REPRESENTATION_CONTEXT(2)
PARAMETRIC_REPRESENTATION_CONTEXT() REPRESENTATION_CONTEXT('2D SPACE',''
  ) );
#14212 = PCURVE('',#6095,#14213);
#14213 = DEFINITIONAL_REPRESENTATION('',(#14214),#14218);
#14214 = LINE('',#14215,#14216);
#14215 = CARTESIAN_POINT('',(0.,0.));
#14216 = VECTOR('',#14217,1.);
#14217 = DIRECTION('',(1.,0.));
#14218 = ( GEOMETRIC_REPRESENTATION_CONTEXT(2)
PARAMETRIC_REPRESENTATION_CONTEXT() REPRESENTATION_CONTEXT('2D SPACE',''
  ) );
#14219 = ORIENTED_EDGE('',*,*,#14220,.T.);
#14220 = EDGE_CURVE('',#14198,#14221,#14223,.T.);
#14221 = VERTEX_POINT('',#14222);
#14222 = CARTESIAN_POINT('',(40.961591722624,9.54054108176,37.5));
#14223 = SURFACE_CURVE('',#14224,(#14228,#14235),.PCURVE_S1.);
#14224 = LINE('',#14225,#14226);
#14225 = CARTESIAN_POINT('',(40.281555081341,9.933160419663,37.5));
#14226 = VECTOR('',#14227,1.);
#14227 = DIRECTION('',(0.866025403784,-0.5,-9.614813431918E-17));
#14228 = PCURVE('',#10872,#14229);
#14229 = DEFINITIONAL_REPRESENTATION('',(#14230),#14234);
#14230 = LINE('',#14231,#14232);
#14231 = CARTESIAN_POINT('',(-5.281555081341,-7.911272339201));
#14232 = VECTOR('',#14233,1.);
#14233 = DIRECTION('',(-0.866025403784,0.5));
#14234 = ( GEOMETRIC_REPRESENTATION_CONTEXT(2)
PARAMETRIC_REPRESENTATION_CONTEXT() REPRESENTATION_CONTEXT('2D SPACE',''
  ) );
#14235 = PCURVE('',#6067,#14236);
#14236 = DEFINITIONAL_REPRESENTATION('',(#14237),#14241);
#14237 = LINE('',#14238,#14239);
#14238 = CARTESIAN_POINT('',(0.,0.));
#14239 = VECTOR('',#14240,1.);
#14240 = DIRECTION('',(1.,0.));
#14241 = ( GEOMETRIC_REPRESENTATION_CONTEXT(2)
PARAMETRIC_REPRESENTATION_CONTEXT() REPRESENTATION_CONTEXT('2D SPACE',''
  ) );
#14242 = ORIENTED_EDGE('',*,*,#14243,.T.);
#14243 = EDGE_CURVE('',#14221,#14244,#14246,.T.);
#14244 = VERTEX_POINT('',#14245);
#14245 = CARTESIAN_POINT('',(41.61258408829,9.101441186718,37.5));
#14246 = SURFACE_CURVE('',#14247,(#14251,#14258),.PCURVE_S1.);
#14247 = LINE('',#14248,#14249);
#14248 = CARTESIAN_POINT('',(40.961591722624,9.54054108176,37.5));
#14249 = VECTOR('',#14250,1.);
#14250 = DIRECTION('',(0.829037572555,-0.559192903471,-9.2041660133E-17)
  );
#14251 = PCURVE('',#10872,#14252);
#14252 = DEFINITIONAL_REPRESENTATION('',(#14253),#14257);
#14253 = LINE('',#14254,#14255);
#14254 = CARTESIAN_POINT('',(-5.961591722624,-7.518653001298));
#14255 = VECTOR('',#14256,1.);
#14256 = DIRECTION('',(-0.829037572555,0.559192903471));
#14257 = ( GEOMETRIC_REPRESENTATION_CONTEXT(2)
PARAMETRIC_REPRESENTATION_CONTEXT() REPRESENTATION_CONTEXT('2D SPACE',''
  ) );
#14258 = PCURVE('',#6039,#14259);
#14259 = DEFINITIONAL_REPRESENTATION('',(#14260),#14264);
#14260 = LINE('',#14261,#14262);
#14261 = CARTESIAN_POINT('',(0.,0.));
#14262 = VECTOR('',#14263,1.);
#14263 = DIRECTION('',(1.,0.));
#14264 = ( GEOMETRIC_REPRESENTATION_CONTEXT(2)
PARAMETRIC_REPRESENTATION_CONTEXT() REPRESENTATION_CONTEXT('2D SPACE',''
  ) );
#14265 = ORIENTED_EDGE('',*,*,#14266,.T.);
#14266 = EDGE_CURVE('',#14244,#14267,#14269,.T.);
#14267 = VERTEX_POINT('',#14268);
#14268 = CARTESIAN_POINT('',(42.231360608974,8.617999985089,37.5));
#14269 = SURFACE_CURVE('',#14270,(#14274,#14281),.PCURVE_S1.);
#14270 = LINE('',#14271,#14272);
#14271 = CARTESIAN_POINT('',(41.61258408829,9.101441186718,37.5));
#14272 = VECTOR('',#14273,1.);
#14273 = DIRECTION('',(0.788010753607,-0.615661475326,
    -8.748676823064E-17));
#14274 = PCURVE('',#10872,#14275);
#14275 = DEFINITIONAL_REPRESENTATION('',(#14276),#14280);
#14276 = LINE('',#14277,#14278);
#14277 = CARTESIAN_POINT('',(-6.61258408829,-7.079553106256));
#14278 = VECTOR('',#14279,1.);
#14279 = DIRECTION('',(-0.788010753607,0.615661475326));
#14280 = ( GEOMETRIC_REPRESENTATION_CONTEXT(2)
PARAMETRIC_REPRESENTATION_CONTEXT() REPRESENTATION_CONTEXT('2D SPACE',''
  ) );
#14281 = PCURVE('',#6011,#14282);
#14282 = DEFINITIONAL_REPRESENTATION('',(#14283),#14287);
#14283 = LINE('',#14284,#14285);
#14284 = CARTESIAN_POINT('',(0.,0.));
#14285 = VECTOR('',#14286,1.);
#14286 = DIRECTION('',(1.,0.));
#14287 = ( GEOMETRIC_REPRESENTATION_CONTEXT(2)
PARAMETRIC_REPRESENTATION_CONTEXT() REPRESENTATION_CONTEXT('2D SPACE',''
  ) );
#14288 = ORIENTED_EDGE('',*,*,#14289,.T.);
#14289 = EDGE_CURVE('',#14267,#14290,#14292,.T.);
#14290 = VERTEX_POINT('',#14291);
#14291 = CARTESIAN_POINT('',(42.814906667664,8.09257275381,37.5));
#14292 = SURFACE_CURVE('',#14293,(#14297,#14304),.PCURVE_S1.);
#14293 = LINE('',#14294,#14295);
#14294 = CARTESIAN_POINT('',(42.231360608974,8.617999985089,37.5));
#14295 = VECTOR('',#14296,1.);
#14296 = DIRECTION('',(0.743144825477,-0.669130606359,-8.25056495876E-17
    ));
#14297 = PCURVE('',#10872,#14298);
#14298 = DEFINITIONAL_REPRESENTATION('',(#14299),#14303);
#14299 = LINE('',#14300,#14301);
#14300 = CARTESIAN_POINT('',(-7.231360608974,-6.596111904626));
#14301 = VECTOR('',#14302,1.);
#14302 = DIRECTION('',(-0.743144825477,0.669130606359));
#14303 = ( GEOMETRIC_REPRESENTATION_CONTEXT(2)
PARAMETRIC_REPRESENTATION_CONTEXT() REPRESENTATION_CONTEXT('2D SPACE',''
  ) );
#14304 = PCURVE('',#5983,#14305);
#14305 = DEFINITIONAL_REPRESENTATION('',(#14306),#14310);
#14306 = LINE('',#14307,#14308);
#14307 = CARTESIAN_POINT('',(0.,0.));
#14308 = VECTOR('',#14309,1.);
#14309 = DIRECTION('',(1.,0.));
#14310 = ( GEOMETRIC_REPRESENTATION_CONTEXT(2)
PARAMETRIC_REPRESENTATION_CONTEXT() REPRESENTATION_CONTEXT('2D SPACE',''
  ) );
#14311 = ORIENTED_EDGE('',*,*,#14312,.T.);
#14312 = EDGE_CURVE('',#14290,#14313,#14315,.T.);
#14313 = VERTEX_POINT('',#14314);
#14314 = CARTESIAN_POINT('',(43.360379286621,7.527719321537,37.5));
#14315 = SURFACE_CURVE('',#14316,(#14320,#14327),.PCURVE_S1.);
#14316 = LINE('',#14317,#14318);
#14317 = CARTESIAN_POINT('',(42.814906667664,8.09257275381,37.5));
#14318 = VECTOR('',#14319,1.);
#14319 = DIRECTION('',(0.694658370459,-0.719339800339,
    -7.712257171322E-17));
#14320 = PCURVE('',#10872,#14321);
#14321 = DEFINITIONAL_REPRESENTATION('',(#14322),#14326);
#14322 = LINE('',#14323,#14324);
#14323 = CARTESIAN_POINT('',(-7.814906667664,-6.070684673348));
#14324 = VECTOR('',#14325,1.);
#14325 = DIRECTION('',(-0.694658370459,0.719339800339));
#14326 = ( GEOMETRIC_REPRESENTATION_CONTEXT(2)
PARAMETRIC_REPRESENTATION_CONTEXT() REPRESENTATION_CONTEXT('2D SPACE',''
  ) );
#14327 = PCURVE('',#5955,#14328);
#14328 = DEFINITIONAL_REPRESENTATION('',(#14329),#14333);
#14329 = LINE('',#14330,#14331);
#14330 = CARTESIAN_POINT('',(0.,0.));
#14331 = VECTOR('',#14332,1.);
#14332 = DIRECTION('',(1.,0.));
#14333 = ( GEOMETRIC_REPRESENTATION_CONTEXT(2)
PARAMETRIC_REPRESENTATION_CONTEXT() REPRESENTATION_CONTEXT('2D SPACE',''
  ) );
#14334 = ORIENTED_EDGE('',*,*,#14335,.T.);
#14335 = EDGE_CURVE('',#14313,#10933,#14336,.T.);
#14336 = SURFACE_CURVE('',#14337,(#14341,#14348),.PCURVE_S1.);
#14337 = LINE('',#14338,#14339);
#14338 = CARTESIAN_POINT('',(43.360379286621,7.527719321537,37.5));
#14339 = VECTOR('',#14340,1.);
#14340 = DIRECTION('',(0.642787609687,-0.766044443119,
    -7.136376042178E-17));
#14341 = PCURVE('',#10872,#14342);
#14342 = DEFINITIONAL_REPRESENTATION('',(#14343),#14347);
#14343 = LINE('',#14344,#14345);
#14344 = CARTESIAN_POINT('',(-8.360379286621,-5.505831241075));
#14345 = VECTOR('',#14346,1.);
#14346 = DIRECTION('',(-0.642787609687,0.766044443119));
#14347 = ( GEOMETRIC_REPRESENTATION_CONTEXT(2)
PARAMETRIC_REPRESENTATION_CONTEXT() REPRESENTATION_CONTEXT('2D SPACE',''
  ) );
#14348 = PCURVE('',#5927,#14349);
#14349 = DEFINITIONAL_REPRESENTATION('',(#14350),#14354);
#14350 = LINE('',#14351,#14352);
#14351 = CARTESIAN_POINT('',(0.,0.));
#14352 = VECTOR('',#14353,1.);
#14353 = DIRECTION('',(1.,0.));
#14354 = ( GEOMETRIC_REPRESENTATION_CONTEXT(2)
PARAMETRIC_REPRESENTATION_CONTEXT() REPRESENTATION_CONTEXT('2D SPACE',''
  ) );
#14355 = ADVANCED_FACE('',(#14356),#8755,.T.);
#14356 = FACE_BOUND('',#14357,.T.);
#14357 = EDGE_LOOP('',(#14358,#14359,#14360,#14361));
#14358 = ORIENTED_EDGE('',*,*,#12012,.F.);
#14359 = ORIENTED_EDGE('',*,*,#10906,.T.);
#14360 = ORIENTED_EDGE('',*,*,#8739,.F.);
#14361 = ORIENTED_EDGE('',*,*,#14362,.F.);
#14362 = EDGE_CURVE('',#12013,#8712,#14363,.T.);
#14363 = SURFACE_CURVE('',#14364,(#14368,#14375),.PCURVE_S1.);
#14364 = LINE('',#14365,#14366);
#14365 = CARTESIAN_POINT('',(46.78076076642,9.204139056119,37.5));
#14366 = VECTOR('',#14367,1.);
#14367 = DIRECTION('',(1.110223024625E-16,0.,1.));
#14368 = PCURVE('',#8755,#14369);
#14369 = DEFINITIONAL_REPRESENTATION('',(#14370),#14374);
#14370 = LINE('',#14371,#14372);
#14371 = CARTESIAN_POINT('',(1.043494951405,6.809563394021E-17));
#14372 = VECTOR('',#14373,1.);
#14373 = DIRECTION('',(0.,-1.));
#14374 = ( GEOMETRIC_REPRESENTATION_CONTEXT(2)
PARAMETRIC_REPRESENTATION_CONTEXT() REPRESENTATION_CONTEXT('2D SPACE',''
  ) );
#14375 = PCURVE('',#8727,#14376);
#14376 = DEFINITIONAL_REPRESENTATION('',(#14377),#14381);
#14377 = LINE('',#14378,#14379);
#14378 = CARTESIAN_POINT('',(0.,0.));
#14379 = VECTOR('',#14380,1.);
#14380 = DIRECTION('',(0.,-1.));
#14381 = ( GEOMETRIC_REPRESENTATION_CONTEXT(2)
PARAMETRIC_REPRESENTATION_CONTEXT() REPRESENTATION_CONTEXT('2D SPACE',''
  ) );
#14382 = ADVANCED_FACE('',(#14383),#8727,.T.);
#14383 = FACE_BOUND('',#14384,.T.);
#14384 = EDGE_LOOP('',(#14385,#14386,#14387,#14388));
#14385 = ORIENTED_EDGE('',*,*,#12035,.F.);
#14386 = ORIENTED_EDGE('',*,*,#14362,.T.);
#14387 = ORIENTED_EDGE('',*,*,#8711,.F.);
#14388 = ORIENTED_EDGE('',*,*,#14389,.F.);
#14389 = EDGE_CURVE('',#12036,#8684,#14390,.T.);
#14390 = SURFACE_CURVE('',#14391,(#14395,#14402),.PCURVE_S1.);
#14391 = LINE('',#14392,#14393);
#14392 = CARTESIAN_POINT('',(46.110015140887,10.003502565065,37.5));
#14393 = VECTOR('',#14394,1.);
#14394 = DIRECTION('',(1.110223024625E-16,0.,1.));
#14395 = PCURVE('',#8727,#14396);
#14396 = DEFINITIONAL_REPRESENTATION('',(#14397),#14401);
#14397 = LINE('',#14398,#14399);
#14398 = CARTESIAN_POINT('',(1.043494951405,7.446772371338E-17));
#14399 = VECTOR('',#14400,1.);
#14400 = DIRECTION('',(0.,-1.));
#14401 = ( GEOMETRIC_REPRESENTATION_CONTEXT(2)
PARAMETRIC_REPRESENTATION_CONTEXT() REPRESENTATION_CONTEXT('2D SPACE',''
  ) );
#14402 = PCURVE('',#8699,#14403);
#14403 = DEFINITIONAL_REPRESENTATION('',(#14404),#14408);
#14404 = LINE('',#14405,#14406);
#14405 = CARTESIAN_POINT('',(0.,0.));
#14406 = VECTOR('',#14407,1.);
#14407 = DIRECTION('',(0.,-1.));
#14408 = ( GEOMETRIC_REPRESENTATION_CONTEXT(2)
PARAMETRIC_REPRESENTATION_CONTEXT() REPRESENTATION_CONTEXT('2D SPACE',''
  ) );
#14409 = ADVANCED_FACE('',(#14410),#8699,.T.);
#14410 = FACE_BOUND('',#14411,.T.);
#14411 = EDGE_LOOP('',(#14412,#14413,#14414,#14415));
#14412 = ORIENTED_EDGE('',*,*,#12058,.F.);
#14413 = ORIENTED_EDGE('',*,*,#14389,.T.);
#14414 = ORIENTED_EDGE('',*,*,#8683,.F.);
#14415 = ORIENTED_EDGE('',*,*,#14416,.F.);
#14416 = EDGE_CURVE('',#12059,#8656,#14417,.T.);
#14417 = SURFACE_CURVE('',#14418,(#14422,#14429),.PCURVE_S1.);
#14418 = LINE('',#14419,#14420);
#14419 = CARTESIAN_POINT('',(45.385142638362,10.754130015063,37.5));
#14420 = VECTOR('',#14421,1.);
#14421 = DIRECTION('',(1.110223024625E-16,0.,1.));
#14422 = PCURVE('',#8699,#14423);
#14423 = DEFINITIONAL_REPRESENTATION('',(#14424),#14428);
#14424 = LINE('',#14425,#14426);
#14425 = CARTESIAN_POINT('',(1.043494951405,8.047701422209E-17));
#14426 = VECTOR('',#14427,1.);
#14427 = DIRECTION('',(0.,-1.));
#14428 = ( GEOMETRIC_REPRESENTATION_CONTEXT(2)
PARAMETRIC_REPRESENTATION_CONTEXT() REPRESENTATION_CONTEXT('2D SPACE',''
  ) );
#14429 = PCURVE('',#8671,#14430);
#14430 = DEFINITIONAL_REPRESENTATION('',(#14431),#14435);
#14431 = LINE('',#14432,#14433);
#14432 = CARTESIAN_POINT('',(0.,0.));
#14433 = VECTOR('',#14434,1.);
#14434 = DIRECTION('',(0.,-1.));
#14435 = ( GEOMETRIC_REPRESENTATION_CONTEXT(2)
PARAMETRIC_REPRESENTATION_CONTEXT() REPRESENTATION_CONTEXT('2D SPACE',''
  ) );
#14436 = ADVANCED_FACE('',(#14437),#8671,.T.);
#14437 = FACE_BOUND('',#14438,.T.);
#14438 = EDGE_LOOP('',(#14439,#14440,#14441,#14442));
#14439 = ORIENTED_EDGE('',*,*,#12081,.F.);
#14440 = ORIENTED_EDGE('',*,*,#14416,.T.);
#14441 = ORIENTED_EDGE('',*,*,#8655,.F.);
#14442 = ORIENTED_EDGE('',*,*,#14443,.F.);
#14443 = EDGE_CURVE('',#12082,#8628,#14444,.T.);
#14444 = SURFACE_CURVE('',#14445,(#14449,#14456),.PCURVE_S1.);
#14445 = LINE('',#14446,#14447);
#14446 = CARTESIAN_POINT('',(44.609674764814,11.452364424629,37.5));
#14447 = VECTOR('',#14448,1.);
#14448 = DIRECTION('',(1.110223024625E-16,0.,1.));
#14449 = PCURVE('',#8671,#14450);
#14450 = DEFINITIONAL_REPRESENTATION('',(#14451),#14455);
#14451 = LINE('',#14452,#14453);
#14452 = CARTESIAN_POINT('',(1.043494951405,8.609422880704E-17));
#14453 = VECTOR('',#14454,1.);
#14454 = DIRECTION('',(0.,-1.));
#14455 = ( GEOMETRIC_REPRESENTATION_CONTEXT(2)
PARAMETRIC_REPRESENTATION_CONTEXT() REPRESENTATION_CONTEXT('2D SPACE',''
  ) );
#14456 = PCURVE('',#8643,#14457);
#14457 = DEFINITIONAL_REPRESENTATION('',(#14458),#14462);
#14458 = LINE('',#14459,#14460);
#14459 = CARTESIAN_POINT('',(0.,0.));
#14460 = VECTOR('',#14461,1.);
#14461 = DIRECTION('',(0.,-1.));
#14462 = ( GEOMETRIC_REPRESENTATION_CONTEXT(2)
PARAMETRIC_REPRESENTATION_CONTEXT() REPRESENTATION_CONTEXT('2D SPACE',''
  ) );
#14463 = ADVANCED_FACE('',(#14464),#8643,.T.);
#14464 = FACE_BOUND('',#14465,.T.);
#14465 = EDGE_LOOP('',(#14466,#14467,#14468,#14469));
#14466 = ORIENTED_EDGE('',*,*,#12104,.F.);
#14467 = ORIENTED_EDGE('',*,*,#14443,.T.);
#14468 = ORIENTED_EDGE('',*,*,#8627,.F.);
#14469 = ORIENTED_EDGE('',*,*,#14470,.F.);
#14470 = EDGE_CURVE('',#12105,#8600,#14471,.T.);
#14471 = SURFACE_CURVE('',#14472,(#14476,#14483),.PCURVE_S1.);
#14472 = LINE('',#14473,#14474);
#14473 = CARTESIAN_POINT('',(43.787389521772,12.094804065905,37.5));
#14474 = VECTOR('',#14475,1.);
#14475 = DIRECTION('',(1.110223024625E-16,0.,1.));
#14476 = PCURVE('',#8643,#14477);
#14477 = DEFINITIONAL_REPRESENTATION('',(#14478),#14482);
#14478 = LINE('',#14479,#14480);
#14479 = CARTESIAN_POINT('',(1.043494951405,9.129200096339E-17));
#14480 = VECTOR('',#14481,1.);
#14481 = DIRECTION('',(0.,-1.));
#14482 = ( GEOMETRIC_REPRESENTATION_CONTEXT(2)
PARAMETRIC_REPRESENTATION_CONTEXT() REPRESENTATION_CONTEXT('2D SPACE',''
  ) );
#14483 = PCURVE('',#8615,#14484);
#14484 = DEFINITIONAL_REPRESENTATION('',(#14485),#14489);
#14485 = LINE('',#14486,#14487);
#14486 = CARTESIAN_POINT('',(0.,0.));
#14487 = VECTOR('',#14488,1.);
#14488 = DIRECTION('',(0.,-1.));
#14489 = ( GEOMETRIC_REPRESENTATION_CONTEXT(2)
PARAMETRIC_REPRESENTATION_CONTEXT() REPRESENTATION_CONTEXT('2D SPACE',''
  ) );
#14490 = ADVANCED_FACE('',(#14491),#8615,.T.);
#14491 = FACE_BOUND('',#14492,.T.);
#14492 = EDGE_LOOP('',(#14493,#14494,#14495,#14496));
#14493 = ORIENTED_EDGE('',*,*,#12127,.F.);
#14494 = ORIENTED_EDGE('',*,*,#14470,.T.);
#14495 = ORIENTED_EDGE('',*,*,#8599,.F.);
#14496 = ORIENTED_EDGE('',*,*,#14497,.F.);
#14497 = EDGE_CURVE('',#12128,#8572,#14498,.T.);
#14498 = SURFACE_CURVE('',#14499,(#14503,#14510),.PCURVE_S1.);
#14499 = LINE('',#14500,#14501);
#14500 = CARTESIAN_POINT('',(42.922293000286,12.678319037539,37.5));
#14501 = VECTOR('',#14502,1.);
#14502 = DIRECTION('',(1.110223024625E-16,0.,1.));
#14503 = PCURVE('',#8615,#14504);
#14504 = DEFINITIONAL_REPRESENTATION('',(#14505),#14509);
#14505 = LINE('',#14506,#14507);
#14506 = CARTESIAN_POINT('',(1.043494951405,9.60450076677E-17));
#14507 = VECTOR('',#14508,1.);
#14508 = DIRECTION('',(0.,-1.));
#14509 = ( GEOMETRIC_REPRESENTATION_CONTEXT(2)
PARAMETRIC_REPRESENTATION_CONTEXT() REPRESENTATION_CONTEXT('2D SPACE',''
  ) );
#14510 = PCURVE('',#8587,#14511);
#14511 = DEFINITIONAL_REPRESENTATION('',(#14512),#14516);
#14512 = LINE('',#14513,#14514);
#14513 = CARTESIAN_POINT('',(0.,0.));
#14514 = VECTOR('',#14515,1.);
#14515 = DIRECTION('',(0.,-1.));
#14516 = ( GEOMETRIC_REPRESENTATION_CONTEXT(2)
PARAMETRIC_REPRESENTATION_CONTEXT() REPRESENTATION_CONTEXT('2D SPACE',''
  ) );
#14517 = ADVANCED_FACE('',(#14518),#8587,.T.);
#14518 = FACE_BOUND('',#14519,.T.);
#14519 = EDGE_LOOP('',(#14520,#14521,#14522,#14523));
#14520 = ORIENTED_EDGE('',*,*,#12150,.F.);
#14521 = ORIENTED_EDGE('',*,*,#14497,.T.);
#14522 = ORIENTED_EDGE('',*,*,#8571,.F.);
#14523 = ORIENTED_EDGE('',*,*,#14524,.F.);
#14524 = EDGE_CURVE('',#12151,#8544,#14525,.T.);
#14525 = SURFACE_CURVE('',#14526,(#14530,#14537),.PCURVE_S1.);
#14526 = LINE('',#14527,#14528);
#14527 = CARTESIAN_POINT('',(42.018599863649,13.200066513241,37.5));
#14528 = VECTOR('',#14529,1.);
#14529 = DIRECTION('',(1.110223024625E-16,0.,1.));
#14530 = PCURVE('',#8587,#14531);
#14531 = DEFINITIONAL_REPRESENTATION('',(#14532),#14536);
#14532 = LINE('',#14533,#14534);
#14533 = CARTESIAN_POINT('',(1.043494951405,1.003300927491E-16));
#14534 = VECTOR('',#14535,1.);
#14535 = DIRECTION('',(0.,-1.));
#14536 = ( GEOMETRIC_REPRESENTATION_CONTEXT(2)
PARAMETRIC_REPRESENTATION_CONTEXT() REPRESENTATION_CONTEXT('2D SPACE',''
  ) );
#14537 = PCURVE('',#8559,#14538);
#14538 = DEFINITIONAL_REPRESENTATION('',(#14539),#14543);
#14539 = LINE('',#14540,#14541);
#14540 = CARTESIAN_POINT('',(0.,0.));
#14541 = VECTOR('',#14542,1.);
#14542 = DIRECTION('',(0.,-1.));
#14543 = ( GEOMETRIC_REPRESENTATION_CONTEXT(2)
PARAMETRIC_REPRESENTATION_CONTEXT() REPRESENTATION_CONTEXT('2D SPACE',''
  ) );
#14544 = ADVANCED_FACE('',(#14545),#8559,.T.);
#14545 = FACE_BOUND('',#14546,.T.);
#14546 = EDGE_LOOP('',(#14547,#14548,#14549,#14550));
#14547 = ORIENTED_EDGE('',*,*,#12173,.F.);
#14548 = ORIENTED_EDGE('',*,*,#14524,.T.);
#14549 = ORIENTED_EDGE('',*,*,#8543,.F.);
#14550 = ORIENTED_EDGE('',*,*,#14551,.F.);
#14551 = EDGE_CURVE('',#12174,#8516,#14552,.T.);
#14552 = SURFACE_CURVE('',#14553,(#14557,#14564),.PCURVE_S1.);
#14553 = LINE('',#14554,#14555);
#14554 = CARTESIAN_POINT('',(41.080712813983,13.657504591757,37.5));
#14555 = VECTOR('',#14556,1.);
#14556 = DIRECTION('',(1.110223024625E-16,0.,1.));
#14557 = PCURVE('',#8559,#14558);
#14558 = DEFINITIONAL_REPRESENTATION('',(#14559),#14563);
#14559 = LINE('',#14560,#14561);
#14560 = CARTESIAN_POINT('',(1.043494951405,1.041263797037E-16));
#14561 = VECTOR('',#14562,1.);
#14562 = DIRECTION('',(0.,-1.));
#14563 = ( GEOMETRIC_REPRESENTATION_CONTEXT(2)
PARAMETRIC_REPRESENTATION_CONTEXT() REPRESENTATION_CONTEXT('2D SPACE',''
  ) );
#14564 = PCURVE('',#8531,#14565);
#14565 = DEFINITIONAL_REPRESENTATION('',(#14566),#14570);
#14566 = LINE('',#14567,#14568);
#14567 = CARTESIAN_POINT('',(0.,0.));
#14568 = VECTOR('',#14569,1.);
#14569 = DIRECTION('',(0.,-1.));
#14570 = ( GEOMETRIC_REPRESENTATION_CONTEXT(2)
PARAMETRIC_REPRESENTATION_CONTEXT() REPRESENTATION_CONTEXT('2D SPACE',''
  ) );
#14571 = ADVANCED_FACE('',(#14572),#8531,.T.);
#14572 = FACE_BOUND('',#14573,.T.);
#14573 = EDGE_LOOP('',(#14574,#14575,#14576,#14577));
#14574 = ORIENTED_EDGE('',*,*,#12196,.F.);
#14575 = ORIENTED_EDGE('',*,*,#14551,.T.);
#14576 = ORIENTED_EDGE('',*,*,#8515,.F.);
#14577 = ORIENTED_EDGE('',*,*,#14578,.F.);
#14578 = EDGE_CURVE('',#12197,#8488,#14579,.T.);
#14579 = SURFACE_CURVE('',#14580,(#14584,#14591),.PCURVE_S1.);
#14580 = LINE('',#14581,#14582);
#14581 = CARTESIAN_POINT('',(40.113201142719,14.048404680749,37.5));
#14582 = VECTOR('',#14583,1.);
#14583 = DIRECTION('',(1.110223024625E-16,0.,1.));
#14584 = PCURVE('',#8531,#14585);
#14585 = DEFINITIONAL_REPRESENTATION('',(#14586),#14590);
#14586 = LINE('',#14587,#14588);
#14587 = CARTESIAN_POINT('',(1.043494951405,1.074153734031E-16));
#14588 = VECTOR('',#14589,1.);
#14589 = DIRECTION('',(0.,-1.));
#14590 = ( GEOMETRIC_REPRESENTATION_CONTEXT(2)
PARAMETRIC_REPRESENTATION_CONTEXT() REPRESENTATION_CONTEXT('2D SPACE',''
  ) );
#14591 = PCURVE('',#8503,#14592);
#14592 = DEFINITIONAL_REPRESENTATION('',(#14593),#14597);
#14593 = LINE('',#14594,#14595);
#14594 = CARTESIAN_POINT('',(0.,0.));
#14595 = VECTOR('',#14596,1.);
#14596 = DIRECTION('',(0.,-1.));
#14597 = ( GEOMETRIC_REPRESENTATION_CONTEXT(2)
PARAMETRIC_REPRESENTATION_CONTEXT() REPRESENTATION_CONTEXT('2D SPACE',''
  ) );
#14598 = ADVANCED_FACE('',(#14599),#8503,.T.);
#14599 = FACE_BOUND('',#14600,.T.);
#14600 = EDGE_LOOP('',(#14601,#14602,#14603,#14604));
#14601 = ORIENTED_EDGE('',*,*,#12219,.F.);
#14602 = ORIENTED_EDGE('',*,*,#14578,.T.);
#14603 = ORIENTED_EDGE('',*,*,#8487,.F.);
#14604 = ORIENTED_EDGE('',*,*,#14605,.F.);
#14605 = EDGE_CURVE('',#12220,#8460,#14606,.T.);
#14606 = SURFACE_CURVE('',#14607,(#14611,#14618),.PCURVE_S1.);
#14607 = LINE('',#14608,#14609);
#14608 = CARTESIAN_POINT('',(39.120778469464,14.370862354278,37.5));
#14609 = VECTOR('',#14610,1.);
#14610 = DIRECTION('',(1.110223024625E-16,0.,1.));
#14611 = PCURVE('',#8503,#14612);
#14612 = DEFINITIONAL_REPRESENTATION('',(#14613),#14617);
#14613 = LINE('',#14614,#14615);
#14614 = CARTESIAN_POINT('',(1.043494951405,1.101810502007E-16));
#14615 = VECTOR('',#14616,1.);
#14616 = DIRECTION('',(0.,-1.));
#14617 = ( GEOMETRIC_REPRESENTATION_CONTEXT(2)
PARAMETRIC_REPRESENTATION_CONTEXT() REPRESENTATION_CONTEXT('2D SPACE',''
  ) );
#14618 = PCURVE('',#8475,#14619);
#14619 = DEFINITIONAL_REPRESENTATION('',(#14620),#14624);
#14620 = LINE('',#14621,#14622);
#14621 = CARTESIAN_POINT('',(0.,0.));
#14622 = VECTOR('',#14623,1.);
#14623 = DIRECTION('',(0.,-1.));
#14624 = ( GEOMETRIC_REPRESENTATION_CONTEXT(2)
PARAMETRIC_REPRESENTATION_CONTEXT() REPRESENTATION_CONTEXT('2D SPACE',''
  ) );
#14625 = ADVANCED_FACE('',(#14626),#8475,.T.);
#14626 = FACE_BOUND('',#14627,.T.);
#14627 = EDGE_LOOP('',(#14628,#14629,#14630,#14631));
#14628 = ORIENTED_EDGE('',*,*,#12242,.F.);
#14629 = ORIENTED_EDGE('',*,*,#14605,.T.);
#14630 = ORIENTED_EDGE('',*,*,#8459,.F.);
#14631 = ORIENTED_EDGE('',*,*,#14632,.F.);
#14632 = EDGE_CURVE('',#12243,#8432,#14633,.T.);
#14633 = SURFACE_CURVE('',#14634,(#14638,#14645),.PCURVE_S1.);
#14634 = LINE('',#14635,#14636);
#14635 = CARTESIAN_POINT('',(38.108279777725,14.62330663097,37.5));
#14636 = VECTOR('',#14637,1.);
#14637 = DIRECTION('',(1.110223024625E-16,0.,1.));
#14638 = PCURVE('',#8475,#14639);
#14639 = DEFINITIONAL_REPRESENTATION('',(#14640),#14644);
#14640 = LINE('',#14641,#14642);
#14641 = CARTESIAN_POINT('',(1.043494951405,1.124099359971E-16));
#14642 = VECTOR('',#14643,1.);
#14643 = DIRECTION('',(0.,-1.));
#14644 = ( GEOMETRIC_REPRESENTATION_CONTEXT(2)
PARAMETRIC_REPRESENTATION_CONTEXT() REPRESENTATION_CONTEXT('2D SPACE',''
  ) );
#14645 = PCURVE('',#8447,#14646);
#14646 = DEFINITIONAL_REPRESENTATION('',(#14647),#14651);
#14647 = LINE('',#14648,#14649);
#14648 = CARTESIAN_POINT('',(0.,0.));
#14649 = VECTOR('',#14650,1.);
#14650 = DIRECTION('',(0.,-1.));
#14651 = ( GEOMETRIC_REPRESENTATION_CONTEXT(2)
PARAMETRIC_REPRESENTATION_CONTEXT() REPRESENTATION_CONTEXT('2D SPACE',''
  ) );
#14652 = ADVANCED_FACE('',(#14653),#8447,.T.);
#14653 = FACE_BOUND('',#14654,.T.);
#14654 = EDGE_LOOP('',(#14655,#14656,#14657,#14658));
#14655 = ORIENTED_EDGE('',*,*,#12265,.F.);
#14656 = ORIENTED_EDGE('',*,*,#14632,.T.);
#14657 = ORIENTED_EDGE('',*,*,#8431,.F.);
#14658 = ORIENTED_EDGE('',*,*,#14659,.F.);
#14659 = EDGE_CURVE('',#12266,#8404,#14660,.T.);
#14660 = SURFACE_CURVE('',#14661,(#14665,#14672),.PCURVE_S1.);
#14661 = LINE('',#14662,#14663);
#14662 = CARTESIAN_POINT('',(37.080637859353,14.804507627686,37.5));
#14663 = VECTOR('',#14664,1.);
#14664 = DIRECTION('',(1.110223024625E-16,0.,1.));
#14665 = PCURVE('',#8447,#14666);
#14666 = DEFINITIONAL_REPRESENTATION('',(#14667),#14671);
#14667 = LINE('',#14668,#14669);
#14668 = CARTESIAN_POINT('',(1.043494951405,1.140911718847E-16));
#14669 = VECTOR('',#14670,1.);
#14670 = DIRECTION('',(0.,-1.));
#14671 = ( GEOMETRIC_REPRESENTATION_CONTEXT(2)
PARAMETRIC_REPRESENTATION_CONTEXT() REPRESENTATION_CONTEXT('2D SPACE',''
  ) );
#14672 = PCURVE('',#8419,#14673);
#14673 = DEFINITIONAL_REPRESENTATION('',(#14674),#14678);
#14674 = LINE('',#14675,#14676);
#14675 = CARTESIAN_POINT('',(0.,0.));
#14676 = VECTOR('',#14677,1.);
#14677 = DIRECTION('',(0.,-1.));
#14678 = ( GEOMETRIC_REPRESENTATION_CONTEXT(2)
PARAMETRIC_REPRESENTATION_CONTEXT() REPRESENTATION_CONTEXT('2D SPACE',''
  ) );
#14679 = ADVANCED_FACE('',(#14680),#8419,.T.);
#14680 = FACE_BOUND('',#14681,.T.);
#14681 = EDGE_LOOP('',(#14682,#14683,#14684,#14685));
#14682 = ORIENTED_EDGE('',*,*,#12288,.F.);
#14683 = ORIENTED_EDGE('',*,*,#14659,.T.);
#14684 = ORIENTED_EDGE('',*,*,#8403,.F.);
#14685 = ORIENTED_EDGE('',*,*,#14686,.F.);
#14686 = EDGE_CURVE('',#12289,#8376,#14687,.T.);
#14687 = SURFACE_CURVE('',#14688,(#14692,#14699),.PCURVE_S1.);
#14688 = LINE('',#14689,#14690);
#14689 = CARTESIAN_POINT('',(36.042859282475,14.913582551384,37.5));
#14690 = VECTOR('',#14691,1.);
#14691 = DIRECTION('',(1.110223024625E-16,0.,1.));
#14692 = PCURVE('',#8419,#14693);
#14693 = DEFINITIONAL_REPRESENTATION('',(#14694),#14698);
#14694 = LINE('',#14695,#14696);
#14695 = CARTESIAN_POINT('',(1.043494951405,1.152165670513E-16));
#14696 = VECTOR('',#14697,1.);
#14697 = DIRECTION('',(0.,-1.));
#14698 = ( GEOMETRIC_REPRESENTATION_CONTEXT(2)
PARAMETRIC_REPRESENTATION_CONTEXT() REPRESENTATION_CONTEXT('2D SPACE',''
  ) );
#14699 = PCURVE('',#8391,#14700);
#14700 = DEFINITIONAL_REPRESENTATION('',(#14701),#14705);
#14701 = LINE('',#14702,#14703);
#14702 = CARTESIAN_POINT('',(0.,0.));
#14703 = VECTOR('',#14704,1.);
#14704 = DIRECTION('',(0.,-1.));
#14705 = ( GEOMETRIC_REPRESENTATION_CONTEXT(2)
PARAMETRIC_REPRESENTATION_CONTEXT() REPRESENTATION_CONTEXT('2D SPACE',''
  ) );
#14706 = ADVANCED_FACE('',(#14707),#8391,.T.);
#14707 = FACE_BOUND('',#14708,.T.);
#14708 = EDGE_LOOP('',(#14709,#14710,#14711,#14712));
#14709 = ORIENTED_EDGE('',*,*,#12311,.F.);
#14710 = ORIENTED_EDGE('',*,*,#14686,.T.);
#14711 = ORIENTED_EDGE('',*,*,#8375,.F.);
#14712 = ORIENTED_EDGE('',*,*,#14713,.F.);
#14713 = EDGE_CURVE('',#12312,#8348,#14714,.T.);
#14714 = SURFACE_CURVE('',#14715,(#14719,#14726),.PCURVE_S1.);
#14715 = LINE('',#14716,#14717);
#14716 = CARTESIAN_POINT('',(35.,14.95,37.5));
#14717 = VECTOR('',#14718,1.);
#14718 = DIRECTION('',(1.110223024625E-16,0.,1.));
#14719 = PCURVE('',#8391,#14720);
#14720 = DEFINITIONAL_REPRESENTATION('',(#14721),#14725);
#14721 = LINE('',#14722,#14723);
#14722 = CARTESIAN_POINT('',(1.043494951405,1.157806386847E-16));
#14723 = VECTOR('',#14724,1.);
#14724 = DIRECTION('',(0.,-1.));
#14725 = ( GEOMETRIC_REPRESENTATION_CONTEXT(2)
PARAMETRIC_REPRESENTATION_CONTEXT() REPRESENTATION_CONTEXT('2D SPACE',''
  ) );
#14726 = PCURVE('',#8363,#14727);
#14727 = DEFINITIONAL_REPRESENTATION('',(#14728),#14732);
#14728 = LINE('',#14729,#14730);
#14729 = CARTESIAN_POINT('',(0.,0.));
#14730 = VECTOR('',#14731,1.);
#14731 = DIRECTION('',(0.,-1.));
#14732 = ( GEOMETRIC_REPRESENTATION_CONTEXT(2)
PARAMETRIC_REPRESENTATION_CONTEXT() REPRESENTATION_CONTEXT('2D SPACE',''
  ) );
#14733 = ADVANCED_FACE('',(#14734),#8363,.T.);
#14734 = FACE_BOUND('',#14735,.T.);
#14735 = EDGE_LOOP('',(#14736,#14737,#14738,#14739));
#14736 = ORIENTED_EDGE('',*,*,#12334,.F.);
#14737 = ORIENTED_EDGE('',*,*,#14713,.T.);
#14738 = ORIENTED_EDGE('',*,*,#8347,.F.);
#14739 = ORIENTED_EDGE('',*,*,#14740,.F.);
#14740 = EDGE_CURVE('',#12335,#8320,#14741,.T.);
#14741 = SURFACE_CURVE('',#14742,(#14746,#14753),.PCURVE_S1.);
#14742 = LINE('',#14743,#14744);
#14743 = CARTESIAN_POINT('',(33.957140717525,14.913582551384,37.5));
#14744 = VECTOR('',#14745,1.);
#14745 = DIRECTION('',(1.110223024625E-16,0.,1.));
#14746 = PCURVE('',#8363,#14747);
#14747 = DEFINITIONAL_REPRESENTATION('',(#14748),#14752);
#14748 = LINE('',#14749,#14750);
#14749 = CARTESIAN_POINT('',(1.043494951405,1.157806386847E-16));
#14750 = VECTOR('',#14751,1.);
#14751 = DIRECTION('',(0.,-1.));
#14752 = ( GEOMETRIC_REPRESENTATION_CONTEXT(2)
PARAMETRIC_REPRESENTATION_CONTEXT() REPRESENTATION_CONTEXT('2D SPACE',''
  ) );
#14753 = PCURVE('',#8335,#14754);
#14754 = DEFINITIONAL_REPRESENTATION('',(#14755),#14759);
#14755 = LINE('',#14756,#14757);
#14756 = CARTESIAN_POINT('',(0.,0.));
#14757 = VECTOR('',#14758,1.);
#14758 = DIRECTION('',(0.,-1.));
#14759 = ( GEOMETRIC_REPRESENTATION_CONTEXT(2)
PARAMETRIC_REPRESENTATION_CONTEXT() REPRESENTATION_CONTEXT('2D SPACE',''
  ) );
#14760 = ADVANCED_FACE('',(#14761),#8335,.T.);
#14761 = FACE_BOUND('',#14762,.T.);
#14762 = EDGE_LOOP('',(#14763,#14764,#14765,#14766));
#14763 = ORIENTED_EDGE('',*,*,#12357,.F.);
#14764 = ORIENTED_EDGE('',*,*,#14740,.T.);
#14765 = ORIENTED_EDGE('',*,*,#8319,.F.);
#14766 = ORIENTED_EDGE('',*,*,#14767,.F.);
#14767 = EDGE_CURVE('',#12358,#8292,#14768,.T.);
#14768 = SURFACE_CURVE('',#14769,(#14773,#14780),.PCURVE_S1.);
#14769 = LINE('',#14770,#14771);
#14770 = CARTESIAN_POINT('',(32.919362140647,14.804507627686,37.5));
#14771 = VECTOR('',#14772,1.);
#14772 = DIRECTION('',(1.110223024625E-16,0.,1.));
#14773 = PCURVE('',#8335,#14774);
#14774 = DEFINITIONAL_REPRESENTATION('',(#14775),#14779);
#14775 = LINE('',#14776,#14777);
#14776 = CARTESIAN_POINT('',(1.043494951405,1.152165670513E-16));
#14777 = VECTOR('',#14778,1.);
#14778 = DIRECTION('',(0.,-1.));
#14779 = ( GEOMETRIC_REPRESENTATION_CONTEXT(2)
PARAMETRIC_REPRESENTATION_CONTEXT() REPRESENTATION_CONTEXT('2D SPACE',''
  ) );
#14780 = PCURVE('',#8307,#14781);
#14781 = DEFINITIONAL_REPRESENTATION('',(#14782),#14786);
#14782 = LINE('',#14783,#14784);
#14783 = CARTESIAN_POINT('',(0.,0.));
#14784 = VECTOR('',#14785,1.);
#14785 = DIRECTION('',(0.,-1.));
#14786 = ( GEOMETRIC_REPRESENTATION_CONTEXT(2)
PARAMETRIC_REPRESENTATION_CONTEXT() REPRESENTATION_CONTEXT('2D SPACE',''
  ) );
#14787 = ADVANCED_FACE('',(#14788),#8307,.T.);
#14788 = FACE_BOUND('',#14789,.T.);
#14789 = EDGE_LOOP('',(#14790,#14791,#14792,#14793));
#14790 = ORIENTED_EDGE('',*,*,#12380,.F.);
#14791 = ORIENTED_EDGE('',*,*,#14767,.T.);
#14792 = ORIENTED_EDGE('',*,*,#8291,.F.);
#14793 = ORIENTED_EDGE('',*,*,#14794,.F.);
#14794 = EDGE_CURVE('',#12381,#8264,#14795,.T.);
#14795 = SURFACE_CURVE('',#14796,(#14800,#14807),.PCURVE_S1.);
#14796 = LINE('',#14797,#14798);
#14797 = CARTESIAN_POINT('',(31.891720222274,14.62330663097,37.5));
#14798 = VECTOR('',#14799,1.);
#14799 = DIRECTION('',(1.110223024625E-16,0.,1.));
#14800 = PCURVE('',#8307,#14801);
#14801 = DEFINITIONAL_REPRESENTATION('',(#14802),#14806);
#14802 = LINE('',#14803,#14804);
#14803 = CARTESIAN_POINT('',(1.043494951405,1.140911718847E-16));
#14804 = VECTOR('',#14805,1.);
#14805 = DIRECTION('',(0.,-1.));
#14806 = ( GEOMETRIC_REPRESENTATION_CONTEXT(2)
PARAMETRIC_REPRESENTATION_CONTEXT() REPRESENTATION_CONTEXT('2D SPACE',''
  ) );
#14807 = PCURVE('',#8279,#14808);
#14808 = DEFINITIONAL_REPRESENTATION('',(#14809),#14813);
#14809 = LINE('',#14810,#14811);
#14810 = CARTESIAN_POINT('',(0.,0.));
#14811 = VECTOR('',#14812,1.);
#14812 = DIRECTION('',(0.,-1.));
#14813 = ( GEOMETRIC_REPRESENTATION_CONTEXT(2)
PARAMETRIC_REPRESENTATION_CONTEXT() REPRESENTATION_CONTEXT('2D SPACE',''
  ) );
#14814 = ADVANCED_FACE('',(#14815),#8279,.T.);
#14815 = FACE_BOUND('',#14816,.T.);
#14816 = EDGE_LOOP('',(#14817,#14818,#14819,#14820));
#14817 = ORIENTED_EDGE('',*,*,#12403,.F.);
#14818 = ORIENTED_EDGE('',*,*,#14794,.T.);
#14819 = ORIENTED_EDGE('',*,*,#8263,.F.);
#14820 = ORIENTED_EDGE('',*,*,#14821,.F.);
#14821 = EDGE_CURVE('',#12404,#8236,#14822,.T.);
#14822 = SURFACE_CURVE('',#14823,(#14827,#14834),.PCURVE_S1.);
#14823 = LINE('',#14824,#14825);
#14824 = CARTESIAN_POINT('',(30.879221530536,14.370862354278,37.5));
#14825 = VECTOR('',#14826,1.);
#14826 = DIRECTION('',(1.110223024625E-16,0.,1.));
#14827 = PCURVE('',#8279,#14828);
#14828 = DEFINITIONAL_REPRESENTATION('',(#14829),#14833);
#14829 = LINE('',#14830,#14831);
#14830 = CARTESIAN_POINT('',(1.043494951405,1.124099359971E-16));
#14831 = VECTOR('',#14832,1.);
#14832 = DIRECTION('',(0.,-1.));
#14833 = ( GEOMETRIC_REPRESENTATION_CONTEXT(2)
PARAMETRIC_REPRESENTATION_CONTEXT() REPRESENTATION_CONTEXT('2D SPACE',''
  ) );
#14834 = PCURVE('',#8251,#14835);
#14835 = DEFINITIONAL_REPRESENTATION('',(#14836),#14840);
#14836 = LINE('',#14837,#14838);
#14837 = CARTESIAN_POINT('',(0.,0.));
#14838 = VECTOR('',#14839,1.);
#14839 = DIRECTION('',(0.,-1.));
#14840 = ( GEOMETRIC_REPRESENTATION_CONTEXT(2)
PARAMETRIC_REPRESENTATION_CONTEXT() REPRESENTATION_CONTEXT('2D SPACE',''
  ) );
#14841 = ADVANCED_FACE('',(#14842),#8251,.T.);
#14842 = FACE_BOUND('',#14843,.T.);
#14843 = EDGE_LOOP('',(#14844,#14845,#14846,#14847));
#14844 = ORIENTED_EDGE('',*,*,#12426,.F.);
#14845 = ORIENTED_EDGE('',*,*,#14821,.T.);
#14846 = ORIENTED_EDGE('',*,*,#8235,.F.);
#14847 = ORIENTED_EDGE('',*,*,#14848,.F.);
#14848 = EDGE_CURVE('',#12427,#8208,#14849,.T.);
#14849 = SURFACE_CURVE('',#14850,(#14854,#14861),.PCURVE_S1.);
#14850 = LINE('',#14851,#14852);
#14851 = CARTESIAN_POINT('',(29.886798857281,14.048404680749,37.5));
#14852 = VECTOR('',#14853,1.);
#14853 = DIRECTION('',(1.110223024625E-16,0.,1.));
#14854 = PCURVE('',#8251,#14855);
#14855 = DEFINITIONAL_REPRESENTATION('',(#14856),#14860);
#14856 = LINE('',#14857,#14858);
#14857 = CARTESIAN_POINT('',(1.043494951405,1.101810502007E-16));
#14858 = VECTOR('',#14859,1.);
#14859 = DIRECTION('',(0.,-1.));
#14860 = ( GEOMETRIC_REPRESENTATION_CONTEXT(2)
PARAMETRIC_REPRESENTATION_CONTEXT() REPRESENTATION_CONTEXT('2D SPACE',''
  ) );
#14861 = PCURVE('',#8223,#14862);
#14862 = DEFINITIONAL_REPRESENTATION('',(#14863),#14867);
#14863 = LINE('',#14864,#14865);
#14864 = CARTESIAN_POINT('',(0.,0.));
#14865 = VECTOR('',#14866,1.);
#14866 = DIRECTION('',(0.,-1.));
#14867 = ( GEOMETRIC_REPRESENTATION_CONTEXT(2)
PARAMETRIC_REPRESENTATION_CONTEXT() REPRESENTATION_CONTEXT('2D SPACE',''
  ) );
#14868 = ADVANCED_FACE('',(#14869),#8223,.T.);
#14869 = FACE_BOUND('',#14870,.T.);
#14870 = EDGE_LOOP('',(#14871,#14872,#14873,#14874));
#14871 = ORIENTED_EDGE('',*,*,#12449,.F.);
#14872 = ORIENTED_EDGE('',*,*,#14848,.T.);
#14873 = ORIENTED_EDGE('',*,*,#8207,.F.);
#14874 = ORIENTED_EDGE('',*,*,#14875,.F.);
#14875 = EDGE_CURVE('',#12450,#8180,#14876,.T.);
#14876 = SURFACE_CURVE('',#14877,(#14881,#14888),.PCURVE_S1.);
#14877 = LINE('',#14878,#14879);
#14878 = CARTESIAN_POINT('',(28.919287186017,13.657504591757,37.5));
#14879 = VECTOR('',#14880,1.);
#14880 = DIRECTION('',(1.110223024625E-16,0.,1.));
#14881 = PCURVE('',#8223,#14882);
#14882 = DEFINITIONAL_REPRESENTATION('',(#14883),#14887);
#14883 = LINE('',#14884,#14885);
#14884 = CARTESIAN_POINT('',(1.043494951405,1.074153734031E-16));
#14885 = VECTOR('',#14886,1.);
#14886 = DIRECTION('',(0.,-1.));
#14887 = ( GEOMETRIC_REPRESENTATION_CONTEXT(2)
PARAMETRIC_REPRESENTATION_CONTEXT() REPRESENTATION_CONTEXT('2D SPACE',''
  ) );
#14888 = PCURVE('',#8195,#14889);
#14889 = DEFINITIONAL_REPRESENTATION('',(#14890),#14894);
#14890 = LINE('',#14891,#14892);
#14891 = CARTESIAN_POINT('',(0.,0.));
#14892 = VECTOR('',#14893,1.);
#14893 = DIRECTION('',(0.,-1.));
#14894 = ( GEOMETRIC_REPRESENTATION_CONTEXT(2)
PARAMETRIC_REPRESENTATION_CONTEXT() REPRESENTATION_CONTEXT('2D SPACE',''
  ) );
#14895 = ADVANCED_FACE('',(#14896),#8195,.T.);
#14896 = FACE_BOUND('',#14897,.T.);
#14897 = EDGE_LOOP('',(#14898,#14899,#14900,#14901));
#14898 = ORIENTED_EDGE('',*,*,#12472,.F.);
#14899 = ORIENTED_EDGE('',*,*,#14875,.T.);
#14900 = ORIENTED_EDGE('',*,*,#8179,.F.);
#14901 = ORIENTED_EDGE('',*,*,#14902,.F.);
#14902 = EDGE_CURVE('',#12473,#8152,#14903,.T.);
#14903 = SURFACE_CURVE('',#14904,(#14908,#14915),.PCURVE_S1.);
#14904 = LINE('',#14905,#14906);
#14905 = CARTESIAN_POINT('',(27.981400136351,13.200066513241,37.5));
#14906 = VECTOR('',#14907,1.);
#14907 = DIRECTION('',(1.110223024625E-16,0.,1.));
#14908 = PCURVE('',#8195,#14909);
#14909 = DEFINITIONAL_REPRESENTATION('',(#14910),#14914);
#14910 = LINE('',#14911,#14912);
#14911 = CARTESIAN_POINT('',(1.043494951405,1.041263797037E-16));
#14912 = VECTOR('',#14913,1.);
#14913 = DIRECTION('',(0.,-1.));
#14914 = ( GEOMETRIC_REPRESENTATION_CONTEXT(2)
PARAMETRIC_REPRESENTATION_CONTEXT() REPRESENTATION_CONTEXT('2D SPACE',''
  ) );
#14915 = PCURVE('',#8167,#14916);
#14916 = DEFINITIONAL_REPRESENTATION('',(#14917),#14921);
#14917 = LINE('',#14918,#14919);
#14918 = CARTESIAN_POINT('',(0.,0.));
#14919 = VECTOR('',#14920,1.);
#14920 = DIRECTION('',(0.,-1.));
#14921 = ( GEOMETRIC_REPRESENTATION_CONTEXT(2)
PARAMETRIC_REPRESENTATION_CONTEXT() REPRESENTATION_CONTEXT('2D SPACE',''
  ) );
#14922 = ADVANCED_FACE('',(#14923),#8167,.T.);
#14923 = FACE_BOUND('',#14924,.T.);
#14924 = EDGE_LOOP('',(#14925,#14926,#14927,#14928));
#14925 = ORIENTED_EDGE('',*,*,#12495,.F.);
#14926 = ORIENTED_EDGE('',*,*,#14902,.T.);
#14927 = ORIENTED_EDGE('',*,*,#8151,.F.);
#14928 = ORIENTED_EDGE('',*,*,#14929,.F.);
#14929 = EDGE_CURVE('',#12496,#8124,#14930,.T.);
#14930 = SURFACE_CURVE('',#14931,(#14935,#14942),.PCURVE_S1.);
#14931 = LINE('',#14932,#14933);
#14932 = CARTESIAN_POINT('',(27.077706999714,12.678319037539,37.5));
#14933 = VECTOR('',#14934,1.);
#14934 = DIRECTION('',(1.110223024625E-16,0.,1.));
#14935 = PCURVE('',#8167,#14936);
#14936 = DEFINITIONAL_REPRESENTATION('',(#14937),#14941);
#14937 = LINE('',#14938,#14939);
#14938 = CARTESIAN_POINT('',(1.043494951405,1.003300927491E-16));
#14939 = VECTOR('',#14940,1.);
#14940 = DIRECTION('',(0.,-1.));
#14941 = ( GEOMETRIC_REPRESENTATION_CONTEXT(2)
PARAMETRIC_REPRESENTATION_CONTEXT() REPRESENTATION_CONTEXT('2D SPACE',''
  ) );
#14942 = PCURVE('',#8139,#14943);
#14943 = DEFINITIONAL_REPRESENTATION('',(#14944),#14948);
#14944 = LINE('',#14945,#14946);
#14945 = CARTESIAN_POINT('',(0.,0.));
#14946 = VECTOR('',#14947,1.);
#14947 = DIRECTION('',(0.,-1.));
#14948 = ( GEOMETRIC_REPRESENTATION_CONTEXT(2)
PARAMETRIC_REPRESENTATION_CONTEXT() REPRESENTATION_CONTEXT('2D SPACE',''
  ) );
#14949 = ADVANCED_FACE('',(#14950),#8139,.T.);
#14950 = FACE_BOUND('',#14951,.T.);
#14951 = EDGE_LOOP('',(#14952,#14953,#14954,#14955));
#14952 = ORIENTED_EDGE('',*,*,#12518,.F.);
#14953 = ORIENTED_EDGE('',*,*,#14929,.T.);
#14954 = ORIENTED_EDGE('',*,*,#8123,.F.);
#14955 = ORIENTED_EDGE('',*,*,#14956,.F.);
#14956 = EDGE_CURVE('',#12519,#8096,#14957,.T.);
#14957 = SURFACE_CURVE('',#14958,(#14962,#14969),.PCURVE_S1.);
#14958 = LINE('',#14959,#14960);
#14959 = CARTESIAN_POINT('',(26.212610478228,12.094804065905,37.5));
#14960 = VECTOR('',#14961,1.);
#14961 = DIRECTION('',(1.110223024625E-16,0.,1.));
#14962 = PCURVE('',#8139,#14963);
#14963 = DEFINITIONAL_REPRESENTATION('',(#14964),#14968);
#14964 = LINE('',#14965,#14966);
#14965 = CARTESIAN_POINT('',(1.043494951405,9.60450076677E-17));
#14966 = VECTOR('',#14967,1.);
#14967 = DIRECTION('',(0.,-1.));
#14968 = ( GEOMETRIC_REPRESENTATION_CONTEXT(2)
PARAMETRIC_REPRESENTATION_CONTEXT() REPRESENTATION_CONTEXT('2D SPACE',''
  ) );
#14969 = PCURVE('',#8111,#14970);
#14970 = DEFINITIONAL_REPRESENTATION('',(#14971),#14975);
#14971 = LINE('',#14972,#14973);
#14972 = CARTESIAN_POINT('',(0.,0.));
#14973 = VECTOR('',#14974,1.);
#14974 = DIRECTION('',(0.,-1.));
#14975 = ( GEOMETRIC_REPRESENTATION_CONTEXT(2)
PARAMETRIC_REPRESENTATION_CONTEXT() REPRESENTATION_CONTEXT('2D SPACE',''
  ) );
#14976 = ADVANCED_FACE('',(#14977),#8111,.T.);
#14977 = FACE_BOUND('',#14978,.T.);
#14978 = EDGE_LOOP('',(#14979,#14980,#14981,#14982));
#14979 = ORIENTED_EDGE('',*,*,#12541,.F.);
#14980 = ORIENTED_EDGE('',*,*,#14956,.T.);
#14981 = ORIENTED_EDGE('',*,*,#8095,.F.);
#14982 = ORIENTED_EDGE('',*,*,#14983,.F.);
#14983 = EDGE_CURVE('',#12542,#8068,#14984,.T.);
#14984 = SURFACE_CURVE('',#14985,(#14989,#14996),.PCURVE_S1.);
#14985 = LINE('',#14986,#14987);
#14986 = CARTESIAN_POINT('',(25.390325235186,11.452364424629,37.5));
#14987 = VECTOR('',#14988,1.);
#14988 = DIRECTION('',(1.110223024625E-16,0.,1.));
#14989 = PCURVE('',#8111,#14990);
#14990 = DEFINITIONAL_REPRESENTATION('',(#14991),#14995);
#14991 = LINE('',#14992,#14993);
#14992 = CARTESIAN_POINT('',(1.043494951405,9.129200096339E-17));
#14993 = VECTOR('',#14994,1.);
#14994 = DIRECTION('',(0.,-1.));
#14995 = ( GEOMETRIC_REPRESENTATION_CONTEXT(2)
PARAMETRIC_REPRESENTATION_CONTEXT() REPRESENTATION_CONTEXT('2D SPACE',''
  ) );
#14996 = PCURVE('',#8083,#14997);
#14997 = DEFINITIONAL_REPRESENTATION('',(#14998),#15002);
#14998 = LINE('',#14999,#15000);
#14999 = CARTESIAN_POINT('',(0.,0.));
#15000 = VECTOR('',#15001,1.);
#15001 = DIRECTION('',(0.,-1.));
#15002 = ( GEOMETRIC_REPRESENTATION_CONTEXT(2)
PARAMETRIC_REPRESENTATION_CONTEXT() REPRESENTATION_CONTEXT('2D SPACE',''
  ) );
#15003 = ADVANCED_FACE('',(#15004),#8083,.T.);
#15004 = FACE_BOUND('',#15005,.T.);
#15005 = EDGE_LOOP('',(#15006,#15007,#15008,#15009));
#15006 = ORIENTED_EDGE('',*,*,#12564,.F.);
#15007 = ORIENTED_EDGE('',*,*,#14983,.T.);
#15008 = ORIENTED_EDGE('',*,*,#8067,.F.);
#15009 = ORIENTED_EDGE('',*,*,#15010,.F.);
#15010 = EDGE_CURVE('',#12565,#8040,#15011,.T.);
#15011 = SURFACE_CURVE('',#15012,(#15016,#15023),.PCURVE_S1.);
#15012 = LINE('',#15013,#15014);
#15013 = CARTESIAN_POINT('',(24.614857361638,10.754130015063,37.5));
#15014 = VECTOR('',#15015,1.);
#15015 = DIRECTION('',(1.110223024625E-16,0.,1.));
#15016 = PCURVE('',#8083,#15017);
#15017 = DEFINITIONAL_REPRESENTATION('',(#15018),#15022);
#15018 = LINE('',#15019,#15020);
#15019 = CARTESIAN_POINT('',(1.043494951405,8.609422880704E-17));
#15020 = VECTOR('',#15021,1.);
#15021 = DIRECTION('',(0.,-1.));
#15022 = ( GEOMETRIC_REPRESENTATION_CONTEXT(2)
PARAMETRIC_REPRESENTATION_CONTEXT() REPRESENTATION_CONTEXT('2D SPACE',''
  ) );
#15023 = PCURVE('',#8055,#15024);
#15024 = DEFINITIONAL_REPRESENTATION('',(#15025),#15029);
#15025 = LINE('',#15026,#15027);
#15026 = CARTESIAN_POINT('',(0.,0.));
#15027 = VECTOR('',#15028,1.);
#15028 = DIRECTION('',(0.,-1.));
#15029 = ( GEOMETRIC_REPRESENTATION_CONTEXT(2)
PARAMETRIC_REPRESENTATION_CONTEXT() REPRESENTATION_CONTEXT('2D SPACE',''
  ) );
#15030 = ADVANCED_FACE('',(#15031),#8055,.T.);
#15031 = FACE_BOUND('',#15032,.T.);
#15032 = EDGE_LOOP('',(#15033,#15034,#15035,#15036));
#15033 = ORIENTED_EDGE('',*,*,#12587,.F.);
#15034 = ORIENTED_EDGE('',*,*,#15010,.T.);
#15035 = ORIENTED_EDGE('',*,*,#8039,.F.);
#15036 = ORIENTED_EDGE('',*,*,#15037,.F.);
#15037 = EDGE_CURVE('',#12588,#8012,#15038,.T.);
#15038 = SURFACE_CURVE('',#15039,(#15043,#15050),.PCURVE_S1.);
#15039 = LINE('',#15040,#15041);
#15040 = CARTESIAN_POINT('',(23.889984859113,10.003502565065,37.5));
#15041 = VECTOR('',#15042,1.);
#15042 = DIRECTION('',(1.110223024625E-16,0.,1.));
#15043 = PCURVE('',#8055,#15044);
#15044 = DEFINITIONAL_REPRESENTATION('',(#15045),#15049);
#15045 = LINE('',#15046,#15047);
#15046 = CARTESIAN_POINT('',(1.043494951405,8.04770142221E-17));
#15047 = VECTOR('',#15048,1.);
#15048 = DIRECTION('',(0.,-1.));
#15049 = ( GEOMETRIC_REPRESENTATION_CONTEXT(2)
PARAMETRIC_REPRESENTATION_CONTEXT() REPRESENTATION_CONTEXT('2D SPACE',''
  ) );
#15050 = PCURVE('',#8027,#15051);
#15051 = DEFINITIONAL_REPRESENTATION('',(#15052),#15056);
#15052 = LINE('',#15053,#15054);
#15053 = CARTESIAN_POINT('',(0.,0.));
#15054 = VECTOR('',#15055,1.);
#15055 = DIRECTION('',(0.,-1.));
#15056 = ( GEOMETRIC_REPRESENTATION_CONTEXT(2)
PARAMETRIC_REPRESENTATION_CONTEXT() REPRESENTATION_CONTEXT('2D SPACE',''
  ) );
#15057 = ADVANCED_FACE('',(#15058),#8027,.T.);
#15058 = FACE_BOUND('',#15059,.T.);
#15059 = EDGE_LOOP('',(#15060,#15061,#15062,#15063));
#15060 = ORIENTED_EDGE('',*,*,#12610,.F.);
#15061 = ORIENTED_EDGE('',*,*,#15037,.T.);
#15062 = ORIENTED_EDGE('',*,*,#8011,.F.);
#15063 = ORIENTED_EDGE('',*,*,#15064,.F.);
#15064 = EDGE_CURVE('',#12611,#7984,#15065,.T.);
#15065 = SURFACE_CURVE('',#15066,(#15070,#15077),.PCURVE_S1.);
#15066 = LINE('',#15067,#15068);
#15067 = CARTESIAN_POINT('',(23.21923923358,9.204139056119,37.5));
#15068 = VECTOR('',#15069,1.);
#15069 = DIRECTION('',(1.110223024625E-16,0.,1.));
#15070 = PCURVE('',#8027,#15071);
#15071 = DEFINITIONAL_REPRESENTATION('',(#15072),#15076);
#15072 = LINE('',#15073,#15074);
#15073 = CARTESIAN_POINT('',(1.043494951405,7.446772371338E-17));
#15074 = VECTOR('',#15075,1.);
#15075 = DIRECTION('',(0.,-1.));
#15076 = ( GEOMETRIC_REPRESENTATION_CONTEXT(2)
PARAMETRIC_REPRESENTATION_CONTEXT() REPRESENTATION_CONTEXT('2D SPACE',''
  ) );
#15077 = PCURVE('',#7999,#15078);
#15078 = DEFINITIONAL_REPRESENTATION('',(#15079),#15083);
#15079 = LINE('',#15080,#15081);
#15080 = CARTESIAN_POINT('',(0.,0.));
#15081 = VECTOR('',#15082,1.);
#15082 = DIRECTION('',(0.,-1.));
#15083 = ( GEOMETRIC_REPRESENTATION_CONTEXT(2)
PARAMETRIC_REPRESENTATION_CONTEXT() REPRESENTATION_CONTEXT('2D SPACE',''
  ) );
#15084 = ADVANCED_FACE('',(#15085),#7999,.T.);
#15085 = FACE_BOUND('',#15086,.T.);
#15086 = EDGE_LOOP('',(#15087,#15088,#15089,#15090));
#15087 = ORIENTED_EDGE('',*,*,#12633,.F.);
#15088 = ORIENTED_EDGE('',*,*,#15064,.T.);
#15089 = ORIENTED_EDGE('',*,*,#7983,.F.);
#15090 = ORIENTED_EDGE('',*,*,#15091,.F.);
#15091 = EDGE_CURVE('',#12634,#7956,#15092,.T.);
#15092 = SURFACE_CURVE('',#15093,(#15097,#15104),.PCURVE_S1.);
#15093 = LINE('',#15094,#15095);
#15094 = CARTESIAN_POINT('',(22.605888290302,8.359933906888,37.5));
#15095 = VECTOR('',#15096,1.);
#15096 = DIRECTION('',(1.110223024625E-16,0.,1.));
#15097 = PCURVE('',#7999,#15098);
#15098 = DEFINITIONAL_REPRESENTATION('',(#15099),#15103);
#15099 = LINE('',#15100,#15101);
#15100 = CARTESIAN_POINT('',(1.043494951405,6.809563394021E-17));
#15101 = VECTOR('',#15102,1.);
#15102 = DIRECTION('',(0.,-1.));
#15103 = ( GEOMETRIC_REPRESENTATION_CONTEXT(2)
PARAMETRIC_REPRESENTATION_CONTEXT() REPRESENTATION_CONTEXT('2D SPACE',''
  ) );
#15104 = PCURVE('',#7971,#15105);
#15105 = DEFINITIONAL_REPRESENTATION('',(#15106),#15110);
#15106 = LINE('',#15107,#15108);
#15107 = CARTESIAN_POINT('',(0.,0.));
#15108 = VECTOR('',#15109,1.);
#15109 = DIRECTION('',(0.,-1.));
#15110 = ( GEOMETRIC_REPRESENTATION_CONTEXT(2)
PARAMETRIC_REPRESENTATION_CONTEXT() REPRESENTATION_CONTEXT('2D SPACE',''
  ) );
#15111 = ADVANCED_FACE('',(#15112),#7971,.T.);
#15112 = FACE_BOUND('',#15113,.T.);
#15113 = EDGE_LOOP('',(#15114,#15115,#15116,#15117));
#15114 = ORIENTED_EDGE('',*,*,#12656,.F.);
#15115 = ORIENTED_EDGE('',*,*,#15091,.T.);
#15116 = ORIENTED_EDGE('',*,*,#7955,.F.);
#15117 = ORIENTED_EDGE('',*,*,#15118,.F.);
#15118 = EDGE_CURVE('',#12657,#7928,#15119,.T.);
#15119 = SURFACE_CURVE('',#15120,(#15124,#15131),.PCURVE_S1.);
#15120 = LINE('',#15121,#15122);
#15121 = CARTESIAN_POINT('',(22.052920213423,7.475,37.5));
#15122 = VECTOR('',#15123,1.);
#15123 = DIRECTION('',(1.110223024625E-16,0.,1.));
#15124 = PCURVE('',#7971,#15125);
#15125 = DEFINITIONAL_REPRESENTATION('',(#15126),#15130);
#15126 = LINE('',#15127,#15128);
#15127 = CARTESIAN_POINT('',(1.043494951405,6.139178908343E-17));
#15128 = VECTOR('',#15129,1.);
#15129 = DIRECTION('',(0.,-1.));
#15130 = ( GEOMETRIC_REPRESENTATION_CONTEXT(2)
PARAMETRIC_REPRESENTATION_CONTEXT() REPRESENTATION_CONTEXT('2D SPACE',''
  ) );
#15131 = PCURVE('',#7943,#15132);
#15132 = DEFINITIONAL_REPRESENTATION('',(#15133),#15137);
#15133 = LINE('',#15134,#15135);
#15134 = CARTESIAN_POINT('',(0.,0.));
#15135 = VECTOR('',#15136,1.);
#15136 = DIRECTION('',(0.,-1.));
#15137 = ( GEOMETRIC_REPRESENTATION_CONTEXT(2)
PARAMETRIC_REPRESENTATION_CONTEXT() REPRESENTATION_CONTEXT('2D SPACE',''
  ) );
#15138 = ADVANCED_FACE('',(#15139),#7943,.T.);
#15139 = FACE_BOUND('',#15140,.T.);
#15140 = EDGE_LOOP('',(#15141,#15142,#15143,#15144));
#15141 = ORIENTED_EDGE('',*,*,#12679,.F.);
#15142 = ORIENTED_EDGE('',*,*,#15118,.T.);
#15143 = ORIENTED_EDGE('',*,*,#7927,.F.);
#15144 = ORIENTED_EDGE('',*,*,#15145,.F.);
#15145 = EDGE_CURVE('',#12680,#7900,#15146,.T.);
#15146 = SURFACE_CURVE('',#15147,(#15151,#15158),.PCURVE_S1.);
#15147 = LINE('',#15148,#15149);
#15148 = CARTESIAN_POINT('',(21.563029007827,6.553648644497,37.5));
#15149 = VECTOR('',#15150,1.);
#15150 = DIRECTION('',(1.110223024625E-16,0.,1.));
#15151 = PCURVE('',#7943,#15152);
#15152 = DEFINITIONAL_REPRESENTATION('',(#15153),#15157);
#15153 = LINE('',#15154,#15155);
#15154 = CARTESIAN_POINT('',(1.043494951405,5.438884960132E-17));
#15155 = VECTOR('',#15156,1.);
#15156 = DIRECTION('',(0.,-1.));
#15157 = ( GEOMETRIC_REPRESENTATION_CONTEXT(2)
PARAMETRIC_REPRESENTATION_CONTEXT() REPRESENTATION_CONTEXT('2D SPACE',''
  ) );
#15158 = PCURVE('',#7915,#15159);
#15159 = DEFINITIONAL_REPRESENTATION('',(#15160),#15164);
#15160 = LINE('',#15161,#15162);
#15161 = CARTESIAN_POINT('',(0.,0.));
#15162 = VECTOR('',#15163,1.);
#15163 = DIRECTION('',(0.,-1.));
#15164 = ( GEOMETRIC_REPRESENTATION_CONTEXT(2)
PARAMETRIC_REPRESENTATION_CONTEXT() REPRESENTATION_CONTEXT('2D SPACE',''
  ) );
#15165 = ADVANCED_FACE('',(#15166),#7915,.T.);
#15166 = FACE_BOUND('',#15167,.T.);
#15167 = EDGE_LOOP('',(#15168,#15169,#15170,#15171));
#15168 = ORIENTED_EDGE('',*,*,#12702,.F.);
#15169 = ORIENTED_EDGE('',*,*,#15145,.T.);
#15170 = ORIENTED_EDGE('',*,*,#7899,.F.);
#15171 = ORIENTED_EDGE('',*,*,#15172,.F.);
#15172 = EDGE_CURVE('',#12703,#7872,#15173,.T.);
#15173 = SURFACE_CURVE('',#15174,(#15178,#15185),.PCURVE_S1.);
#15174 = LINE('',#15175,#15176);
#15175 = CARTESIAN_POINT('',(21.138601374227,5.600368571568,37.5));
#15176 = VECTOR('',#15177,1.);
#15177 = DIRECTION('',(1.110223024625E-16,0.,1.));
#15178 = PCURVE('',#7915,#15179);
#15179 = DEFINITIONAL_REPRESENTATION('',(#15180),#15184);
#15180 = LINE('',#15181,#15182);
#15181 = CARTESIAN_POINT('',(1.043494951405,4.712093311109E-17));
#15182 = VECTOR('',#15183,1.);
#15183 = DIRECTION('',(0.,-1.));
#15184 = ( GEOMETRIC_REPRESENTATION_CONTEXT(2)
PARAMETRIC_REPRESENTATION_CONTEXT() REPRESENTATION_CONTEXT('2D SPACE',''
  ) );
#15185 = PCURVE('',#7887,#15186);
#15186 = DEFINITIONAL_REPRESENTATION('',(#15187),#15191);
#15187 = LINE('',#15188,#15189);
#15188 = CARTESIAN_POINT('',(0.,0.));
#15189 = VECTOR('',#15190,1.);
#15190 = DIRECTION('',(0.,-1.));
#15191 = ( GEOMETRIC_REPRESENTATION_CONTEXT(2)
PARAMETRIC_REPRESENTATION_CONTEXT() REPRESENTATION_CONTEXT('2D SPACE',''
  ) );
#15192 = ADVANCED_FACE('',(#15193),#7887,.T.);
#15193 = FACE_BOUND('',#15194,.T.);
#15194 = EDGE_LOOP('',(#15195,#15196,#15197,#15198));
#15195 = ORIENTED_EDGE('',*,*,#12725,.F.);
#15196 = ORIENTED_EDGE('',*,*,#15172,.T.);
#15197 = ORIENTED_EDGE('',*,*,#7871,.F.);
#15198 = ORIENTED_EDGE('',*,*,#15199,.F.);
#15199 = EDGE_CURVE('',#12726,#7844,#15200,.T.);
#15200 = SURFACE_CURVE('',#15201,(#15205,#15212),.PCURVE_S1.);
#15201 = LINE('',#15202,#15203);
#15202 = CARTESIAN_POINT('',(20.781705081387,4.619804065905,37.5));
#15203 = VECTOR('',#15204,1.);
#15204 = DIRECTION('',(1.110223024625E-16,0.,1.));
#15205 = PCURVE('',#7887,#15206);
#15206 = DEFINITIONAL_REPRESENTATION('',(#15207),#15211);
#15207 = LINE('',#15208,#15209);
#15208 = CARTESIAN_POINT('',(1.043494951405,3.962344817133E-17));
#15209 = VECTOR('',#15210,1.);
#15210 = DIRECTION('',(0.,-1.));
#15211 = ( GEOMETRIC_REPRESENTATION_CONTEXT(2)
PARAMETRIC_REPRESENTATION_CONTEXT() REPRESENTATION_CONTEXT('2D SPACE',''
  ) );
#15212 = PCURVE('',#7859,#15213);
#15213 = DEFINITIONAL_REPRESENTATION('',(#15214),#15218);
#15214 = LINE('',#15215,#15216);
#15215 = CARTESIAN_POINT('',(0.,0.));
#15216 = VECTOR('',#15217,1.);
#15217 = DIRECTION('',(0.,-1.));
#15218 = ( GEOMETRIC_REPRESENTATION_CONTEXT(2)
PARAMETRIC_REPRESENTATION_CONTEXT() REPRESENTATION_CONTEXT('2D SPACE',''
  ) );
#15219 = ADVANCED_FACE('',(#15220),#7859,.T.);
#15220 = FACE_BOUND('',#15221,.T.);
#15221 = EDGE_LOOP('',(#15222,#15223,#15224,#15225));
#15222 = ORIENTED_EDGE('',*,*,#12748,.F.);
#15223 = ORIENTED_EDGE('',*,*,#15199,.T.);
#15224 = ORIENTED_EDGE('',*,*,#7843,.F.);
#15225 = ORIENTED_EDGE('',*,*,#15226,.F.);
#15226 = EDGE_CURVE('',#12749,#7816,#15227,.T.);
#15227 = SURFACE_CURVE('',#15228,(#15232,#15239),.PCURVE_S1.);
#15228 = LINE('',#15229,#15230);
#15229 = CARTESIAN_POINT('',(20.494078892174,3.616732339215,37.5));
#15230 = VECTOR('',#15231,1.);
#15231 = DIRECTION('',(1.110223024625E-16,0.,1.));
#15232 = PCURVE('',#7859,#15233);
#15233 = DEFINITIONAL_REPRESENTATION('',(#15234),#15238);
#15234 = LINE('',#15235,#15236);
#15235 = CARTESIAN_POINT('',(1.043494951405,3.193292177501E-17));
#15236 = VECTOR('',#15237,1.);
#15237 = DIRECTION('',(0.,-1.));
#15238 = ( GEOMETRIC_REPRESENTATION_CONTEXT(2)
PARAMETRIC_REPRESENTATION_CONTEXT() REPRESENTATION_CONTEXT('2D SPACE',''
  ) );
#15239 = PCURVE('',#7831,#15240);
#15240 = DEFINITIONAL_REPRESENTATION('',(#15241),#15245);
#15241 = LINE('',#15242,#15243);
#15242 = CARTESIAN_POINT('',(0.,0.));
#15243 = VECTOR('',#15244,1.);
#15244 = DIRECTION('',(0.,-1.));
#15245 = ( GEOMETRIC_REPRESENTATION_CONTEXT(2)
PARAMETRIC_REPRESENTATION_CONTEXT() REPRESENTATION_CONTEXT('2D SPACE',''
  ) );
#15246 = ADVANCED_FACE('',(#15247),#7831,.T.);
#15247 = FACE_BOUND('',#15248,.T.);
#15248 = EDGE_LOOP('',(#15249,#15250,#15251,#15252));
#15249 = ORIENTED_EDGE('',*,*,#12771,.F.);
#15250 = ORIENTED_EDGE('',*,*,#15226,.T.);
#15251 = ORIENTED_EDGE('',*,*,#7815,.F.);
#15252 = ORIENTED_EDGE('',*,*,#15253,.F.);
#15253 = EDGE_CURVE('',#12772,#7788,#15254,.T.);
#15254 = SURFACE_CURVE('',#15255,(#15259,#15266),.PCURVE_S1.);
#15255 = LINE('',#15256,#15257);
#15256 = CARTESIAN_POINT('',(20.277124092467,2.596040256121,37.5));
#15257 = VECTOR('',#15258,1.);
#15258 = DIRECTION('',(1.110223024625E-16,0.,1.));
#15259 = PCURVE('',#7831,#15260);
#15260 = DEFINITIONAL_REPRESENTATION('',(#15261),#15265);
#15261 = LINE('',#15262,#15263);
#15262 = CARTESIAN_POINT('',(1.043494951405,2.408682139369E-17));
#15263 = VECTOR('',#15264,1.);
#15264 = DIRECTION('',(0.,-1.));
#15265 = ( GEOMETRIC_REPRESENTATION_CONTEXT(2)
PARAMETRIC_REPRESENTATION_CONTEXT() REPRESENTATION_CONTEXT('2D SPACE',''
  ) );
#15266 = PCURVE('',#7803,#15267);
#15267 = DEFINITIONAL_REPRESENTATION('',(#15268),#15272);
#15268 = LINE('',#15269,#15270);
#15269 = CARTESIAN_POINT('',(0.,0.));
#15270 = VECTOR('',#15271,1.);
#15271 = DIRECTION('',(0.,-1.));
#15272 = ( GEOMETRIC_REPRESENTATION_CONTEXT(2)
PARAMETRIC_REPRESENTATION_CONTEXT() REPRESENTATION_CONTEXT('2D SPACE',''
  ) );
#15273 = ADVANCED_FACE('',(#15274),#7803,.T.);
#15274 = FACE_BOUND('',#15275,.T.);
#15275 = EDGE_LOOP('',(#15276,#15277,#15278,#15279));
#15276 = ORIENTED_EDGE('',*,*,#12794,.F.);
#15277 = ORIENTED_EDGE('',*,*,#15253,.T.);
#15278 = ORIENTED_EDGE('',*,*,#7787,.F.);
#15279 = ORIENTED_EDGE('',*,*,#15280,.F.);
#15280 = EDGE_CURVE('',#12795,#7760,#15281,.T.);
#15281 = SURFACE_CURVE('',#15282,(#15286,#15293),.PCURVE_S1.);
#15282 = LINE('',#15283,#15284);
#15283 = CARTESIAN_POINT('',(20.131897664244,1.562700525851,37.5));
#15284 = VECTOR('',#15285,1.);
#15285 = DIRECTION('',(1.110223024625E-16,0.,1.));
#15286 = PCURVE('',#7803,#15287);
#15287 = DEFINITIONAL_REPRESENTATION('',(#15288),#15292);
#15288 = LINE('',#15289,#15290);
#15289 = CARTESIAN_POINT('',(1.043494951405,1.612337243974E-17));
#15290 = VECTOR('',#15291,1.);
#15291 = DIRECTION('',(0.,-1.));
#15292 = ( GEOMETRIC_REPRESENTATION_CONTEXT(2)
PARAMETRIC_REPRESENTATION_CONTEXT() REPRESENTATION_CONTEXT('2D SPACE',''
  ) );
#15293 = PCURVE('',#7775,#15294);
#15294 = DEFINITIONAL_REPRESENTATION('',(#15295),#15299);
#15295 = LINE('',#15296,#15297);
#15296 = CARTESIAN_POINT('',(0.,0.));
#15297 = VECTOR('',#15298,1.);
#15298 = DIRECTION('',(0.,-1.));
#15299 = ( GEOMETRIC_REPRESENTATION_CONTEXT(2)
PARAMETRIC_REPRESENTATION_CONTEXT() REPRESENTATION_CONTEXT('2D SPACE',''
  ) );
#15300 = ADVANCED_FACE('',(#15301),#7775,.T.);
#15301 = FACE_BOUND('',#15302,.T.);
#15302 = EDGE_LOOP('',(#15303,#15304,#15305,#15306));
#15303 = ORIENTED_EDGE('',*,*,#12817,.F.);
#15304 = ORIENTED_EDGE('',*,*,#15280,.T.);
#15305 = ORIENTED_EDGE('',*,*,#7759,.F.);
#15306 = ORIENTED_EDGE('',*,*,#15307,.F.);
#15307 = EDGE_CURVE('',#12818,#7732,#15308,.T.);
#15308 = SURFACE_CURVE('',#15309,(#15313,#15320),.PCURVE_S1.);
#15309 = LINE('',#15310,#15311);
#15310 = CARTESIAN_POINT('',(20.059107136065,0.521747475702,37.5));
#15311 = VECTOR('',#15312,1.);
#15312 = DIRECTION('',(1.110223024625E-16,0.,1.));
#15313 = PCURVE('',#7775,#15314);
#15314 = DEFINITIONAL_REPRESENTATION('',(#15315),#15319);
#15315 = LINE('',#15316,#15317);
#15316 = CARTESIAN_POINT('',(1.043494951405,8.081372035983E-18));
#15317 = VECTOR('',#15318,1.);
#15318 = DIRECTION('',(0.,-1.));
#15319 = ( GEOMETRIC_REPRESENTATION_CONTEXT(2)
PARAMETRIC_REPRESENTATION_CONTEXT() REPRESENTATION_CONTEXT('2D SPACE',''
  ) );
#15320 = PCURVE('',#7747,#15321);
#15321 = DEFINITIONAL_REPRESENTATION('',(#15322),#15326);
#15322 = LINE('',#15323,#15324);
#15323 = CARTESIAN_POINT('',(0.,-0.));
#15324 = VECTOR('',#15325,1.);
#15325 = DIRECTION('',(0.,-1.));
#15326 = ( GEOMETRIC_REPRESENTATION_CONTEXT(2)
PARAMETRIC_REPRESENTATION_CONTEXT() REPRESENTATION_CONTEXT('2D SPACE',''
  ) );
#15327 = ADVANCED_FACE('',(#15328),#7747,.T.);
#15328 = FACE_BOUND('',#15329,.T.);
#15329 = EDGE_LOOP('',(#15330,#15331,#15332,#15333));
#15330 = ORIENTED_EDGE('',*,*,#12840,.F.);
#15331 = ORIENTED_EDGE('',*,*,#15307,.T.);
#15332 = ORIENTED_EDGE('',*,*,#7731,.F.);
#15333 = ORIENTED_EDGE('',*,*,#15334,.F.);
#15334 = EDGE_CURVE('',#12841,#7704,#15335,.T.);
#15335 = SURFACE_CURVE('',#15336,(#15340,#15347),.PCURVE_S1.);
#15336 = LINE('',#15337,#15338);
#15337 = CARTESIAN_POINT('',(20.059107136065,-0.521747475702,37.5));
#15338 = VECTOR('',#15339,1.);
#15339 = DIRECTION('',(1.110223024625E-16,0.,1.));
#15340 = PCURVE('',#7747,#15341);
#15341 = DEFINITIONAL_REPRESENTATION('',(#15342),#15346);
#15342 = LINE('',#15343,#15344);
#15343 = CARTESIAN_POINT('',(1.043494951405,0.));
#15344 = VECTOR('',#15345,1.);
#15345 = DIRECTION('',(0.,-1.));
#15346 = ( GEOMETRIC_REPRESENTATION_CONTEXT(2)
PARAMETRIC_REPRESENTATION_CONTEXT() REPRESENTATION_CONTEXT('2D SPACE',''
  ) );
#15347 = PCURVE('',#7719,#15348);
#15348 = DEFINITIONAL_REPRESENTATION('',(#15349),#15353);
#15349 = LINE('',#15350,#15351);
#15350 = CARTESIAN_POINT('',(0.,0.));
#15351 = VECTOR('',#15352,1.);
#15352 = DIRECTION('',(0.,-1.));
#15353 = ( GEOMETRIC_REPRESENTATION_CONTEXT(2)
PARAMETRIC_REPRESENTATION_CONTEXT() REPRESENTATION_CONTEXT('2D SPACE',''
  ) );
#15354 = ADVANCED_FACE('',(#15355),#7719,.T.);
#15355 = FACE_BOUND('',#15356,.T.);
#15356 = EDGE_LOOP('',(#15357,#15358,#15359,#15360));
#15357 = ORIENTED_EDGE('',*,*,#12863,.F.);
#15358 = ORIENTED_EDGE('',*,*,#15334,.T.);
#15359 = ORIENTED_EDGE('',*,*,#7703,.F.);
#15360 = ORIENTED_EDGE('',*,*,#15361,.F.);
#15361 = EDGE_CURVE('',#12864,#7676,#15362,.T.);
#15362 = SURFACE_CURVE('',#15363,(#15367,#15374),.PCURVE_S1.);
#15363 = LINE('',#15364,#15365);
#15364 = CARTESIAN_POINT('',(20.131897664244,-1.562700525851,37.5));
#15365 = VECTOR('',#15366,1.);
#15366 = DIRECTION('',(1.110223024625E-16,0.,1.));
#15367 = PCURVE('',#7719,#15368);
#15368 = DEFINITIONAL_REPRESENTATION('',(#15369),#15373);
#15369 = LINE('',#15370,#15371);
#15370 = CARTESIAN_POINT('',(1.043494951405,-8.081372035983E-18));
#15371 = VECTOR('',#15372,1.);
#15372 = DIRECTION('',(0.,-1.));
#15373 = ( GEOMETRIC_REPRESENTATION_CONTEXT(2)
PARAMETRIC_REPRESENTATION_CONTEXT() REPRESENTATION_CONTEXT('2D SPACE',''
  ) );
#15374 = PCURVE('',#7691,#15375);
#15375 = DEFINITIONAL_REPRESENTATION('',(#15376),#15380);
#15376 = LINE('',#15377,#15378);
#15377 = CARTESIAN_POINT('',(0.,0.));
#15378 = VECTOR('',#15379,1.);
#15379 = DIRECTION('',(0.,-1.));
#15380 = ( GEOMETRIC_REPRESENTATION_CONTEXT(2)
PARAMETRIC_REPRESENTATION_CONTEXT() REPRESENTATION_CONTEXT('2D SPACE',''
  ) );
#15381 = ADVANCED_FACE('',(#15382),#7691,.T.);
#15382 = FACE_BOUND('',#15383,.T.);
#15383 = EDGE_LOOP('',(#15384,#15385,#15386,#15387));
#15384 = ORIENTED_EDGE('',*,*,#12886,.F.);
#15385 = ORIENTED_EDGE('',*,*,#15361,.T.);
#15386 = ORIENTED_EDGE('',*,*,#7675,.F.);
#15387 = ORIENTED_EDGE('',*,*,#15388,.F.);
#15388 = EDGE_CURVE('',#12887,#7648,#15389,.T.);
#15389 = SURFACE_CURVE('',#15390,(#15394,#15401),.PCURVE_S1.);
#15390 = LINE('',#15391,#15392);
#15391 = CARTESIAN_POINT('',(20.277124092467,-2.596040256121,37.5));
#15392 = VECTOR('',#15393,1.);
#15393 = DIRECTION('',(1.110223024625E-16,0.,1.));
#15394 = PCURVE('',#7691,#15395);
#15395 = DEFINITIONAL_REPRESENTATION('',(#15396),#15400);
#15396 = LINE('',#15397,#15398);
#15397 = CARTESIAN_POINT('',(1.043494951405,-1.612337243974E-17));
#15398 = VECTOR('',#15399,1.);
#15399 = DIRECTION('',(0.,-1.));
#15400 = ( GEOMETRIC_REPRESENTATION_CONTEXT(2)
PARAMETRIC_REPRESENTATION_CONTEXT() REPRESENTATION_CONTEXT('2D SPACE',''
  ) );
#15401 = PCURVE('',#7663,#15402);
#15402 = DEFINITIONAL_REPRESENTATION('',(#15403),#15407);
#15403 = LINE('',#15404,#15405);
#15404 = CARTESIAN_POINT('',(0.,0.));
#15405 = VECTOR('',#15406,1.);
#15406 = DIRECTION('',(0.,-1.));
#15407 = ( GEOMETRIC_REPRESENTATION_CONTEXT(2)
PARAMETRIC_REPRESENTATION_CONTEXT() REPRESENTATION_CONTEXT('2D SPACE',''
  ) );
#15408 = ADVANCED_FACE('',(#15409),#7663,.T.);
#15409 = FACE_BOUND('',#15410,.T.);
#15410 = EDGE_LOOP('',(#15411,#15412,#15413,#15414));
#15411 = ORIENTED_EDGE('',*,*,#12909,.F.);
#15412 = ORIENTED_EDGE('',*,*,#15388,.T.);
#15413 = ORIENTED_EDGE('',*,*,#7647,.F.);
#15414 = ORIENTED_EDGE('',*,*,#15415,.F.);
#15415 = EDGE_CURVE('',#12910,#7620,#15416,.T.);
#15416 = SURFACE_CURVE('',#15417,(#15421,#15428),.PCURVE_S1.);
#15417 = LINE('',#15418,#15419);
#15418 = CARTESIAN_POINT('',(20.494078892174,-3.616732339215,37.5));
#15419 = VECTOR('',#15420,1.);
#15420 = DIRECTION('',(1.110223024625E-16,0.,1.));
#15421 = PCURVE('',#7663,#15422);
#15422 = DEFINITIONAL_REPRESENTATION('',(#15423),#15427);
#15423 = LINE('',#15424,#15425);
#15424 = CARTESIAN_POINT('',(1.043494951405,-2.408682139369E-17));
#15425 = VECTOR('',#15426,1.);
#15426 = DIRECTION('',(0.,-1.));
#15427 = ( GEOMETRIC_REPRESENTATION_CONTEXT(2)
PARAMETRIC_REPRESENTATION_CONTEXT() REPRESENTATION_CONTEXT('2D SPACE',''
  ) );
#15428 = PCURVE('',#7635,#15429);
#15429 = DEFINITIONAL_REPRESENTATION('',(#15430),#15434);
#15430 = LINE('',#15431,#15432);
#15431 = CARTESIAN_POINT('',(0.,0.));
#15432 = VECTOR('',#15433,1.);
#15433 = DIRECTION('',(0.,-1.));
#15434 = ( GEOMETRIC_REPRESENTATION_CONTEXT(2)
PARAMETRIC_REPRESENTATION_CONTEXT() REPRESENTATION_CONTEXT('2D SPACE',''
  ) );
#15435 = ADVANCED_FACE('',(#15436),#7635,.T.);
#15436 = FACE_BOUND('',#15437,.T.);
#15437 = EDGE_LOOP('',(#15438,#15439,#15440,#15441));
#15438 = ORIENTED_EDGE('',*,*,#12932,.F.);
#15439 = ORIENTED_EDGE('',*,*,#15415,.T.);
#15440 = ORIENTED_EDGE('',*,*,#7619,.F.);
#15441 = ORIENTED_EDGE('',*,*,#15442,.F.);
#15442 = EDGE_CURVE('',#12933,#7592,#15443,.T.);
#15443 = SURFACE_CURVE('',#15444,(#15448,#15455),.PCURVE_S1.);
#15444 = LINE('',#15445,#15446);
#15445 = CARTESIAN_POINT('',(20.781705081387,-4.619804065905,37.5));
#15446 = VECTOR('',#15447,1.);
#15447 = DIRECTION('',(1.110223024625E-16,0.,1.));
#15448 = PCURVE('',#7635,#15449);
#15449 = DEFINITIONAL_REPRESENTATION('',(#15450),#15454);
#15450 = LINE('',#15451,#15452);
#15451 = CARTESIAN_POINT('',(1.043494951405,-3.193292177501E-17));
#15452 = VECTOR('',#15453,1.);
#15453 = DIRECTION('',(0.,-1.));
#15454 = ( GEOMETRIC_REPRESENTATION_CONTEXT(2)
PARAMETRIC_REPRESENTATION_CONTEXT() REPRESENTATION_CONTEXT('2D SPACE',''
  ) );
#15455 = PCURVE('',#7607,#15456);
#15456 = DEFINITIONAL_REPRESENTATION('',(#15457),#15461);
#15457 = LINE('',#15458,#15459);
#15458 = CARTESIAN_POINT('',(0.,0.));
#15459 = VECTOR('',#15460,1.);
#15460 = DIRECTION('',(0.,-1.));
#15461 = ( GEOMETRIC_REPRESENTATION_CONTEXT(2)
PARAMETRIC_REPRESENTATION_CONTEXT() REPRESENTATION_CONTEXT('2D SPACE',''
  ) );
#15462 = ADVANCED_FACE('',(#15463),#7607,.T.);
#15463 = FACE_BOUND('',#15464,.T.);
#15464 = EDGE_LOOP('',(#15465,#15466,#15467,#15468));
#15465 = ORIENTED_EDGE('',*,*,#12955,.F.);
#15466 = ORIENTED_EDGE('',*,*,#15442,.T.);
#15467 = ORIENTED_EDGE('',*,*,#7591,.F.);
#15468 = ORIENTED_EDGE('',*,*,#15469,.F.);
#15469 = EDGE_CURVE('',#12956,#7564,#15470,.T.);
#15470 = SURFACE_CURVE('',#15471,(#15475,#15482),.PCURVE_S1.);
#15471 = LINE('',#15472,#15473);
#15472 = CARTESIAN_POINT('',(21.138601374227,-5.600368571568,37.5));
#15473 = VECTOR('',#15474,1.);
#15474 = DIRECTION('',(1.110223024625E-16,0.,1.));
#15475 = PCURVE('',#7607,#15476);
#15476 = DEFINITIONAL_REPRESENTATION('',(#15477),#15481);
#15477 = LINE('',#15478,#15479);
#15478 = CARTESIAN_POINT('',(1.043494951405,-3.962344817133E-17));
#15479 = VECTOR('',#15480,1.);
#15480 = DIRECTION('',(0.,-1.));
#15481 = ( GEOMETRIC_REPRESENTATION_CONTEXT(2)
PARAMETRIC_REPRESENTATION_CONTEXT() REPRESENTATION_CONTEXT('2D SPACE',''
  ) );
#15482 = PCURVE('',#7579,#15483);
#15483 = DEFINITIONAL_REPRESENTATION('',(#15484),#15488);
#15484 = LINE('',#15485,#15486);
#15485 = CARTESIAN_POINT('',(0.,0.));
#15486 = VECTOR('',#15487,1.);
#15487 = DIRECTION('',(0.,-1.));
#15488 = ( GEOMETRIC_REPRESENTATION_CONTEXT(2)
PARAMETRIC_REPRESENTATION_CONTEXT() REPRESENTATION_CONTEXT('2D SPACE',''
  ) );
#15489 = ADVANCED_FACE('',(#15490),#7579,.T.);
#15490 = FACE_BOUND('',#15491,.T.);
#15491 = EDGE_LOOP('',(#15492,#15493,#15494,#15495));
#15492 = ORIENTED_EDGE('',*,*,#12978,.F.);
#15493 = ORIENTED_EDGE('',*,*,#15469,.T.);
#15494 = ORIENTED_EDGE('',*,*,#7563,.F.);
#15495 = ORIENTED_EDGE('',*,*,#15496,.F.);
#15496 = EDGE_CURVE('',#12979,#7536,#15497,.T.);
#15497 = SURFACE_CURVE('',#15498,(#15502,#15509),.PCURVE_S1.);
#15498 = LINE('',#15499,#15500);
#15499 = CARTESIAN_POINT('',(21.563029007827,-6.553648644497,37.5));
#15500 = VECTOR('',#15501,1.);
#15501 = DIRECTION('',(1.110223024625E-16,0.,1.));
#15502 = PCURVE('',#7579,#15503);
#15503 = DEFINITIONAL_REPRESENTATION('',(#15504),#15508);
#15504 = LINE('',#15505,#15506);
#15505 = CARTESIAN_POINT('',(1.043494951405,-4.712093311109E-17));
#15506 = VECTOR('',#15507,1.);
#15507 = DIRECTION('',(0.,-1.));
#15508 = ( GEOMETRIC_REPRESENTATION_CONTEXT(2)
PARAMETRIC_REPRESENTATION_CONTEXT() REPRESENTATION_CONTEXT('2D SPACE',''
  ) );
#15509 = PCURVE('',#7551,#15510);
#15510 = DEFINITIONAL_REPRESENTATION('',(#15511),#15515);
#15511 = LINE('',#15512,#15513);
#15512 = CARTESIAN_POINT('',(0.,0.));
#15513 = VECTOR('',#15514,1.);
#15514 = DIRECTION('',(0.,-1.));
#15515 = ( GEOMETRIC_REPRESENTATION_CONTEXT(2)
PARAMETRIC_REPRESENTATION_CONTEXT() REPRESENTATION_CONTEXT('2D SPACE',''
  ) );
#15516 = ADVANCED_FACE('',(#15517),#7551,.T.);
#15517 = FACE_BOUND('',#15518,.T.);
#15518 = EDGE_LOOP('',(#15519,#15520,#15521,#15522));
#15519 = ORIENTED_EDGE('',*,*,#13001,.F.);
#15520 = ORIENTED_EDGE('',*,*,#15496,.T.);
#15521 = ORIENTED_EDGE('',*,*,#7535,.F.);
#15522 = ORIENTED_EDGE('',*,*,#15523,.F.);
#15523 = EDGE_CURVE('',#13002,#7508,#15524,.T.);
#15524 = SURFACE_CURVE('',#15525,(#15529,#15536),.PCURVE_S1.);
#15525 = LINE('',#15526,#15527);
#15526 = CARTESIAN_POINT('',(22.052920213423,-7.475,37.5));
#15527 = VECTOR('',#15528,1.);
#15528 = DIRECTION('',(1.110223024625E-16,0.,1.));
#15529 = PCURVE('',#7551,#15530);
#15530 = DEFINITIONAL_REPRESENTATION('',(#15531),#15535);
#15531 = LINE('',#15532,#15533);
#15532 = CARTESIAN_POINT('',(1.043494951405,-5.438884960132E-17));
#15533 = VECTOR('',#15534,1.);
#15534 = DIRECTION('',(0.,-1.));
#15535 = ( GEOMETRIC_REPRESENTATION_CONTEXT(2)
PARAMETRIC_REPRESENTATION_CONTEXT() REPRESENTATION_CONTEXT('2D SPACE',''
  ) );
#15536 = PCURVE('',#7523,#15537);
#15537 = DEFINITIONAL_REPRESENTATION('',(#15538),#15542);
#15538 = LINE('',#15539,#15540);
#15539 = CARTESIAN_POINT('',(0.,0.));
#15540 = VECTOR('',#15541,1.);
#15541 = DIRECTION('',(0.,-1.));
#15542 = ( GEOMETRIC_REPRESENTATION_CONTEXT(2)
PARAMETRIC_REPRESENTATION_CONTEXT() REPRESENTATION_CONTEXT('2D SPACE',''
  ) );
#15543 = ADVANCED_FACE('',(#15544),#7523,.T.);
#15544 = FACE_BOUND('',#15545,.T.);
#15545 = EDGE_LOOP('',(#15546,#15547,#15548,#15549));
#15546 = ORIENTED_EDGE('',*,*,#13024,.F.);
#15547 = ORIENTED_EDGE('',*,*,#15523,.T.);
#15548 = ORIENTED_EDGE('',*,*,#7507,.F.);
#15549 = ORIENTED_EDGE('',*,*,#15550,.F.);
#15550 = EDGE_CURVE('',#13025,#7480,#15551,.T.);
#15551 = SURFACE_CURVE('',#15552,(#15556,#15563),.PCURVE_S1.);
#15552 = LINE('',#15553,#15554);
#15553 = CARTESIAN_POINT('',(22.605888290302,-8.359933906888,37.5));
#15554 = VECTOR('',#15555,1.);
#15555 = DIRECTION('',(1.110223024625E-16,0.,1.));
#15556 = PCURVE('',#7523,#15557);
#15557 = DEFINITIONAL_REPRESENTATION('',(#15558),#15562);
#15558 = LINE('',#15559,#15560);
#15559 = CARTESIAN_POINT('',(1.043494951405,-6.139178908343E-17));
#15560 = VECTOR('',#15561,1.);
#15561 = DIRECTION('',(0.,-1.));
#15562 = ( GEOMETRIC_REPRESENTATION_CONTEXT(2)
PARAMETRIC_REPRESENTATION_CONTEXT() REPRESENTATION_CONTEXT('2D SPACE',''
  ) );
#15563 = PCURVE('',#7495,#15564);
#15564 = DEFINITIONAL_REPRESENTATION('',(#15565),#15569);
#15565 = LINE('',#15566,#15567);
#15566 = CARTESIAN_POINT('',(0.,0.));
#15567 = VECTOR('',#15568,1.);
#15568 = DIRECTION('',(0.,-1.));
#15569 = ( GEOMETRIC_REPRESENTATION_CONTEXT(2)
PARAMETRIC_REPRESENTATION_CONTEXT() REPRESENTATION_CONTEXT('2D SPACE',''
  ) );
#15570 = ADVANCED_FACE('',(#15571),#7495,.T.);
#15571 = FACE_BOUND('',#15572,.T.);
#15572 = EDGE_LOOP('',(#15573,#15574,#15575,#15576));
#15573 = ORIENTED_EDGE('',*,*,#13047,.F.);
#15574 = ORIENTED_EDGE('',*,*,#15550,.T.);
#15575 = ORIENTED_EDGE('',*,*,#7479,.F.);
#15576 = ORIENTED_EDGE('',*,*,#15577,.F.);
#15577 = EDGE_CURVE('',#13048,#7452,#15578,.T.);
#15578 = SURFACE_CURVE('',#15579,(#15583,#15590),.PCURVE_S1.);
#15579 = LINE('',#15580,#15581);
#15580 = CARTESIAN_POINT('',(23.21923923358,-9.204139056119,37.5));
#15581 = VECTOR('',#15582,1.);
#15582 = DIRECTION('',(1.110223024625E-16,0.,1.));
#15583 = PCURVE('',#7495,#15584);
#15584 = DEFINITIONAL_REPRESENTATION('',(#15585),#15589);
#15585 = LINE('',#15586,#15587);
#15586 = CARTESIAN_POINT('',(1.043494951405,-6.809563394021E-17));
#15587 = VECTOR('',#15588,1.);
#15588 = DIRECTION('',(0.,-1.));
#15589 = ( GEOMETRIC_REPRESENTATION_CONTEXT(2)
PARAMETRIC_REPRESENTATION_CONTEXT() REPRESENTATION_CONTEXT('2D SPACE',''
  ) );
#15590 = PCURVE('',#7467,#15591);
#15591 = DEFINITIONAL_REPRESENTATION('',(#15592),#15596);
#15592 = LINE('',#15593,#15594);
#15593 = CARTESIAN_POINT('',(0.,0.));
#15594 = VECTOR('',#15595,1.);
#15595 = DIRECTION('',(0.,-1.));
#15596 = ( GEOMETRIC_REPRESENTATION_CONTEXT(2)
PARAMETRIC_REPRESENTATION_CONTEXT() REPRESENTATION_CONTEXT('2D SPACE',''
  ) );
#15597 = ADVANCED_FACE('',(#15598),#7467,.T.);
#15598 = FACE_BOUND('',#15599,.T.);
#15599 = EDGE_LOOP('',(#15600,#15601,#15602,#15603));
#15600 = ORIENTED_EDGE('',*,*,#13070,.F.);
#15601 = ORIENTED_EDGE('',*,*,#15577,.T.);
#15602 = ORIENTED_EDGE('',*,*,#7451,.F.);
#15603 = ORIENTED_EDGE('',*,*,#15604,.F.);
#15604 = EDGE_CURVE('',#13071,#7424,#15605,.T.);
#15605 = SURFACE_CURVE('',#15606,(#15610,#15617),.PCURVE_S1.);
#15606 = LINE('',#15607,#15608);
#15607 = CARTESIAN_POINT('',(23.889984859113,-10.00350256506,37.5));
#15608 = VECTOR('',#15609,1.);
#15609 = DIRECTION('',(1.110223024625E-16,0.,1.));
#15610 = PCURVE('',#7467,#15611);
#15611 = DEFINITIONAL_REPRESENTATION('',(#15612),#15616);
#15612 = LINE('',#15613,#15614);
#15613 = CARTESIAN_POINT('',(1.043494951405,-7.446772371338E-17));
#15614 = VECTOR('',#15615,1.);
#15615 = DIRECTION('',(0.,-1.));
#15616 = ( GEOMETRIC_REPRESENTATION_CONTEXT(2)
PARAMETRIC_REPRESENTATION_CONTEXT() REPRESENTATION_CONTEXT('2D SPACE',''
  ) );
#15617 = PCURVE('',#7439,#15618);
#15618 = DEFINITIONAL_REPRESENTATION('',(#15619),#15623);
#15619 = LINE('',#15620,#15621);
#15620 = CARTESIAN_POINT('',(0.,0.));
#15621 = VECTOR('',#15622,1.);
#15622 = DIRECTION('',(0.,-1.));
#15623 = ( GEOMETRIC_REPRESENTATION_CONTEXT(2)
PARAMETRIC_REPRESENTATION_CONTEXT() REPRESENTATION_CONTEXT('2D SPACE',''
  ) );
#15624 = ADVANCED_FACE('',(#15625),#7439,.T.);
#15625 = FACE_BOUND('',#15626,.T.);
#15626 = EDGE_LOOP('',(#15627,#15628,#15629,#15630));
#15627 = ORIENTED_EDGE('',*,*,#13093,.F.);
#15628 = ORIENTED_EDGE('',*,*,#15604,.T.);
#15629 = ORIENTED_EDGE('',*,*,#7423,.F.);
#15630 = ORIENTED_EDGE('',*,*,#15631,.F.);
#15631 = EDGE_CURVE('',#13094,#7396,#15632,.T.);
#15632 = SURFACE_CURVE('',#15633,(#15637,#15644),.PCURVE_S1.);
#15633 = LINE('',#15634,#15635);
#15634 = CARTESIAN_POINT('',(24.614857361638,-10.75413001506,37.5));
#15635 = VECTOR('',#15636,1.);
#15636 = DIRECTION('',(1.110223024625E-16,0.,1.));
#15637 = PCURVE('',#7439,#15638);
#15638 = DEFINITIONAL_REPRESENTATION('',(#15639),#15643);
#15639 = LINE('',#15640,#15641);
#15640 = CARTESIAN_POINT('',(1.043494951405,-8.04770142221E-17));
#15641 = VECTOR('',#15642,1.);
#15642 = DIRECTION('',(0.,-1.));
#15643 = ( GEOMETRIC_REPRESENTATION_CONTEXT(2)
PARAMETRIC_REPRESENTATION_CONTEXT() REPRESENTATION_CONTEXT('2D SPACE',''
  ) );
#15644 = PCURVE('',#7411,#15645);
#15645 = DEFINITIONAL_REPRESENTATION('',(#15646),#15650);
#15646 = LINE('',#15647,#15648);
#15647 = CARTESIAN_POINT('',(0.,0.));
#15648 = VECTOR('',#15649,1.);
#15649 = DIRECTION('',(0.,-1.));
#15650 = ( GEOMETRIC_REPRESENTATION_CONTEXT(2)
PARAMETRIC_REPRESENTATION_CONTEXT() REPRESENTATION_CONTEXT('2D SPACE',''
  ) );
#15651 = ADVANCED_FACE('',(#15652),#7411,.T.);
#15652 = FACE_BOUND('',#15653,.T.);
#15653 = EDGE_LOOP('',(#15654,#15655,#15656,#15657));
#15654 = ORIENTED_EDGE('',*,*,#13116,.F.);
#15655 = ORIENTED_EDGE('',*,*,#15631,.T.);
#15656 = ORIENTED_EDGE('',*,*,#7395,.F.);
#15657 = ORIENTED_EDGE('',*,*,#15658,.F.);
#15658 = EDGE_CURVE('',#13117,#7368,#15659,.T.);
#15659 = SURFACE_CURVE('',#15660,(#15664,#15671),.PCURVE_S1.);
#15660 = LINE('',#15661,#15662);
#15661 = CARTESIAN_POINT('',(25.390325235186,-11.45236442462,37.5));
#15662 = VECTOR('',#15663,1.);
#15663 = DIRECTION('',(1.110223024625E-16,0.,1.));
#15664 = PCURVE('',#7411,#15665);
#15665 = DEFINITIONAL_REPRESENTATION('',(#15666),#15670);
#15666 = LINE('',#15667,#15668);
#15667 = CARTESIAN_POINT('',(1.043494951405,-8.609422880704E-17));
#15668 = VECTOR('',#15669,1.);
#15669 = DIRECTION('',(0.,-1.));
#15670 = ( GEOMETRIC_REPRESENTATION_CONTEXT(2)
PARAMETRIC_REPRESENTATION_CONTEXT() REPRESENTATION_CONTEXT('2D SPACE',''
  ) );
#15671 = PCURVE('',#7383,#15672);
#15672 = DEFINITIONAL_REPRESENTATION('',(#15673),#15677);
#15673 = LINE('',#15674,#15675);
#15674 = CARTESIAN_POINT('',(0.,0.));
#15675 = VECTOR('',#15676,1.);
#15676 = DIRECTION('',(0.,-1.));
#15677 = ( GEOMETRIC_REPRESENTATION_CONTEXT(2)
PARAMETRIC_REPRESENTATION_CONTEXT() REPRESENTATION_CONTEXT('2D SPACE',''
  ) );
#15678 = ADVANCED_FACE('',(#15679),#7383,.T.);
#15679 = FACE_BOUND('',#15680,.T.);
#15680 = EDGE_LOOP('',(#15681,#15682,#15683,#15684));
#15681 = ORIENTED_EDGE('',*,*,#13139,.F.);
#15682 = ORIENTED_EDGE('',*,*,#15658,.T.);
#15683 = ORIENTED_EDGE('',*,*,#7367,.F.);
#15684 = ORIENTED_EDGE('',*,*,#15685,.F.);
#15685 = EDGE_CURVE('',#13140,#7340,#15686,.T.);
#15686 = SURFACE_CURVE('',#15687,(#15691,#15698),.PCURVE_S1.);
#15687 = LINE('',#15688,#15689);
#15688 = CARTESIAN_POINT('',(26.212610478228,-12.0948040659,37.5));
#15689 = VECTOR('',#15690,1.);
#15690 = DIRECTION('',(1.110223024625E-16,0.,1.));
#15691 = PCURVE('',#7383,#15692);
#15692 = DEFINITIONAL_REPRESENTATION('',(#15693),#15697);
#15693 = LINE('',#15694,#15695);
#15694 = CARTESIAN_POINT('',(1.043494951405,-9.129200096339E-17));
#15695 = VECTOR('',#15696,1.);
#15696 = DIRECTION('',(0.,-1.));
#15697 = ( GEOMETRIC_REPRESENTATION_CONTEXT(2)
PARAMETRIC_REPRESENTATION_CONTEXT() REPRESENTATION_CONTEXT('2D SPACE',''
  ) );
#15698 = PCURVE('',#7355,#15699);
#15699 = DEFINITIONAL_REPRESENTATION('',(#15700),#15704);
#15700 = LINE('',#15701,#15702);
#15701 = CARTESIAN_POINT('',(0.,0.));
#15702 = VECTOR('',#15703,1.);
#15703 = DIRECTION('',(0.,-1.));
#15704 = ( GEOMETRIC_REPRESENTATION_CONTEXT(2)
PARAMETRIC_REPRESENTATION_CONTEXT() REPRESENTATION_CONTEXT('2D SPACE',''
  ) );
#15705 = ADVANCED_FACE('',(#15706),#7355,.T.);
#15706 = FACE_BOUND('',#15707,.T.);
#15707 = EDGE_LOOP('',(#15708,#15709,#15710,#15711));
#15708 = ORIENTED_EDGE('',*,*,#13162,.F.);
#15709 = ORIENTED_EDGE('',*,*,#15685,.T.);
#15710 = ORIENTED_EDGE('',*,*,#7339,.F.);
#15711 = ORIENTED_EDGE('',*,*,#15712,.F.);
#15712 = EDGE_CURVE('',#13163,#7312,#15713,.T.);
#15713 = SURFACE_CURVE('',#15714,(#15718,#15725),.PCURVE_S1.);
#15714 = LINE('',#15715,#15716);
#15715 = CARTESIAN_POINT('',(27.077706999714,-12.67831903753,37.5));
#15716 = VECTOR('',#15717,1.);
#15717 = DIRECTION('',(1.110223024625E-16,0.,1.));
#15718 = PCURVE('',#7355,#15719);
#15719 = DEFINITIONAL_REPRESENTATION('',(#15720),#15724);
#15720 = LINE('',#15721,#15722);
#15721 = CARTESIAN_POINT('',(1.043494951405,-9.60450076677E-17));
#15722 = VECTOR('',#15723,1.);
#15723 = DIRECTION('',(0.,-1.));
#15724 = ( GEOMETRIC_REPRESENTATION_CONTEXT(2)
PARAMETRIC_REPRESENTATION_CONTEXT() REPRESENTATION_CONTEXT('2D SPACE',''
  ) );
#15725 = PCURVE('',#7327,#15726);
#15726 = DEFINITIONAL_REPRESENTATION('',(#15727),#15731);
#15727 = LINE('',#15728,#15729);
#15728 = CARTESIAN_POINT('',(0.,0.));
#15729 = VECTOR('',#15730,1.);
#15730 = DIRECTION('',(0.,-1.));
#15731 = ( GEOMETRIC_REPRESENTATION_CONTEXT(2)
PARAMETRIC_REPRESENTATION_CONTEXT() REPRESENTATION_CONTEXT('2D SPACE',''
  ) );
#15732 = ADVANCED_FACE('',(#15733),#7327,.T.);
#15733 = FACE_BOUND('',#15734,.T.);
#15734 = EDGE_LOOP('',(#15735,#15736,#15737,#15738));
#15735 = ORIENTED_EDGE('',*,*,#13185,.F.);
#15736 = ORIENTED_EDGE('',*,*,#15712,.T.);
#15737 = ORIENTED_EDGE('',*,*,#7311,.F.);
#15738 = ORIENTED_EDGE('',*,*,#15739,.F.);
#15739 = EDGE_CURVE('',#13186,#7284,#15740,.T.);
#15740 = SURFACE_CURVE('',#15741,(#15745,#15752),.PCURVE_S1.);
#15741 = LINE('',#15742,#15743);
#15742 = CARTESIAN_POINT('',(29.038408277376,-9.54054108176,37.5));
#15743 = VECTOR('',#15744,1.);
#15744 = DIRECTION('',(1.110223024625E-16,0.,1.));
#15745 = PCURVE('',#7327,#15746);
#15746 = DEFINITIONAL_REPRESENTATION('',(#15747),#15751);
#15747 = LINE('',#15748,#15749);
#15748 = CARTESIAN_POINT('',(3.7,-2.176815702873E-16));
#15749 = VECTOR('',#15750,1.);
#15750 = DIRECTION('',(0.,-1.));
#15751 = ( GEOMETRIC_REPRESENTATION_CONTEXT(2)
PARAMETRIC_REPRESENTATION_CONTEXT() REPRESENTATION_CONTEXT('2D SPACE',''
  ) );
#15752 = PCURVE('',#7299,#15753);
#15753 = DEFINITIONAL_REPRESENTATION('',(#15754),#15758);
#15754 = LINE('',#15755,#15756);
#15755 = CARTESIAN_POINT('',(0.,0.));
#15756 = VECTOR('',#15757,1.);
#15757 = DIRECTION('',(0.,-1.));
#15758 = ( GEOMETRIC_REPRESENTATION_CONTEXT(2)
PARAMETRIC_REPRESENTATION_CONTEXT() REPRESENTATION_CONTEXT('2D SPACE',''
  ) );
#15759 = ADVANCED_FACE('',(#15760),#7299,.T.);
#15760 = FACE_BOUND('',#15761,.T.);
#15761 = EDGE_LOOP('',(#15762,#15763,#15764,#15765));
#15762 = ORIENTED_EDGE('',*,*,#13208,.F.);
#15763 = ORIENTED_EDGE('',*,*,#15739,.T.);
#15764 = ORIENTED_EDGE('',*,*,#7283,.F.);
#15765 = ORIENTED_EDGE('',*,*,#15766,.F.);
#15766 = EDGE_CURVE('',#13209,#7256,#15767,.T.);
#15767 = SURFACE_CURVE('',#15768,(#15772,#15779),.PCURVE_S1.);
#15768 = LINE('',#15769,#15770);
#15769 = CARTESIAN_POINT('',(28.38741591171,-9.101441186718,37.5));
#15770 = VECTOR('',#15771,1.);
#15771 = DIRECTION('',(1.110223024625E-16,0.,1.));
#15772 = PCURVE('',#7299,#15773);
#15773 = DEFINITIONAL_REPRESENTATION('',(#15774),#15778);
#15774 = LINE('',#15775,#15776);
#15775 = CARTESIAN_POINT('',(0.785238675806,7.227467132184E-17));
#15776 = VECTOR('',#15777,1.);
#15777 = DIRECTION('',(0.,-1.));
#15778 = ( GEOMETRIC_REPRESENTATION_CONTEXT(2)
PARAMETRIC_REPRESENTATION_CONTEXT() REPRESENTATION_CONTEXT('2D SPACE',''
  ) );
#15779 = PCURVE('',#7271,#15780);
#15780 = DEFINITIONAL_REPRESENTATION('',(#15781),#15785);
#15781 = LINE('',#15782,#15783);
#15782 = CARTESIAN_POINT('',(0.,0.));
#15783 = VECTOR('',#15784,1.);
#15784 = DIRECTION('',(0.,-1.));
#15785 = ( GEOMETRIC_REPRESENTATION_CONTEXT(2)
PARAMETRIC_REPRESENTATION_CONTEXT() REPRESENTATION_CONTEXT('2D SPACE',''
  ) );
#15786 = ADVANCED_FACE('',(#15787),#7271,.T.);
#15787 = FACE_BOUND('',#15788,.T.);
#15788 = EDGE_LOOP('',(#15789,#15790,#15791,#15792));
#15789 = ORIENTED_EDGE('',*,*,#13231,.F.);
#15790 = ORIENTED_EDGE('',*,*,#15766,.T.);
#15791 = ORIENTED_EDGE('',*,*,#7255,.F.);
#15792 = ORIENTED_EDGE('',*,*,#15793,.F.);
#15793 = EDGE_CURVE('',#13232,#7228,#15794,.T.);
#15794 = SURFACE_CURVE('',#15795,(#15799,#15806),.PCURVE_S1.);
#15795 = LINE('',#15796,#15797);
#15796 = CARTESIAN_POINT('',(27.768639391026,-8.617999985089,37.5));
#15797 = VECTOR('',#15798,1.);
#15798 = DIRECTION('',(1.110223024625E-16,0.,1.));
#15799 = PCURVE('',#7271,#15800);
#15800 = DEFINITIONAL_REPRESENTATION('',(#15801),#15805);
#15801 = LINE('',#15802,#15803);
#15802 = CARTESIAN_POINT('',(0.785238675806,6.8697994036E-17));
#15803 = VECTOR('',#15804,1.);
#15804 = DIRECTION('',(0.,-1.));
#15805 = ( GEOMETRIC_REPRESENTATION_CONTEXT(2)
PARAMETRIC_REPRESENTATION_CONTEXT() REPRESENTATION_CONTEXT('2D SPACE',''
  ) );
#15806 = PCURVE('',#7243,#15807);
#15807 = DEFINITIONAL_REPRESENTATION('',(#15808),#15812);
#15808 = LINE('',#15809,#15810);
#15809 = CARTESIAN_POINT('',(0.,0.));
#15810 = VECTOR('',#15811,1.);
#15811 = DIRECTION('',(0.,-1.));
#15812 = ( GEOMETRIC_REPRESENTATION_CONTEXT(2)
PARAMETRIC_REPRESENTATION_CONTEXT() REPRESENTATION_CONTEXT('2D SPACE',''
  ) );
#15813 = ADVANCED_FACE('',(#15814),#7243,.T.);
#15814 = FACE_BOUND('',#15815,.T.);
#15815 = EDGE_LOOP('',(#15816,#15817,#15818,#15819));
#15816 = ORIENTED_EDGE('',*,*,#13254,.F.);
#15817 = ORIENTED_EDGE('',*,*,#15793,.T.);
#15818 = ORIENTED_EDGE('',*,*,#7227,.F.);
#15819 = ORIENTED_EDGE('',*,*,#15820,.F.);
#15820 = EDGE_CURVE('',#13255,#7200,#15821,.T.);
#15821 = SURFACE_CURVE('',#15822,(#15826,#15833),.PCURVE_S1.);
#15822 = LINE('',#15823,#15824);
#15823 = CARTESIAN_POINT('',(27.185093332336,-8.09257275381,37.5));
#15824 = VECTOR('',#15825,1.);
#15825 = DIRECTION('',(1.110223024625E-16,0.,1.));
#15826 = PCURVE('',#7243,#15827);
#15827 = DEFINITIONAL_REPRESENTATION('',(#15828),#15832);
#15828 = LINE('',#15829,#15830);
#15829 = CARTESIAN_POINT('',(0.785238675806,6.478662702871E-17));
#15830 = VECTOR('',#15831,1.);
#15831 = DIRECTION('',(0.,-1.));
#15832 = ( GEOMETRIC_REPRESENTATION_CONTEXT(2)
PARAMETRIC_REPRESENTATION_CONTEXT() REPRESENTATION_CONTEXT('2D SPACE',''
  ) );
#15833 = PCURVE('',#7215,#15834);
#15834 = DEFINITIONAL_REPRESENTATION('',(#15835),#15839);
#15835 = LINE('',#15836,#15837);
#15836 = CARTESIAN_POINT('',(0.,0.));
#15837 = VECTOR('',#15838,1.);
#15838 = DIRECTION('',(0.,-1.));
#15839 = ( GEOMETRIC_REPRESENTATION_CONTEXT(2)
PARAMETRIC_REPRESENTATION_CONTEXT() REPRESENTATION_CONTEXT('2D SPACE',''
  ) );
#15840 = ADVANCED_FACE('',(#15841),#7215,.T.);
#15841 = FACE_BOUND('',#15842,.T.);
#15842 = EDGE_LOOP('',(#15843,#15844,#15845,#15846));
#15843 = ORIENTED_EDGE('',*,*,#13277,.F.);
#15844 = ORIENTED_EDGE('',*,*,#15820,.T.);
#15845 = ORIENTED_EDGE('',*,*,#7199,.F.);
#15846 = ORIENTED_EDGE('',*,*,#15847,.F.);
#15847 = EDGE_CURVE('',#13278,#7172,#15848,.T.);
#15848 = SURFACE_CURVE('',#15849,(#15853,#15860),.PCURVE_S1.);
#15849 = LINE('',#15850,#15851);
#15850 = CARTESIAN_POINT('',(26.639620713379,-7.527719321537,37.5));
#15851 = VECTOR('',#15852,1.);
#15852 = DIRECTION('',(1.110223024625E-16,0.,1.));
#15853 = PCURVE('',#7215,#15854);
#15854 = DEFINITIONAL_REPRESENTATION('',(#15855),#15859);
#15855 = LINE('',#15856,#15857);
#15856 = CARTESIAN_POINT('',(0.785238675806,6.055962608686E-17));
#15857 = VECTOR('',#15858,1.);
#15858 = DIRECTION('',(0.,-1.));
#15859 = ( GEOMETRIC_REPRESENTATION_CONTEXT(2)
PARAMETRIC_REPRESENTATION_CONTEXT() REPRESENTATION_CONTEXT('2D SPACE',''
  ) );
#15860 = PCURVE('',#7187,#15861);
#15861 = DEFINITIONAL_REPRESENTATION('',(#15862),#15866);
#15862 = LINE('',#15863,#15864);
#15863 = CARTESIAN_POINT('',(0.,0.));
#15864 = VECTOR('',#15865,1.);
#15865 = DIRECTION('',(0.,-1.));
#15866 = ( GEOMETRIC_REPRESENTATION_CONTEXT(2)
PARAMETRIC_REPRESENTATION_CONTEXT() REPRESENTATION_CONTEXT('2D SPACE',''
  ) );
#15867 = ADVANCED_FACE('',(#15868),#7187,.T.);
#15868 = FACE_BOUND('',#15869,.T.);
#15869 = EDGE_LOOP('',(#15870,#15871,#15872,#15873));
#15870 = ORIENTED_EDGE('',*,*,#13300,.F.);
#15871 = ORIENTED_EDGE('',*,*,#15847,.T.);
#15872 = ORIENTED_EDGE('',*,*,#7171,.F.);
#15873 = ORIENTED_EDGE('',*,*,#15874,.F.);
#15874 = EDGE_CURVE('',#13301,#7144,#15875,.T.);
#15875 = SURFACE_CURVE('',#15876,(#15880,#15887),.PCURVE_S1.);
#15876 = LINE('',#15877,#15878);
#15877 = CARTESIAN_POINT('',(26.134879021924,-6.926191597414,37.5));
#15878 = VECTOR('',#15879,1.);
#15879 = DIRECTION('',(1.110223024625E-16,0.,1.));
#15880 = PCURVE('',#7187,#15881);
#15881 = DEFINITIONAL_REPRESENTATION('',(#15882),#15886);
#15882 = LINE('',#15883,#15884);
#15883 = CARTESIAN_POINT('',(0.785238675806,5.603758473415E-17));
#15884 = VECTOR('',#15885,1.);
#15885 = DIRECTION('',(0.,-1.));
#15886 = ( GEOMETRIC_REPRESENTATION_CONTEXT(2)
PARAMETRIC_REPRESENTATION_CONTEXT() REPRESENTATION_CONTEXT('2D SPACE',''
  ) );
#15887 = PCURVE('',#7159,#15888);
#15888 = DEFINITIONAL_REPRESENTATION('',(#15889),#15893);
#15889 = LINE('',#15890,#15891);
#15890 = CARTESIAN_POINT('',(0.,0.));
#15891 = VECTOR('',#15892,1.);
#15892 = DIRECTION('',(0.,-1.));
#15893 = ( GEOMETRIC_REPRESENTATION_CONTEXT(2)
PARAMETRIC_REPRESENTATION_CONTEXT() REPRESENTATION_CONTEXT('2D SPACE',''
  ) );
#15894 = ADVANCED_FACE('',(#15895),#7159,.T.);
#15895 = FACE_BOUND('',#15896,.T.);
#15896 = EDGE_LOOP('',(#15897,#15898,#15899,#15900));
#15897 = ORIENTED_EDGE('',*,*,#13323,.F.);
#15898 = ORIENTED_EDGE('',*,*,#15874,.T.);
#15899 = ORIENTED_EDGE('',*,*,#7143,.F.);
#15900 = ORIENTED_EDGE('',*,*,#15901,.F.);
#15901 = EDGE_CURVE('',#13324,#7116,#15902,.T.);
#15902 = SURFACE_CURVE('',#15903,(#15907,#15914),.PCURVE_S1.);
#15903 = LINE('',#15904,#15905);
#15904 = CARTESIAN_POINT('',(25.673327308756,-6.290920164046,37.5));
#15905 = VECTOR('',#15906,1.);
#15906 = DIRECTION('',(1.110223024625E-16,0.,1.));
#15907 = PCURVE('',#7159,#15908);
#15908 = DEFINITIONAL_REPRESENTATION('',(#15909),#15913);
#15909 = LINE('',#15910,#15911);
#15910 = CARTESIAN_POINT('',(0.785238675806,5.12425339015E-17));
#15911 = VECTOR('',#15912,1.);
#15912 = DIRECTION('',(0.,-1.));
#15913 = ( GEOMETRIC_REPRESENTATION_CONTEXT(2)
PARAMETRIC_REPRESENTATION_CONTEXT() REPRESENTATION_CONTEXT('2D SPACE',''
  ) );
#15914 = PCURVE('',#7131,#15915);
#15915 = DEFINITIONAL_REPRESENTATION('',(#15916),#15920);
#15916 = LINE('',#15917,#15918);
#15917 = CARTESIAN_POINT('',(0.,0.));
#15918 = VECTOR('',#15919,1.);
#15919 = DIRECTION('',(0.,-1.));
#15920 = ( GEOMETRIC_REPRESENTATION_CONTEXT(2)
PARAMETRIC_REPRESENTATION_CONTEXT() REPRESENTATION_CONTEXT('2D SPACE',''
  ) );
#15921 = ADVANCED_FACE('',(#15922),#7131,.T.);
#15922 = FACE_BOUND('',#15923,.T.);
#15923 = EDGE_LOOP('',(#15924,#15925,#15926,#15927));
#15924 = ORIENTED_EDGE('',*,*,#13346,.F.);
#15925 = ORIENTED_EDGE('',*,*,#15901,.T.);
#15926 = ORIENTED_EDGE('',*,*,#7115,.F.);
#15927 = ORIENTED_EDGE('',*,*,#15928,.F.);
#15928 = EDGE_CURVE('',#13347,#7088,#15929,.T.);
#15929 = SURFACE_CURVE('',#15930,(#15934,#15941),.PCURVE_S1.);
#15930 = LINE('',#15931,#15932);
#15931 = CARTESIAN_POINT('',(25.257214207425,-5.625,37.5));
#15932 = VECTOR('',#15933,1.);
#15933 = DIRECTION('',(1.110223024625E-16,0.,1.));
#15934 = PCURVE('',#7131,#15935);
#15935 = DEFINITIONAL_REPRESENTATION('',(#15936),#15940);
#15936 = LINE('',#15937,#15938);
#15937 = CARTESIAN_POINT('',(0.785238675806,4.619783459455E-17));
#15938 = VECTOR('',#15939,1.);
#15939 = DIRECTION('',(0.,-1.));
#15940 = ( GEOMETRIC_REPRESENTATION_CONTEXT(2)
PARAMETRIC_REPRESENTATION_CONTEXT() REPRESENTATION_CONTEXT('2D SPACE',''
  ) );
#15941 = PCURVE('',#7103,#15942);
#15942 = DEFINITIONAL_REPRESENTATION('',(#15943),#15947);
#15943 = LINE('',#15944,#15945);
#15944 = CARTESIAN_POINT('',(0.,0.));
#15945 = VECTOR('',#15946,1.);
#15946 = DIRECTION('',(0.,-1.));
#15947 = ( GEOMETRIC_REPRESENTATION_CONTEXT(2)
PARAMETRIC_REPRESENTATION_CONTEXT() REPRESENTATION_CONTEXT('2D SPACE',''
  ) );
#15948 = ADVANCED_FACE('',(#15949),#7103,.T.);
#15949 = FACE_BOUND('',#15950,.T.);
#15950 = EDGE_LOOP('',(#15951,#15952,#15953,#15954));
#15951 = ORIENTED_EDGE('',*,*,#13369,.F.);
#15952 = ORIENTED_EDGE('',*,*,#15928,.T.);
#15953 = ORIENTED_EDGE('',*,*,#7087,.F.);
#15954 = ORIENTED_EDGE('',*,*,#15955,.F.);
#15955 = EDGE_CURVE('',#13370,#7060,#15956,.T.);
#15956 = SURFACE_CURVE('',#15957,(#15961,#15968),.PCURVE_S1.);
#15957 = LINE('',#15958,#15959);
#15958 = CARTESIAN_POINT('',(24.888566979134,-4.931675401377,37.5));
#15959 = VECTOR('',#15960,1.);
#15960 = DIRECTION('',(1.110223024625E-16,0.,1.));
#15961 = PCURVE('',#7103,#15962);
#15962 = DEFINITIONAL_REPRESENTATION('',(#15963),#15967);
#15963 = LINE('',#15964,#15965);
#15964 = CARTESIAN_POINT('',(0.785238675806,4.092806408126E-17));
#15965 = VECTOR('',#15966,1.);
#15966 = DIRECTION('',(0.,-1.));
#15967 = ( GEOMETRIC_REPRESENTATION_CONTEXT(2)
PARAMETRIC_REPRESENTATION_CONTEXT() REPRESENTATION_CONTEXT('2D SPACE',''
  ) );
#15968 = PCURVE('',#7075,#15969);
#15969 = DEFINITIONAL_REPRESENTATION('',(#15970),#15974);
#15970 = LINE('',#15971,#15972);
#15971 = CARTESIAN_POINT('',(0.,0.));
#15972 = VECTOR('',#15973,1.);
#15973 = DIRECTION('',(0.,-1.));
#15974 = ( GEOMETRIC_REPRESENTATION_CONTEXT(2)
PARAMETRIC_REPRESENTATION_CONTEXT() REPRESENTATION_CONTEXT('2D SPACE',''
  ) );
#15975 = ADVANCED_FACE('',(#15976),#7075,.T.);
#15976 = FACE_BOUND('',#15977,.T.);
#15977 = EDGE_LOOP('',(#15978,#15979,#15980,#15981));
#15978 = ORIENTED_EDGE('',*,*,#13392,.F.);
#15979 = ORIENTED_EDGE('',*,*,#15955,.T.);
#15980 = ORIENTED_EDGE('',*,*,#7059,.F.);
#15981 = ORIENTED_EDGE('',*,*,#15982,.F.);
#15982 = EDGE_CURVE('',#13393,#7032,#15983,.T.);
#15983 = SURFACE_CURVE('',#15984,(#15988,#15995),.PCURVE_S1.);
#15984 = LINE('',#15985,#15986);
#15985 = CARTESIAN_POINT('',(24.569181636124,-4.214324175929,37.5));
#15986 = VECTOR('',#15987,1.);
#15987 = DIRECTION('',(1.110223024625E-16,0.,1.));
#15988 = PCURVE('',#7075,#15989);
#15989 = DEFINITIONAL_REPRESENTATION('',(#15990),#15994);
#15990 = LINE('',#15991,#15992);
#15991 = CARTESIAN_POINT('',(0.785238675806,3.545889615383E-17));
#15992 = VECTOR('',#15993,1.);
#15993 = DIRECTION('',(0.,-1.));
#15994 = ( GEOMETRIC_REPRESENTATION_CONTEXT(2)
PARAMETRIC_REPRESENTATION_CONTEXT() REPRESENTATION_CONTEXT('2D SPACE',''
  ) );
#15995 = PCURVE('',#7047,#15996);
#15996 = DEFINITIONAL_REPRESENTATION('',(#15997),#16001);
#15997 = LINE('',#15998,#15999);
#15998 = CARTESIAN_POINT('',(0.,0.));
#15999 = VECTOR('',#16000,1.);
#16000 = DIRECTION('',(0.,-1.));
#16001 = ( GEOMETRIC_REPRESENTATION_CONTEXT(2)
PARAMETRIC_REPRESENTATION_CONTEXT() REPRESENTATION_CONTEXT('2D SPACE',''
  ) );
#16002 = ADVANCED_FACE('',(#16003),#7047,.T.);
#16003 = FACE_BOUND('',#16004,.T.);
#16004 = EDGE_LOOP('',(#16005,#16006,#16007,#16008));
#16005 = ORIENTED_EDGE('',*,*,#13415,.F.);
#16006 = ORIENTED_EDGE('',*,*,#15982,.T.);
#16007 = ORIENTED_EDGE('',*,*,#7031,.F.);
#16008 = ORIENTED_EDGE('',*,*,#16009,.F.);
#16009 = EDGE_CURVE('',#13416,#7004,#16010,.T.);
#16010 = SURFACE_CURVE('',#16011,(#16015,#16022),.PCURVE_S1.);
#16011 = LINE('',#16012,#16013);
#16012 = CARTESIAN_POINT('',(24.30061419168,-3.476441186718,37.5));
#16013 = VECTOR('',#16014,1.);
#16014 = DIRECTION('',(1.110223024625E-16,0.,1.));
#16015 = PCURVE('',#7047,#16016);
#16016 = DEFINITIONAL_REPRESENTATION('',(#16017),#16021);
#16017 = LINE('',#16018,#16019);
#16018 = CARTESIAN_POINT('',(0.785238675806,2.981697604866E-17));
#16019 = VECTOR('',#16020,1.);
#16020 = DIRECTION('',(0.,-1.));
#16021 = ( GEOMETRIC_REPRESENTATION_CONTEXT(2)
PARAMETRIC_REPRESENTATION_CONTEXT() REPRESENTATION_CONTEXT('2D SPACE',''
  ) );
#16022 = PCURVE('',#7019,#16023);
#16023 = DEFINITIONAL_REPRESENTATION('',(#16024),#16028);
#16024 = LINE('',#16025,#16026);
#16025 = CARTESIAN_POINT('',(0.,0.));
#16026 = VECTOR('',#16027,1.);
#16027 = DIRECTION('',(0.,-1.));
#16028 = ( GEOMETRIC_REPRESENTATION_CONTEXT(2)
PARAMETRIC_REPRESENTATION_CONTEXT() REPRESENTATION_CONTEXT('2D SPACE',''
  ) );
#16029 = ADVANCED_FACE('',(#16030),#7019,.T.);
#16030 = FACE_BOUND('',#16031,.T.);
#16031 = EDGE_LOOP('',(#16032,#16033,#16034,#16035));
#16032 = ORIENTED_EDGE('',*,*,#13438,.F.);
#16033 = ORIENTED_EDGE('',*,*,#16009,.T.);
#16034 = ORIENTED_EDGE('',*,*,#7003,.F.);
#16035 = ORIENTED_EDGE('',*,*,#16036,.F.);
#16036 = EDGE_CURVE('',#13439,#6976,#16037,.T.);
#16037 = SURFACE_CURVE('',#16038,(#16042,#16049),.PCURVE_S1.);
#16038 = LINE('',#16039,#16040);
#16039 = CARTESIAN_POINT('',(24.084173079395,-2.721621325496,37.5));
#16040 = VECTOR('',#16041,1.);
#16041 = DIRECTION('',(1.110223024625E-16,0.,1.));
#16042 = PCURVE('',#7019,#16043);
#16043 = DEFINITIONAL_REPRESENTATION('',(#16044),#16048);
#16044 = LINE('',#16045,#16046);
#16045 = CARTESIAN_POINT('',(0.785238675806,2.402979063337E-17));
#16046 = VECTOR('',#16047,1.);
#16047 = DIRECTION('',(0.,-1.));
#16048 = ( GEOMETRIC_REPRESENTATION_CONTEXT(2)
PARAMETRIC_REPRESENTATION_CONTEXT() REPRESENTATION_CONTEXT('2D SPACE',''
  ) );
#16049 = PCURVE('',#6991,#16050);
#16050 = DEFINITIONAL_REPRESENTATION('',(#16051),#16055);
#16051 = LINE('',#16052,#16053);
#16052 = CARTESIAN_POINT('',(0.,0.));
#16053 = VECTOR('',#16054,1.);
#16054 = DIRECTION('',(0.,-1.));
#16055 = ( GEOMETRIC_REPRESENTATION_CONTEXT(2)
PARAMETRIC_REPRESENTATION_CONTEXT() REPRESENTATION_CONTEXT('2D SPACE',''
  ) );
#16056 = ADVANCED_FACE('',(#16057),#6991,.T.);
#16057 = FACE_BOUND('',#16058,.T.);
#16058 = EDGE_LOOP('',(#16059,#16060,#16061,#16062));
#16059 = ORIENTED_EDGE('',*,*,#13461,.F.);
#16060 = ORIENTED_EDGE('',*,*,#16036,.T.);
#16061 = ORIENTED_EDGE('',*,*,#6975,.F.);
#16062 = ORIENTED_EDGE('',*,*,#16063,.F.);
#16063 = EDGE_CURVE('',#13462,#6948,#16064,.T.);
#16064 = SURFACE_CURVE('',#16065,(#16069,#16076),.PCURVE_S1.);
#16065 = LINE('',#16066,#16067);
#16066 = CARTESIAN_POINT('',(23.920912778613,-1.953541998753,37.5));
#16067 = VECTOR('',#16068,1.);
#16068 = DIRECTION('',(1.110223024625E-16,0.,1.));
#16069 = PCURVE('',#6991,#16070);
#16070 = DEFINITIONAL_REPRESENTATION('',(#16071),#16075);
#16071 = LINE('',#16072,#16073);
#16072 = CARTESIAN_POINT('',(0.785238675806,1.812553449358E-17));
#16073 = VECTOR('',#16074,1.);
#16074 = DIRECTION('',(0.,-1.));
#16075 = ( GEOMETRIC_REPRESENTATION_CONTEXT(2)
PARAMETRIC_REPRESENTATION_CONTEXT() REPRESENTATION_CONTEXT('2D SPACE',''
  ) );
#16076 = PCURVE('',#6963,#16077);
#16077 = DEFINITIONAL_REPRESENTATION('',(#16078),#16082);
#16078 = LINE('',#16079,#16080);
#16079 = CARTESIAN_POINT('',(0.,0.));
#16080 = VECTOR('',#16081,1.);
#16081 = DIRECTION('',(0.,-1.));
#16082 = ( GEOMETRIC_REPRESENTATION_CONTEXT(2)
PARAMETRIC_REPRESENTATION_CONTEXT() REPRESENTATION_CONTEXT('2D SPACE',''
  ) );
#16083 = ADVANCED_FACE('',(#16084),#6963,.T.);
#16084 = FACE_BOUND('',#16085,.T.);
#16085 = EDGE_LOOP('',(#16086,#16087,#16088,#16089));
#16086 = ORIENTED_EDGE('',*,*,#13484,.F.);
#16087 = ORIENTED_EDGE('',*,*,#16063,.T.);
#16088 = ORIENTED_EDGE('',*,*,#6947,.F.);
#16089 = ORIENTED_EDGE('',*,*,#16090,.F.);
#16090 = EDGE_CURVE('',#13485,#6920,#16091,.T.);
#16091 = SURFACE_CURVE('',#16092,(#16096,#16103),.PCURVE_S1.);
#16092 = LINE('',#16093,#16094);
#16093 = CARTESIAN_POINT('',(23.811628677107,-1.175945211761,37.5));
#16094 = VECTOR('',#16095,1.);
#16095 = DIRECTION('',(1.110223024625E-16,0.,1.));
#16096 = PCURVE('',#6963,#16097);
#16097 = DEFINITIONAL_REPRESENTATION('',(#16098),#16102);
#16098 = LINE('',#16099,#16100);
#16099 = CARTESIAN_POINT('',(0.785238675806,1.213297257171E-17));
#16100 = VECTOR('',#16101,1.);
#16101 = DIRECTION('',(0.,-1.));
#16102 = ( GEOMETRIC_REPRESENTATION_CONTEXT(2)
PARAMETRIC_REPRESENTATION_CONTEXT() REPRESENTATION_CONTEXT('2D SPACE',''
  ) );
#16103 = PCURVE('',#6935,#16104);
#16104 = DEFINITIONAL_REPRESENTATION('',(#16105),#16109);
#16105 = LINE('',#16106,#16107);
#16106 = CARTESIAN_POINT('',(0.,0.));
#16107 = VECTOR('',#16108,1.);
#16108 = DIRECTION('',(0.,-1.));
#16109 = ( GEOMETRIC_REPRESENTATION_CONTEXT(2)
PARAMETRIC_REPRESENTATION_CONTEXT() REPRESENTATION_CONTEXT('2D SPACE',''
  ) );
#16110 = ADVANCED_FACE('',(#16111),#6935,.T.);
#16111 = FACE_BOUND('',#16112,.T.);
#16112 = EDGE_LOOP('',(#16113,#16114,#16115,#16116));
#16113 = ORIENTED_EDGE('',*,*,#13507,.F.);
#16114 = ORIENTED_EDGE('',*,*,#16090,.T.);
#16115 = ORIENTED_EDGE('',*,*,#6919,.F.);
#16116 = ORIENTED_EDGE('',*,*,#16117,.F.);
#16117 = EDGE_CURVE('',#13508,#6892,#16118,.T.);
#16118 = SURFACE_CURVE('',#16119,(#16123,#16130),.PCURVE_S1.);
#16119 = LINE('',#16120,#16121);
#16120 = CARTESIAN_POINT('',(23.756853196035,-0.392619337903,37.5));
#16121 = VECTOR('',#16122,1.);
#16122 = DIRECTION('',(1.110223024625E-16,0.,1.));
#16123 = PCURVE('',#6935,#16124);
#16124 = DEFINITIONAL_REPRESENTATION('',(#16125),#16129);
#16125 = LINE('',#16126,#16127);
#16126 = CARTESIAN_POINT('',(0.785238675806,6.081300027078E-18));
#16127 = VECTOR('',#16128,1.);
#16128 = DIRECTION('',(0.,-1.));
#16129 = ( GEOMETRIC_REPRESENTATION_CONTEXT(2)
PARAMETRIC_REPRESENTATION_CONTEXT() REPRESENTATION_CONTEXT('2D SPACE',''
  ) );
#16130 = PCURVE('',#6907,#16131);
#16131 = DEFINITIONAL_REPRESENTATION('',(#16132),#16136);
#16132 = LINE('',#16133,#16134);
#16133 = CARTESIAN_POINT('',(0.,0.));
#16134 = VECTOR('',#16135,1.);
#16135 = DIRECTION('',(0.,-1.));
#16136 = ( GEOMETRIC_REPRESENTATION_CONTEXT(2)
PARAMETRIC_REPRESENTATION_CONTEXT() REPRESENTATION_CONTEXT('2D SPACE',''
  ) );
#16137 = ADVANCED_FACE('',(#16138),#6907,.T.);
#16138 = FACE_BOUND('',#16139,.T.);
#16139 = EDGE_LOOP('',(#16140,#16141,#16142,#16143));
#16140 = ORIENTED_EDGE('',*,*,#13530,.F.);
#16141 = ORIENTED_EDGE('',*,*,#16117,.T.);
#16142 = ORIENTED_EDGE('',*,*,#6891,.F.);
#16143 = ORIENTED_EDGE('',*,*,#16144,.F.);
#16144 = EDGE_CURVE('',#13531,#6864,#16145,.T.);
#16145 = SURFACE_CURVE('',#16146,(#16150,#16157),.PCURVE_S1.);
#16146 = LINE('',#16147,#16148);
#16147 = CARTESIAN_POINT('',(23.756853196035,0.392619337903,37.5));
#16148 = VECTOR('',#16149,1.);
#16149 = DIRECTION('',(1.110223024625E-16,0.,1.));
#16150 = PCURVE('',#6907,#16151);
#16151 = DEFINITIONAL_REPRESENTATION('',(#16152),#16156);
#16152 = LINE('',#16153,#16154);
#16153 = CARTESIAN_POINT('',(0.785238675806,0.));
#16154 = VECTOR('',#16155,1.);
#16155 = DIRECTION('',(0.,-1.));
#16156 = ( GEOMETRIC_REPRESENTATION_CONTEXT(2)
PARAMETRIC_REPRESENTATION_CONTEXT() REPRESENTATION_CONTEXT('2D SPACE',''
  ) );
#16157 = PCURVE('',#6879,#16158);
#16158 = DEFINITIONAL_REPRESENTATION('',(#16159),#16163);
#16159 = LINE('',#16160,#16161);
#16160 = CARTESIAN_POINT('',(0.,0.));
#16161 = VECTOR('',#16162,1.);
#16162 = DIRECTION('',(0.,-1.));
#16163 = ( GEOMETRIC_REPRESENTATION_CONTEXT(2)
PARAMETRIC_REPRESENTATION_CONTEXT() REPRESENTATION_CONTEXT('2D SPACE',''
  ) );
#16164 = ADVANCED_FACE('',(#16165),#6879,.T.);
#16165 = FACE_BOUND('',#16166,.T.);
#16166 = EDGE_LOOP('',(#16167,#16168,#16169,#16170));
#16167 = ORIENTED_EDGE('',*,*,#13553,.F.);
#16168 = ORIENTED_EDGE('',*,*,#16144,.T.);
#16169 = ORIENTED_EDGE('',*,*,#6863,.F.);
#16170 = ORIENTED_EDGE('',*,*,#16171,.F.);
#16171 = EDGE_CURVE('',#13554,#6836,#16172,.T.);
#16172 = SURFACE_CURVE('',#16173,(#16177,#16184),.PCURVE_S1.);
#16173 = LINE('',#16174,#16175);
#16174 = CARTESIAN_POINT('',(23.811628677107,1.175945211761,37.5));
#16175 = VECTOR('',#16176,1.);
#16176 = DIRECTION('',(1.110223024625E-16,0.,1.));
#16177 = PCURVE('',#6879,#16178);
#16178 = DEFINITIONAL_REPRESENTATION('',(#16179),#16183);
#16179 = LINE('',#16180,#16181);
#16180 = CARTESIAN_POINT('',(0.785238675806,-6.081300027078E-18));
#16181 = VECTOR('',#16182,1.);
#16182 = DIRECTION('',(0.,-1.));
#16183 = ( GEOMETRIC_REPRESENTATION_CONTEXT(2)
PARAMETRIC_REPRESENTATION_CONTEXT() REPRESENTATION_CONTEXT('2D SPACE',''
  ) );
#16184 = PCURVE('',#6851,#16185);
#16185 = DEFINITIONAL_REPRESENTATION('',(#16186),#16190);
#16186 = LINE('',#16187,#16188);
#16187 = CARTESIAN_POINT('',(0.,0.));
#16188 = VECTOR('',#16189,1.);
#16189 = DIRECTION('',(0.,-1.));
#16190 = ( GEOMETRIC_REPRESENTATION_CONTEXT(2)
PARAMETRIC_REPRESENTATION_CONTEXT() REPRESENTATION_CONTEXT('2D SPACE',''
  ) );
#16191 = ADVANCED_FACE('',(#16192),#6851,.T.);
#16192 = FACE_BOUND('',#16193,.T.);
#16193 = EDGE_LOOP('',(#16194,#16195,#16196,#16197));
#16194 = ORIENTED_EDGE('',*,*,#13576,.F.);
#16195 = ORIENTED_EDGE('',*,*,#16171,.T.);
#16196 = ORIENTED_EDGE('',*,*,#6835,.F.);
#16197 = ORIENTED_EDGE('',*,*,#16198,.F.);
#16198 = EDGE_CURVE('',#13577,#6808,#16199,.T.);
#16199 = SURFACE_CURVE('',#16200,(#16204,#16211),.PCURVE_S1.);
#16200 = LINE('',#16201,#16202);
#16201 = CARTESIAN_POINT('',(23.920912778613,1.953541998753,37.5));
#16202 = VECTOR('',#16203,1.);
#16203 = DIRECTION('',(1.110223024625E-16,0.,1.));
#16204 = PCURVE('',#6851,#16205);
#16205 = DEFINITIONAL_REPRESENTATION('',(#16206),#16210);
#16206 = LINE('',#16207,#16208);
#16207 = CARTESIAN_POINT('',(0.785238675806,-1.213297257171E-17));
#16208 = VECTOR('',#16209,1.);
#16209 = DIRECTION('',(0.,-1.));
#16210 = ( GEOMETRIC_REPRESENTATION_CONTEXT(2)
PARAMETRIC_REPRESENTATION_CONTEXT() REPRESENTATION_CONTEXT('2D SPACE',''
  ) );
#16211 = PCURVE('',#6823,#16212);
#16212 = DEFINITIONAL_REPRESENTATION('',(#16213),#16217);
#16213 = LINE('',#16214,#16215);
#16214 = CARTESIAN_POINT('',(0.,0.));
#16215 = VECTOR('',#16216,1.);
#16216 = DIRECTION('',(0.,-1.));
#16217 = ( GEOMETRIC_REPRESENTATION_CONTEXT(2)
PARAMETRIC_REPRESENTATION_CONTEXT() REPRESENTATION_CONTEXT('2D SPACE',''
  ) );
#16218 = ADVANCED_FACE('',(#16219),#6823,.T.);
#16219 = FACE_BOUND('',#16220,.T.);
#16220 = EDGE_LOOP('',(#16221,#16222,#16223,#16224));
#16221 = ORIENTED_EDGE('',*,*,#13599,.F.);
#16222 = ORIENTED_EDGE('',*,*,#16198,.T.);
#16223 = ORIENTED_EDGE('',*,*,#6807,.F.);
#16224 = ORIENTED_EDGE('',*,*,#16225,.F.);
#16225 = EDGE_CURVE('',#13600,#6780,#16226,.T.);
#16226 = SURFACE_CURVE('',#16227,(#16231,#16238),.PCURVE_S1.);
#16227 = LINE('',#16228,#16229);
#16228 = CARTESIAN_POINT('',(24.084173079395,2.721621325496,37.5));
#16229 = VECTOR('',#16230,1.);
#16230 = DIRECTION('',(1.110223024625E-16,0.,1.));
#16231 = PCURVE('',#6823,#16232);
#16232 = DEFINITIONAL_REPRESENTATION('',(#16233),#16237);
#16233 = LINE('',#16234,#16235);
#16234 = CARTESIAN_POINT('',(0.785238675806,-1.812553449358E-17));
#16235 = VECTOR('',#16236,1.);
#16236 = DIRECTION('',(0.,-1.));
#16237 = ( GEOMETRIC_REPRESENTATION_CONTEXT(2)
PARAMETRIC_REPRESENTATION_CONTEXT() REPRESENTATION_CONTEXT('2D SPACE',''
  ) );
#16238 = PCURVE('',#6795,#16239);
#16239 = DEFINITIONAL_REPRESENTATION('',(#16240),#16244);
#16240 = LINE('',#16241,#16242);
#16241 = CARTESIAN_POINT('',(0.,0.));
#16242 = VECTOR('',#16243,1.);
#16243 = DIRECTION('',(0.,-1.));
#16244 = ( GEOMETRIC_REPRESENTATION_CONTEXT(2)
PARAMETRIC_REPRESENTATION_CONTEXT() REPRESENTATION_CONTEXT('2D SPACE',''
  ) );
#16245 = ADVANCED_FACE('',(#16246),#6795,.T.);
#16246 = FACE_BOUND('',#16247,.T.);
#16247 = EDGE_LOOP('',(#16248,#16249,#16250,#16251));
#16248 = ORIENTED_EDGE('',*,*,#13622,.F.);
#16249 = ORIENTED_EDGE('',*,*,#16225,.T.);
#16250 = ORIENTED_EDGE('',*,*,#6779,.F.);
#16251 = ORIENTED_EDGE('',*,*,#16252,.F.);
#16252 = EDGE_CURVE('',#13623,#6752,#16253,.T.);
#16253 = SURFACE_CURVE('',#16254,(#16258,#16265),.PCURVE_S1.);
#16254 = LINE('',#16255,#16256);
#16255 = CARTESIAN_POINT('',(24.30061419168,3.476441186718,37.5));
#16256 = VECTOR('',#16257,1.);
#16257 = DIRECTION('',(1.110223024625E-16,0.,1.));
#16258 = PCURVE('',#6795,#16259);
#16259 = DEFINITIONAL_REPRESENTATION('',(#16260),#16264);
#16260 = LINE('',#16261,#16262);
#16261 = CARTESIAN_POINT('',(0.785238675806,-2.402979063337E-17));
#16262 = VECTOR('',#16263,1.);
#16263 = DIRECTION('',(0.,-1.));
#16264 = ( GEOMETRIC_REPRESENTATION_CONTEXT(2)
PARAMETRIC_REPRESENTATION_CONTEXT() REPRESENTATION_CONTEXT('2D SPACE',''
  ) );
#16265 = PCURVE('',#6767,#16266);
#16266 = DEFINITIONAL_REPRESENTATION('',(#16267),#16271);
#16267 = LINE('',#16268,#16269);
#16268 = CARTESIAN_POINT('',(0.,0.));
#16269 = VECTOR('',#16270,1.);
#16270 = DIRECTION('',(0.,-1.));
#16271 = ( GEOMETRIC_REPRESENTATION_CONTEXT(2)
PARAMETRIC_REPRESENTATION_CONTEXT() REPRESENTATION_CONTEXT('2D SPACE',''
  ) );
#16272 = ADVANCED_FACE('',(#16273),#6767,.T.);
#16273 = FACE_BOUND('',#16274,.T.);
#16274 = EDGE_LOOP('',(#16275,#16276,#16277,#16278));
#16275 = ORIENTED_EDGE('',*,*,#13645,.F.);
#16276 = ORIENTED_EDGE('',*,*,#16252,.T.);
#16277 = ORIENTED_EDGE('',*,*,#6751,.F.);
#16278 = ORIENTED_EDGE('',*,*,#16279,.F.);
#16279 = EDGE_CURVE('',#13646,#6724,#16280,.T.);
#16280 = SURFACE_CURVE('',#16281,(#16285,#16292),.PCURVE_S1.);
#16281 = LINE('',#16282,#16283);
#16282 = CARTESIAN_POINT('',(24.569181636124,4.214324175929,37.5));
#16283 = VECTOR('',#16284,1.);
#16284 = DIRECTION('',(1.110223024625E-16,0.,1.));
#16285 = PCURVE('',#6767,#16286);
#16286 = DEFINITIONAL_REPRESENTATION('',(#16287),#16291);
#16287 = LINE('',#16288,#16289);
#16288 = CARTESIAN_POINT('',(0.785238675806,-2.981697604866E-17));
#16289 = VECTOR('',#16290,1.);
#16290 = DIRECTION('',(0.,-1.));
#16291 = ( GEOMETRIC_REPRESENTATION_CONTEXT(2)
PARAMETRIC_REPRESENTATION_CONTEXT() REPRESENTATION_CONTEXT('2D SPACE',''
  ) );
#16292 = PCURVE('',#6739,#16293);
#16293 = DEFINITIONAL_REPRESENTATION('',(#16294),#16298);
#16294 = LINE('',#16295,#16296);
#16295 = CARTESIAN_POINT('',(0.,0.));
#16296 = VECTOR('',#16297,1.);
#16297 = DIRECTION('',(0.,-1.));
#16298 = ( GEOMETRIC_REPRESENTATION_CONTEXT(2)
PARAMETRIC_REPRESENTATION_CONTEXT() REPRESENTATION_CONTEXT('2D SPACE',''
  ) );
#16299 = ADVANCED_FACE('',(#16300),#6739,.T.);
#16300 = FACE_BOUND('',#16301,.T.);
#16301 = EDGE_LOOP('',(#16302,#16303,#16304,#16305));
#16302 = ORIENTED_EDGE('',*,*,#13668,.F.);
#16303 = ORIENTED_EDGE('',*,*,#16279,.T.);
#16304 = ORIENTED_EDGE('',*,*,#6723,.F.);
#16305 = ORIENTED_EDGE('',*,*,#16306,.F.);
#16306 = EDGE_CURVE('',#13669,#6696,#16307,.T.);
#16307 = SURFACE_CURVE('',#16308,(#16312,#16319),.PCURVE_S1.);
#16308 = LINE('',#16309,#16310);
#16309 = CARTESIAN_POINT('',(24.888566979134,4.931675401377,37.5));
#16310 = VECTOR('',#16311,1.);
#16311 = DIRECTION('',(1.110223024625E-16,0.,1.));
#16312 = PCURVE('',#6739,#16313);
#16313 = DEFINITIONAL_REPRESENTATION('',(#16314),#16318);
#16314 = LINE('',#16315,#16316);
#16315 = CARTESIAN_POINT('',(0.785238675806,-3.545889615383E-17));
#16316 = VECTOR('',#16317,1.);
#16317 = DIRECTION('',(0.,-1.));
#16318 = ( GEOMETRIC_REPRESENTATION_CONTEXT(2)
PARAMETRIC_REPRESENTATION_CONTEXT() REPRESENTATION_CONTEXT('2D SPACE',''
  ) );
#16319 = PCURVE('',#6711,#16320);
#16320 = DEFINITIONAL_REPRESENTATION('',(#16321),#16325);
#16321 = LINE('',#16322,#16323);
#16322 = CARTESIAN_POINT('',(0.,0.));
#16323 = VECTOR('',#16324,1.);
#16324 = DIRECTION('',(0.,-1.));
#16325 = ( GEOMETRIC_REPRESENTATION_CONTEXT(2)
PARAMETRIC_REPRESENTATION_CONTEXT() REPRESENTATION_CONTEXT('2D SPACE',''
  ) );
#16326 = ADVANCED_FACE('',(#16327),#6711,.T.);
#16327 = FACE_BOUND('',#16328,.T.);
#16328 = EDGE_LOOP('',(#16329,#16330,#16331,#16332));
#16329 = ORIENTED_EDGE('',*,*,#13691,.F.);
#16330 = ORIENTED_EDGE('',*,*,#16306,.T.);
#16331 = ORIENTED_EDGE('',*,*,#6695,.F.);
#16332 = ORIENTED_EDGE('',*,*,#16333,.F.);
#16333 = EDGE_CURVE('',#13692,#6668,#16334,.T.);
#16334 = SURFACE_CURVE('',#16335,(#16339,#16346),.PCURVE_S1.);
#16335 = LINE('',#16336,#16337);
#16336 = CARTESIAN_POINT('',(25.257214207425,5.625,37.5));
#16337 = VECTOR('',#16338,1.);
#16338 = DIRECTION('',(1.110223024625E-16,0.,1.));
#16339 = PCURVE('',#6711,#16340);
#16340 = DEFINITIONAL_REPRESENTATION('',(#16341),#16345);
#16341 = LINE('',#16342,#16343);
#16342 = CARTESIAN_POINT('',(0.785238675806,-4.092806408126E-17));
#16343 = VECTOR('',#16344,1.);
#16344 = DIRECTION('',(0.,-1.));
#16345 = ( GEOMETRIC_REPRESENTATION_CONTEXT(2)
PARAMETRIC_REPRESENTATION_CONTEXT() REPRESENTATION_CONTEXT('2D SPACE',''
  ) );
#16346 = PCURVE('',#6683,#16347);
#16347 = DEFINITIONAL_REPRESENTATION('',(#16348),#16352);
#16348 = LINE('',#16349,#16350);
#16349 = CARTESIAN_POINT('',(0.,0.));
#16350 = VECTOR('',#16351,1.);
#16351 = DIRECTION('',(0.,-1.));
#16352 = ( GEOMETRIC_REPRESENTATION_CONTEXT(2)
PARAMETRIC_REPRESENTATION_CONTEXT() REPRESENTATION_CONTEXT('2D SPACE',''
  ) );
#16353 = ADVANCED_FACE('',(#16354),#6683,.T.);
#16354 = FACE_BOUND('',#16355,.T.);
#16355 = EDGE_LOOP('',(#16356,#16357,#16358,#16359));
#16356 = ORIENTED_EDGE('',*,*,#13714,.F.);
#16357 = ORIENTED_EDGE('',*,*,#16333,.T.);
#16358 = ORIENTED_EDGE('',*,*,#6667,.F.);
#16359 = ORIENTED_EDGE('',*,*,#16360,.F.);
#16360 = EDGE_CURVE('',#13715,#6640,#16361,.T.);
#16361 = SURFACE_CURVE('',#16362,(#16366,#16373),.PCURVE_S1.);
#16362 = LINE('',#16363,#16364);
#16363 = CARTESIAN_POINT('',(25.673327308756,6.290920164046,37.5));
#16364 = VECTOR('',#16365,1.);
#16365 = DIRECTION('',(1.110223024625E-16,0.,1.));
#16366 = PCURVE('',#6683,#16367);
#16367 = DEFINITIONAL_REPRESENTATION('',(#16368),#16372);
#16368 = LINE('',#16369,#16370);
#16369 = CARTESIAN_POINT('',(0.785238675806,-4.619783459455E-17));
#16370 = VECTOR('',#16371,1.);
#16371 = DIRECTION('',(0.,-1.));
#16372 = ( GEOMETRIC_REPRESENTATION_CONTEXT(2)
PARAMETRIC_REPRESENTATION_CONTEXT() REPRESENTATION_CONTEXT('2D SPACE',''
  ) );
#16373 = PCURVE('',#6655,#16374);
#16374 = DEFINITIONAL_REPRESENTATION('',(#16375),#16379);
#16375 = LINE('',#16376,#16377);
#16376 = CARTESIAN_POINT('',(0.,0.));
#16377 = VECTOR('',#16378,1.);
#16378 = DIRECTION('',(0.,-1.));
#16379 = ( GEOMETRIC_REPRESENTATION_CONTEXT(2)
PARAMETRIC_REPRESENTATION_CONTEXT() REPRESENTATION_CONTEXT('2D SPACE',''
  ) );
#16380 = ADVANCED_FACE('',(#16381),#6655,.T.);
#16381 = FACE_BOUND('',#16382,.T.);
#16382 = EDGE_LOOP('',(#16383,#16384,#16385,#16386));
#16383 = ORIENTED_EDGE('',*,*,#13737,.F.);
#16384 = ORIENTED_EDGE('',*,*,#16360,.T.);
#16385 = ORIENTED_EDGE('',*,*,#6639,.F.);
#16386 = ORIENTED_EDGE('',*,*,#16387,.F.);
#16387 = EDGE_CURVE('',#13738,#6612,#16388,.T.);
#16388 = SURFACE_CURVE('',#16389,(#16393,#16400),.PCURVE_S1.);
#16389 = LINE('',#16390,#16391);
#16390 = CARTESIAN_POINT('',(26.134879021924,6.926191597414,37.5));
#16391 = VECTOR('',#16392,1.);
#16392 = DIRECTION('',(1.110223024625E-16,0.,1.));
#16393 = PCURVE('',#6655,#16394);
#16394 = DEFINITIONAL_REPRESENTATION('',(#16395),#16399);
#16395 = LINE('',#16396,#16397);
#16396 = CARTESIAN_POINT('',(0.785238675806,-5.12425339015E-17));
#16397 = VECTOR('',#16398,1.);
#16398 = DIRECTION('',(0.,-1.));
#16399 = ( GEOMETRIC_REPRESENTATION_CONTEXT(2)
PARAMETRIC_REPRESENTATION_CONTEXT() REPRESENTATION_CONTEXT('2D SPACE',''
  ) );
#16400 = PCURVE('',#6627,#16401);
#16401 = DEFINITIONAL_REPRESENTATION('',(#16402),#16406);
#16402 = LINE('',#16403,#16404);
#16403 = CARTESIAN_POINT('',(0.,0.));
#16404 = VECTOR('',#16405,1.);
#16405 = DIRECTION('',(0.,-1.));
#16406 = ( GEOMETRIC_REPRESENTATION_CONTEXT(2)
PARAMETRIC_REPRESENTATION_CONTEXT() REPRESENTATION_CONTEXT('2D SPACE',''
  ) );
#16407 = ADVANCED_FACE('',(#16408),#6627,.T.);
#16408 = FACE_BOUND('',#16409,.T.);
#16409 = EDGE_LOOP('',(#16410,#16411,#16412,#16413));
#16410 = ORIENTED_EDGE('',*,*,#13760,.F.);
#16411 = ORIENTED_EDGE('',*,*,#16387,.T.);
#16412 = ORIENTED_EDGE('',*,*,#6611,.F.);
#16413 = ORIENTED_EDGE('',*,*,#16414,.F.);
#16414 = EDGE_CURVE('',#13761,#6584,#16415,.T.);
#16415 = SURFACE_CURVE('',#16416,(#16420,#16427),.PCURVE_S1.);
#16416 = LINE('',#16417,#16418);
#16417 = CARTESIAN_POINT('',(26.639620713379,7.527719321537,37.5));
#16418 = VECTOR('',#16419,1.);
#16419 = DIRECTION('',(1.110223024625E-16,0.,1.));
#16420 = PCURVE('',#6627,#16421);
#16421 = DEFINITIONAL_REPRESENTATION('',(#16422),#16426);
#16422 = LINE('',#16423,#16424);
#16423 = CARTESIAN_POINT('',(0.785238675806,-5.603758473415E-17));
#16424 = VECTOR('',#16425,1.);
#16425 = DIRECTION('',(0.,-1.));
#16426 = ( GEOMETRIC_REPRESENTATION_CONTEXT(2)
PARAMETRIC_REPRESENTATION_CONTEXT() REPRESENTATION_CONTEXT('2D SPACE',''
  ) );
#16427 = PCURVE('',#6599,#16428);
#16428 = DEFINITIONAL_REPRESENTATION('',(#16429),#16433);
#16429 = LINE('',#16430,#16431);
#16430 = CARTESIAN_POINT('',(0.,0.));
#16431 = VECTOR('',#16432,1.);
#16432 = DIRECTION('',(0.,-1.));
#16433 = ( GEOMETRIC_REPRESENTATION_CONTEXT(2)
PARAMETRIC_REPRESENTATION_CONTEXT() REPRESENTATION_CONTEXT('2D SPACE',''
  ) );
#16434 = ADVANCED_FACE('',(#16435),#6599,.T.);
#16435 = FACE_BOUND('',#16436,.T.);
#16436 = EDGE_LOOP('',(#16437,#16438,#16439,#16440));
#16437 = ORIENTED_EDGE('',*,*,#13783,.F.);
#16438 = ORIENTED_EDGE('',*,*,#16414,.T.);
#16439 = ORIENTED_EDGE('',*,*,#6583,.F.);
#16440 = ORIENTED_EDGE('',*,*,#16441,.F.);
#16441 = EDGE_CURVE('',#13784,#6556,#16442,.T.);
#16442 = SURFACE_CURVE('',#16443,(#16447,#16454),.PCURVE_S1.);
#16443 = LINE('',#16444,#16445);
#16444 = CARTESIAN_POINT('',(27.185093332336,8.09257275381,37.5));
#16445 = VECTOR('',#16446,1.);
#16446 = DIRECTION('',(1.110223024625E-16,0.,1.));
#16447 = PCURVE('',#6599,#16448);
#16448 = DEFINITIONAL_REPRESENTATION('',(#16449),#16453);
#16449 = LINE('',#16450,#16451);
#16450 = CARTESIAN_POINT('',(0.785238675806,-6.055962608686E-17));
#16451 = VECTOR('',#16452,1.);
#16452 = DIRECTION('',(0.,-1.));
#16453 = ( GEOMETRIC_REPRESENTATION_CONTEXT(2)
PARAMETRIC_REPRESENTATION_CONTEXT() REPRESENTATION_CONTEXT('2D SPACE',''
  ) );
#16454 = PCURVE('',#6571,#16455);
#16455 = DEFINITIONAL_REPRESENTATION('',(#16456),#16460);
#16456 = LINE('',#16457,#16458);
#16457 = CARTESIAN_POINT('',(0.,0.));
#16458 = VECTOR('',#16459,1.);
#16459 = DIRECTION('',(0.,-1.));
#16460 = ( GEOMETRIC_REPRESENTATION_CONTEXT(2)
PARAMETRIC_REPRESENTATION_CONTEXT() REPRESENTATION_CONTEXT('2D SPACE',''
  ) );
#16461 = ADVANCED_FACE('',(#16462),#6571,.T.);
#16462 = FACE_BOUND('',#16463,.T.);
#16463 = EDGE_LOOP('',(#16464,#16465,#16466,#16467));
#16464 = ORIENTED_EDGE('',*,*,#13806,.F.);
#16465 = ORIENTED_EDGE('',*,*,#16441,.T.);
#16466 = ORIENTED_EDGE('',*,*,#6555,.F.);
#16467 = ORIENTED_EDGE('',*,*,#16468,.F.);
#16468 = EDGE_CURVE('',#13807,#6528,#16469,.T.);
#16469 = SURFACE_CURVE('',#16470,(#16474,#16481),.PCURVE_S1.);
#16470 = LINE('',#16471,#16472);
#16471 = CARTESIAN_POINT('',(27.768639391026,8.617999985089,37.5));
#16472 = VECTOR('',#16473,1.);
#16473 = DIRECTION('',(1.110223024625E-16,0.,1.));
#16474 = PCURVE('',#6571,#16475);
#16475 = DEFINITIONAL_REPRESENTATION('',(#16476),#16480);
#16476 = LINE('',#16477,#16478);
#16477 = CARTESIAN_POINT('',(0.785238675806,-6.478662702871E-17));
#16478 = VECTOR('',#16479,1.);
#16479 = DIRECTION('',(0.,-1.));
#16480 = ( GEOMETRIC_REPRESENTATION_CONTEXT(2)
PARAMETRIC_REPRESENTATION_CONTEXT() REPRESENTATION_CONTEXT('2D SPACE',''
  ) );
#16481 = PCURVE('',#6543,#16482);
#16482 = DEFINITIONAL_REPRESENTATION('',(#16483),#16487);
#16483 = LINE('',#16484,#16485);
#16484 = CARTESIAN_POINT('',(0.,0.));
#16485 = VECTOR('',#16486,1.);
#16486 = DIRECTION('',(0.,-1.));
#16487 = ( GEOMETRIC_REPRESENTATION_CONTEXT(2)
PARAMETRIC_REPRESENTATION_CONTEXT() REPRESENTATION_CONTEXT('2D SPACE',''
  ) );
#16488 = ADVANCED_FACE('',(#16489),#6543,.T.);
#16489 = FACE_BOUND('',#16490,.T.);
#16490 = EDGE_LOOP('',(#16491,#16492,#16493,#16494));
#16491 = ORIENTED_EDGE('',*,*,#13829,.F.);
#16492 = ORIENTED_EDGE('',*,*,#16468,.T.);
#16493 = ORIENTED_EDGE('',*,*,#6527,.F.);
#16494 = ORIENTED_EDGE('',*,*,#16495,.F.);
#16495 = EDGE_CURVE('',#13830,#6500,#16496,.T.);
#16496 = SURFACE_CURVE('',#16497,(#16501,#16508),.PCURVE_S1.);
#16497 = LINE('',#16498,#16499);
#16498 = CARTESIAN_POINT('',(28.38741591171,9.101441186718,37.5));
#16499 = VECTOR('',#16500,1.);
#16500 = DIRECTION('',(1.110223024625E-16,0.,1.));
#16501 = PCURVE('',#6543,#16502);
#16502 = DEFINITIONAL_REPRESENTATION('',(#16503),#16507);
#16503 = LINE('',#16504,#16505);
#16504 = CARTESIAN_POINT('',(0.785238675806,-6.8697994036E-17));
#16505 = VECTOR('',#16506,1.);
#16506 = DIRECTION('',(0.,-1.));
#16507 = ( GEOMETRIC_REPRESENTATION_CONTEXT(2)
PARAMETRIC_REPRESENTATION_CONTEXT() REPRESENTATION_CONTEXT('2D SPACE',''
  ) );
#16508 = PCURVE('',#6515,#16509);
#16509 = DEFINITIONAL_REPRESENTATION('',(#16510),#16514);
#16510 = LINE('',#16511,#16512);
#16511 = CARTESIAN_POINT('',(0.,0.));
#16512 = VECTOR('',#16513,1.);
#16513 = DIRECTION('',(0.,-1.));
#16514 = ( GEOMETRIC_REPRESENTATION_CONTEXT(2)
PARAMETRIC_REPRESENTATION_CONTEXT() REPRESENTATION_CONTEXT('2D SPACE',''
  ) );
#16515 = ADVANCED_FACE('',(#16516),#6515,.T.);
#16516 = FACE_BOUND('',#16517,.T.);
#16517 = EDGE_LOOP('',(#16518,#16519,#16520,#16521));
#16518 = ORIENTED_EDGE('',*,*,#13852,.F.);
#16519 = ORIENTED_EDGE('',*,*,#16495,.T.);
#16520 = ORIENTED_EDGE('',*,*,#6499,.F.);
#16521 = ORIENTED_EDGE('',*,*,#16522,.F.);
#16522 = EDGE_CURVE('',#13853,#6472,#16523,.T.);
#16523 = SURFACE_CURVE('',#16524,(#16528,#16535),.PCURVE_S1.);
#16524 = LINE('',#16525,#16526);
#16525 = CARTESIAN_POINT('',(29.038408277376,9.54054108176,37.5));
#16526 = VECTOR('',#16527,1.);
#16527 = DIRECTION('',(1.110223024625E-16,0.,1.));
#16528 = PCURVE('',#6515,#16529);
#16529 = DEFINITIONAL_REPRESENTATION('',(#16530),#16534);
#16530 = LINE('',#16531,#16532);
#16531 = CARTESIAN_POINT('',(0.785238675806,-7.227467132184E-17));
#16532 = VECTOR('',#16533,1.);
#16533 = DIRECTION('',(0.,-1.));
#16534 = ( GEOMETRIC_REPRESENTATION_CONTEXT(2)
PARAMETRIC_REPRESENTATION_CONTEXT() REPRESENTATION_CONTEXT('2D SPACE',''
  ) );
#16535 = PCURVE('',#6487,#16536);
#16536 = DEFINITIONAL_REPRESENTATION('',(#16537),#16541);
#16537 = LINE('',#16538,#16539);
#16538 = CARTESIAN_POINT('',(0.,0.));
#16539 = VECTOR('',#16540,1.);
#16540 = DIRECTION('',(0.,-1.));
#16541 = ( GEOMETRIC_REPRESENTATION_CONTEXT(2)
PARAMETRIC_REPRESENTATION_CONTEXT() REPRESENTATION_CONTEXT('2D SPACE',''
  ) );
#16542 = ADVANCED_FACE('',(#16543),#6487,.T.);
#16543 = FACE_BOUND('',#16544,.T.);
#16544 = EDGE_LOOP('',(#16545,#16546,#16547,#16548));
#16545 = ORIENTED_EDGE('',*,*,#13875,.F.);
#16546 = ORIENTED_EDGE('',*,*,#16522,.T.);
#16547 = ORIENTED_EDGE('',*,*,#6471,.F.);
#16548 = ORIENTED_EDGE('',*,*,#16549,.F.);
#16549 = EDGE_CURVE('',#13876,#6444,#16550,.T.);
#16550 = SURFACE_CURVE('',#16551,(#16555,#16562),.PCURVE_S1.);
#16551 = LINE('',#16552,#16553);
#16552 = CARTESIAN_POINT('',(29.718444918659,9.933160419663,37.5));
#16553 = VECTOR('',#16554,1.);
#16554 = DIRECTION('',(1.110223024625E-16,0.,1.));
#16555 = PCURVE('',#6487,#16556);
#16556 = DEFINITIONAL_REPRESENTATION('',(#16557),#16561);
#16557 = LINE('',#16558,#16559);
#16558 = CARTESIAN_POINT('',(0.785238675806,-7.549923367404E-17));
#16559 = VECTOR('',#16560,1.);
#16560 = DIRECTION('',(0.,-1.));
#16561 = ( GEOMETRIC_REPRESENTATION_CONTEXT(2)
PARAMETRIC_REPRESENTATION_CONTEXT() REPRESENTATION_CONTEXT('2D SPACE',''
  ) );
#16562 = PCURVE('',#6459,#16563);
#16563 = DEFINITIONAL_REPRESENTATION('',(#16564),#16568);
#16564 = LINE('',#16565,#16566);
#16565 = CARTESIAN_POINT('',(0.,0.));
#16566 = VECTOR('',#16567,1.);
#16567 = DIRECTION('',(0.,-1.));
#16568 = ( GEOMETRIC_REPRESENTATION_CONTEXT(2)
PARAMETRIC_REPRESENTATION_CONTEXT() REPRESENTATION_CONTEXT('2D SPACE',''
  ) );
#16569 = ADVANCED_FACE('',(#16570),#6459,.T.);
#16570 = FACE_BOUND('',#16571,.T.);
#16571 = EDGE_LOOP('',(#16572,#16573,#16574,#16575));
#16572 = ORIENTED_EDGE('',*,*,#13898,.F.);
#16573 = ORIENTED_EDGE('',*,*,#16549,.T.);
#16574 = ORIENTED_EDGE('',*,*,#6443,.F.);
#16575 = ORIENTED_EDGE('',*,*,#16576,.F.);
#16576 = EDGE_CURVE('',#13899,#6416,#16577,.T.);
#16577 = SURFACE_CURVE('',#16578,(#16582,#16589),.PCURVE_S1.);
#16578 = LINE('',#16579,#16580);
#16579 = CARTESIAN_POINT('',(30.424212765397,10.277386398479,37.5));
#16580 = VECTOR('',#16581,1.);
#16581 = DIRECTION('',(1.110223024625E-16,0.,1.));
#16582 = PCURVE('',#6459,#16583);
#16583 = DEFINITIONAL_REPRESENTATION('',(#16584),#16588);
#16584 = LINE('',#16585,#16586);
#16585 = CARTESIAN_POINT('',(0.785238675806,-7.835597134892E-17));
#16586 = VECTOR('',#16587,1.);
#16587 = DIRECTION('',(0.,-1.));
#16588 = ( GEOMETRIC_REPRESENTATION_CONTEXT(2)
PARAMETRIC_REPRESENTATION_CONTEXT() REPRESENTATION_CONTEXT('2D SPACE',''
  ) );
#16589 = PCURVE('',#6431,#16590);
#16590 = DEFINITIONAL_REPRESENTATION('',(#16591),#16595);
#16591 = LINE('',#16592,#16593);
#16592 = CARTESIAN_POINT('',(0.,0.));
#16593 = VECTOR('',#16594,1.);
#16594 = DIRECTION('',(0.,-1.));
#16595 = ( GEOMETRIC_REPRESENTATION_CONTEXT(2)
PARAMETRIC_REPRESENTATION_CONTEXT() REPRESENTATION_CONTEXT('2D SPACE',''
  ) );
#16596 = ADVANCED_FACE('',(#16597),#6431,.T.);
#16597 = FACE_BOUND('',#16598,.T.);
#16598 = EDGE_LOOP('',(#16599,#16600,#16601,#16602));
#16599 = ORIENTED_EDGE('',*,*,#13921,.F.);
#16600 = ORIENTED_EDGE('',*,*,#16576,.T.);
#16601 = ORIENTED_EDGE('',*,*,#6415,.F.);
#16602 = ORIENTED_EDGE('',*,*,#16603,.F.);
#16603 = EDGE_CURVE('',#13922,#6388,#16604,.T.);
#16604 = SURFACE_CURVE('',#16605,(#16609,#16616),.PCURVE_S1.);
#16605 = LINE('',#16606,#16607);
#16606 = CARTESIAN_POINT('',(31.152273387586,10.571541983841,37.5));
#16607 = VECTOR('',#16608,1.);
#16608 = DIRECTION('',(1.110223024625E-16,0.,1.));
#16609 = PCURVE('',#6431,#16610);
#16610 = DEFINITIONAL_REPRESENTATION('',(#16611),#16615);
#16611 = LINE('',#16612,#16613);
#16612 = CARTESIAN_POINT('',(0.785238675806,-8.083096660771E-17));
#16613 = VECTOR('',#16614,1.);
#16614 = DIRECTION('',(0.,-1.));
#16615 = ( GEOMETRIC_REPRESENTATION_CONTEXT(2)
PARAMETRIC_REPRESENTATION_CONTEXT() REPRESENTATION_CONTEXT('2D SPACE',''
  ) );
#16616 = PCURVE('',#6403,#16617);
#16617 = DEFINITIONAL_REPRESENTATION('',(#16618),#16622);
#16618 = LINE('',#16619,#16620);
#16619 = CARTESIAN_POINT('',(0.,0.));
#16620 = VECTOR('',#16621,1.);
#16621 = DIRECTION('',(0.,-1.));
#16622 = ( GEOMETRIC_REPRESENTATION_CONTEXT(2)
PARAMETRIC_REPRESENTATION_CONTEXT() REPRESENTATION_CONTEXT('2D SPACE',''
  ) );
#16623 = ADVANCED_FACE('',(#16624),#6403,.T.);
#16624 = FACE_BOUND('',#16625,.T.);
#16625 = EDGE_LOOP('',(#16626,#16627,#16628,#16629));
#16626 = ORIENTED_EDGE('',*,*,#13944,.F.);
#16627 = ORIENTED_EDGE('',*,*,#16603,.T.);
#16628 = ORIENTED_EDGE('',*,*,#6387,.F.);
#16629 = ORIENTED_EDGE('',*,*,#16630,.F.);
#16630 = EDGE_CURVE('',#13945,#6360,#16631,.T.);
#16631 = SURFACE_CURVE('',#16632,(#16636,#16643),.PCURVE_S1.);
#16632 = LINE('',#16633,#16634);
#16633 = CARTESIAN_POINT('',(31.899079747059,10.814194079306,37.5));
#16634 = VECTOR('',#16635,1.);
#16635 = DIRECTION('',(1.110223024625E-16,0.,1.));
#16636 = PCURVE('',#6403,#16637);
#16637 = DEFINITIONAL_REPRESENTATION('',(#16638),#16642);
#16638 = LINE('',#16639,#16640);
#16639 = CARTESIAN_POINT('',(0.785238675806,-8.291216152229E-17));
#16640 = VECTOR('',#16641,1.);
#16641 = DIRECTION('',(0.,-1.));
#16642 = ( GEOMETRIC_REPRESENTATION_CONTEXT(2)
PARAMETRIC_REPRESENTATION_CONTEXT() REPRESENTATION_CONTEXT('2D SPACE',''
  ) );
#16643 = PCURVE('',#6375,#16644);
#16644 = DEFINITIONAL_REPRESENTATION('',(#16645),#16649);
#16645 = LINE('',#16646,#16647);
#16646 = CARTESIAN_POINT('',(0.,0.));
#16647 = VECTOR('',#16648,1.);
#16648 = DIRECTION('',(0.,-1.));
#16649 = ( GEOMETRIC_REPRESENTATION_CONTEXT(2)
PARAMETRIC_REPRESENTATION_CONTEXT() REPRESENTATION_CONTEXT('2D SPACE',''
  ) );
#16650 = ADVANCED_FACE('',(#16651),#6375,.T.);
#16651 = FACE_BOUND('',#16652,.T.);
#16652 = EDGE_LOOP('',(#16653,#16654,#16655,#16656));
#16653 = ORIENTED_EDGE('',*,*,#13967,.F.);
#16654 = ORIENTED_EDGE('',*,*,#16630,.T.);
#16655 = ORIENTED_EDGE('',*,*,#6359,.F.);
#16656 = ORIENTED_EDGE('',*,*,#16657,.F.);
#16657 = EDGE_CURVE('',#13968,#6332,#16658,.T.);
#16658 = SURFACE_CURVE('',#16659,(#16663,#16670),.PCURVE_S1.);
#16659 = LINE('',#16660,#16661);
#16660 = CARTESIAN_POINT('',(32.6609934783,11.004160508255,37.5));
#16661 = VECTOR('',#16662,1.);
#16662 = DIRECTION('',(1.110223024625E-16,0.,1.));
#16663 = PCURVE('',#6375,#16664);
#16664 = DEFINITIONAL_REPRESENTATION('',(#16665),#16669);
#16665 = LINE('',#16666,#16667);
#16666 = CARTESIAN_POINT('',(0.785238675806,-8.458941672023E-17));
#16667 = VECTOR('',#16668,1.);
#16668 = DIRECTION('',(0.,-1.));
#16669 = ( GEOMETRIC_REPRESENTATION_CONTEXT(2)
PARAMETRIC_REPRESENTATION_CONTEXT() REPRESENTATION_CONTEXT('2D SPACE',''
  ) );
#16670 = PCURVE('',#6347,#16671);
#16671 = DEFINITIONAL_REPRESENTATION('',(#16672),#16676);
#16672 = LINE('',#16673,#16674);
#16673 = CARTESIAN_POINT('',(0.,0.));
#16674 = VECTOR('',#16675,1.);
#16675 = DIRECTION('',(0.,-1.));
#16676 = ( GEOMETRIC_REPRESENTATION_CONTEXT(2)
PARAMETRIC_REPRESENTATION_CONTEXT() REPRESENTATION_CONTEXT('2D SPACE',''
  ) );
#16677 = ADVANCED_FACE('',(#16678),#6347,.T.);
#16678 = FACE_BOUND('',#16679,.T.);
#16679 = EDGE_LOOP('',(#16680,#16681,#16682,#16683));
#16680 = ORIENTED_EDGE('',*,*,#13990,.F.);
#16681 = ORIENTED_EDGE('',*,*,#16657,.T.);
#16682 = ORIENTED_EDGE('',*,*,#6331,.F.);
#16683 = ORIENTED_EDGE('',*,*,#16684,.F.);
#16684 = EDGE_CURVE('',#13991,#6304,#16685,.T.);
#16685 = SURFACE_CURVE('',#16686,(#16690,#16697),.PCURVE_S1.);
#16686 = LINE('',#16687,#16688);
#16687 = CARTESIAN_POINT('',(33.434302614199,11.140515773343,37.5));
#16688 = VECTOR('',#16689,1.);
#16689 = DIRECTION('',(1.110223024625E-16,0.,1.));
#16690 = PCURVE('',#6347,#16691);
#16691 = DEFINITIONAL_REPRESENTATION('',(#16692),#16696);
#16692 = LINE('',#16693,#16694);
#16693 = CARTESIAN_POINT('',(0.785238675806,-8.585456078281E-17));
#16694 = VECTOR('',#16695,1.);
#16695 = DIRECTION('',(0.,-1.));
#16696 = ( GEOMETRIC_REPRESENTATION_CONTEXT(2)
PARAMETRIC_REPRESENTATION_CONTEXT() REPRESENTATION_CONTEXT('2D SPACE',''
  ) );
#16697 = PCURVE('',#6319,#16698);
#16698 = DEFINITIONAL_REPRESENTATION('',(#16699),#16703);
#16699 = LINE('',#16700,#16701);
#16700 = CARTESIAN_POINT('',(0.,0.));
#16701 = VECTOR('',#16702,1.);
#16702 = DIRECTION('',(0.,-1.));
#16703 = ( GEOMETRIC_REPRESENTATION_CONTEXT(2)
PARAMETRIC_REPRESENTATION_CONTEXT() REPRESENTATION_CONTEXT('2D SPACE',''
  ) );
#16704 = ADVANCED_FACE('',(#16705),#6319,.T.);
#16705 = FACE_BOUND('',#16706,.T.);
#16706 = EDGE_LOOP('',(#16707,#16708,#16709,#16710));
#16707 = ORIENTED_EDGE('',*,*,#14013,.F.);
#16708 = ORIENTED_EDGE('',*,*,#16684,.T.);
#16709 = ORIENTED_EDGE('',*,*,#6303,.F.);
#16710 = ORIENTED_EDGE('',*,*,#16711,.F.);
#16711 = EDGE_CURVE('',#14014,#6276,#16712,.T.);
#16712 = SURFACE_CURVE('',#16713,(#16717,#16724),.PCURVE_S1.);
#16713 = LINE('',#16714,#16715);
#16714 = CARTESIAN_POINT('',(34.215239670379,11.222595565423,37.5));
#16715 = VECTOR('',#16716,1.);
#16716 = DIRECTION('',(1.110223024625E-16,0.,1.));
#16717 = PCURVE('',#6319,#16718);
#16718 = DEFINITIONAL_REPRESENTATION('',(#16719),#16723);
#16719 = LINE('',#16720,#16721);
#16720 = CARTESIAN_POINT('',(0.785238675806,-8.670143005533E-17));
#16721 = VECTOR('',#16722,1.);
#16722 = DIRECTION('',(0.,-1.));
#16723 = ( GEOMETRIC_REPRESENTATION_CONTEXT(2)
PARAMETRIC_REPRESENTATION_CONTEXT() REPRESENTATION_CONTEXT('2D SPACE',''
  ) );
#16724 = PCURVE('',#6291,#16725);
#16725 = DEFINITIONAL_REPRESENTATION('',(#16726),#16730);
#16726 = LINE('',#16727,#16728);
#16727 = CARTESIAN_POINT('',(0.,0.));
#16728 = VECTOR('',#16729,1.);
#16729 = DIRECTION('',(0.,-1.));
#16730 = ( GEOMETRIC_REPRESENTATION_CONTEXT(2)
PARAMETRIC_REPRESENTATION_CONTEXT() REPRESENTATION_CONTEXT('2D SPACE',''
  ) );
#16731 = ADVANCED_FACE('',(#16732),#6291,.T.);
#16732 = FACE_BOUND('',#16733,.T.);
#16733 = EDGE_LOOP('',(#16734,#16735,#16736,#16737));
#16734 = ORIENTED_EDGE('',*,*,#14036,.F.);
#16735 = ORIENTED_EDGE('',*,*,#16711,.T.);
#16736 = ORIENTED_EDGE('',*,*,#6275,.F.);
#16737 = ORIENTED_EDGE('',*,*,#16738,.F.);
#16738 = EDGE_CURVE('',#14037,#6248,#16739,.T.);
#16739 = SURFACE_CURVE('',#16740,(#16744,#16751),.PCURVE_S1.);
#16740 = LINE('',#16741,#16742);
#16741 = CARTESIAN_POINT('',(35.,11.25,37.5));
#16742 = VECTOR('',#16743,1.);
#16743 = DIRECTION('',(1.110223024625E-16,0.,1.));
#16744 = PCURVE('',#6291,#16745);
#16745 = DEFINITIONAL_REPRESENTATION('',(#16746),#16750);
#16746 = LINE('',#16747,#16748);
#16747 = CARTESIAN_POINT('',(0.785238675806,-8.712589867581E-17));
#16748 = VECTOR('',#16749,1.);
#16749 = DIRECTION('',(0.,-1.));
#16750 = ( GEOMETRIC_REPRESENTATION_CONTEXT(2)
PARAMETRIC_REPRESENTATION_CONTEXT() REPRESENTATION_CONTEXT('2D SPACE',''
  ) );
#16751 = PCURVE('',#6263,#16752);
#16752 = DEFINITIONAL_REPRESENTATION('',(#16753),#16757);
#16753 = LINE('',#16754,#16755);
#16754 = CARTESIAN_POINT('',(0.,0.));
#16755 = VECTOR('',#16756,1.);
#16756 = DIRECTION('',(0.,-1.));
#16757 = ( GEOMETRIC_REPRESENTATION_CONTEXT(2)
PARAMETRIC_REPRESENTATION_CONTEXT() REPRESENTATION_CONTEXT('2D SPACE',''
  ) );
#16758 = ADVANCED_FACE('',(#16759),#6263,.T.);
#16759 = FACE_BOUND('',#16760,.T.);
#16760 = EDGE_LOOP('',(#16761,#16762,#16763,#16764));
#16761 = ORIENTED_EDGE('',*,*,#14059,.F.);
#16762 = ORIENTED_EDGE('',*,*,#16738,.T.);
#16763 = ORIENTED_EDGE('',*,*,#6247,.F.);
#16764 = ORIENTED_EDGE('',*,*,#16765,.F.);
#16765 = EDGE_CURVE('',#14060,#6220,#16766,.T.);
#16766 = SURFACE_CURVE('',#16767,(#16771,#16778),.PCURVE_S1.);
#16767 = LINE('',#16768,#16769);
#16768 = CARTESIAN_POINT('',(35.784760329621,11.222595565423,37.5));
#16769 = VECTOR('',#16770,1.);
#16770 = DIRECTION('',(1.110223024625E-16,0.,1.));
#16771 = PCURVE('',#6263,#16772);
#16772 = DEFINITIONAL_REPRESENTATION('',(#16773),#16777);
#16773 = LINE('',#16774,#16775);
#16774 = CARTESIAN_POINT('',(0.785238675806,-8.712589867581E-17));
#16775 = VECTOR('',#16776,1.);
#16776 = DIRECTION('',(0.,-1.));
#16777 = ( GEOMETRIC_REPRESENTATION_CONTEXT(2)
PARAMETRIC_REPRESENTATION_CONTEXT() REPRESENTATION_CONTEXT('2D SPACE',''
  ) );
#16778 = PCURVE('',#6235,#16779);
#16779 = DEFINITIONAL_REPRESENTATION('',(#16780),#16784);
#16780 = LINE('',#16781,#16782);
#16781 = CARTESIAN_POINT('',(0.,0.));
#16782 = VECTOR('',#16783,1.);
#16783 = DIRECTION('',(0.,-1.));
#16784 = ( GEOMETRIC_REPRESENTATION_CONTEXT(2)
PARAMETRIC_REPRESENTATION_CONTEXT() REPRESENTATION_CONTEXT('2D SPACE',''
  ) );
#16785 = ADVANCED_FACE('',(#16786),#6235,.T.);
#16786 = FACE_BOUND('',#16787,.T.);
#16787 = EDGE_LOOP('',(#16788,#16789,#16790,#16791));
#16788 = ORIENTED_EDGE('',*,*,#14082,.F.);
#16789 = ORIENTED_EDGE('',*,*,#16765,.T.);
#16790 = ORIENTED_EDGE('',*,*,#6219,.F.);
#16791 = ORIENTED_EDGE('',*,*,#16792,.F.);
#16792 = EDGE_CURVE('',#14083,#6192,#16793,.T.);
#16793 = SURFACE_CURVE('',#16794,(#16798,#16805),.PCURVE_S1.);
#16794 = LINE('',#16795,#16796);
#16795 = CARTESIAN_POINT('',(36.565697385801,11.140515773343,37.5));
#16796 = VECTOR('',#16797,1.);
#16797 = DIRECTION('',(1.110223024625E-16,0.,1.));
#16798 = PCURVE('',#6235,#16799);
#16799 = DEFINITIONAL_REPRESENTATION('',(#16800),#16804);
#16800 = LINE('',#16801,#16802);
#16801 = CARTESIAN_POINT('',(0.785238675806,-8.670143005533E-17));
#16802 = VECTOR('',#16803,1.);
#16803 = DIRECTION('',(0.,-1.));
#16804 = ( GEOMETRIC_REPRESENTATION_CONTEXT(2)
PARAMETRIC_REPRESENTATION_CONTEXT() REPRESENTATION_CONTEXT('2D SPACE',''
  ) );
#16805 = PCURVE('',#6207,#16806);
#16806 = DEFINITIONAL_REPRESENTATION('',(#16807),#16811);
#16807 = LINE('',#16808,#16809);
#16808 = CARTESIAN_POINT('',(0.,0.));
#16809 = VECTOR('',#16810,1.);
#16810 = DIRECTION('',(0.,-1.));
#16811 = ( GEOMETRIC_REPRESENTATION_CONTEXT(2)
PARAMETRIC_REPRESENTATION_CONTEXT() REPRESENTATION_CONTEXT('2D SPACE',''
  ) );
#16812 = ADVANCED_FACE('',(#16813),#6207,.T.);
#16813 = FACE_BOUND('',#16814,.T.);
#16814 = EDGE_LOOP('',(#16815,#16816,#16817,#16818));
#16815 = ORIENTED_EDGE('',*,*,#14105,.F.);
#16816 = ORIENTED_EDGE('',*,*,#16792,.T.);
#16817 = ORIENTED_EDGE('',*,*,#6191,.F.);
#16818 = ORIENTED_EDGE('',*,*,#16819,.F.);
#16819 = EDGE_CURVE('',#14106,#6164,#16820,.T.);
#16820 = SURFACE_CURVE('',#16821,(#16825,#16832),.PCURVE_S1.);
#16821 = LINE('',#16822,#16823);
#16822 = CARTESIAN_POINT('',(37.3390065217,11.004160508255,37.5));
#16823 = VECTOR('',#16824,1.);
#16824 = DIRECTION('',(1.110223024625E-16,0.,1.));
#16825 = PCURVE('',#6207,#16826);
#16826 = DEFINITIONAL_REPRESENTATION('',(#16827),#16831);
#16827 = LINE('',#16828,#16829);
#16828 = CARTESIAN_POINT('',(0.785238675806,-8.585456078281E-17));
#16829 = VECTOR('',#16830,1.);
#16830 = DIRECTION('',(0.,-1.));
#16831 = ( GEOMETRIC_REPRESENTATION_CONTEXT(2)
PARAMETRIC_REPRESENTATION_CONTEXT() REPRESENTATION_CONTEXT('2D SPACE',''
  ) );
#16832 = PCURVE('',#6179,#16833);
#16833 = DEFINITIONAL_REPRESENTATION('',(#16834),#16838);
#16834 = LINE('',#16835,#16836);
#16835 = CARTESIAN_POINT('',(0.,0.));
#16836 = VECTOR('',#16837,1.);
#16837 = DIRECTION('',(0.,-1.));
#16838 = ( GEOMETRIC_REPRESENTATION_CONTEXT(2)
PARAMETRIC_REPRESENTATION_CONTEXT() REPRESENTATION_CONTEXT('2D SPACE',''
  ) );
#16839 = ADVANCED_FACE('',(#16840),#6179,.T.);
#16840 = FACE_BOUND('',#16841,.T.);
#16841 = EDGE_LOOP('',(#16842,#16843,#16844,#16845));
#16842 = ORIENTED_EDGE('',*,*,#14128,.F.);
#16843 = ORIENTED_EDGE('',*,*,#16819,.T.);
#16844 = ORIENTED_EDGE('',*,*,#6163,.F.);
#16845 = ORIENTED_EDGE('',*,*,#16846,.F.);
#16846 = EDGE_CURVE('',#14129,#6136,#16847,.T.);
#16847 = SURFACE_CURVE('',#16848,(#16852,#16859),.PCURVE_S1.);
#16848 = LINE('',#16849,#16850);
#16849 = CARTESIAN_POINT('',(38.100920252941,10.814194079306,37.5));
#16850 = VECTOR('',#16851,1.);
#16851 = DIRECTION('',(1.110223024625E-16,0.,1.));
#16852 = PCURVE('',#6179,#16853);
#16853 = DEFINITIONAL_REPRESENTATION('',(#16854),#16858);
#16854 = LINE('',#16855,#16856);
#16855 = CARTESIAN_POINT('',(0.785238675806,-8.458941672023E-17));
#16856 = VECTOR('',#16857,1.);
#16857 = DIRECTION('',(0.,-1.));
#16858 = ( GEOMETRIC_REPRESENTATION_CONTEXT(2)
PARAMETRIC_REPRESENTATION_CONTEXT() REPRESENTATION_CONTEXT('2D SPACE',''
  ) );
#16859 = PCURVE('',#6151,#16860);
#16860 = DEFINITIONAL_REPRESENTATION('',(#16861),#16865);
#16861 = LINE('',#16862,#16863);
#16862 = CARTESIAN_POINT('',(0.,0.));
#16863 = VECTOR('',#16864,1.);
#16864 = DIRECTION('',(0.,-1.));
#16865 = ( GEOMETRIC_REPRESENTATION_CONTEXT(2)
PARAMETRIC_REPRESENTATION_CONTEXT() REPRESENTATION_CONTEXT('2D SPACE',''
  ) );
#16866 = ADVANCED_FACE('',(#16867),#6151,.T.);
#16867 = FACE_BOUND('',#16868,.T.);
#16868 = EDGE_LOOP('',(#16869,#16870,#16871,#16872));
#16869 = ORIENTED_EDGE('',*,*,#14151,.F.);
#16870 = ORIENTED_EDGE('',*,*,#16846,.T.);
#16871 = ORIENTED_EDGE('',*,*,#6135,.F.);
#16872 = ORIENTED_EDGE('',*,*,#16873,.F.);
#16873 = EDGE_CURVE('',#14152,#6108,#16874,.T.);
#16874 = SURFACE_CURVE('',#16875,(#16879,#16886),.PCURVE_S1.);
#16875 = LINE('',#16876,#16877);
#16876 = CARTESIAN_POINT('',(38.847726612414,10.571541983841,37.5));
#16877 = VECTOR('',#16878,1.);
#16878 = DIRECTION('',(1.110223024625E-16,0.,1.));
#16879 = PCURVE('',#6151,#16880);
#16880 = DEFINITIONAL_REPRESENTATION('',(#16881),#16885);
#16881 = LINE('',#16882,#16883);
#16882 = CARTESIAN_POINT('',(0.785238675806,-8.291216152229E-17));
#16883 = VECTOR('',#16884,1.);
#16884 = DIRECTION('',(0.,-1.));
#16885 = ( GEOMETRIC_REPRESENTATION_CONTEXT(2)
PARAMETRIC_REPRESENTATION_CONTEXT() REPRESENTATION_CONTEXT('2D SPACE',''
  ) );
#16886 = PCURVE('',#6123,#16887);
#16887 = DEFINITIONAL_REPRESENTATION('',(#16888),#16892);
#16888 = LINE('',#16889,#16890);
#16889 = CARTESIAN_POINT('',(0.,0.));
#16890 = VECTOR('',#16891,1.);
#16891 = DIRECTION('',(0.,-1.));
#16892 = ( GEOMETRIC_REPRESENTATION_CONTEXT(2)
PARAMETRIC_REPRESENTATION_CONTEXT() REPRESENTATION_CONTEXT('2D SPACE',''
  ) );
#16893 = ADVANCED_FACE('',(#16894),#6123,.T.);
#16894 = FACE_BOUND('',#16895,.T.);
#16895 = EDGE_LOOP('',(#16896,#16897,#16898,#16899));
#16896 = ORIENTED_EDGE('',*,*,#14174,.F.);
#16897 = ORIENTED_EDGE('',*,*,#16873,.T.);
#16898 = ORIENTED_EDGE('',*,*,#6107,.F.);
#16899 = ORIENTED_EDGE('',*,*,#16900,.F.);
#16900 = EDGE_CURVE('',#14175,#6080,#16901,.T.);
#16901 = SURFACE_CURVE('',#16902,(#16906,#16913),.PCURVE_S1.);
#16902 = LINE('',#16903,#16904);
#16903 = CARTESIAN_POINT('',(39.575787234603,10.277386398479,37.5));
#16904 = VECTOR('',#16905,1.);
#16905 = DIRECTION('',(1.110223024625E-16,0.,1.));
#16906 = PCURVE('',#6123,#16907);
#16907 = DEFINITIONAL_REPRESENTATION('',(#16908),#16912);
#16908 = LINE('',#16909,#16910);
#16909 = CARTESIAN_POINT('',(0.785238675806,-8.083096660771E-17));
#16910 = VECTOR('',#16911,1.);
#16911 = DIRECTION('',(0.,-1.));
#16912 = ( GEOMETRIC_REPRESENTATION_CONTEXT(2)
PARAMETRIC_REPRESENTATION_CONTEXT() REPRESENTATION_CONTEXT('2D SPACE',''
  ) );
#16913 = PCURVE('',#6095,#16914);
#16914 = DEFINITIONAL_REPRESENTATION('',(#16915),#16919);
#16915 = LINE('',#16916,#16917);
#16916 = CARTESIAN_POINT('',(0.,0.));
#16917 = VECTOR('',#16918,1.);
#16918 = DIRECTION('',(0.,-1.));
#16919 = ( GEOMETRIC_REPRESENTATION_CONTEXT(2)
PARAMETRIC_REPRESENTATION_CONTEXT() REPRESENTATION_CONTEXT('2D SPACE',''
  ) );
#16920 = ADVANCED_FACE('',(#16921),#6095,.T.);
#16921 = FACE_BOUND('',#16922,.T.);
#16922 = EDGE_LOOP('',(#16923,#16924,#16925,#16926));
#16923 = ORIENTED_EDGE('',*,*,#14197,.F.);
#16924 = ORIENTED_EDGE('',*,*,#16900,.T.);
#16925 = ORIENTED_EDGE('',*,*,#6079,.F.);
#16926 = ORIENTED_EDGE('',*,*,#16927,.F.);
#16927 = EDGE_CURVE('',#14198,#6052,#16928,.T.);
#16928 = SURFACE_CURVE('',#16929,(#16933,#16940),.PCURVE_S1.);
#16929 = LINE('',#16930,#16931);
#16930 = CARTESIAN_POINT('',(40.281555081341,9.933160419663,37.5));
#16931 = VECTOR('',#16932,1.);
#16932 = DIRECTION('',(1.110223024625E-16,0.,1.));
#16933 = PCURVE('',#6095,#16934);
#16934 = DEFINITIONAL_REPRESENTATION('',(#16935),#16939);
#16935 = LINE('',#16936,#16937);
#16936 = CARTESIAN_POINT('',(0.785238675806,-7.835597134892E-17));
#16937 = VECTOR('',#16938,1.);
#16938 = DIRECTION('',(0.,-1.));
#16939 = ( GEOMETRIC_REPRESENTATION_CONTEXT(2)
PARAMETRIC_REPRESENTATION_CONTEXT() REPRESENTATION_CONTEXT('2D SPACE',''
  ) );
#16940 = PCURVE('',#6067,#16941);
#16941 = DEFINITIONAL_REPRESENTATION('',(#16942),#16946);
#16942 = LINE('',#16943,#16944);
#16943 = CARTESIAN_POINT('',(0.,0.));
#16944 = VECTOR('',#16945,1.);
#16945 = DIRECTION('',(0.,-1.));
#16946 = ( GEOMETRIC_REPRESENTATION_CONTEXT(2)
PARAMETRIC_REPRESENTATION_CONTEXT() REPRESENTATION_CONTEXT('2D SPACE',''
  ) );
#16947 = ADVANCED_FACE('',(#16948),#6067,.T.);
#16948 = FACE_BOUND('',#16949,.T.);
#16949 = EDGE_LOOP('',(#16950,#16951,#16952,#16953));
#16950 = ORIENTED_EDGE('',*,*,#14220,.F.);
#16951 = ORIENTED_EDGE('',*,*,#16927,.T.);
#16952 = ORIENTED_EDGE('',*,*,#6051,.F.);
#16953 = ORIENTED_EDGE('',*,*,#16954,.F.);
#16954 = EDGE_CURVE('',#14221,#6024,#16955,.T.);
#16955 = SURFACE_CURVE('',#16956,(#16960,#16967),.PCURVE_S1.);
#16956 = LINE('',#16957,#16958);
#16957 = CARTESIAN_POINT('',(40.961591722624,9.54054108176,37.5));
#16958 = VECTOR('',#16959,1.);
#16959 = DIRECTION('',(1.110223024625E-16,0.,1.));
#16960 = PCURVE('',#6067,#16961);
#16961 = DEFINITIONAL_REPRESENTATION('',(#16962),#16966);
#16962 = LINE('',#16963,#16964);
#16963 = CARTESIAN_POINT('',(0.785238675806,-7.549923367403E-17));
#16964 = VECTOR('',#16965,1.);
#16965 = DIRECTION('',(0.,-1.));
#16966 = ( GEOMETRIC_REPRESENTATION_CONTEXT(2)
PARAMETRIC_REPRESENTATION_CONTEXT() REPRESENTATION_CONTEXT('2D SPACE',''
  ) );
#16967 = PCURVE('',#6039,#16968);
#16968 = DEFINITIONAL_REPRESENTATION('',(#16969),#16973);
#16969 = LINE('',#16970,#16971);
#16970 = CARTESIAN_POINT('',(0.,0.));
#16971 = VECTOR('',#16972,1.);
#16972 = DIRECTION('',(0.,-1.));
#16973 = ( GEOMETRIC_REPRESENTATION_CONTEXT(2)
PARAMETRIC_REPRESENTATION_CONTEXT() REPRESENTATION_CONTEXT('2D SPACE',''
  ) );
#16974 = ADVANCED_FACE('',(#16975),#6039,.T.);
#16975 = FACE_BOUND('',#16976,.T.);
#16976 = EDGE_LOOP('',(#16977,#16978,#16979,#16980));
#16977 = ORIENTED_EDGE('',*,*,#14243,.F.);
#16978 = ORIENTED_EDGE('',*,*,#16954,.T.);
#16979 = ORIENTED_EDGE('',*,*,#6023,.F.);
#16980 = ORIENTED_EDGE('',*,*,#16981,.F.);
#16981 = EDGE_CURVE('',#14244,#5996,#16982,.T.);
#16982 = SURFACE_CURVE('',#16983,(#16987,#16994),.PCURVE_S1.);
#16983 = LINE('',#16984,#16985);
#16984 = CARTESIAN_POINT('',(41.61258408829,9.101441186718,37.5));
#16985 = VECTOR('',#16986,1.);
#16986 = DIRECTION('',(1.110223024625E-16,0.,1.));
#16987 = PCURVE('',#6039,#16988);
#16988 = DEFINITIONAL_REPRESENTATION('',(#16989),#16993);
#16989 = LINE('',#16990,#16991);
#16990 = CARTESIAN_POINT('',(0.785238675806,-7.227467132184E-17));
#16991 = VECTOR('',#16992,1.);
#16992 = DIRECTION('',(0.,-1.));
#16993 = ( GEOMETRIC_REPRESENTATION_CONTEXT(2)
PARAMETRIC_REPRESENTATION_CONTEXT() REPRESENTATION_CONTEXT('2D SPACE',''
  ) );
#16994 = PCURVE('',#6011,#16995);
#16995 = DEFINITIONAL_REPRESENTATION('',(#16996),#17000);
#16996 = LINE('',#16997,#16998);
#16997 = CARTESIAN_POINT('',(0.,0.));
#16998 = VECTOR('',#16999,1.);
#16999 = DIRECTION('',(0.,-1.));
#17000 = ( GEOMETRIC_REPRESENTATION_CONTEXT(2)
PARAMETRIC_REPRESENTATION_CONTEXT() REPRESENTATION_CONTEXT('2D SPACE',''
  ) );
#17001 = ADVANCED_FACE('',(#17002),#6011,.T.);
#17002 = FACE_BOUND('',#17003,.T.);
#17003 = EDGE_LOOP('',(#17004,#17005,#17006,#17007));
#17004 = ORIENTED_EDGE('',*,*,#14266,.F.);
#17005 = ORIENTED_EDGE('',*,*,#16981,.T.);
#17006 = ORIENTED_EDGE('',*,*,#5995,.F.);
#17007 = ORIENTED_EDGE('',*,*,#17008,.F.);
#17008 = EDGE_CURVE('',#14267,#5968,#17009,.T.);
#17009 = SURFACE_CURVE('',#17010,(#17014,#17021),.PCURVE_S1.);
#17010 = LINE('',#17011,#17012);
#17011 = CARTESIAN_POINT('',(42.231360608974,8.617999985089,37.5));
#17012 = VECTOR('',#17013,1.);
#17013 = DIRECTION('',(1.110223024625E-16,0.,1.));
#17014 = PCURVE('',#6011,#17015);
#17015 = DEFINITIONAL_REPRESENTATION('',(#17016),#17020);
#17016 = LINE('',#17017,#17018);
#17017 = CARTESIAN_POINT('',(0.785238675806,-6.8697994036E-17));
#17018 = VECTOR('',#17019,1.);
#17019 = DIRECTION('',(0.,-1.));
#17020 = ( GEOMETRIC_REPRESENTATION_CONTEXT(2)
PARAMETRIC_REPRESENTATION_CONTEXT() REPRESENTATION_CONTEXT('2D SPACE',''
  ) );
#17021 = PCURVE('',#5983,#17022);
#17022 = DEFINITIONAL_REPRESENTATION('',(#17023),#17027);
#17023 = LINE('',#17024,#17025);
#17024 = CARTESIAN_POINT('',(0.,0.));
#17025 = VECTOR('',#17026,1.);
#17026 = DIRECTION('',(0.,-1.));
#17027 = ( GEOMETRIC_REPRESENTATION_CONTEXT(2)
PARAMETRIC_REPRESENTATION_CONTEXT() REPRESENTATION_CONTEXT('2D SPACE',''
  ) );
#17028 = ADVANCED_FACE('',(#17029),#5983,.T.);
#17029 = FACE_BOUND('',#17030,.T.);
#17030 = EDGE_LOOP('',(#17031,#17032,#17033,#17034));
#17031 = ORIENTED_EDGE('',*,*,#14289,.F.);
#17032 = ORIENTED_EDGE('',*,*,#17008,.T.);
#17033 = ORIENTED_EDGE('',*,*,#5967,.F.);
#17034 = ORIENTED_EDGE('',*,*,#17035,.F.);
#17035 = EDGE_CURVE('',#14290,#5940,#17036,.T.);
#17036 = SURFACE_CURVE('',#17037,(#17041,#17048),.PCURVE_S1.);
#17037 = LINE('',#17038,#17039);
#17038 = CARTESIAN_POINT('',(42.814906667664,8.09257275381,37.5));
#17039 = VECTOR('',#17040,1.);
#17040 = DIRECTION('',(1.110223024625E-16,0.,1.));
#17041 = PCURVE('',#5983,#17042);
#17042 = DEFINITIONAL_REPRESENTATION('',(#17043),#17047);
#17043 = LINE('',#17044,#17045);
#17044 = CARTESIAN_POINT('',(0.785238675806,-6.478662702871E-17));
#17045 = VECTOR('',#17046,1.);
#17046 = DIRECTION('',(0.,-1.));
#17047 = ( GEOMETRIC_REPRESENTATION_CONTEXT(2)
PARAMETRIC_REPRESENTATION_CONTEXT() REPRESENTATION_CONTEXT('2D SPACE',''
  ) );
#17048 = PCURVE('',#5955,#17049);
#17049 = DEFINITIONAL_REPRESENTATION('',(#17050),#17054);
#17050 = LINE('',#17051,#17052);
#17051 = CARTESIAN_POINT('',(0.,0.));
#17052 = VECTOR('',#17053,1.);
#17053 = DIRECTION('',(0.,-1.));
#17054 = ( GEOMETRIC_REPRESENTATION_CONTEXT(2)
PARAMETRIC_REPRESENTATION_CONTEXT() REPRESENTATION_CONTEXT('2D SPACE',''
  ) );
#17055 = ADVANCED_FACE('',(#17056),#5955,.T.);
#17056 = FACE_BOUND('',#17057,.T.);
#17057 = EDGE_LOOP('',(#17058,#17059,#17060,#17061));
#17058 = ORIENTED_EDGE('',*,*,#14312,.F.);
#17059 = ORIENTED_EDGE('',*,*,#17035,.T.);
#17060 = ORIENTED_EDGE('',*,*,#5939,.F.);
#17061 = ORIENTED_EDGE('',*,*,#17062,.F.);
#17062 = EDGE_CURVE('',#14313,#5912,#17063,.T.);
#17063 = SURFACE_CURVE('',#17064,(#17068,#17075),.PCURVE_S1.);
#17064 = LINE('',#17065,#17066);
#17065 = CARTESIAN_POINT('',(43.360379286621,7.527719321537,37.5));
#17066 = VECTOR('',#17067,1.);
#17067 = DIRECTION('',(1.110223024625E-16,0.,1.));
#17068 = PCURVE('',#5955,#17069);
#17069 = DEFINITIONAL_REPRESENTATION('',(#17070),#17074);
#17070 = LINE('',#17071,#17072);
#17071 = CARTESIAN_POINT('',(0.785238675806,-6.055962608686E-17));
#17072 = VECTOR('',#17073,1.);
#17073 = DIRECTION('',(0.,-1.));
#17074 = ( GEOMETRIC_REPRESENTATION_CONTEXT(2)
PARAMETRIC_REPRESENTATION_CONTEXT() REPRESENTATION_CONTEXT('2D SPACE',''
  ) );
#17075 = PCURVE('',#5927,#17076);
#17076 = DEFINITIONAL_REPRESENTATION('',(#17077),#17081);
#17077 = LINE('',#17078,#17079);
#17078 = CARTESIAN_POINT('',(0.,0.));
#17079 = VECTOR('',#17080,1.);
#17080 = DIRECTION('',(0.,-1.));
#17081 = ( GEOMETRIC_REPRESENTATION_CONTEXT(2)
PARAMETRIC_REPRESENTATION_CONTEXT() REPRESENTATION_CONTEXT('2D SPACE',''
  ) );
#17082 = ADVANCED_FACE('',(#17083),#5927,.T.);
#17083 = FACE_BOUND('',#17084,.T.);
#17084 = EDGE_LOOP('',(#17085,#17086,#17087,#17088));
#17085 = ORIENTED_EDGE('',*,*,#14335,.F.);
#17086 = ORIENTED_EDGE('',*,*,#17062,.T.);
#17087 = ORIENTED_EDGE('',*,*,#5911,.F.);
#17088 = ORIENTED_EDGE('',*,*,#17089,.F.);
#17089 = EDGE_CURVE('',#10933,#5884,#17090,.T.);
#17090 = SURFACE_CURVE('',#17091,(#17095,#17102),.PCURVE_S1.);
#17091 = LINE('',#17092,#17093);
#17092 = CARTESIAN_POINT('',(43.865120978076,6.926191597414,37.5));
#17093 = VECTOR('',#17094,1.);
#17094 = DIRECTION('',(1.110223024625E-16,0.,1.));
#17095 = PCURVE('',#5927,#17096);
#17096 = DEFINITIONAL_REPRESENTATION('',(#17097),#17101);
#17097 = LINE('',#17098,#17099);
#17098 = CARTESIAN_POINT('',(0.785238675806,-5.603758473415E-17));
#17099 = VECTOR('',#17100,1.);
#17100 = DIRECTION('',(0.,-1.));
#17101 = ( GEOMETRIC_REPRESENTATION_CONTEXT(2)
PARAMETRIC_REPRESENTATION_CONTEXT() REPRESENTATION_CONTEXT('2D SPACE',''
  ) );
#17102 = PCURVE('',#5899,#17103);
#17103 = DEFINITIONAL_REPRESENTATION('',(#17104),#17108);
#17104 = LINE('',#17105,#17106);
#17105 = CARTESIAN_POINT('',(0.,0.));
#17106 = VECTOR('',#17107,1.);
#17107 = DIRECTION('',(0.,-1.));
#17108 = ( GEOMETRIC_REPRESENTATION_CONTEXT(2)
PARAMETRIC_REPRESENTATION_CONTEXT() REPRESENTATION_CONTEXT('2D SPACE',''
  ) );
#17109 = ADVANCED_FACE('',(#17110),#5899,.T.);
#17110 = FACE_BOUND('',#17111,.T.);
#17111 = EDGE_LOOP('',(#17112,#17113,#17114,#17135));
#17112 = ORIENTED_EDGE('',*,*,#17089,.T.);
#17113 = ORIENTED_EDGE('',*,*,#5883,.F.);
#17114 = ORIENTED_EDGE('',*,*,#17115,.F.);
#17115 = EDGE_CURVE('',#10931,#5858,#17116,.T.);
#17116 = SURFACE_CURVE('',#17117,(#17121,#17128),.PCURVE_S1.);
#17117 = LINE('',#17118,#17119);
#17118 = CARTESIAN_POINT('',(44.326672691244,6.290920164046,37.5));
#17119 = VECTOR('',#17120,1.);
#17120 = DIRECTION('',(1.110223024625E-16,0.,1.));
#17121 = PCURVE('',#5899,#17122);
#17122 = DEFINITIONAL_REPRESENTATION('',(#17123),#17127);
#17123 = LINE('',#17124,#17125);
#17124 = CARTESIAN_POINT('',(0.785238675806,-5.12425339015E-17));
#17125 = VECTOR('',#17126,1.);
#17126 = DIRECTION('',(0.,-1.));
#17127 = ( GEOMETRIC_REPRESENTATION_CONTEXT(2)
PARAMETRIC_REPRESENTATION_CONTEXT() REPRESENTATION_CONTEXT('2D SPACE',''
  ) );
#17128 = PCURVE('',#5872,#17129);
#17129 = DEFINITIONAL_REPRESENTATION('',(#17130),#17134);
#17130 = LINE('',#17131,#17132);
#17131 = CARTESIAN_POINT('',(0.,0.));
#17132 = VECTOR('',#17133,1.);
#17133 = DIRECTION('',(0.,-1.));
#17134 = ( GEOMETRIC_REPRESENTATION_CONTEXT(2)
PARAMETRIC_REPRESENTATION_CONTEXT() REPRESENTATION_CONTEXT('2D SPACE',''
  ) );
#17135 = ORIENTED_EDGE('',*,*,#10930,.T.);
#17136 = ADVANCED_FACE('',(#17137),#5872,.T.);
#17137 = FACE_BOUND('',#17138,.T.);
#17138 = EDGE_LOOP('',(#17139,#17140,#17141,#17142));
#17139 = ORIENTED_EDGE('',*,*,#10955,.F.);
#17140 = ORIENTED_EDGE('',*,*,#17115,.T.);
#17141 = ORIENTED_EDGE('',*,*,#5857,.F.);
#17142 = ORIENTED_EDGE('',*,*,#17143,.F.);
#17143 = EDGE_CURVE('',#10956,#5832,#17144,.T.);
#17144 = SURFACE_CURVE('',#17145,(#17149,#17156),.PCURVE_S1.);
#17145 = LINE('',#17146,#17147);
#17146 = CARTESIAN_POINT('',(44.742785792575,5.625,37.5));
#17147 = VECTOR('',#17148,1.);
#17148 = DIRECTION('',(1.110223024625E-16,0.,1.));
#17149 = PCURVE('',#5872,#17150);
#17150 = DEFINITIONAL_REPRESENTATION('',(#17151),#17155);
#17151 = LINE('',#17152,#17153);
#17152 = CARTESIAN_POINT('',(0.785238675806,-4.619783459455E-17));
#17153 = VECTOR('',#17154,1.);
#17154 = DIRECTION('',(0.,-1.));
#17155 = ( GEOMETRIC_REPRESENTATION_CONTEXT(2)
PARAMETRIC_REPRESENTATION_CONTEXT() REPRESENTATION_CONTEXT('2D SPACE',''
  ) );
#17156 = PCURVE('',#5846,#17157);
#17157 = DEFINITIONAL_REPRESENTATION('',(#17158),#17162);
#17158 = LINE('',#17159,#17160);
#17159 = CARTESIAN_POINT('',(0.,0.));
#17160 = VECTOR('',#17161,1.);
#17161 = DIRECTION('',(0.,-1.));
#17162 = ( GEOMETRIC_REPRESENTATION_CONTEXT(2)
PARAMETRIC_REPRESENTATION_CONTEXT() REPRESENTATION_CONTEXT('2D SPACE',''
  ) );
#17163 = ADVANCED_FACE('',(#17164),#5846,.T.);
#17164 = FACE_BOUND('',#17165,.T.);
#17165 = EDGE_LOOP('',(#17166,#17167,#17168,#17169));
#17166 = ORIENTED_EDGE('',*,*,#10978,.F.);
#17167 = ORIENTED_EDGE('',*,*,#17143,.T.);
#17168 = ORIENTED_EDGE('',*,*,#5831,.F.);
#17169 = ORIENTED_EDGE('',*,*,#17170,.F.);
#17170 = EDGE_CURVE('',#10979,#5806,#17171,.T.);
#17171 = SURFACE_CURVE('',#17172,(#17176,#17183),.PCURVE_S1.);
#17172 = LINE('',#17173,#17174);
#17173 = CARTESIAN_POINT('',(45.111433020866,4.931675401377,37.5));
#17174 = VECTOR('',#17175,1.);
#17175 = DIRECTION('',(1.110223024625E-16,0.,1.));
#17176 = PCURVE('',#5846,#17177);
#17177 = DEFINITIONAL_REPRESENTATION('',(#17178),#17182);
#17178 = LINE('',#17179,#17180);
#17179 = CARTESIAN_POINT('',(0.785238675806,-4.092806408126E-17));
#17180 = VECTOR('',#17181,1.);
#17181 = DIRECTION('',(0.,-1.));
#17182 = ( GEOMETRIC_REPRESENTATION_CONTEXT(2)
PARAMETRIC_REPRESENTATION_CONTEXT() REPRESENTATION_CONTEXT('2D SPACE',''
  ) );
#17183 = PCURVE('',#5820,#17184);
#17184 = DEFINITIONAL_REPRESENTATION('',(#17185),#17189);
#17185 = LINE('',#17186,#17187);
#17186 = CARTESIAN_POINT('',(0.,0.));
#17187 = VECTOR('',#17188,1.);
#17188 = DIRECTION('',(0.,-1.));
#17189 = ( GEOMETRIC_REPRESENTATION_CONTEXT(2)
PARAMETRIC_REPRESENTATION_CONTEXT() REPRESENTATION_CONTEXT('2D SPACE',''
  ) );
#17190 = ADVANCED_FACE('',(#17191),#5820,.T.);
#17191 = FACE_BOUND('',#17192,.T.);
#17192 = EDGE_LOOP('',(#17193,#17194,#17195,#17196));
#17193 = ORIENTED_EDGE('',*,*,#11001,.F.);
#17194 = ORIENTED_EDGE('',*,*,#17170,.T.);
#17195 = ORIENTED_EDGE('',*,*,#5805,.F.);
#17196 = ORIENTED_EDGE('',*,*,#17197,.F.);
#17197 = EDGE_CURVE('',#11002,#5780,#17198,.T.);
#17198 = SURFACE_CURVE('',#17199,(#17203,#17210),.PCURVE_S1.);
#17199 = LINE('',#17200,#17201);
#17200 = CARTESIAN_POINT('',(45.430818363876,4.214324175929,37.5));
#17201 = VECTOR('',#17202,1.);
#17202 = DIRECTION('',(1.110223024625E-16,0.,1.));
#17203 = PCURVE('',#5820,#17204);
#17204 = DEFINITIONAL_REPRESENTATION('',(#17205),#17209);
#17205 = LINE('',#17206,#17207);
#17206 = CARTESIAN_POINT('',(0.785238675806,-3.545889615383E-17));
#17207 = VECTOR('',#17208,1.);
#17208 = DIRECTION('',(0.,-1.));
#17209 = ( GEOMETRIC_REPRESENTATION_CONTEXT(2)
PARAMETRIC_REPRESENTATION_CONTEXT() REPRESENTATION_CONTEXT('2D SPACE',''
  ) );
#17210 = PCURVE('',#5794,#17211);
#17211 = DEFINITIONAL_REPRESENTATION('',(#17212),#17216);
#17212 = LINE('',#17213,#17214);
#17213 = CARTESIAN_POINT('',(0.,0.));
#17214 = VECTOR('',#17215,1.);
#17215 = DIRECTION('',(0.,-1.));
#17216 = ( GEOMETRIC_REPRESENTATION_CONTEXT(2)
PARAMETRIC_REPRESENTATION_CONTEXT() REPRESENTATION_CONTEXT('2D SPACE',''
  ) );
#17217 = ADVANCED_FACE('',(#17218),#5794,.T.);
#17218 = FACE_BOUND('',#17219,.T.);
#17219 = EDGE_LOOP('',(#17220,#17221,#17222,#17223));
#17220 = ORIENTED_EDGE('',*,*,#11024,.F.);
#17221 = ORIENTED_EDGE('',*,*,#17197,.T.);
#17222 = ORIENTED_EDGE('',*,*,#5779,.F.);
#17223 = ORIENTED_EDGE('',*,*,#17224,.F.);
#17224 = EDGE_CURVE('',#11025,#5754,#17225,.T.);
#17225 = SURFACE_CURVE('',#17226,(#17230,#17237),.PCURVE_S1.);
#17226 = LINE('',#17227,#17228);
#17227 = CARTESIAN_POINT('',(45.69938580832,3.476441186718,37.5));
#17228 = VECTOR('',#17229,1.);
#17229 = DIRECTION('',(1.110223024625E-16,0.,1.));
#17230 = PCURVE('',#5794,#17231);
#17231 = DEFINITIONAL_REPRESENTATION('',(#17232),#17236);
#17232 = LINE('',#17233,#17234);
#17233 = CARTESIAN_POINT('',(0.785238675806,-2.981697604866E-17));
#17234 = VECTOR('',#17235,1.);
#17235 = DIRECTION('',(0.,-1.));
#17236 = ( GEOMETRIC_REPRESENTATION_CONTEXT(2)
PARAMETRIC_REPRESENTATION_CONTEXT() REPRESENTATION_CONTEXT('2D SPACE',''
  ) );
#17237 = PCURVE('',#5768,#17238);
#17238 = DEFINITIONAL_REPRESENTATION('',(#17239),#17243);
#17239 = LINE('',#17240,#17241);
#17240 = CARTESIAN_POINT('',(0.,0.));
#17241 = VECTOR('',#17242,1.);
#17242 = DIRECTION('',(0.,-1.));
#17243 = ( GEOMETRIC_REPRESENTATION_CONTEXT(2)
PARAMETRIC_REPRESENTATION_CONTEXT() REPRESENTATION_CONTEXT('2D SPACE',''
  ) );
#17244 = ADVANCED_FACE('',(#17245),#5768,.T.);
#17245 = FACE_BOUND('',#17246,.T.);
#17246 = EDGE_LOOP('',(#17247,#17248,#17249,#17250));
#17247 = ORIENTED_EDGE('',*,*,#11047,.F.);
#17248 = ORIENTED_EDGE('',*,*,#17224,.T.);
#17249 = ORIENTED_EDGE('',*,*,#5753,.F.);
#17250 = ORIENTED_EDGE('',*,*,#17251,.F.);
#17251 = EDGE_CURVE('',#11048,#5728,#17252,.T.);
#17252 = SURFACE_CURVE('',#17253,(#17257,#17264),.PCURVE_S1.);
#17253 = LINE('',#17254,#17255);
#17254 = CARTESIAN_POINT('',(45.915826920605,2.721621325496,37.5));
#17255 = VECTOR('',#17256,1.);
#17256 = DIRECTION('',(1.110223024625E-16,0.,1.));
#17257 = PCURVE('',#5768,#17258);
#17258 = DEFINITIONAL_REPRESENTATION('',(#17259),#17263);
#17259 = LINE('',#17260,#17261);
#17260 = CARTESIAN_POINT('',(0.785238675806,-2.402979063337E-17));
#17261 = VECTOR('',#17262,1.);
#17262 = DIRECTION('',(0.,-1.));
#17263 = ( GEOMETRIC_REPRESENTATION_CONTEXT(2)
PARAMETRIC_REPRESENTATION_CONTEXT() REPRESENTATION_CONTEXT('2D SPACE',''
  ) );
#17264 = PCURVE('',#5742,#17265);
#17265 = DEFINITIONAL_REPRESENTATION('',(#17266),#17270);
#17266 = LINE('',#17267,#17268);
#17267 = CARTESIAN_POINT('',(0.,0.));
#17268 = VECTOR('',#17269,1.);
#17269 = DIRECTION('',(0.,-1.));
#17270 = ( GEOMETRIC_REPRESENTATION_CONTEXT(2)
PARAMETRIC_REPRESENTATION_CONTEXT() REPRESENTATION_CONTEXT('2D SPACE',''
  ) );
#17271 = ADVANCED_FACE('',(#17272),#5742,.T.);
#17272 = FACE_BOUND('',#17273,.T.);
#17273 = EDGE_LOOP('',(#17274,#17275,#17276,#17277));
#17274 = ORIENTED_EDGE('',*,*,#11070,.F.);
#17275 = ORIENTED_EDGE('',*,*,#17251,.T.);
#17276 = ORIENTED_EDGE('',*,*,#5727,.F.);
#17277 = ORIENTED_EDGE('',*,*,#17278,.F.);
#17278 = EDGE_CURVE('',#11071,#5702,#17279,.T.);
#17279 = SURFACE_CURVE('',#17280,(#17284,#17291),.PCURVE_S1.);
#17280 = LINE('',#17281,#17282);
#17281 = CARTESIAN_POINT('',(46.079087221387,1.953541998753,37.5));
#17282 = VECTOR('',#17283,1.);
#17283 = DIRECTION('',(1.110223024625E-16,0.,1.));
#17284 = PCURVE('',#5742,#17285);
#17285 = DEFINITIONAL_REPRESENTATION('',(#17286),#17290);
#17286 = LINE('',#17287,#17288);
#17287 = CARTESIAN_POINT('',(0.785238675806,-1.812553449358E-17));
#17288 = VECTOR('',#17289,1.);
#17289 = DIRECTION('',(0.,-1.));
#17290 = ( GEOMETRIC_REPRESENTATION_CONTEXT(2)
PARAMETRIC_REPRESENTATION_CONTEXT() REPRESENTATION_CONTEXT('2D SPACE',''
  ) );
#17291 = PCURVE('',#5716,#17292);
#17292 = DEFINITIONAL_REPRESENTATION('',(#17293),#17297);
#17293 = LINE('',#17294,#17295);
#17294 = CARTESIAN_POINT('',(0.,0.));
#17295 = VECTOR('',#17296,1.);
#17296 = DIRECTION('',(0.,-1.));
#17297 = ( GEOMETRIC_REPRESENTATION_CONTEXT(2)
PARAMETRIC_REPRESENTATION_CONTEXT() REPRESENTATION_CONTEXT('2D SPACE',''
  ) );
#17298 = ADVANCED_FACE('',(#17299),#5716,.T.);
#17299 = FACE_BOUND('',#17300,.T.);
#17300 = EDGE_LOOP('',(#17301,#17302,#17303,#17304));
#17301 = ORIENTED_EDGE('',*,*,#11093,.F.);
#17302 = ORIENTED_EDGE('',*,*,#17278,.T.);
#17303 = ORIENTED_EDGE('',*,*,#5701,.F.);
#17304 = ORIENTED_EDGE('',*,*,#17305,.F.);
#17305 = EDGE_CURVE('',#11094,#5676,#17306,.T.);
#17306 = SURFACE_CURVE('',#17307,(#17311,#17318),.PCURVE_S1.);
#17307 = LINE('',#17308,#17309);
#17308 = CARTESIAN_POINT('',(46.188371322893,1.175945211761,37.5));
#17309 = VECTOR('',#17310,1.);
#17310 = DIRECTION('',(1.110223024625E-16,0.,1.));
#17311 = PCURVE('',#5716,#17312);
#17312 = DEFINITIONAL_REPRESENTATION('',(#17313),#17317);
#17313 = LINE('',#17314,#17315);
#17314 = CARTESIAN_POINT('',(0.785238675806,-1.213297257171E-17));
#17315 = VECTOR('',#17316,1.);
#17316 = DIRECTION('',(0.,-1.));
#17317 = ( GEOMETRIC_REPRESENTATION_CONTEXT(2)
PARAMETRIC_REPRESENTATION_CONTEXT() REPRESENTATION_CONTEXT('2D SPACE',''
  ) );
#17318 = PCURVE('',#5690,#17319);
#17319 = DEFINITIONAL_REPRESENTATION('',(#17320),#17324);
#17320 = LINE('',#17321,#17322);
#17321 = CARTESIAN_POINT('',(0.,0.));
#17322 = VECTOR('',#17323,1.);
#17323 = DIRECTION('',(0.,-1.));
#17324 = ( GEOMETRIC_REPRESENTATION_CONTEXT(2)
PARAMETRIC_REPRESENTATION_CONTEXT() REPRESENTATION_CONTEXT('2D SPACE',''
  ) );
#17325 = ADVANCED_FACE('',(#17326),#5690,.T.);
#17326 = FACE_BOUND('',#17327,.T.);
#17327 = EDGE_LOOP('',(#17328,#17329,#17330,#17331));
#17328 = ORIENTED_EDGE('',*,*,#11116,.F.);
#17329 = ORIENTED_EDGE('',*,*,#17305,.T.);
#17330 = ORIENTED_EDGE('',*,*,#5675,.F.);
#17331 = ORIENTED_EDGE('',*,*,#17332,.F.);
#17332 = EDGE_CURVE('',#11117,#5650,#17333,.T.);
#17333 = SURFACE_CURVE('',#17334,(#17338,#17345),.PCURVE_S1.);
#17334 = LINE('',#17335,#17336);
#17335 = CARTESIAN_POINT('',(46.243146803965,0.392619337903,37.5));
#17336 = VECTOR('',#17337,1.);
#17337 = DIRECTION('',(1.110223024625E-16,0.,1.));
#17338 = PCURVE('',#5690,#17339);
#17339 = DEFINITIONAL_REPRESENTATION('',(#17340),#17344);
#17340 = LINE('',#17341,#17342);
#17341 = CARTESIAN_POINT('',(0.785238675806,-6.081300027078E-18));
#17342 = VECTOR('',#17343,1.);
#17343 = DIRECTION('',(0.,-1.));
#17344 = ( GEOMETRIC_REPRESENTATION_CONTEXT(2)
PARAMETRIC_REPRESENTATION_CONTEXT() REPRESENTATION_CONTEXT('2D SPACE',''
  ) );
#17345 = PCURVE('',#5664,#17346);
#17346 = DEFINITIONAL_REPRESENTATION('',(#17347),#17351);
#17347 = LINE('',#17348,#17349);
#17348 = CARTESIAN_POINT('',(0.,-0.));
#17349 = VECTOR('',#17350,1.);
#17350 = DIRECTION('',(0.,-1.));
#17351 = ( GEOMETRIC_REPRESENTATION_CONTEXT(2)
PARAMETRIC_REPRESENTATION_CONTEXT() REPRESENTATION_CONTEXT('2D SPACE',''
  ) );
#17352 = ADVANCED_FACE('',(#17353),#5664,.T.);
#17353 = FACE_BOUND('',#17354,.T.);
#17354 = EDGE_LOOP('',(#17355,#17356,#17357,#17358));
#17355 = ORIENTED_EDGE('',*,*,#11139,.F.);
#17356 = ORIENTED_EDGE('',*,*,#17332,.T.);
#17357 = ORIENTED_EDGE('',*,*,#5649,.F.);
#17358 = ORIENTED_EDGE('',*,*,#17359,.F.);
#17359 = EDGE_CURVE('',#11140,#5624,#17360,.T.);
#17360 = SURFACE_CURVE('',#17361,(#17365,#17372),.PCURVE_S1.);
#17361 = LINE('',#17362,#17363);
#17362 = CARTESIAN_POINT('',(46.243146803965,-0.392619337903,37.5));
#17363 = VECTOR('',#17364,1.);
#17364 = DIRECTION('',(1.110223024625E-16,0.,1.));
#17365 = PCURVE('',#5664,#17366);
#17366 = DEFINITIONAL_REPRESENTATION('',(#17367),#17371);
#17367 = LINE('',#17368,#17369);
#17368 = CARTESIAN_POINT('',(0.785238675806,0.));
#17369 = VECTOR('',#17370,1.);
#17370 = DIRECTION('',(0.,-1.));
#17371 = ( GEOMETRIC_REPRESENTATION_CONTEXT(2)
PARAMETRIC_REPRESENTATION_CONTEXT() REPRESENTATION_CONTEXT('2D SPACE',''
  ) );
#17372 = PCURVE('',#5638,#17373);
#17373 = DEFINITIONAL_REPRESENTATION('',(#17374),#17378);
#17374 = LINE('',#17375,#17376);
#17375 = CARTESIAN_POINT('',(0.,0.));
#17376 = VECTOR('',#17377,1.);
#17377 = DIRECTION('',(0.,-1.));
#17378 = ( GEOMETRIC_REPRESENTATION_CONTEXT(2)
PARAMETRIC_REPRESENTATION_CONTEXT() REPRESENTATION_CONTEXT('2D SPACE',''
  ) );
#17379 = ADVANCED_FACE('',(#17380),#5638,.T.);
#17380 = FACE_BOUND('',#17381,.T.);
#17381 = EDGE_LOOP('',(#17382,#17383,#17384,#17385));
#17382 = ORIENTED_EDGE('',*,*,#11162,.F.);
#17383 = ORIENTED_EDGE('',*,*,#17359,.T.);
#17384 = ORIENTED_EDGE('',*,*,#5623,.F.);
#17385 = ORIENTED_EDGE('',*,*,#17386,.F.);
#17386 = EDGE_CURVE('',#11163,#5598,#17387,.T.);
#17387 = SURFACE_CURVE('',#17388,(#17392,#17399),.PCURVE_S1.);
#17388 = LINE('',#17389,#17390);
#17389 = CARTESIAN_POINT('',(46.188371322893,-1.175945211761,37.5));
#17390 = VECTOR('',#17391,1.);
#17391 = DIRECTION('',(1.110223024625E-16,0.,1.));
#17392 = PCURVE('',#5638,#17393);
#17393 = DEFINITIONAL_REPRESENTATION('',(#17394),#17398);
#17394 = LINE('',#17395,#17396);
#17395 = CARTESIAN_POINT('',(0.785238675806,6.081300027078E-18));
#17396 = VECTOR('',#17397,1.);
#17397 = DIRECTION('',(0.,-1.));
#17398 = ( GEOMETRIC_REPRESENTATION_CONTEXT(2)
PARAMETRIC_REPRESENTATION_CONTEXT() REPRESENTATION_CONTEXT('2D SPACE',''
  ) );
#17399 = PCURVE('',#5612,#17400);
#17400 = DEFINITIONAL_REPRESENTATION('',(#17401),#17405);
#17401 = LINE('',#17402,#17403);
#17402 = CARTESIAN_POINT('',(0.,0.));
#17403 = VECTOR('',#17404,1.);
#17404 = DIRECTION('',(0.,-1.));
#17405 = ( GEOMETRIC_REPRESENTATION_CONTEXT(2)
PARAMETRIC_REPRESENTATION_CONTEXT() REPRESENTATION_CONTEXT('2D SPACE',''
  ) );
#17406 = ADVANCED_FACE('',(#17407),#5612,.T.);
#17407 = FACE_BOUND('',#17408,.T.);
#17408 = EDGE_LOOP('',(#17409,#17410,#17411,#17412));
#17409 = ORIENTED_EDGE('',*,*,#11185,.F.);
#17410 = ORIENTED_EDGE('',*,*,#17386,.T.);
#17411 = ORIENTED_EDGE('',*,*,#5597,.F.);
#17412 = ORIENTED_EDGE('',*,*,#17413,.F.);
#17413 = EDGE_CURVE('',#11186,#5572,#17414,.T.);
#17414 = SURFACE_CURVE('',#17415,(#17419,#17426),.PCURVE_S1.);
#17415 = LINE('',#17416,#17417);
#17416 = CARTESIAN_POINT('',(46.079087221387,-1.953541998753,37.5));
#17417 = VECTOR('',#17418,1.);
#17418 = DIRECTION('',(1.110223024625E-16,0.,1.));
#17419 = PCURVE('',#5612,#17420);
#17420 = DEFINITIONAL_REPRESENTATION('',(#17421),#17425);
#17421 = LINE('',#17422,#17423);
#17422 = CARTESIAN_POINT('',(0.785238675806,1.213297257171E-17));
#17423 = VECTOR('',#17424,1.);
#17424 = DIRECTION('',(0.,-1.));
#17425 = ( GEOMETRIC_REPRESENTATION_CONTEXT(2)
PARAMETRIC_REPRESENTATION_CONTEXT() REPRESENTATION_CONTEXT('2D SPACE',''
  ) );
#17426 = PCURVE('',#5586,#17427);
#17427 = DEFINITIONAL_REPRESENTATION('',(#17428),#17432);
#17428 = LINE('',#17429,#17430);
#17429 = CARTESIAN_POINT('',(0.,0.));
#17430 = VECTOR('',#17431,1.);
#17431 = DIRECTION('',(0.,-1.));
#17432 = ( GEOMETRIC_REPRESENTATION_CONTEXT(2)
PARAMETRIC_REPRESENTATION_CONTEXT() REPRESENTATION_CONTEXT('2D SPACE',''
  ) );
#17433 = ADVANCED_FACE('',(#17434),#5586,.T.);
#17434 = FACE_BOUND('',#17435,.T.);
#17435 = EDGE_LOOP('',(#17436,#17437,#17438,#17439));
#17436 = ORIENTED_EDGE('',*,*,#11208,.F.);
#17437 = ORIENTED_EDGE('',*,*,#17413,.T.);
#17438 = ORIENTED_EDGE('',*,*,#5571,.F.);
#17439 = ORIENTED_EDGE('',*,*,#17440,.F.);
#17440 = EDGE_CURVE('',#11209,#5546,#17441,.T.);
#17441 = SURFACE_CURVE('',#17442,(#17446,#17453),.PCURVE_S1.);
#17442 = LINE('',#17443,#17444);
#17443 = CARTESIAN_POINT('',(45.915826920605,-2.721621325496,37.5));
#17444 = VECTOR('',#17445,1.);
#17445 = DIRECTION('',(1.110223024625E-16,0.,1.));
#17446 = PCURVE('',#5586,#17447);
#17447 = DEFINITIONAL_REPRESENTATION('',(#17448),#17452);
#17448 = LINE('',#17449,#17450);
#17449 = CARTESIAN_POINT('',(0.785238675806,1.812553449358E-17));
#17450 = VECTOR('',#17451,1.);
#17451 = DIRECTION('',(0.,-1.));
#17452 = ( GEOMETRIC_REPRESENTATION_CONTEXT(2)
PARAMETRIC_REPRESENTATION_CONTEXT() REPRESENTATION_CONTEXT('2D SPACE',''
  ) );
#17453 = PCURVE('',#5560,#17454);
#17454 = DEFINITIONAL_REPRESENTATION('',(#17455),#17459);
#17455 = LINE('',#17456,#17457);
#17456 = CARTESIAN_POINT('',(0.,0.));
#17457 = VECTOR('',#17458,1.);
#17458 = DIRECTION('',(0.,-1.));
#17459 = ( GEOMETRIC_REPRESENTATION_CONTEXT(2)
PARAMETRIC_REPRESENTATION_CONTEXT() REPRESENTATION_CONTEXT('2D SPACE',''
  ) );
#17460 = ADVANCED_FACE('',(#17461),#5560,.T.);
#17461 = FACE_BOUND('',#17462,.T.);
#17462 = EDGE_LOOP('',(#17463,#17464,#17465,#17466));
#17463 = ORIENTED_EDGE('',*,*,#11231,.F.);
#17464 = ORIENTED_EDGE('',*,*,#17440,.T.);
#17465 = ORIENTED_EDGE('',*,*,#5545,.F.);
#17466 = ORIENTED_EDGE('',*,*,#17467,.F.);
#17467 = EDGE_CURVE('',#11232,#5520,#17468,.T.);
#17468 = SURFACE_CURVE('',#17469,(#17473,#17480),.PCURVE_S1.);
#17469 = LINE('',#17470,#17471);
#17470 = CARTESIAN_POINT('',(45.69938580832,-3.476441186718,37.5));
#17471 = VECTOR('',#17472,1.);
#17472 = DIRECTION('',(1.110223024625E-16,0.,1.));
#17473 = PCURVE('',#5560,#17474);
#17474 = DEFINITIONAL_REPRESENTATION('',(#17475),#17479);
#17475 = LINE('',#17476,#17477);
#17476 = CARTESIAN_POINT('',(0.785238675806,2.402979063337E-17));
#17477 = VECTOR('',#17478,1.);
#17478 = DIRECTION('',(0.,-1.));
#17479 = ( GEOMETRIC_REPRESENTATION_CONTEXT(2)
PARAMETRIC_REPRESENTATION_CONTEXT() REPRESENTATION_CONTEXT('2D SPACE',''
  ) );
#17480 = PCURVE('',#5534,#17481);
#17481 = DEFINITIONAL_REPRESENTATION('',(#17482),#17486);
#17482 = LINE('',#17483,#17484);
#17483 = CARTESIAN_POINT('',(0.,0.));
#17484 = VECTOR('',#17485,1.);
#17485 = DIRECTION('',(0.,-1.));
#17486 = ( GEOMETRIC_REPRESENTATION_CONTEXT(2)
PARAMETRIC_REPRESENTATION_CONTEXT() REPRESENTATION_CONTEXT('2D SPACE',''
  ) );
#17487 = ADVANCED_FACE('',(#17488),#5534,.T.);
#17488 = FACE_BOUND('',#17489,.T.);
#17489 = EDGE_LOOP('',(#17490,#17491,#17492,#17493));
#17490 = ORIENTED_EDGE('',*,*,#11254,.F.);
#17491 = ORIENTED_EDGE('',*,*,#17467,.T.);
#17492 = ORIENTED_EDGE('',*,*,#5519,.F.);
#17493 = ORIENTED_EDGE('',*,*,#17494,.F.);
#17494 = EDGE_CURVE('',#11255,#5494,#17495,.T.);
#17495 = SURFACE_CURVE('',#17496,(#17500,#17507),.PCURVE_S1.);
#17496 = LINE('',#17497,#17498);
#17497 = CARTESIAN_POINT('',(45.430818363876,-4.214324175929,37.5));
#17498 = VECTOR('',#17499,1.);
#17499 = DIRECTION('',(1.110223024625E-16,0.,1.));
#17500 = PCURVE('',#5534,#17501);
#17501 = DEFINITIONAL_REPRESENTATION('',(#17502),#17506);
#17502 = LINE('',#17503,#17504);
#17503 = CARTESIAN_POINT('',(0.785238675806,2.981697604866E-17));
#17504 = VECTOR('',#17505,1.);
#17505 = DIRECTION('',(0.,-1.));
#17506 = ( GEOMETRIC_REPRESENTATION_CONTEXT(2)
PARAMETRIC_REPRESENTATION_CONTEXT() REPRESENTATION_CONTEXT('2D SPACE',''
  ) );
#17507 = PCURVE('',#5508,#17508);
#17508 = DEFINITIONAL_REPRESENTATION('',(#17509),#17513);
#17509 = LINE('',#17510,#17511);
#17510 = CARTESIAN_POINT('',(0.,0.));
#17511 = VECTOR('',#17512,1.);
#17512 = DIRECTION('',(0.,-1.));
#17513 = ( GEOMETRIC_REPRESENTATION_CONTEXT(2)
PARAMETRIC_REPRESENTATION_CONTEXT() REPRESENTATION_CONTEXT('2D SPACE',''
  ) );
#17514 = ADVANCED_FACE('',(#17515),#5508,.T.);
#17515 = FACE_BOUND('',#17516,.T.);
#17516 = EDGE_LOOP('',(#17517,#17518,#17519,#17520));
#17517 = ORIENTED_EDGE('',*,*,#11277,.F.);
#17518 = ORIENTED_EDGE('',*,*,#17494,.T.);
#17519 = ORIENTED_EDGE('',*,*,#5493,.F.);
#17520 = ORIENTED_EDGE('',*,*,#17521,.F.);
#17521 = EDGE_CURVE('',#11278,#5468,#17522,.T.);
#17522 = SURFACE_CURVE('',#17523,(#17527,#17534),.PCURVE_S1.);
#17523 = LINE('',#17524,#17525);
#17524 = CARTESIAN_POINT('',(45.111433020866,-4.931675401377,37.5));
#17525 = VECTOR('',#17526,1.);
#17526 = DIRECTION('',(1.110223024625E-16,0.,1.));
#17527 = PCURVE('',#5508,#17528);
#17528 = DEFINITIONAL_REPRESENTATION('',(#17529),#17533);
#17529 = LINE('',#17530,#17531);
#17530 = CARTESIAN_POINT('',(0.785238675806,3.545889615383E-17));
#17531 = VECTOR('',#17532,1.);
#17532 = DIRECTION('',(0.,-1.));
#17533 = ( GEOMETRIC_REPRESENTATION_CONTEXT(2)
PARAMETRIC_REPRESENTATION_CONTEXT() REPRESENTATION_CONTEXT('2D SPACE',''
  ) );
#17534 = PCURVE('',#5482,#17535);
#17535 = DEFINITIONAL_REPRESENTATION('',(#17536),#17540);
#17536 = LINE('',#17537,#17538);
#17537 = CARTESIAN_POINT('',(0.,0.));
#17538 = VECTOR('',#17539,1.);
#17539 = DIRECTION('',(0.,-1.));
#17540 = ( GEOMETRIC_REPRESENTATION_CONTEXT(2)
PARAMETRIC_REPRESENTATION_CONTEXT() REPRESENTATION_CONTEXT('2D SPACE',''
  ) );
#17541 = ADVANCED_FACE('',(#17542),#5482,.T.);
#17542 = FACE_BOUND('',#17543,.T.);
#17543 = EDGE_LOOP('',(#17544,#17545,#17546,#17547));
#17544 = ORIENTED_EDGE('',*,*,#11300,.F.);
#17545 = ORIENTED_EDGE('',*,*,#17521,.T.);
#17546 = ORIENTED_EDGE('',*,*,#5467,.F.);
#17547 = ORIENTED_EDGE('',*,*,#17548,.F.);
#17548 = EDGE_CURVE('',#11301,#5442,#17549,.T.);
#17549 = SURFACE_CURVE('',#17550,(#17554,#17561),.PCURVE_S1.);
#17550 = LINE('',#17551,#17552);
#17551 = CARTESIAN_POINT('',(44.742785792575,-5.625,37.5));
#17552 = VECTOR('',#17553,1.);
#17553 = DIRECTION('',(1.110223024625E-16,0.,1.));
#17554 = PCURVE('',#5482,#17555);
#17555 = DEFINITIONAL_REPRESENTATION('',(#17556),#17560);
#17556 = LINE('',#17557,#17558);
#17557 = CARTESIAN_POINT('',(0.785238675806,4.092806408126E-17));
#17558 = VECTOR('',#17559,1.);
#17559 = DIRECTION('',(0.,-1.));
#17560 = ( GEOMETRIC_REPRESENTATION_CONTEXT(2)
PARAMETRIC_REPRESENTATION_CONTEXT() REPRESENTATION_CONTEXT('2D SPACE',''
  ) );
#17561 = PCURVE('',#5456,#17562);
#17562 = DEFINITIONAL_REPRESENTATION('',(#17563),#17567);
#17563 = LINE('',#17564,#17565);
#17564 = CARTESIAN_POINT('',(0.,0.));
#17565 = VECTOR('',#17566,1.);
#17566 = DIRECTION('',(0.,-1.));
#17567 = ( GEOMETRIC_REPRESENTATION_CONTEXT(2)
PARAMETRIC_REPRESENTATION_CONTEXT() REPRESENTATION_CONTEXT('2D SPACE',''
  ) );
#17568 = ADVANCED_FACE('',(#17569),#5456,.T.);
#17569 = FACE_BOUND('',#17570,.T.);
#17570 = EDGE_LOOP('',(#17571,#17572,#17573,#17574));
#17571 = ORIENTED_EDGE('',*,*,#11323,.F.);
#17572 = ORIENTED_EDGE('',*,*,#17548,.T.);
#17573 = ORIENTED_EDGE('',*,*,#5441,.F.);
#17574 = ORIENTED_EDGE('',*,*,#17575,.F.);
#17575 = EDGE_CURVE('',#11324,#5414,#17576,.T.);
#17576 = SURFACE_CURVE('',#17577,(#17581,#17588),.PCURVE_S1.);
#17577 = LINE('',#17578,#17579);
#17578 = CARTESIAN_POINT('',(44.326672691244,-6.290920164046,37.5));
#17579 = VECTOR('',#17580,1.);
#17580 = DIRECTION('',(1.110223024625E-16,0.,1.));
#17581 = PCURVE('',#5456,#17582);
#17582 = DEFINITIONAL_REPRESENTATION('',(#17583),#17587);
#17583 = LINE('',#17584,#17585);
#17584 = CARTESIAN_POINT('',(0.785238675806,4.619783459455E-17));
#17585 = VECTOR('',#17586,1.);
#17586 = DIRECTION('',(0.,-1.));
#17587 = ( GEOMETRIC_REPRESENTATION_CONTEXT(2)
PARAMETRIC_REPRESENTATION_CONTEXT() REPRESENTATION_CONTEXT('2D SPACE',''
  ) );
#17588 = PCURVE('',#5429,#17589);
#17589 = DEFINITIONAL_REPRESENTATION('',(#17590),#17594);
#17590 = LINE('',#17591,#17592);
#17591 = CARTESIAN_POINT('',(0.,0.));
#17592 = VECTOR('',#17593,1.);
#17593 = DIRECTION('',(0.,-1.));
#17594 = ( GEOMETRIC_REPRESENTATION_CONTEXT(2)
PARAMETRIC_REPRESENTATION_CONTEXT() REPRESENTATION_CONTEXT('2D SPACE',''
  ) );
#17595 = ADVANCED_FACE('',(#17596),#5429,.T.);
#17596 = FACE_BOUND('',#17597,.T.);
#17597 = EDGE_LOOP('',(#17598,#17599,#17600,#17621));
#17598 = ORIENTED_EDGE('',*,*,#17575,.T.);
#17599 = ORIENTED_EDGE('',*,*,#5413,.F.);
#17600 = ORIENTED_EDGE('',*,*,#17601,.F.);
#17601 = EDGE_CURVE('',#11347,#5386,#17602,.T.);
#17602 = SURFACE_CURVE('',#17603,(#17607,#17614),.PCURVE_S1.);
#17603 = LINE('',#17604,#17605);
#17604 = CARTESIAN_POINT('',(43.865120978076,-6.926191597414,37.5));
#17605 = VECTOR('',#17606,1.);
#17606 = DIRECTION('',(1.110223024625E-16,0.,1.));
#17607 = PCURVE('',#5429,#17608);
#17608 = DEFINITIONAL_REPRESENTATION('',(#17609),#17613);
#17609 = LINE('',#17610,#17611);
#17610 = CARTESIAN_POINT('',(0.785238675806,5.12425339015E-17));
#17611 = VECTOR('',#17612,1.);
#17612 = DIRECTION('',(0.,-1.));
#17613 = ( GEOMETRIC_REPRESENTATION_CONTEXT(2)
PARAMETRIC_REPRESENTATION_CONTEXT() REPRESENTATION_CONTEXT('2D SPACE',''
  ) );
#17614 = PCURVE('',#5401,#17615);
#17615 = DEFINITIONAL_REPRESENTATION('',(#17616),#17620);
#17616 = LINE('',#17617,#17618);
#17617 = CARTESIAN_POINT('',(0.,0.));
#17618 = VECTOR('',#17619,1.);
#17619 = DIRECTION('',(0.,-1.));
#17620 = ( GEOMETRIC_REPRESENTATION_CONTEXT(2)
PARAMETRIC_REPRESENTATION_CONTEXT() REPRESENTATION_CONTEXT('2D SPACE',''
  ) );
#17621 = ORIENTED_EDGE('',*,*,#11346,.T.);
#17622 = ADVANCED_FACE('',(#17623),#5401,.T.);
#17623 = FACE_BOUND('',#17624,.T.);
#17624 = EDGE_LOOP('',(#17625,#17626,#17627,#17628));
#17625 = ORIENTED_EDGE('',*,*,#11369,.F.);
#17626 = ORIENTED_EDGE('',*,*,#17601,.T.);
#17627 = ORIENTED_EDGE('',*,*,#5385,.F.);
#17628 = ORIENTED_EDGE('',*,*,#17629,.F.);
#17629 = EDGE_CURVE('',#11370,#5358,#17630,.T.);
#17630 = SURFACE_CURVE('',#17631,(#17635,#17642),.PCURVE_S1.);
#17631 = LINE('',#17632,#17633);
#17632 = CARTESIAN_POINT('',(43.360379286621,-7.527719321537,37.5));
#17633 = VECTOR('',#17634,1.);
#17634 = DIRECTION('',(1.110223024625E-16,0.,1.));
#17635 = PCURVE('',#5401,#17636);
#17636 = DEFINITIONAL_REPRESENTATION('',(#17637),#17641);
#17637 = LINE('',#17638,#17639);
#17638 = CARTESIAN_POINT('',(0.785238675806,5.603758473415E-17));
#17639 = VECTOR('',#17640,1.);
#17640 = DIRECTION('',(0.,-1.));
#17641 = ( GEOMETRIC_REPRESENTATION_CONTEXT(2)
PARAMETRIC_REPRESENTATION_CONTEXT() REPRESENTATION_CONTEXT('2D SPACE',''
  ) );
#17642 = PCURVE('',#5373,#17643);
#17643 = DEFINITIONAL_REPRESENTATION('',(#17644),#17648);
#17644 = LINE('',#17645,#17646);
#17645 = CARTESIAN_POINT('',(0.,0.));
#17646 = VECTOR('',#17647,1.);
#17647 = DIRECTION('',(0.,-1.));
#17648 = ( GEOMETRIC_REPRESENTATION_CONTEXT(2)
PARAMETRIC_REPRESENTATION_CONTEXT() REPRESENTATION_CONTEXT('2D SPACE',''
  ) );
#17649 = ADVANCED_FACE('',(#17650),#5373,.T.);
#17650 = FACE_BOUND('',#17651,.T.);
#17651 = EDGE_LOOP('',(#17652,#17653,#17654,#17655));
#17652 = ORIENTED_EDGE('',*,*,#11392,.F.);
#17653 = ORIENTED_EDGE('',*,*,#17629,.T.);
#17654 = ORIENTED_EDGE('',*,*,#5357,.F.);
#17655 = ORIENTED_EDGE('',*,*,#17656,.F.);
#17656 = EDGE_CURVE('',#11393,#5330,#17657,.T.);
#17657 = SURFACE_CURVE('',#17658,(#17662,#17669),.PCURVE_S1.);
#17658 = LINE('',#17659,#17660);
#17659 = CARTESIAN_POINT('',(42.814906667664,-8.09257275381,37.5));
#17660 = VECTOR('',#17661,1.);
#17661 = DIRECTION('',(1.110223024625E-16,0.,1.));
#17662 = PCURVE('',#5373,#17663);
#17663 = DEFINITIONAL_REPRESENTATION('',(#17664),#17668);
#17664 = LINE('',#17665,#17666);
#17665 = CARTESIAN_POINT('',(0.785238675806,6.055962608686E-17));
#17666 = VECTOR('',#17667,1.);
#17667 = DIRECTION('',(0.,-1.));
#17668 = ( GEOMETRIC_REPRESENTATION_CONTEXT(2)
PARAMETRIC_REPRESENTATION_CONTEXT() REPRESENTATION_CONTEXT('2D SPACE',''
  ) );
#17669 = PCURVE('',#5345,#17670);
#17670 = DEFINITIONAL_REPRESENTATION('',(#17671),#17675);
#17671 = LINE('',#17672,#17673);
#17672 = CARTESIAN_POINT('',(0.,0.));
#17673 = VECTOR('',#17674,1.);
#17674 = DIRECTION('',(0.,-1.));
#17675 = ( GEOMETRIC_REPRESENTATION_CONTEXT(2)
PARAMETRIC_REPRESENTATION_CONTEXT() REPRESENTATION_CONTEXT('2D SPACE',''
  ) );
#17676 = ADVANCED_FACE('',(#17677),#5345,.T.);
#17677 = FACE_BOUND('',#17678,.T.);
#17678 = EDGE_LOOP('',(#17679,#17680,#17681,#17682));
#17679 = ORIENTED_EDGE('',*,*,#11415,.F.);
#17680 = ORIENTED_EDGE('',*,*,#17656,.T.);
#17681 = ORIENTED_EDGE('',*,*,#5329,.F.);
#17682 = ORIENTED_EDGE('',*,*,#17683,.F.);
#17683 = EDGE_CURVE('',#11416,#5302,#17684,.T.);
#17684 = SURFACE_CURVE('',#17685,(#17689,#17696),.PCURVE_S1.);
#17685 = LINE('',#17686,#17687);
#17686 = CARTESIAN_POINT('',(42.231360608974,-8.617999985089,37.5));
#17687 = VECTOR('',#17688,1.);
#17688 = DIRECTION('',(1.110223024625E-16,0.,1.));
#17689 = PCURVE('',#5345,#17690);
#17690 = DEFINITIONAL_REPRESENTATION('',(#17691),#17695);
#17691 = LINE('',#17692,#17693);
#17692 = CARTESIAN_POINT('',(0.785238675806,6.478662702871E-17));
#17693 = VECTOR('',#17694,1.);
#17694 = DIRECTION('',(0.,-1.));
#17695 = ( GEOMETRIC_REPRESENTATION_CONTEXT(2)
PARAMETRIC_REPRESENTATION_CONTEXT() REPRESENTATION_CONTEXT('2D SPACE',''
  ) );
#17696 = PCURVE('',#5317,#17697);
#17697 = DEFINITIONAL_REPRESENTATION('',(#17698),#17702);
#17698 = LINE('',#17699,#17700);
#17699 = CARTESIAN_POINT('',(0.,0.));
#17700 = VECTOR('',#17701,1.);
#17701 = DIRECTION('',(0.,-1.));
#17702 = ( GEOMETRIC_REPRESENTATION_CONTEXT(2)
PARAMETRIC_REPRESENTATION_CONTEXT() REPRESENTATION_CONTEXT('2D SPACE',''
  ) );
#17703 = ADVANCED_FACE('',(#17704),#5317,.T.);
#17704 = FACE_BOUND('',#17705,.T.);
#17705 = EDGE_LOOP('',(#17706,#17707,#17708,#17709));
#17706 = ORIENTED_EDGE('',*,*,#11438,.F.);
#17707 = ORIENTED_EDGE('',*,*,#17683,.T.);
#17708 = ORIENTED_EDGE('',*,*,#5301,.F.);
#17709 = ORIENTED_EDGE('',*,*,#17710,.F.);
#17710 = EDGE_CURVE('',#11439,#5274,#17711,.T.);
#17711 = SURFACE_CURVE('',#17712,(#17716,#17723),.PCURVE_S1.);
#17712 = LINE('',#17713,#17714);
#17713 = CARTESIAN_POINT('',(41.61258408829,-9.101441186718,37.5));
#17714 = VECTOR('',#17715,1.);
#17715 = DIRECTION('',(1.110223024625E-16,0.,1.));
#17716 = PCURVE('',#5317,#17717);
#17717 = DEFINITIONAL_REPRESENTATION('',(#17718),#17722);
#17718 = LINE('',#17719,#17720);
#17719 = CARTESIAN_POINT('',(0.785238675806,6.8697994036E-17));
#17720 = VECTOR('',#17721,1.);
#17721 = DIRECTION('',(0.,-1.));
#17722 = ( GEOMETRIC_REPRESENTATION_CONTEXT(2)
PARAMETRIC_REPRESENTATION_CONTEXT() REPRESENTATION_CONTEXT('2D SPACE',''
  ) );
#17723 = PCURVE('',#5289,#17724);
#17724 = DEFINITIONAL_REPRESENTATION('',(#17725),#17729);
#17725 = LINE('',#17726,#17727);
#17726 = CARTESIAN_POINT('',(0.,0.));
#17727 = VECTOR('',#17728,1.);
#17728 = DIRECTION('',(0.,-1.));
#17729 = ( GEOMETRIC_REPRESENTATION_CONTEXT(2)
PARAMETRIC_REPRESENTATION_CONTEXT() REPRESENTATION_CONTEXT('2D SPACE',''
  ) );
#17730 = ADVANCED_FACE('',(#17731),#5289,.T.);
#17731 = FACE_BOUND('',#17732,.T.);
#17732 = EDGE_LOOP('',(#17733,#17734,#17735,#17736));
#17733 = ORIENTED_EDGE('',*,*,#11461,.F.);
#17734 = ORIENTED_EDGE('',*,*,#17710,.T.);
#17735 = ORIENTED_EDGE('',*,*,#5273,.F.);
#17736 = ORIENTED_EDGE('',*,*,#17737,.F.);
#17737 = EDGE_CURVE('',#11462,#5246,#17738,.T.);
#17738 = SURFACE_CURVE('',#17739,(#17743,#17750),.PCURVE_S1.);
#17739 = LINE('',#17740,#17741);
#17740 = CARTESIAN_POINT('',(40.961591722624,-9.54054108176,37.5));
#17741 = VECTOR('',#17742,1.);
#17742 = DIRECTION('',(1.110223024625E-16,0.,1.));
#17743 = PCURVE('',#5289,#17744);
#17744 = DEFINITIONAL_REPRESENTATION('',(#17745),#17749);
#17745 = LINE('',#17746,#17747);
#17746 = CARTESIAN_POINT('',(0.785238675806,7.227467132185E-17));
#17747 = VECTOR('',#17748,1.);
#17748 = DIRECTION('',(0.,-1.));
#17749 = ( GEOMETRIC_REPRESENTATION_CONTEXT(2)
PARAMETRIC_REPRESENTATION_CONTEXT() REPRESENTATION_CONTEXT('2D SPACE',''
  ) );
#17750 = PCURVE('',#5261,#17751);
#17751 = DEFINITIONAL_REPRESENTATION('',(#17752),#17756);
#17752 = LINE('',#17753,#17754);
#17753 = CARTESIAN_POINT('',(0.,0.));
#17754 = VECTOR('',#17755,1.);
#17755 = DIRECTION('',(0.,-1.));
#17756 = ( GEOMETRIC_REPRESENTATION_CONTEXT(2)
PARAMETRIC_REPRESENTATION_CONTEXT() REPRESENTATION_CONTEXT('2D SPACE',''
  ) );
#17757 = ADVANCED_FACE('',(#17758),#5261,.T.);
#17758 = FACE_BOUND('',#17759,.T.);
#17759 = EDGE_LOOP('',(#17760,#17761,#17762,#17763));
#17760 = ORIENTED_EDGE('',*,*,#11484,.F.);
#17761 = ORIENTED_EDGE('',*,*,#17737,.T.);
#17762 = ORIENTED_EDGE('',*,*,#5245,.F.);
#17763 = ORIENTED_EDGE('',*,*,#17764,.F.);
#17764 = EDGE_CURVE('',#11485,#5218,#17765,.T.);
#17765 = SURFACE_CURVE('',#17766,(#17770,#17777),.PCURVE_S1.);
#17766 = LINE('',#17767,#17768);
#17767 = CARTESIAN_POINT('',(42.922293000286,-12.67831903753,37.5));
#17768 = VECTOR('',#17769,1.);
#17769 = DIRECTION('',(1.110223024625E-16,0.,1.));
#17770 = PCURVE('',#5261,#17771);
#17771 = DEFINITIONAL_REPRESENTATION('',(#17772),#17776);
#17772 = LINE('',#17773,#17774);
#17773 = CARTESIAN_POINT('',(3.7,-2.176815702873E-16));
#17774 = VECTOR('',#17775,1.);
#17775 = DIRECTION('',(0.,-1.));
#17776 = ( GEOMETRIC_REPRESENTATION_CONTEXT(2)
PARAMETRIC_REPRESENTATION_CONTEXT() REPRESENTATION_CONTEXT('2D SPACE',''
  ) );
#17777 = PCURVE('',#5233,#17778);
#17778 = DEFINITIONAL_REPRESENTATION('',(#17779),#17783);
#17779 = LINE('',#17780,#17781);
#17780 = CARTESIAN_POINT('',(0.,0.));
#17781 = VECTOR('',#17782,1.);
#17782 = DIRECTION('',(0.,-1.));
#17783 = ( GEOMETRIC_REPRESENTATION_CONTEXT(2)
PARAMETRIC_REPRESENTATION_CONTEXT() REPRESENTATION_CONTEXT('2D SPACE',''
  ) );
#17784 = ADVANCED_FACE('',(#17785),#5233,.T.);
#17785 = FACE_BOUND('',#17786,.T.);
#17786 = EDGE_LOOP('',(#17787,#17788,#17789,#17790));
#17787 = ORIENTED_EDGE('',*,*,#11507,.F.);
#17788 = ORIENTED_EDGE('',*,*,#17764,.T.);
#17789 = ORIENTED_EDGE('',*,*,#5217,.F.);
#17790 = ORIENTED_EDGE('',*,*,#17791,.F.);
#17791 = EDGE_CURVE('',#11508,#5190,#17792,.T.);
#17792 = SURFACE_CURVE('',#17793,(#17797,#17804),.PCURVE_S1.);
#17793 = LINE('',#17794,#17795);
#17794 = CARTESIAN_POINT('',(43.787389521772,-12.0948040659,37.5));
#17795 = VECTOR('',#17796,1.);
#17796 = DIRECTION('',(1.110223024625E-16,0.,1.));
#17797 = PCURVE('',#5233,#17798);
#17798 = DEFINITIONAL_REPRESENTATION('',(#17799),#17803);
#17799 = LINE('',#17800,#17801);
#17800 = CARTESIAN_POINT('',(1.043494951405,-9.60450076677E-17));
#17801 = VECTOR('',#17802,1.);
#17802 = DIRECTION('',(0.,-1.));
#17803 = ( GEOMETRIC_REPRESENTATION_CONTEXT(2)
PARAMETRIC_REPRESENTATION_CONTEXT() REPRESENTATION_CONTEXT('2D SPACE',''
  ) );
#17804 = PCURVE('',#5205,#17805);
#17805 = DEFINITIONAL_REPRESENTATION('',(#17806),#17810);
#17806 = LINE('',#17807,#17808);
#17807 = CARTESIAN_POINT('',(0.,0.));
#17808 = VECTOR('',#17809,1.);
#17809 = DIRECTION('',(0.,-1.));
#17810 = ( GEOMETRIC_REPRESENTATION_CONTEXT(2)
PARAMETRIC_REPRESENTATION_CONTEXT() REPRESENTATION_CONTEXT('2D SPACE',''
  ) );
#17811 = ADVANCED_FACE('',(#17812),#5205,.T.);
#17812 = FACE_BOUND('',#17813,.T.);
#17813 = EDGE_LOOP('',(#17814,#17815,#17816,#17817));
#17814 = ORIENTED_EDGE('',*,*,#11530,.F.);
#17815 = ORIENTED_EDGE('',*,*,#17791,.T.);
#17816 = ORIENTED_EDGE('',*,*,#5189,.F.);
#17817 = ORIENTED_EDGE('',*,*,#17818,.F.);
#17818 = EDGE_CURVE('',#11531,#5162,#17819,.T.);
#17819 = SURFACE_CURVE('',#17820,(#17824,#17831),.PCURVE_S1.);
#17820 = LINE('',#17821,#17822);
#17821 = CARTESIAN_POINT('',(44.609674764814,-11.45236442462,37.5));
#17822 = VECTOR('',#17823,1.);
#17823 = DIRECTION('',(1.110223024625E-16,0.,1.));
#17824 = PCURVE('',#5205,#17825);
#17825 = DEFINITIONAL_REPRESENTATION('',(#17826),#17830);
#17826 = LINE('',#17827,#17828);
#17827 = CARTESIAN_POINT('',(1.043494951405,-9.129200096339E-17));
#17828 = VECTOR('',#17829,1.);
#17829 = DIRECTION('',(0.,-1.));
#17830 = ( GEOMETRIC_REPRESENTATION_CONTEXT(2)
PARAMETRIC_REPRESENTATION_CONTEXT() REPRESENTATION_CONTEXT('2D SPACE',''
  ) );
#17831 = PCURVE('',#5177,#17832);
#17832 = DEFINITIONAL_REPRESENTATION('',(#17833),#17837);
#17833 = LINE('',#17834,#17835);
#17834 = CARTESIAN_POINT('',(0.,0.));
#17835 = VECTOR('',#17836,1.);
#17836 = DIRECTION('',(0.,-1.));
#17837 = ( GEOMETRIC_REPRESENTATION_CONTEXT(2)
PARAMETRIC_REPRESENTATION_CONTEXT() REPRESENTATION_CONTEXT('2D SPACE',''
  ) );
#17838 = ADVANCED_FACE('',(#17839),#5177,.T.);
#17839 = FACE_BOUND('',#17840,.T.);
#17840 = EDGE_LOOP('',(#17841,#17842,#17843,#17844));
#17841 = ORIENTED_EDGE('',*,*,#11553,.F.);
#17842 = ORIENTED_EDGE('',*,*,#17818,.T.);
#17843 = ORIENTED_EDGE('',*,*,#5161,.F.);
#17844 = ORIENTED_EDGE('',*,*,#17845,.F.);
#17845 = EDGE_CURVE('',#11554,#5134,#17846,.T.);
#17846 = SURFACE_CURVE('',#17847,(#17851,#17858),.PCURVE_S1.);
#17847 = LINE('',#17848,#17849);
#17848 = CARTESIAN_POINT('',(45.385142638362,-10.75413001506,37.5));
#17849 = VECTOR('',#17850,1.);
#17850 = DIRECTION('',(1.110223024625E-16,0.,1.));
#17851 = PCURVE('',#5177,#17852);
#17852 = DEFINITIONAL_REPRESENTATION('',(#17853),#17857);
#17853 = LINE('',#17854,#17855);
#17854 = CARTESIAN_POINT('',(1.043494951405,-8.609422880704E-17));
#17855 = VECTOR('',#17856,1.);
#17856 = DIRECTION('',(0.,-1.));
#17857 = ( GEOMETRIC_REPRESENTATION_CONTEXT(2)
PARAMETRIC_REPRESENTATION_CONTEXT() REPRESENTATION_CONTEXT('2D SPACE',''
  ) );
#17858 = PCURVE('',#5149,#17859);
#17859 = DEFINITIONAL_REPRESENTATION('',(#17860),#17864);
#17860 = LINE('',#17861,#17862);
#17861 = CARTESIAN_POINT('',(0.,0.));
#17862 = VECTOR('',#17863,1.);
#17863 = DIRECTION('',(0.,-1.));
#17864 = ( GEOMETRIC_REPRESENTATION_CONTEXT(2)
PARAMETRIC_REPRESENTATION_CONTEXT() REPRESENTATION_CONTEXT('2D SPACE',''
  ) );
#17865 = ADVANCED_FACE('',(#17866),#5149,.T.);
#17866 = FACE_BOUND('',#17867,.T.);
#17867 = EDGE_LOOP('',(#17868,#17869,#17870,#17871));
#17868 = ORIENTED_EDGE('',*,*,#11576,.F.);
#17869 = ORIENTED_EDGE('',*,*,#17845,.T.);
#17870 = ORIENTED_EDGE('',*,*,#5133,.F.);
#17871 = ORIENTED_EDGE('',*,*,#17872,.F.);
#17872 = EDGE_CURVE('',#11577,#5106,#17873,.T.);
#17873 = SURFACE_CURVE('',#17874,(#17878,#17885),.PCURVE_S1.);
#17874 = LINE('',#17875,#17876);
#17875 = CARTESIAN_POINT('',(46.110015140887,-10.00350256506,37.5));
#17876 = VECTOR('',#17877,1.);
#17877 = DIRECTION('',(1.110223024625E-16,0.,1.));
#17878 = PCURVE('',#5149,#17879);
#17879 = DEFINITIONAL_REPRESENTATION('',(#17880),#17884);
#17880 = LINE('',#17881,#17882);
#17881 = CARTESIAN_POINT('',(1.043494951405,-8.04770142221E-17));
#17882 = VECTOR('',#17883,1.);
#17883 = DIRECTION('',(0.,-1.));
#17884 = ( GEOMETRIC_REPRESENTATION_CONTEXT(2)
PARAMETRIC_REPRESENTATION_CONTEXT() REPRESENTATION_CONTEXT('2D SPACE',''
  ) );
#17885 = PCURVE('',#5121,#17886);
#17886 = DEFINITIONAL_REPRESENTATION('',(#17887),#17891);
#17887 = LINE('',#17888,#17889);
#17888 = CARTESIAN_POINT('',(0.,0.));
#17889 = VECTOR('',#17890,1.);
#17890 = DIRECTION('',(0.,-1.));
#17891 = ( GEOMETRIC_REPRESENTATION_CONTEXT(2)
PARAMETRIC_REPRESENTATION_CONTEXT() REPRESENTATION_CONTEXT('2D SPACE',''
  ) );
#17892 = ADVANCED_FACE('',(#17893),#5121,.T.);
#17893 = FACE_BOUND('',#17894,.T.);
#17894 = EDGE_LOOP('',(#17895,#17896,#17897,#17898));
#17895 = ORIENTED_EDGE('',*,*,#11599,.F.);
#17896 = ORIENTED_EDGE('',*,*,#17872,.T.);
#17897 = ORIENTED_EDGE('',*,*,#5105,.F.);
#17898 = ORIENTED_EDGE('',*,*,#17899,.F.);
#17899 = EDGE_CURVE('',#11600,#5078,#17900,.T.);
#17900 = SURFACE_CURVE('',#17901,(#17905,#17912),.PCURVE_S1.);
#17901 = LINE('',#17902,#17903);
#17902 = CARTESIAN_POINT('',(46.78076076642,-9.204139056119,37.5));
#17903 = VECTOR('',#17904,1.);
#17904 = DIRECTION('',(1.110223024625E-16,0.,1.));
#17905 = PCURVE('',#5121,#17906);
#17906 = DEFINITIONAL_REPRESENTATION('',(#17907),#17911);
#17907 = LINE('',#17908,#17909);
#17908 = CARTESIAN_POINT('',(1.043494951405,-7.446772371338E-17));
#17909 = VECTOR('',#17910,1.);
#17910 = DIRECTION('',(0.,-1.));
#17911 = ( GEOMETRIC_REPRESENTATION_CONTEXT(2)
PARAMETRIC_REPRESENTATION_CONTEXT() REPRESENTATION_CONTEXT('2D SPACE',''
  ) );
#17912 = PCURVE('',#5093,#17913);
#17913 = DEFINITIONAL_REPRESENTATION('',(#17914),#17918);
#17914 = LINE('',#17915,#17916);
#17915 = CARTESIAN_POINT('',(0.,0.));
#17916 = VECTOR('',#17917,1.);
#17917 = DIRECTION('',(0.,-1.));
#17918 = ( GEOMETRIC_REPRESENTATION_CONTEXT(2)
PARAMETRIC_REPRESENTATION_CONTEXT() REPRESENTATION_CONTEXT('2D SPACE',''
  ) );
#17919 = ADVANCED_FACE('',(#17920),#5093,.T.);
#17920 = FACE_BOUND('',#17921,.T.);
#17921 = EDGE_LOOP('',(#17922,#17923,#17924,#17925));
#17922 = ORIENTED_EDGE('',*,*,#11622,.F.);
#17923 = ORIENTED_EDGE('',*,*,#17899,.T.);
#17924 = ORIENTED_EDGE('',*,*,#5077,.F.);
#17925 = ORIENTED_EDGE('',*,*,#17926,.F.);
#17926 = EDGE_CURVE('',#11623,#5050,#17927,.T.);
#17927 = SURFACE_CURVE('',#17928,(#17932,#17939),.PCURVE_S1.);
#17928 = LINE('',#17929,#17930);
#17929 = CARTESIAN_POINT('',(47.394111709698,-8.359933906888,37.5));
#17930 = VECTOR('',#17931,1.);
#17931 = DIRECTION('',(1.110223024625E-16,0.,1.));
#17932 = PCURVE('',#5093,#17933);
#17933 = DEFINITIONAL_REPRESENTATION('',(#17934),#17938);
#17934 = LINE('',#17935,#17936);
#17935 = CARTESIAN_POINT('',(1.043494951405,-6.809563394021E-17));
#17936 = VECTOR('',#17937,1.);
#17937 = DIRECTION('',(0.,-1.));
#17938 = ( GEOMETRIC_REPRESENTATION_CONTEXT(2)
PARAMETRIC_REPRESENTATION_CONTEXT() REPRESENTATION_CONTEXT('2D SPACE',''
  ) );
#17939 = PCURVE('',#5065,#17940);
#17940 = DEFINITIONAL_REPRESENTATION('',(#17941),#17945);
#17941 = LINE('',#17942,#17943);
#17942 = CARTESIAN_POINT('',(0.,0.));
#17943 = VECTOR('',#17944,1.);
#17944 = DIRECTION('',(0.,-1.));
#17945 = ( GEOMETRIC_REPRESENTATION_CONTEXT(2)
PARAMETRIC_REPRESENTATION_CONTEXT() REPRESENTATION_CONTEXT('2D SPACE',''
  ) );
#17946 = ADVANCED_FACE('',(#17947),#5065,.T.);
#17947 = FACE_BOUND('',#17948,.T.);
#17948 = EDGE_LOOP('',(#17949,#17950,#17951,#17952));
#17949 = ORIENTED_EDGE('',*,*,#11645,.F.);
#17950 = ORIENTED_EDGE('',*,*,#17926,.T.);
#17951 = ORIENTED_EDGE('',*,*,#5049,.F.);
#17952 = ORIENTED_EDGE('',*,*,#17953,.F.);
#17953 = EDGE_CURVE('',#11646,#5022,#17954,.T.);
#17954 = SURFACE_CURVE('',#17955,(#17959,#17966),.PCURVE_S1.);
#17955 = LINE('',#17956,#17957);
#17956 = CARTESIAN_POINT('',(47.947079786577,-7.475,37.5));
#17957 = VECTOR('',#17958,1.);
#17958 = DIRECTION('',(1.110223024625E-16,0.,1.));
#17959 = PCURVE('',#5065,#17960);
#17960 = DEFINITIONAL_REPRESENTATION('',(#17961),#17965);
#17961 = LINE('',#17962,#17963);
#17962 = CARTESIAN_POINT('',(1.043494951405,-6.139178908343E-17));
#17963 = VECTOR('',#17964,1.);
#17964 = DIRECTION('',(0.,-1.));
#17965 = ( GEOMETRIC_REPRESENTATION_CONTEXT(2)
PARAMETRIC_REPRESENTATION_CONTEXT() REPRESENTATION_CONTEXT('2D SPACE',''
  ) );
#17966 = PCURVE('',#5037,#17967);
#17967 = DEFINITIONAL_REPRESENTATION('',(#17968),#17972);
#17968 = LINE('',#17969,#17970);
#17969 = CARTESIAN_POINT('',(0.,0.));
#17970 = VECTOR('',#17971,1.);
#17971 = DIRECTION('',(0.,-1.));
#17972 = ( GEOMETRIC_REPRESENTATION_CONTEXT(2)
PARAMETRIC_REPRESENTATION_CONTEXT() REPRESENTATION_CONTEXT('2D SPACE',''
  ) );
#17973 = ADVANCED_FACE('',(#17974),#5037,.T.);
#17974 = FACE_BOUND('',#17975,.T.);
#17975 = EDGE_LOOP('',(#17976,#17977,#17978,#17979));
#17976 = ORIENTED_EDGE('',*,*,#11668,.F.);
#17977 = ORIENTED_EDGE('',*,*,#17953,.T.);
#17978 = ORIENTED_EDGE('',*,*,#5021,.F.);
#17979 = ORIENTED_EDGE('',*,*,#17980,.F.);
#17980 = EDGE_CURVE('',#11669,#4994,#17981,.T.);
#17981 = SURFACE_CURVE('',#17982,(#17986,#17993),.PCURVE_S1.);
#17982 = LINE('',#17983,#17984);
#17983 = CARTESIAN_POINT('',(48.436970992173,-6.553648644497,37.5));
#17984 = VECTOR('',#17985,1.);
#17985 = DIRECTION('',(1.110223024625E-16,0.,1.));
#17986 = PCURVE('',#5037,#17987);
#17987 = DEFINITIONAL_REPRESENTATION('',(#17988),#17992);
#17988 = LINE('',#17989,#17990);
#17989 = CARTESIAN_POINT('',(1.043494951405,-5.438884960132E-17));
#17990 = VECTOR('',#17991,1.);
#17991 = DIRECTION('',(0.,-1.));
#17992 = ( GEOMETRIC_REPRESENTATION_CONTEXT(2)
PARAMETRIC_REPRESENTATION_CONTEXT() REPRESENTATION_CONTEXT('2D SPACE',''
  ) );
#17993 = PCURVE('',#5009,#17994);
#17994 = DEFINITIONAL_REPRESENTATION('',(#17995),#17999);
#17995 = LINE('',#17996,#17997);
#17996 = CARTESIAN_POINT('',(0.,0.));
#17997 = VECTOR('',#17998,1.);
#17998 = DIRECTION('',(0.,-1.));
#17999 = ( GEOMETRIC_REPRESENTATION_CONTEXT(2)
PARAMETRIC_REPRESENTATION_CONTEXT() REPRESENTATION_CONTEXT('2D SPACE',''
  ) );
#18000 = ADVANCED_FACE('',(#18001),#5009,.T.);
#18001 = FACE_BOUND('',#18002,.T.);
#18002 = EDGE_LOOP('',(#18003,#18004,#18005,#18026));
#18003 = ORIENTED_EDGE('',*,*,#17980,.T.);
#18004 = ORIENTED_EDGE('',*,*,#4993,.F.);
#18005 = ORIENTED_EDGE('',*,*,#18006,.F.);
#18006 = EDGE_CURVE('',#11692,#4968,#18007,.T.);
#18007 = SURFACE_CURVE('',#18008,(#18012,#18019),.PCURVE_S1.);
#18008 = LINE('',#18009,#18010);
#18009 = CARTESIAN_POINT('',(48.861398625773,-5.600368571568,37.5));
#18010 = VECTOR('',#18011,1.);
#18011 = DIRECTION('',(1.110223024625E-16,0.,1.));
#18012 = PCURVE('',#5009,#18013);
#18013 = DEFINITIONAL_REPRESENTATION('',(#18014),#18018);
#18014 = LINE('',#18015,#18016);
#18015 = CARTESIAN_POINT('',(1.043494951405,-4.712093311109E-17));
#18016 = VECTOR('',#18017,1.);
#18017 = DIRECTION('',(0.,-1.));
#18018 = ( GEOMETRIC_REPRESENTATION_CONTEXT(2)
PARAMETRIC_REPRESENTATION_CONTEXT() REPRESENTATION_CONTEXT('2D SPACE',''
  ) );
#18019 = PCURVE('',#4982,#18020);
#18020 = DEFINITIONAL_REPRESENTATION('',(#18021),#18025);
#18021 = LINE('',#18022,#18023);
#18022 = CARTESIAN_POINT('',(0.,0.));
#18023 = VECTOR('',#18024,1.);
#18024 = DIRECTION('',(0.,-1.));
#18025 = ( GEOMETRIC_REPRESENTATION_CONTEXT(2)
PARAMETRIC_REPRESENTATION_CONTEXT() REPRESENTATION_CONTEXT('2D SPACE',''
  ) );
#18026 = ORIENTED_EDGE('',*,*,#11691,.T.);
#18027 = ADVANCED_FACE('',(#18028),#4982,.T.);
#18028 = FACE_BOUND('',#18029,.T.);
#18029 = EDGE_LOOP('',(#18030,#18031,#18032,#18033));
#18030 = ORIENTED_EDGE('',*,*,#11714,.F.);
#18031 = ORIENTED_EDGE('',*,*,#18006,.T.);
#18032 = ORIENTED_EDGE('',*,*,#4967,.F.);
#18033 = ORIENTED_EDGE('',*,*,#18034,.F.);
#18034 = EDGE_CURVE('',#11715,#4942,#18035,.T.);
#18035 = SURFACE_CURVE('',#18036,(#18040,#18047),.PCURVE_S1.);
#18036 = LINE('',#18037,#18038);
#18037 = CARTESIAN_POINT('',(49.218294918613,-4.619804065905,37.5));
#18038 = VECTOR('',#18039,1.);
#18039 = DIRECTION('',(1.110223024625E-16,0.,1.));
#18040 = PCURVE('',#4982,#18041);
#18041 = DEFINITIONAL_REPRESENTATION('',(#18042),#18046);
#18042 = LINE('',#18043,#18044);
#18043 = CARTESIAN_POINT('',(1.043494951405,-3.962344817133E-17));
#18044 = VECTOR('',#18045,1.);
#18045 = DIRECTION('',(0.,-1.));
#18046 = ( GEOMETRIC_REPRESENTATION_CONTEXT(2)
PARAMETRIC_REPRESENTATION_CONTEXT() REPRESENTATION_CONTEXT('2D SPACE',''
  ) );
#18047 = PCURVE('',#4956,#18048);
#18048 = DEFINITIONAL_REPRESENTATION('',(#18049),#18053);
#18049 = LINE('',#18050,#18051);
#18050 = CARTESIAN_POINT('',(0.,0.));
#18051 = VECTOR('',#18052,1.);
#18052 = DIRECTION('',(0.,-1.));
#18053 = ( GEOMETRIC_REPRESENTATION_CONTEXT(2)
PARAMETRIC_REPRESENTATION_CONTEXT() REPRESENTATION_CONTEXT('2D SPACE',''
  ) );
#18054 = ADVANCED_FACE('',(#18055),#4956,.T.);
#18055 = FACE_BOUND('',#18056,.T.);
#18056 = EDGE_LOOP('',(#18057,#18058,#18059,#18060));
#18057 = ORIENTED_EDGE('',*,*,#11737,.F.);
#18058 = ORIENTED_EDGE('',*,*,#18034,.T.);
#18059 = ORIENTED_EDGE('',*,*,#4941,.F.);
#18060 = ORIENTED_EDGE('',*,*,#18061,.F.);
#18061 = EDGE_CURVE('',#11738,#4916,#18062,.T.);
#18062 = SURFACE_CURVE('',#18063,(#18067,#18074),.PCURVE_S1.);
#18063 = LINE('',#18064,#18065);
#18064 = CARTESIAN_POINT('',(49.505921107826,-3.616732339215,37.5));
#18065 = VECTOR('',#18066,1.);
#18066 = DIRECTION('',(1.110223024625E-16,0.,1.));
#18067 = PCURVE('',#4956,#18068);
#18068 = DEFINITIONAL_REPRESENTATION('',(#18069),#18073);
#18069 = LINE('',#18070,#18071);
#18070 = CARTESIAN_POINT('',(1.043494951405,-3.193292177501E-17));
#18071 = VECTOR('',#18072,1.);
#18072 = DIRECTION('',(0.,-1.));
#18073 = ( GEOMETRIC_REPRESENTATION_CONTEXT(2)
PARAMETRIC_REPRESENTATION_CONTEXT() REPRESENTATION_CONTEXT('2D SPACE',''
  ) );
#18074 = PCURVE('',#4930,#18075);
#18075 = DEFINITIONAL_REPRESENTATION('',(#18076),#18080);
#18076 = LINE('',#18077,#18078);
#18077 = CARTESIAN_POINT('',(0.,0.));
#18078 = VECTOR('',#18079,1.);
#18079 = DIRECTION('',(0.,-1.));
#18080 = ( GEOMETRIC_REPRESENTATION_CONTEXT(2)
PARAMETRIC_REPRESENTATION_CONTEXT() REPRESENTATION_CONTEXT('2D SPACE',''
  ) );
#18081 = ADVANCED_FACE('',(#18082),#4930,.T.);
#18082 = FACE_BOUND('',#18083,.T.);
#18083 = EDGE_LOOP('',(#18084,#18085,#18086,#18087));
#18084 = ORIENTED_EDGE('',*,*,#11760,.F.);
#18085 = ORIENTED_EDGE('',*,*,#18061,.T.);
#18086 = ORIENTED_EDGE('',*,*,#4915,.F.);
#18087 = ORIENTED_EDGE('',*,*,#18088,.F.);
#18088 = EDGE_CURVE('',#11761,#4890,#18089,.T.);
#18089 = SURFACE_CURVE('',#18090,(#18094,#18101),.PCURVE_S1.);
#18090 = LINE('',#18091,#18092);
#18091 = CARTESIAN_POINT('',(49.722875907533,-2.596040256121,37.5));
#18092 = VECTOR('',#18093,1.);
#18093 = DIRECTION('',(1.110223024625E-16,0.,1.));
#18094 = PCURVE('',#4930,#18095);
#18095 = DEFINITIONAL_REPRESENTATION('',(#18096),#18100);
#18096 = LINE('',#18097,#18098);
#18097 = CARTESIAN_POINT('',(1.043494951405,-2.408682139369E-17));
#18098 = VECTOR('',#18099,1.);
#18099 = DIRECTION('',(0.,-1.));
#18100 = ( GEOMETRIC_REPRESENTATION_CONTEXT(2)
PARAMETRIC_REPRESENTATION_CONTEXT() REPRESENTATION_CONTEXT('2D SPACE',''
  ) );
#18101 = PCURVE('',#4904,#18102);
#18102 = DEFINITIONAL_REPRESENTATION('',(#18103),#18107);
#18103 = LINE('',#18104,#18105);
#18104 = CARTESIAN_POINT('',(0.,0.));
#18105 = VECTOR('',#18106,1.);
#18106 = DIRECTION('',(0.,-1.));
#18107 = ( GEOMETRIC_REPRESENTATION_CONTEXT(2)
PARAMETRIC_REPRESENTATION_CONTEXT() REPRESENTATION_CONTEXT('2D SPACE',''
  ) );
#18108 = ADVANCED_FACE('',(#18109),#4904,.T.);
#18109 = FACE_BOUND('',#18110,.T.);
#18110 = EDGE_LOOP('',(#18111,#18112,#18113,#18114));
#18111 = ORIENTED_EDGE('',*,*,#11783,.F.);
#18112 = ORIENTED_EDGE('',*,*,#18088,.T.);
#18113 = ORIENTED_EDGE('',*,*,#4889,.F.);
#18114 = ORIENTED_EDGE('',*,*,#18115,.F.);
#18115 = EDGE_CURVE('',#11784,#4864,#18116,.T.);
#18116 = SURFACE_CURVE('',#18117,(#18121,#18128),.PCURVE_S1.);
#18117 = LINE('',#18118,#18119);
#18118 = CARTESIAN_POINT('',(49.868102335756,-1.562700525851,37.5));
#18119 = VECTOR('',#18120,1.);
#18120 = DIRECTION('',(1.110223024625E-16,0.,1.));
#18121 = PCURVE('',#4904,#18122);
#18122 = DEFINITIONAL_REPRESENTATION('',(#18123),#18127);
#18123 = LINE('',#18124,#18125);
#18124 = CARTESIAN_POINT('',(1.043494951405,-1.612337243974E-17));
#18125 = VECTOR('',#18126,1.);
#18126 = DIRECTION('',(0.,-1.));
#18127 = ( GEOMETRIC_REPRESENTATION_CONTEXT(2)
PARAMETRIC_REPRESENTATION_CONTEXT() REPRESENTATION_CONTEXT('2D SPACE',''
  ) );
#18128 = PCURVE('',#4878,#18129);
#18129 = DEFINITIONAL_REPRESENTATION('',(#18130),#18134);
#18130 = LINE('',#18131,#18132);
#18131 = CARTESIAN_POINT('',(0.,0.));
#18132 = VECTOR('',#18133,1.);
#18133 = DIRECTION('',(0.,-1.));
#18134 = ( GEOMETRIC_REPRESENTATION_CONTEXT(2)
PARAMETRIC_REPRESENTATION_CONTEXT() REPRESENTATION_CONTEXT('2D SPACE',''
  ) );
#18135 = ADVANCED_FACE('',(#18136),#4878,.T.);
#18136 = FACE_BOUND('',#18137,.T.);
#18137 = EDGE_LOOP('',(#18138,#18139,#18140,#18141));
#18138 = ORIENTED_EDGE('',*,*,#11806,.F.);
#18139 = ORIENTED_EDGE('',*,*,#18115,.T.);
#18140 = ORIENTED_EDGE('',*,*,#4863,.F.);
#18141 = ORIENTED_EDGE('',*,*,#18142,.F.);
#18142 = EDGE_CURVE('',#11807,#4838,#18143,.T.);
#18143 = SURFACE_CURVE('',#18144,(#18148,#18155),.PCURVE_S1.);
#18144 = LINE('',#18145,#18146);
#18145 = CARTESIAN_POINT('',(49.940892863935,-0.521747475702,37.5));
#18146 = VECTOR('',#18147,1.);
#18147 = DIRECTION('',(1.110223024625E-16,0.,1.));
#18148 = PCURVE('',#4878,#18149);
#18149 = DEFINITIONAL_REPRESENTATION('',(#18150),#18154);
#18150 = LINE('',#18151,#18152);
#18151 = CARTESIAN_POINT('',(1.043494951405,-8.081372035983E-18));
#18152 = VECTOR('',#18153,1.);
#18153 = DIRECTION('',(0.,-1.));
#18154 = ( GEOMETRIC_REPRESENTATION_CONTEXT(2)
PARAMETRIC_REPRESENTATION_CONTEXT() REPRESENTATION_CONTEXT('2D SPACE',''
  ) );
#18155 = PCURVE('',#4852,#18156);
#18156 = DEFINITIONAL_REPRESENTATION('',(#18157),#18161);
#18157 = LINE('',#18158,#18159);
#18158 = CARTESIAN_POINT('',(0.,0.));
#18159 = VECTOR('',#18160,1.);
#18160 = DIRECTION('',(0.,-1.));
#18161 = ( GEOMETRIC_REPRESENTATION_CONTEXT(2)
PARAMETRIC_REPRESENTATION_CONTEXT() REPRESENTATION_CONTEXT('2D SPACE',''
  ) );
#18162 = ADVANCED_FACE('',(#18163),#4852,.T.);
#18163 = FACE_BOUND('',#18164,.T.);
#18164 = EDGE_LOOP('',(#18165,#18166,#18167,#18168));
#18165 = ORIENTED_EDGE('',*,*,#11829,.F.);
#18166 = ORIENTED_EDGE('',*,*,#18142,.T.);
#18167 = ORIENTED_EDGE('',*,*,#4837,.F.);
#18168 = ORIENTED_EDGE('',*,*,#18169,.F.);
#18169 = EDGE_CURVE('',#11830,#4812,#18170,.T.);
#18170 = SURFACE_CURVE('',#18171,(#18175,#18182),.PCURVE_S1.);
#18171 = LINE('',#18172,#18173);
#18172 = CARTESIAN_POINT('',(49.940892863935,0.521747475702,37.5));
#18173 = VECTOR('',#18174,1.);
#18174 = DIRECTION('',(1.110223024625E-16,0.,1.));
#18175 = PCURVE('',#4852,#18176);
#18176 = DEFINITIONAL_REPRESENTATION('',(#18177),#18181);
#18177 = LINE('',#18178,#18179);
#18178 = CARTESIAN_POINT('',(1.043494951405,0.));
#18179 = VECTOR('',#18180,1.);
#18180 = DIRECTION('',(0.,-1.));
#18181 = ( GEOMETRIC_REPRESENTATION_CONTEXT(2)
PARAMETRIC_REPRESENTATION_CONTEXT() REPRESENTATION_CONTEXT('2D SPACE',''
  ) );
#18182 = PCURVE('',#4826,#18183);
#18183 = DEFINITIONAL_REPRESENTATION('',(#18184),#18188);
#18184 = LINE('',#18185,#18186);
#18185 = CARTESIAN_POINT('',(0.,0.));
#18186 = VECTOR('',#18187,1.);
#18187 = DIRECTION('',(0.,-1.));
#18188 = ( GEOMETRIC_REPRESENTATION_CONTEXT(2)
PARAMETRIC_REPRESENTATION_CONTEXT() REPRESENTATION_CONTEXT('2D SPACE',''
  ) );
#18189 = ADVANCED_FACE('',(#18190),#4826,.T.);
#18190 = FACE_BOUND('',#18191,.T.);
#18191 = EDGE_LOOP('',(#18192,#18193,#18194,#18195));
#18192 = ORIENTED_EDGE('',*,*,#11852,.F.);
#18193 = ORIENTED_EDGE('',*,*,#18169,.T.);
#18194 = ORIENTED_EDGE('',*,*,#4811,.F.);
#18195 = ORIENTED_EDGE('',*,*,#18196,.F.);
#18196 = EDGE_CURVE('',#11853,#4786,#18197,.T.);
#18197 = SURFACE_CURVE('',#18198,(#18202,#18209),.PCURVE_S1.);
#18198 = LINE('',#18199,#18200);
#18199 = CARTESIAN_POINT('',(49.868102335756,1.562700525851,37.5));
#18200 = VECTOR('',#18201,1.);
#18201 = DIRECTION('',(1.110223024625E-16,0.,1.));
#18202 = PCURVE('',#4826,#18203);
#18203 = DEFINITIONAL_REPRESENTATION('',(#18204),#18208);
#18204 = LINE('',#18205,#18206);
#18205 = CARTESIAN_POINT('',(1.043494951405,8.081372035983E-18));
#18206 = VECTOR('',#18207,1.);
#18207 = DIRECTION('',(0.,-1.));
#18208 = ( GEOMETRIC_REPRESENTATION_CONTEXT(2)
PARAMETRIC_REPRESENTATION_CONTEXT() REPRESENTATION_CONTEXT('2D SPACE',''
  ) );
#18209 = PCURVE('',#4800,#18210);
#18210 = DEFINITIONAL_REPRESENTATION('',(#18211),#18215);
#18211 = LINE('',#18212,#18213);
#18212 = CARTESIAN_POINT('',(0.,0.));
#18213 = VECTOR('',#18214,1.);
#18214 = DIRECTION('',(0.,-1.));
#18215 = ( GEOMETRIC_REPRESENTATION_CONTEXT(2)
PARAMETRIC_REPRESENTATION_CONTEXT() REPRESENTATION_CONTEXT('2D SPACE',''
  ) );
#18216 = ADVANCED_FACE('',(#18217),#4800,.T.);
#18217 = FACE_BOUND('',#18218,.T.);
#18218 = EDGE_LOOP('',(#18219,#18220,#18221,#18222));
#18219 = ORIENTED_EDGE('',*,*,#11875,.F.);
#18220 = ORIENTED_EDGE('',*,*,#18196,.T.);
#18221 = ORIENTED_EDGE('',*,*,#4785,.F.);
#18222 = ORIENTED_EDGE('',*,*,#18223,.F.);
#18223 = EDGE_CURVE('',#11876,#4760,#18224,.T.);
#18224 = SURFACE_CURVE('',#18225,(#18229,#18236),.PCURVE_S1.);
#18225 = LINE('',#18226,#18227);
#18226 = CARTESIAN_POINT('',(49.722875907533,2.596040256121,37.5));
#18227 = VECTOR('',#18228,1.);
#18228 = DIRECTION('',(1.110223024625E-16,0.,1.));
#18229 = PCURVE('',#4800,#18230);
#18230 = DEFINITIONAL_REPRESENTATION('',(#18231),#18235);
#18231 = LINE('',#18232,#18233);
#18232 = CARTESIAN_POINT('',(1.043494951405,1.612337243974E-17));
#18233 = VECTOR('',#18234,1.);
#18234 = DIRECTION('',(0.,-1.));
#18235 = ( GEOMETRIC_REPRESENTATION_CONTEXT(2)
PARAMETRIC_REPRESENTATION_CONTEXT() REPRESENTATION_CONTEXT('2D SPACE',''
  ) );
#18236 = PCURVE('',#4774,#18237);
#18237 = DEFINITIONAL_REPRESENTATION('',(#18238),#18242);
#18238 = LINE('',#18239,#18240);
#18239 = CARTESIAN_POINT('',(0.,0.));
#18240 = VECTOR('',#18241,1.);
#18241 = DIRECTION('',(0.,-1.));
#18242 = ( GEOMETRIC_REPRESENTATION_CONTEXT(2)
PARAMETRIC_REPRESENTATION_CONTEXT() REPRESENTATION_CONTEXT('2D SPACE',''
  ) );
#18243 = ADVANCED_FACE('',(#18244),#4774,.T.);
#18244 = FACE_BOUND('',#18245,.T.);
#18245 = EDGE_LOOP('',(#18246,#18247,#18248,#18249));
#18246 = ORIENTED_EDGE('',*,*,#11898,.F.);
#18247 = ORIENTED_EDGE('',*,*,#18223,.T.);
#18248 = ORIENTED_EDGE('',*,*,#4759,.F.);
#18249 = ORIENTED_EDGE('',*,*,#18250,.F.);
#18250 = EDGE_CURVE('',#11899,#4734,#18251,.T.);
#18251 = SURFACE_CURVE('',#18252,(#18256,#18263),.PCURVE_S1.);
#18252 = LINE('',#18253,#18254);
#18253 = CARTESIAN_POINT('',(49.505921107826,3.616732339215,37.5));
#18254 = VECTOR('',#18255,1.);
#18255 = DIRECTION('',(1.110223024625E-16,0.,1.));
#18256 = PCURVE('',#4774,#18257);
#18257 = DEFINITIONAL_REPRESENTATION('',(#18258),#18262);
#18258 = LINE('',#18259,#18260);
#18259 = CARTESIAN_POINT('',(1.043494951405,2.408682139369E-17));
#18260 = VECTOR('',#18261,1.);
#18261 = DIRECTION('',(0.,-1.));
#18262 = ( GEOMETRIC_REPRESENTATION_CONTEXT(2)
PARAMETRIC_REPRESENTATION_CONTEXT() REPRESENTATION_CONTEXT('2D SPACE',''
  ) );
#18263 = PCURVE('',#4748,#18264);
#18264 = DEFINITIONAL_REPRESENTATION('',(#18265),#18269);
#18265 = LINE('',#18266,#18267);
#18266 = CARTESIAN_POINT('',(0.,0.));
#18267 = VECTOR('',#18268,1.);
#18268 = DIRECTION('',(0.,-1.));
#18269 = ( GEOMETRIC_REPRESENTATION_CONTEXT(2)
PARAMETRIC_REPRESENTATION_CONTEXT() REPRESENTATION_CONTEXT('2D SPACE',''
  ) );
#18270 = ADVANCED_FACE('',(#18271),#4748,.T.);
#18271 = FACE_BOUND('',#18272,.T.);
#18272 = EDGE_LOOP('',(#18273,#18274,#18275,#18276));
#18273 = ORIENTED_EDGE('',*,*,#11921,.F.);
#18274 = ORIENTED_EDGE('',*,*,#18250,.T.);
#18275 = ORIENTED_EDGE('',*,*,#4733,.F.);
#18276 = ORIENTED_EDGE('',*,*,#18277,.F.);
#18277 = EDGE_CURVE('',#11922,#4708,#18278,.T.);
#18278 = SURFACE_CURVE('',#18279,(#18283,#18290),.PCURVE_S1.);
#18279 = LINE('',#18280,#18281);
#18280 = CARTESIAN_POINT('',(49.218294918613,4.619804065905,37.5));
#18281 = VECTOR('',#18282,1.);
#18282 = DIRECTION('',(1.110223024625E-16,0.,1.));
#18283 = PCURVE('',#4748,#18284);
#18284 = DEFINITIONAL_REPRESENTATION('',(#18285),#18289);
#18285 = LINE('',#18286,#18287);
#18286 = CARTESIAN_POINT('',(1.043494951405,3.193292177501E-17));
#18287 = VECTOR('',#18288,1.);
#18288 = DIRECTION('',(0.,-1.));
#18289 = ( GEOMETRIC_REPRESENTATION_CONTEXT(2)
PARAMETRIC_REPRESENTATION_CONTEXT() REPRESENTATION_CONTEXT('2D SPACE',''
  ) );
#18290 = PCURVE('',#4722,#18291);
#18291 = DEFINITIONAL_REPRESENTATION('',(#18292),#18296);
#18292 = LINE('',#18293,#18294);
#18293 = CARTESIAN_POINT('',(0.,0.));
#18294 = VECTOR('',#18295,1.);
#18295 = DIRECTION('',(0.,-1.));
#18296 = ( GEOMETRIC_REPRESENTATION_CONTEXT(2)
PARAMETRIC_REPRESENTATION_CONTEXT() REPRESENTATION_CONTEXT('2D SPACE',''
  ) );
#18297 = ADVANCED_FACE('',(#18298),#4722,.T.);
#18298 = FACE_BOUND('',#18299,.T.);
#18299 = EDGE_LOOP('',(#18300,#18301,#18302,#18303));
#18300 = ORIENTED_EDGE('',*,*,#11944,.F.);
#18301 = ORIENTED_EDGE('',*,*,#18277,.T.);
#18302 = ORIENTED_EDGE('',*,*,#4707,.F.);
#18303 = ORIENTED_EDGE('',*,*,#18304,.F.);
#18304 = EDGE_CURVE('',#11945,#4680,#18305,.T.);
#18305 = SURFACE_CURVE('',#18306,(#18310,#18317),.PCURVE_S1.);
#18306 = LINE('',#18307,#18308);
#18307 = CARTESIAN_POINT('',(48.861398625773,5.600368571568,37.5));
#18308 = VECTOR('',#18309,1.);
#18309 = DIRECTION('',(1.110223024625E-16,0.,1.));
#18310 = PCURVE('',#4722,#18311);
#18311 = DEFINITIONAL_REPRESENTATION('',(#18312),#18316);
#18312 = LINE('',#18313,#18314);
#18313 = CARTESIAN_POINT('',(1.043494951405,3.962344817133E-17));
#18314 = VECTOR('',#18315,1.);
#18315 = DIRECTION('',(0.,-1.));
#18316 = ( GEOMETRIC_REPRESENTATION_CONTEXT(2)
PARAMETRIC_REPRESENTATION_CONTEXT() REPRESENTATION_CONTEXT('2D SPACE',''
  ) );
#18317 = PCURVE('',#4695,#18318);
#18318 = DEFINITIONAL_REPRESENTATION('',(#18319),#18323);
#18319 = LINE('',#18320,#18321);
#18320 = CARTESIAN_POINT('',(0.,0.));
#18321 = VECTOR('',#18322,1.);
#18322 = DIRECTION('',(0.,-1.));
#18323 = ( GEOMETRIC_REPRESENTATION_CONTEXT(2)
PARAMETRIC_REPRESENTATION_CONTEXT() REPRESENTATION_CONTEXT('2D SPACE',''
  ) );
#18324 = ADVANCED_FACE('',(#18325),#4695,.T.);
#18325 = FACE_BOUND('',#18326,.T.);
#18326 = EDGE_LOOP('',(#18327,#18328,#18329,#18350));
#18327 = ORIENTED_EDGE('',*,*,#18304,.T.);
#18328 = ORIENTED_EDGE('',*,*,#4679,.F.);
#18329 = ORIENTED_EDGE('',*,*,#18330,.F.);
#18330 = EDGE_CURVE('',#11968,#4652,#18331,.T.);
#18331 = SURFACE_CURVE('',#18332,(#18336,#18343),.PCURVE_S1.);
#18332 = LINE('',#18333,#18334);
#18333 = CARTESIAN_POINT('',(48.436970992173,6.553648644497,37.5));
#18334 = VECTOR('',#18335,1.);
#18335 = DIRECTION('',(1.110223024625E-16,0.,1.));
#18336 = PCURVE('',#4695,#18337);
#18337 = DEFINITIONAL_REPRESENTATION('',(#18338),#18342);
#18338 = LINE('',#18339,#18340);
#18339 = CARTESIAN_POINT('',(1.043494951405,4.712093311109E-17));
#18340 = VECTOR('',#18341,1.);
#18341 = DIRECTION('',(0.,-1.));
#18342 = ( GEOMETRIC_REPRESENTATION_CONTEXT(2)
PARAMETRIC_REPRESENTATION_CONTEXT() REPRESENTATION_CONTEXT('2D SPACE',''
  ) );
#18343 = PCURVE('',#4667,#18344);
#18344 = DEFINITIONAL_REPRESENTATION('',(#18345),#18349);
#18345 = LINE('',#18346,#18347);
#18346 = CARTESIAN_POINT('',(0.,0.));
#18347 = VECTOR('',#18348,1.);
#18348 = DIRECTION('',(0.,-1.));
#18349 = ( GEOMETRIC_REPRESENTATION_CONTEXT(2)
PARAMETRIC_REPRESENTATION_CONTEXT() REPRESENTATION_CONTEXT('2D SPACE',''
  ) );
#18350 = ORIENTED_EDGE('',*,*,#11967,.T.);
#18351 = ADVANCED_FACE('',(#18352),#4667,.T.);
#18352 = FACE_BOUND('',#18353,.T.);
#18353 = EDGE_LOOP('',(#18354,#18355,#18356,#18357));
#18354 = ORIENTED_EDGE('',*,*,#11990,.F.);
#18355 = ORIENTED_EDGE('',*,*,#18330,.T.);
#18356 = ORIENTED_EDGE('',*,*,#4649,.F.);
#18357 = ORIENTED_EDGE('',*,*,#10884,.F.);
#18358 = ADVANCED_FACE('',(#18359),#72,.F.);
#18359 = FACE_BOUND('',#18360,.F.);
#18360 = EDGE_LOOP('',(#18361,#18382,#18383,#18384,#18385));
#18361 = ORIENTED_EDGE('',*,*,#18362,.F.);
#18362 = EDGE_CURVE('',#220,#22,#18363,.T.);
#18363 = SURFACE_CURVE('',#18364,(#18368,#18375),.PCURVE_S1.);
#18364 = LINE('',#18365,#18366);
#18365 = CARTESIAN_POINT('',(67.,6.5,36.2));
#18366 = VECTOR('',#18367,1.);
#18367 = DIRECTION('',(-1.,0.,0.));
#18368 = PCURVE('',#72,#18369);
#18369 = DEFINITIONAL_REPRESENTATION('',(#18370),#18374);
#18370 = LINE('',#18371,#18372);
#18371 = CARTESIAN_POINT('',(0.,-0.));
#18372 = VECTOR('',#18373,1.);
#18373 = DIRECTION('',(1.,0.));
#18374 = ( GEOMETRIC_REPRESENTATION_CONTEXT(2)
PARAMETRIC_REPRESENTATION_CONTEXT() REPRESENTATION_CONTEXT('2D SPACE',''
  ) );
#18375 = PCURVE('',#45,#18376);
#18376 = DEFINITIONAL_REPRESENTATION('',(#18377),#18381);
#18377 = LINE('',#18378,#18379);
#18378 = CARTESIAN_POINT('',(-32.,-6.5));
#18379 = VECTOR('',#18380,1.);
#18380 = DIRECTION('',(1.,0.));
#18381 = ( GEOMETRIC_REPRESENTATION_CONTEXT(2)
PARAMETRIC_REPRESENTATION_CONTEXT() REPRESENTATION_CONTEXT('2D SPACE',''
  ) );
#18382 = ORIENTED_EDGE('',*,*,#351,.T.);
#18383 = ORIENTED_EDGE('',*,*,#454,.F.);
#18384 = ORIENTED_EDGE('',*,*,#4626,.T.);
#18385 = ORIENTED_EDGE('',*,*,#57,.T.);
#18386 = ADVANCED_FACE('',(#18387),#45,.F.);
#18387 = FACE_BOUND('',#18388,.F.);
#18388 = EDGE_LOOP('',(#18389,#18390,#18391,#18392));
#18389 = ORIENTED_EDGE('',*,*,#21,.T.);
#18390 = ORIENTED_EDGE('',*,*,#143,.T.);
#18391 = ORIENTED_EDGE('',*,*,#219,.T.);
#18392 = ORIENTED_EDGE('',*,*,#18362,.T.);
#18393 = ( GEOMETRIC_REPRESENTATION_CONTEXT(3)
GLOBAL_UNCERTAINTY_ASSIGNED_CONTEXT((#18397))
GLOBAL_UNIT_ASSIGNED_CONTEXT((#18394,#18395,#18396))
REPRESENTATION_CONTEXT('Context #1',
  '3D Context with UNIT and UNCERTAINTY') );
#18394 = ( LENGTH_UNIT() NAMED_UNIT(*) SI_UNIT(.MILLI.,.METRE.) );
#18395 = ( NAMED_UNIT(*) PLANE_ANGLE_UNIT() SI_UNIT($,.RADIAN.) );
#18396 = ( NAMED_UNIT(*) SI_UNIT($,.STERADIAN.) SOLID_ANGLE_UNIT() );
#18397 = UNCERTAINTY_MEASURE_WITH_UNIT(LENGTH_MEASURE(1.E-07),#18394,
  'distance_accuracy_value','confusion accuracy');
#18398 = PRODUCT_RELATED_PRODUCT_CATEGORY('part',$,(#7));
ENDSEC;
END-ISO-10303-21;
