ISO-10303-21;
HEADER;
FILE_DESCRIPTION(('Open CASCADE Model'),'2;1');
FILE_NAME('Open CASCADE Shape Model','2026-09-03T11:05:31',('Author'),(
    'Open CASCADE'),'Open CASCADE STEP processor 7.9','Open CASCADE 7.9'
  ,'Unknown');
FILE_SCHEMA(('AUTOMOTIVE_DESIGN { 1 0 10303 214 1 1 1 1 }'));
ENDSEC;
DATA;
#1 = APPLICATION_PROTOCOL_DEFINITION('international standard',
  'automotive_design',2000,#2);
#2 = APPLICATION_CONTEXT(
  'core data for automotive mechanical design processes');
#3 = SHAPE_DEFINITION_REPRESENTATION(#4,#10);
#4 = PRODUCT_DEFINITION_SHAPE('','',#5);
#5 = PRODUCT_DEFINITION('design','',#6,#9);
#6 = PRODUCT_DEFINITION_FORMATION('','',#7);
#7 = PRODUCT('Open CASCADE STEP translator 7.9 5',
  'Open CASCADE STEP translator 7.9 5','',(#8));
#8 = PRODUCT_CONTEXT('',#2,'mechanical');
#9 = PRODUCT_DEFINITION_CONTEXT('part definition',#2,'design');
#10 = ADVANCED_BREP_SHAPE_REPRESENTATION('',(#11,#15),#14661);
#11 = AXIS2_PLACEMENT_3D('',#12,#13,#14);
#12 = CARTESIAN_POINT('',(0.,0.,0.));
#13 = DIRECTION('',(0.,0.,1.));
#14 = DIRECTION('',(1.,0.,-0.));
#15 = MANIFOLD_SOLID_BREP('',#16);
#16 = CLOSED_SHELL('',(#17,#139,#215,#289,#386,#686,#788,#868,#939,#1001
    ,#1173,#1249,#1493,#1569,#1650,#1736,#1807,#1861,#1942,#2018,#2237,
    #2313,#2384,#2460,#2531,#2558,#2612,#2683,#2710,#2757,#3016,#3092,
    #3163,#3190,#3217,#3224,#3300,#3371,#3398,#3425,#3432,#3459,#3494,
    #3521,#3528,#3683,#3759,#3868,#3895,#3922,#4029,#4064,#4226,#4253,
    #4364,#4368,#4395,#4407,#4440,#4468,#4474,#7394,#8165,#8213,#8313,
    #8384,#8410,#8461,#8487,#8538,#8564,#8573,#8695,#8766,#8792,#8843,
    #8869,#8920,#8946,#8975,#8981,#9062,#9139,#9164,#9195,#9276,#9353,
    #9378,#9409,#9417,#9493,#11864,#11891,#11918,#11945,#11972,#11999,
    #12026,#12053,#12080,#12107,#12134,#12161,#12188,#12215,#12242,
    #12269,#12296,#12323,#12350,#12377,#12404,#12431,#12458,#12485,
    #12512,#12539,#12566,#12593,#12620,#12647,#12674,#12701,#12728,
    #12755,#12782,#12809,#12836,#12863,#12890,#12917,#12944,#12971,
    #12998,#13025,#13052,#13079,#13106,#13133,#13160,#13187,#13214,
    #13241,#13268,#13295,#13322,#13349,#13376,#13403,#13430,#13457,
    #13484,#13511,#13538,#13565,#13592,#13619,#13646,#13673,#13700,
    #13727,#13754,#13781,#13808,#13835,#13862,#13889,#13916,#13943,
    #13970,#13997,#14024,#14051,#14078,#14105,#14132,#14159,#14186,
    #14213,#14240,#14267,#14294,#14321,#14348,#14375,#14402,#14429,
    #14456,#14483,#14510,#14537,#14564,#14591,#14618,#14625,#14652));
#17 = ADVANCED_FACE('',(#18),#33,.T.);
#18 = FACE_BOUND('',#19,.F.);
#19 = EDGE_LOOP('',(#20,#56,#82,#115));
#20 = ORIENTED_EDGE('',*,*,#21,.F.);
#21 = EDGE_CURVE('',#22,#24,#26,.T.);
#22 = VERTEX_POINT('',#23);
#23 = CARTESIAN_POINT('',(190.38182373478,26.853629746284,310.4836342518
    ));
#24 = VERTEX_POINT('',#25);
#25 = CARTESIAN_POINT('',(196.623130307,26.853629746284,299.07985890013)
  );
#26 = SURFACE_CURVE('',#27,(#32,#44),.PCURVE_S1.);
#27 = CIRCLE('',#28,16.5);
#28 = AXIS2_PLACEMENT_3D('',#29,#30,#31);
#29 = CARTESIAN_POINT('',(180.19887577724,26.853629746284,
    297.50066190746));
#30 = DIRECTION('',(0.,-1.,0.));
#31 = DIRECTION('',(0.617148361063,0.,0.786846808748));
#32 = PCURVE('',#33,#38);
#33 = CYLINDRICAL_SURFACE('',#34,16.5);
#34 = AXIS2_PLACEMENT_3D('',#35,#36,#37);
#35 = CARTESIAN_POINT('',(180.19887577724,26.853629746284,
    297.50066190746));
#36 = DIRECTION('',(-1.110223024625E-16,1.,-0.));
#37 = DIRECTION('',(1.,1.110223024625E-16,0.));
#38 = DEFINITIONAL_REPRESENTATION('',(#39),#43);
#39 = LINE('',#40,#41);
#40 = CARTESIAN_POINT('',(-0.905682931956,0.));
#41 = VECTOR('',#42,1.);
#42 = DIRECTION('',(-1.,0.));
#43 = ( GEOMETRIC_REPRESENTATION_CONTEXT(2)
PARAMETRIC_REPRESENTATION_CONTEXT() REPRESENTATION_CONTEXT('2D SPACE',''
  ) );
#44 = PCURVE('',#45,#50);
#45 = PLANE('',#46);
#46 = AXIS2_PLACEMENT_3D('',#47,#48,#49);
#47 = CARTESIAN_POINT('',(180.19887577724,26.853629746284,
    297.50066190746));
#48 = DIRECTION('',(1.110223024625E-16,-1.,0.));
#49 = DIRECTION('',(0.,0.,1.));
#50 = DEFINITIONAL_REPRESENTATION('',(#51),#55);
#51 = CIRCLE('',#52,16.5);
#52 = AXIS2_PLACEMENT_2D('',#53,#54);
#53 = CARTESIAN_POINT('',(0.,0.));
#54 = DIRECTION('',(0.786846808748,-0.617148361063));
#55 = ( GEOMETRIC_REPRESENTATION_CONTEXT(2)
PARAMETRIC_REPRESENTATION_CONTEXT() REPRESENTATION_CONTEXT('2D SPACE',''
  ) );
#56 = ORIENTED_EDGE('',*,*,#57,.F.);
#57 = EDGE_CURVE('',#58,#22,#60,.T.);
#58 = VERTEX_POINT('',#59);
#59 = CARTESIAN_POINT('',(190.38182373478,23.053629746284,310.4836342518
    ));
#60 = SURFACE_CURVE('',#61,(#65,#71),.PCURVE_S1.);
#61 = LINE('',#62,#63);
#62 = CARTESIAN_POINT('',(190.38182373478,26.853629746284,310.4836342518
    ));
#63 = VECTOR('',#64,1.);
#64 = DIRECTION('',(-1.110223024625E-16,1.,-0.));
#65 = PCURVE('',#33,#66);
#66 = DEFINITIONAL_REPRESENTATION('',(#67),#70);
#67 = B_SPLINE_CURVE_WITH_KNOTS('',1,(#68,#69),.UNSPECIFIED.,.F.,.F.,(2,
    2),(-3.8,-5.364254155503E-29),.PIECEWISE_BEZIER_KNOTS.);
#68 = CARTESIAN_POINT('',(-0.905682931956,-3.8));
#69 = CARTESIAN_POINT('',(-0.905682931956,-1.130534328101E-15));
#70 = ( GEOMETRIC_REPRESENTATION_CONTEXT(2)
PARAMETRIC_REPRESENTATION_CONTEXT() REPRESENTATION_CONTEXT('2D SPACE',''
  ) );
#71 = PCURVE('',#72,#77);
#72 = PLANE('',#73);
#73 = AXIS2_PLACEMENT_3D('',#74,#75,#76);
#74 = CARTESIAN_POINT('',(199.00855970589,26.853629746284,
    315.20506222219));
#75 = DIRECTION('',(0.480100505556,0.,-0.87721348859));
#76 = DIRECTION('',(-0.87721348859,0.,-0.480100505556));
#77 = DEFINITIONAL_REPRESENTATION('',(#78),#81);
#78 = B_SPLINE_CURVE_WITH_KNOTS('',1,(#79,#80),.UNSPECIFIED.,.F.,.F.,(2,
    2),(-3.8000006,5.999999999062E-07),.PIECEWISE_BEZIER_KNOTS.);
#79 = CARTESIAN_POINT('',(9.834249111897,-3.8000006));
#80 = CARTESIAN_POINT('',(9.834249111897,5.999999999062E-07));
#81 = ( GEOMETRIC_REPRESENTATION_CONTEXT(2)
PARAMETRIC_REPRESENTATION_CONTEXT() REPRESENTATION_CONTEXT('2D SPACE',''
  ) );
#82 = ORIENTED_EDGE('',*,*,#83,.F.);
#83 = EDGE_CURVE('',#84,#58,#86,.T.);
#84 = VERTEX_POINT('',#85);
#85 = CARTESIAN_POINT('',(196.623130307,23.053629746284,299.07985890013)
  );
#86 = SURFACE_CURVE('',#87,(#92,#99),.PCURVE_S1.);
#87 = CIRCLE('',#88,16.5);
#88 = AXIS2_PLACEMENT_3D('',#89,#90,#91);
#89 = CARTESIAN_POINT('',(180.19887577724,23.053629746284,
    297.50066190746));
#90 = DIRECTION('',(-2.153159805334E-16,1.,2.239368796301E-15));
#91 = DIRECTION('',(0.99540936544,-1.178634474775E-32,9.570890864688E-02
    ));
#92 = PCURVE('',#33,#93);
#93 = DEFINITIONAL_REPRESENTATION('',(#94),#98);
#94 = LINE('',#95,#96);
#95 = CARTESIAN_POINT('',(-6.37904094016,-3.8));
#96 = VECTOR('',#97,1.);
#97 = DIRECTION('',(1.,-0.));
#98 = ( GEOMETRIC_REPRESENTATION_CONTEXT(2)
PARAMETRIC_REPRESENTATION_CONTEXT() REPRESENTATION_CONTEXT('2D SPACE',''
  ) );
#99 = PCURVE('',#100,#105);
#100 = PLANE('',#101);
#101 = AXIS2_PLACEMENT_3D('',#102,#103,#104);
#102 = CARTESIAN_POINT('',(180.19887577724,23.053629746284,
    297.50066190746));
#103 = DIRECTION('',(1.110223024625E-16,-1.,0.));
#104 = DIRECTION('',(0.,0.,1.));
#105 = DEFINITIONAL_REPRESENTATION('',(#106),#114);
#106 = ( BOUNDED_CURVE() B_SPLINE_CURVE(2,(#107,#108,#109,#110,#111,#112
,#113),.UNSPECIFIED.,.T.,.F.) B_SPLINE_CURVE_WITH_KNOTS((1,2,2,2,2,1),(
    -2.094395102393,0.,2.094395102393,4.188790204786,6.28318530718,
8.377580409573),.UNSPECIFIED.) CURVE() GEOMETRIC_REPRESENTATION_ITEM()
RATIONAL_B_SPLINE_CURVE((1.,0.5,1.,0.5,1.,0.5,1.)) REPRESENTATION_ITEM(
  '') );
#107 = CARTESIAN_POINT('',(1.579196992674,-16.42425452976));
#108 = CARTESIAN_POINT('',(-26.86844632931,-19.15950395623));
#109 = CARTESIAN_POINT('',(-15.01342015733,6.844502551645));
#110 = CARTESIAN_POINT('',(-3.158393985347,32.848509059519));
#111 = CARTESIAN_POINT('',(13.434223164657,9.579751978115));
#112 = CARTESIAN_POINT('',(30.026840314661,-13.68900510328));
#113 = CARTESIAN_POINT('',(1.579196992674,-16.42425452976));
#114 = ( GEOMETRIC_REPRESENTATION_CONTEXT(2)
PARAMETRIC_REPRESENTATION_CONTEXT() REPRESENTATION_CONTEXT('2D SPACE',''
  ) );
#115 = ORIENTED_EDGE('',*,*,#116,.T.);
#116 = EDGE_CURVE('',#84,#24,#117,.T.);
#117 = SURFACE_CURVE('',#118,(#122,#128),.PCURVE_S1.);
#118 = LINE('',#119,#120);
#119 = CARTESIAN_POINT('',(196.623130307,26.853629746284,299.07985890013
    ));
#120 = VECTOR('',#121,1.);
#121 = DIRECTION('',(-1.110223024625E-16,1.,-0.));
#122 = PCURVE('',#33,#123);
#123 = DEFINITIONAL_REPRESENTATION('',(#124),#127);
#124 = B_SPLINE_CURVE_WITH_KNOTS('',1,(#125,#126),.UNSPECIFIED.,.F.,.F.,
  (2,2),(-3.8,3.5527136788E-15),.PIECEWISE_BEZIER_KNOTS.);
#125 = CARTESIAN_POINT('',(-6.37904094016,-3.8));
#126 = CARTESIAN_POINT('',(-6.37904094016,1.729255124676E-15));
#127 = ( GEOMETRIC_REPRESENTATION_CONTEXT(2)
PARAMETRIC_REPRESENTATION_CONTEXT() REPRESENTATION_CONTEXT('2D SPACE',''
  ) );
#128 = PCURVE('',#129,#134);
#129 = PLANE('',#130);
#130 = AXIS2_PLACEMENT_3D('',#131,#132,#133);
#131 = CARTESIAN_POINT('',(183.31952906335,26.853629746284,
    291.79877423162));
#132 = DIRECTION('',(-0.480100505556,0.,0.87721348859));
#133 = DIRECTION('',(0.87721348859,0.,0.480100505556));
#134 = DEFINITIONAL_REPRESENTATION('',(#135),#138);
#135 = B_SPLINE_CURVE_WITH_KNOTS('',1,(#136,#137),.UNSPECIFIED.,.F.,.F.,
  (2,2),(-3.8000006,6.000000034589E-07),.PIECEWISE_BEZIER_KNOTS.);
#136 = CARTESIAN_POINT('',(15.165750888103,-3.8000006));
#137 = CARTESIAN_POINT('',(15.165750888103,6.000000034589E-07));
#138 = ( GEOMETRIC_REPRESENTATION_CONTEXT(2)
PARAMETRIC_REPRESENTATION_CONTEXT() REPRESENTATION_CONTEXT('2D SPACE',''
  ) );
#139 = ADVANCED_FACE('',(#140),#129,.F.);
#140 = FACE_BOUND('',#141,.F.);
#141 = EDGE_LOOP('',(#142,#165,#166,#189));
#142 = ORIENTED_EDGE('',*,*,#143,.F.);
#143 = EDGE_CURVE('',#24,#144,#146,.T.);
#144 = VERTEX_POINT('',#145);
#145 = CARTESIAN_POINT('',(205.24986627812,26.853629746284,
    303.80128687051));
#146 = SURFACE_CURVE('',#147,(#151,#158),.PCURVE_S1.);
#147 = LINE('',#148,#149);
#148 = CARTESIAN_POINT('',(183.31952906335,26.853629746284,
    291.79877423162));
#149 = VECTOR('',#150,1.);
#150 = DIRECTION('',(0.87721348859,0.,0.480100505556));
#151 = PCURVE('',#129,#152);
#152 = DEFINITIONAL_REPRESENTATION('',(#153),#157);
#153 = LINE('',#154,#155);
#154 = CARTESIAN_POINT('',(0.,0.));
#155 = VECTOR('',#156,1.);
#156 = DIRECTION('',(1.,0.));
#157 = ( GEOMETRIC_REPRESENTATION_CONTEXT(2)
PARAMETRIC_REPRESENTATION_CONTEXT() REPRESENTATION_CONTEXT('2D SPACE',''
  ) );
#158 = PCURVE('',#45,#159);
#159 = DEFINITIONAL_REPRESENTATION('',(#160),#164);
#160 = LINE('',#161,#162);
#161 = CARTESIAN_POINT('',(-5.701887675838,-3.120653286113));
#162 = VECTOR('',#163,1.);
#163 = DIRECTION('',(0.480100505556,-0.87721348859));
#164 = ( GEOMETRIC_REPRESENTATION_CONTEXT(2)
PARAMETRIC_REPRESENTATION_CONTEXT() REPRESENTATION_CONTEXT('2D SPACE',''
  ) );
#165 = ORIENTED_EDGE('',*,*,#116,.F.);
#166 = ORIENTED_EDGE('',*,*,#167,.T.);
#167 = EDGE_CURVE('',#84,#168,#170,.T.);
#168 = VERTEX_POINT('',#169);
#169 = CARTESIAN_POINT('',(205.24986627812,23.053629746284,
    303.80128687051));
#170 = SURFACE_CURVE('',#171,(#175,#182),.PCURVE_S1.);
#171 = LINE('',#172,#173);
#172 = CARTESIAN_POINT('',(183.31952906335,23.053629746284,
    291.79877423162));
#173 = VECTOR('',#174,1.);
#174 = DIRECTION('',(0.87721348859,0.,0.480100505556));
#175 = PCURVE('',#129,#176);
#176 = DEFINITIONAL_REPRESENTATION('',(#177),#181);
#177 = LINE('',#178,#179);
#178 = CARTESIAN_POINT('',(0.,-3.8));
#179 = VECTOR('',#180,1.);
#180 = DIRECTION('',(1.,0.));
#181 = ( GEOMETRIC_REPRESENTATION_CONTEXT(2)
PARAMETRIC_REPRESENTATION_CONTEXT() REPRESENTATION_CONTEXT('2D SPACE',''
  ) );
#182 = PCURVE('',#100,#183);
#183 = DEFINITIONAL_REPRESENTATION('',(#184),#188);
#184 = LINE('',#185,#186);
#185 = CARTESIAN_POINT('',(-5.701887675838,-3.120653286113));
#186 = VECTOR('',#187,1.);
#187 = DIRECTION('',(0.480100505556,-0.87721348859));
#188 = ( GEOMETRIC_REPRESENTATION_CONTEXT(2)
PARAMETRIC_REPRESENTATION_CONTEXT() REPRESENTATION_CONTEXT('2D SPACE',''
  ) );
#189 = ORIENTED_EDGE('',*,*,#190,.F.);
#190 = EDGE_CURVE('',#144,#168,#191,.T.);
#191 = SURFACE_CURVE('',#192,(#196,#203),.PCURVE_S1.);
#192 = LINE('',#193,#194);
#193 = CARTESIAN_POINT('',(205.24986627812,26.853629746284,
    303.80128687051));
#194 = VECTOR('',#195,1.);
#195 = DIRECTION('',(0.,-1.,0.));
#196 = PCURVE('',#129,#197);
#197 = DEFINITIONAL_REPRESENTATION('',(#198),#202);
#198 = LINE('',#199,#200);
#199 = CARTESIAN_POINT('',(25.,0.));
#200 = VECTOR('',#201,1.);
#201 = DIRECTION('',(0.,-1.));
#202 = ( GEOMETRIC_REPRESENTATION_CONTEXT(2)
PARAMETRIC_REPRESENTATION_CONTEXT() REPRESENTATION_CONTEXT('2D SPACE',''
  ) );
#203 = PCURVE('',#204,#209);
#204 = PLANE('',#205);
#205 = AXIS2_PLACEMENT_3D('',#206,#207,#208);
#206 = CARTESIAN_POINT('',(205.24986627812,26.853629746284,
    303.80128687051));
#207 = DIRECTION('',(-0.87721348859,-0.,-0.480100505556));
#208 = DIRECTION('',(-0.480100505556,0.,0.87721348859));
#209 = DEFINITIONAL_REPRESENTATION('',(#210),#214);
#210 = LINE('',#211,#212);
#211 = CARTESIAN_POINT('',(0.,0.));
#212 = VECTOR('',#213,1.);
#213 = DIRECTION('',(0.,-1.));
#214 = ( GEOMETRIC_REPRESENTATION_CONTEXT(2)
PARAMETRIC_REPRESENTATION_CONTEXT() REPRESENTATION_CONTEXT('2D SPACE',''
  ) );
#215 = ADVANCED_FACE('',(#216),#204,.F.);
#216 = FACE_BOUND('',#217,.F.);
#217 = EDGE_LOOP('',(#218,#241,#242,#265));
#218 = ORIENTED_EDGE('',*,*,#219,.F.);
#219 = EDGE_CURVE('',#144,#220,#222,.T.);
#220 = VERTEX_POINT('',#221);
#221 = CARTESIAN_POINT('',(201.23665700505,26.853629746284,
    311.13400422058));
#222 = SURFACE_CURVE('',#223,(#227,#234),.PCURVE_S1.);
#223 = LINE('',#224,#225);
#224 = CARTESIAN_POINT('',(205.24986627812,26.853629746284,
    303.80128687051));
#225 = VECTOR('',#226,1.);
#226 = DIRECTION('',(-0.480100505556,0.,0.87721348859));
#227 = PCURVE('',#204,#228);
#228 = DEFINITIONAL_REPRESENTATION('',(#229),#233);
#229 = LINE('',#230,#231);
#230 = CARTESIAN_POINT('',(0.,0.));
#231 = VECTOR('',#232,1.);
#232 = DIRECTION('',(1.,0.));
#233 = ( GEOMETRIC_REPRESENTATION_CONTEXT(2)
PARAMETRIC_REPRESENTATION_CONTEXT() REPRESENTATION_CONTEXT('2D SPACE',''
  ) );
#234 = PCURVE('',#45,#235);
#235 = DEFINITIONAL_REPRESENTATION('',(#236),#240);
#236 = LINE('',#237,#238);
#237 = CARTESIAN_POINT('',(6.300624963057,-25.05099050087));
#238 = VECTOR('',#239,1.);
#239 = DIRECTION('',(0.87721348859,0.480100505556));
#240 = ( GEOMETRIC_REPRESENTATION_CONTEXT(2)
PARAMETRIC_REPRESENTATION_CONTEXT() REPRESENTATION_CONTEXT('2D SPACE',''
  ) );
#241 = ORIENTED_EDGE('',*,*,#190,.T.);
#242 = ORIENTED_EDGE('',*,*,#243,.T.);
#243 = EDGE_CURVE('',#168,#244,#246,.T.);
#244 = VERTEX_POINT('',#245);
#245 = CARTESIAN_POINT('',(203.02176897895,23.053629746284,
    307.87234487212));
#246 = SURFACE_CURVE('',#247,(#251,#258),.PCURVE_S1.);
#247 = LINE('',#248,#249);
#248 = CARTESIAN_POINT('',(205.24986627812,23.053629746284,
    303.80128687051));
#249 = VECTOR('',#250,1.);
#250 = DIRECTION('',(-0.480100505556,0.,0.87721348859));
#251 = PCURVE('',#204,#252);
#252 = DEFINITIONAL_REPRESENTATION('',(#253),#257);
#253 = LINE('',#254,#255);
#254 = CARTESIAN_POINT('',(0.,-3.8));
#255 = VECTOR('',#256,1.);
#256 = DIRECTION('',(1.,0.));
#257 = ( GEOMETRIC_REPRESENTATION_CONTEXT(2)
PARAMETRIC_REPRESENTATION_CONTEXT() REPRESENTATION_CONTEXT('2D SPACE',''
  ) );
#258 = PCURVE('',#100,#259);
#259 = DEFINITIONAL_REPRESENTATION('',(#260),#264);
#260 = LINE('',#261,#262);
#261 = CARTESIAN_POINT('',(6.300624963057,-25.05099050087));
#262 = VECTOR('',#263,1.);
#263 = DIRECTION('',(0.87721348859,0.480100505556));
#264 = ( GEOMETRIC_REPRESENTATION_CONTEXT(2)
PARAMETRIC_REPRESENTATION_CONTEXT() REPRESENTATION_CONTEXT('2D SPACE',''
  ) );
#265 = ORIENTED_EDGE('',*,*,#266,.T.);
#266 = EDGE_CURVE('',#244,#220,#267,.T.);
#267 = SURFACE_CURVE('',#268,(#272,#278),.PCURVE_S1.);
#268 = LINE('',#269,#270);
#269 = CARTESIAN_POINT('',(202.66440879059,23.814348813573,
    308.52529393985));
#270 = VECTOR('',#271,1.);
#271 = DIRECTION('',(-0.335769010806,0.714757538865,0.613498844349));
#272 = PCURVE('',#204,#273);
#273 = DEFINITIONAL_REPRESENTATION('',(#274),#277);
#274 = B_SPLINE_CURVE_WITH_KNOTS('',1,(#275,#276),.UNSPECIFIED.,.F.,.F.,
  (2,2),(-1.064303663724,4.25218450656),.PIECEWISE_BEZIER_KNOTS.);
#275 = CARTESIAN_POINT('',(4.640897631599,-3.8));
#276 = CARTESIAN_POINT('',(8.359102368401,7.081954324209E-16));
#277 = ( GEOMETRIC_REPRESENTATION_CONTEXT(2)
PARAMETRIC_REPRESENTATION_CONTEXT() REPRESENTATION_CONTEXT('2D SPACE',''
  ) );
#278 = PCURVE('',#279,#284);
#279 = PLANE('',#280);
#280 = AXIS2_PLACEMENT_3D('',#281,#282,#283);
#281 = CARTESIAN_POINT('',(202.129212992,24.953629746284,309.50317454635
    ));
#282 = DIRECTION('',(0.222911565473,-0.572515520618,0.789009767132));
#283 = DIRECTION('',(1.556705308228E-19,0.80937471072,0.58729258266));
#284 = DEFINITIONAL_REPRESENTATION('',(#285),#288);
#285 = B_SPLINE_CURVE_WITH_KNOTS('',1,(#286,#287),.UNSPECIFIED.,.F.,.F.,
  (2,2),(-1.064303663724,4.25218450656),.PIECEWISE_BEZIER_KNOTS.);
#286 = CARTESIAN_POINT('',(-2.495586121626,-0.915593537408));
#287 = CARTESIAN_POINT('',(2.495586121626,0.915593537408));
#288 = ( GEOMETRIC_REPRESENTATION_CONTEXT(2)
PARAMETRIC_REPRESENTATION_CONTEXT() REPRESENTATION_CONTEXT('2D SPACE',''
  ) );
#289 = ADVANCED_FACE('',(#290),#279,.F.);
#290 = FACE_BOUND('',#291,.F.);
#291 = EDGE_LOOP('',(#292,#323,#347,#366,#367));
#292 = ORIENTED_EDGE('',*,*,#293,.T.);
#293 = EDGE_CURVE('',#294,#296,#298,.T.);
#294 = VERTEX_POINT('',#295);
#295 = CARTESIAN_POINT('',(195.92438593863,23.053629746284,
    309.87750226076));
#296 = VERTEX_POINT('',#297);
#297 = CARTESIAN_POINT('',(202.129212992,30.214565365962,313.32057633364
    ));
#298 = SURFACE_CURVE('',#299,(#304,#311),.PCURVE_S1.);
#299 = CIRCLE('',#300,6.5);
#300 = AXIS2_PLACEMENT_3D('',#301,#302,#303);
#301 = CARTESIAN_POINT('',(202.129212992,24.953629746284,309.50317454635
    ));
#302 = DIRECTION('',(0.222911565473,-0.572515520618,0.789009767132));
#303 = DIRECTION('',(-1.372211727699E-17,0.80937471072,0.58729258266));
#304 = PCURVE('',#279,#305);
#305 = DEFINITIONAL_REPRESENTATION('',(#306),#310);
#306 = CIRCLE('',#307,6.5);
#307 = AXIS2_PLACEMENT_2D('',#308,#309);
#308 = CARTESIAN_POINT('',(0.,0.));
#309 = DIRECTION('',(1.,0.));
#310 = ( GEOMETRIC_REPRESENTATION_CONTEXT(2)
PARAMETRIC_REPRESENTATION_CONTEXT() REPRESENTATION_CONTEXT('2D SPACE',''
  ) );
#311 = PCURVE('',#312,#317);
#312 = CYLINDRICAL_SURFACE('',#313,6.5);
#313 = AXIS2_PLACEMENT_3D('',#314,#315,#316);
#314 = CARTESIAN_POINT('',(202.129212992,24.953629746284,309.50317454635
    ));
#315 = DIRECTION('',(0.222911565473,-0.572515520618,0.789009767132));
#316 = DIRECTION('',(1.556705308228E-19,0.80937471072,0.58729258266));
#317 = DEFINITIONAL_REPRESENTATION('',(#318),#322);
#318 = LINE('',#319,#320);
#319 = CARTESIAN_POINT('',(0.,0.));
#320 = VECTOR('',#321,1.);
#321 = DIRECTION('',(1.,0.));
#322 = ( GEOMETRIC_REPRESENTATION_CONTEXT(2)
PARAMETRIC_REPRESENTATION_CONTEXT() REPRESENTATION_CONTEXT('2D SPACE',''
  ) );
#323 = ORIENTED_EDGE('',*,*,#324,.T.);
#324 = EDGE_CURVE('',#296,#325,#327,.T.);
#325 = VERTEX_POINT('',#326);
#326 = CARTESIAN_POINT('',(196.64580592692,26.853629746284,
    312.43101452807));
#327 = SURFACE_CURVE('',#328,(#333,#340),.PCURVE_S1.);
#328 = CIRCLE('',#329,6.5);
#329 = AXIS2_PLACEMENT_3D('',#330,#331,#332);
#330 = CARTESIAN_POINT('',(202.129212992,24.953629746284,309.50317454635
    ));
#331 = DIRECTION('',(0.222911565473,-0.572515520618,0.789009767132));
#332 = DIRECTION('',(-1.372211727699E-17,0.80937471072,0.58729258266));
#333 = PCURVE('',#279,#334);
#334 = DEFINITIONAL_REPRESENTATION('',(#335),#339);
#335 = CIRCLE('',#336,6.5);
#336 = AXIS2_PLACEMENT_2D('',#337,#338);
#337 = CARTESIAN_POINT('',(0.,0.));
#338 = DIRECTION('',(1.,0.));
#339 = ( GEOMETRIC_REPRESENTATION_CONTEXT(2)
PARAMETRIC_REPRESENTATION_CONTEXT() REPRESENTATION_CONTEXT('2D SPACE',''
  ) );
#340 = PCURVE('',#312,#341);
#341 = DEFINITIONAL_REPRESENTATION('',(#342),#346);
#342 = LINE('',#343,#344);
#343 = CARTESIAN_POINT('',(0.,0.));
#344 = VECTOR('',#345,1.);
#345 = DIRECTION('',(1.,0.));
#346 = ( GEOMETRIC_REPRESENTATION_CONTEXT(2)
PARAMETRIC_REPRESENTATION_CONTEXT() REPRESENTATION_CONTEXT('2D SPACE',''
  ) );
#347 = ORIENTED_EDGE('',*,*,#348,.F.);
#348 = EDGE_CURVE('',#220,#325,#349,.T.);
#349 = SURFACE_CURVE('',#350,(#354,#360),.PCURVE_S1.);
#350 = LINE('',#351,#352);
#351 = CARTESIAN_POINT('',(193.90542976945,26.853629746284,
    313.20522742719));
#352 = VECTOR('',#353,1.);
#353 = DIRECTION('',(-0.962331569877,-1.068402666201E-16,0.271878556744)
  );
#354 = PCURVE('',#279,#355);
#355 = DEFINITIONAL_REPRESENTATION('',(#356),#359);
#356 = B_SPLINE_CURVE_WITH_KNOTS('',1,(#357,#358),.UNSPECIFIED.,.F.,.F.,
  (2,2),(-11.78849043694,-1.961207469227),.PIECEWISE_BEZIER_KNOTS.);
#357 = CARTESIAN_POINT('',(1.829705240671,-3.201199726443));
#358 = CARTESIAN_POINT('',(3.39884971943,6.5));
#359 = ( GEOMETRIC_REPRESENTATION_CONTEXT(2)
PARAMETRIC_REPRESENTATION_CONTEXT() REPRESENTATION_CONTEXT('2D SPACE',''
  ) );
#360 = PCURVE('',#45,#361);
#361 = DEFINITIONAL_REPRESENTATION('',(#362),#365);
#362 = B_SPLINE_CURVE_WITH_KNOTS('',1,(#363,#364),.UNSPECIFIED.,.F.,.F.,
  (2,2),(-11.78849043694,-1.961207469227),.PIECEWISE_BEZIER_KNOTS.);
#363 = CARTESIAN_POINT('',(12.499527753544,-25.05099050087));
#364 = CARTESIAN_POINT('',(15.171355263525,-15.59388585492));
#365 = ( GEOMETRIC_REPRESENTATION_CONTEXT(2)
PARAMETRIC_REPRESENTATION_CONTEXT() REPRESENTATION_CONTEXT('2D SPACE',''
  ) );
#366 = ORIENTED_EDGE('',*,*,#266,.F.);
#367 = ORIENTED_EDGE('',*,*,#368,.T.);
#368 = EDGE_CURVE('',#244,#294,#369,.T.);
#369 = SURFACE_CURVE('',#370,(#374,#380),.PCURVE_S1.);
#370 = LINE('',#371,#372);
#371 = CARTESIAN_POINT('',(193.18400978117,23.053629746284,
    310.65171515988));
#372 = VECTOR('',#373,1.);
#373 = DIRECTION('',(-0.962331569877,-1.068402666201E-16,0.271878556744)
  );
#374 = PCURVE('',#279,#375);
#375 = DEFINITIONAL_REPRESENTATION('',(#376),#379);
#376 = B_SPLINE_CURVE_WITH_KNOTS('',1,(#377,#378),.UNSPECIFIED.,.F.,.F.,
  (2,2),(-12.53814888197,-2.710865914263),.PIECEWISE_BEZIER_KNOTS.);
#377 = CARTESIAN_POINT('',(-2.865277132353,-3.201199726443));
#378 = CARTESIAN_POINT('',(-1.296132653594,6.5));
#379 = ( GEOMETRIC_REPRESENTATION_CONTEXT(2)
PARAMETRIC_REPRESENTATION_CONTEXT() REPRESENTATION_CONTEXT('2D SPACE',''
  ) );
#380 = PCURVE('',#100,#381);
#381 = DEFINITIONAL_REPRESENTATION('',(#382),#385);
#382 = B_SPLINE_CURVE_WITH_KNOTS('',1,(#383,#384),.UNSPECIFIED.,.F.,.F.,
  (2,2),(-12.53814888197,-2.710865914263),.PIECEWISE_BEZIER_KNOTS.);
#383 = CARTESIAN_POINT('',(9.742199430147,-25.05099050087));
#384 = CARTESIAN_POINT('',(12.414026940128,-15.59388585492));
#385 = ( GEOMETRIC_REPRESENTATION_CONTEXT(2)
PARAMETRIC_REPRESENTATION_CONTEXT() REPRESENTATION_CONTEXT('2D SPACE',''
  ) );
#386 = ADVANCED_FACE('',(#387),#312,.T.);
#387 = FACE_BOUND('',#388,.T.);
#388 = EDGE_LOOP('',(#389,#420,#441,#442,#471,#499,#526,#527,#528,#552,
    #584,#619,#661));
#389 = ORIENTED_EDGE('',*,*,#390,.F.);
#390 = EDGE_CURVE('',#391,#393,#395,.T.);
#391 = VERTEX_POINT('',#392);
#392 = CARTESIAN_POINT('',(207.79028678274,15.67493122141,
    333.35830970057));
#393 = VERTEX_POINT('',#394);
#394 = CARTESIAN_POINT('',(205.4102953625,5.218645743155,326.44349275115
    ));
#395 = SURFACE_CURVE('',#396,(#401,#408),.PCURVE_S1.);
#396 = CIRCLE('',#397,6.5);
#397 = AXIS2_PLACEMENT_3D('',#398,#399,#400);
#398 = CARTESIAN_POINT('',(207.79028678274,10.413995601732,
    329.54090791328));
#399 = DIRECTION('',(0.222911565473,-0.572515520618,0.789009767132));
#400 = DIRECTION('',(-1.372211727699E-17,0.80937471072,0.58729258266));
#401 = PCURVE('',#312,#402);
#402 = DEFINITIONAL_REPRESENTATION('',(#403),#407);
#403 = LINE('',#404,#405);
#404 = CARTESIAN_POINT('',(0.,25.396052370507));
#405 = VECTOR('',#406,1.);
#406 = DIRECTION('',(1.,0.));
#407 = ( GEOMETRIC_REPRESENTATION_CONTEXT(2)
PARAMETRIC_REPRESENTATION_CONTEXT() REPRESENTATION_CONTEXT('2D SPACE',''
  ) );
#408 = PCURVE('',#409,#414);
#409 = PLANE('',#410);
#410 = AXIS2_PLACEMENT_3D('',#411,#412,#413);
#411 = CARTESIAN_POINT('',(207.79028678274,10.413995601732,
    329.54090791328));
#412 = DIRECTION('',(0.222911565473,-0.572515520618,0.789009767132));
#413 = DIRECTION('',(1.556705308228E-19,0.80937471072,0.58729258266));
#414 = DEFINITIONAL_REPRESENTATION('',(#415),#419);
#415 = CIRCLE('',#416,6.5);
#416 = AXIS2_PLACEMENT_2D('',#417,#418);
#417 = CARTESIAN_POINT('',(0.,0.));
#418 = DIRECTION('',(1.,0.));
#419 = ( GEOMETRIC_REPRESENTATION_CONTEXT(2)
PARAMETRIC_REPRESENTATION_CONTEXT() REPRESENTATION_CONTEXT('2D SPACE',''
  ) );
#420 = ORIENTED_EDGE('',*,*,#421,.F.);
#421 = EDGE_CURVE('',#296,#391,#422,.T.);
#422 = SEAM_CURVE('',#423,(#427,#434),.PCURVE_S1.);
#423 = LINE('',#424,#425);
#424 = CARTESIAN_POINT('',(202.129212992,30.214565365962,313.32057633364
    ));
#425 = VECTOR('',#426,1.);
#426 = DIRECTION('',(0.222911565473,-0.572515520618,0.789009767132));
#427 = PCURVE('',#312,#428);
#428 = DEFINITIONAL_REPRESENTATION('',(#429),#433);
#429 = LINE('',#430,#431);
#430 = CARTESIAN_POINT('',(6.28318530718,-0.));
#431 = VECTOR('',#432,1.);
#432 = DIRECTION('',(0.,1.));
#433 = ( GEOMETRIC_REPRESENTATION_CONTEXT(2)
PARAMETRIC_REPRESENTATION_CONTEXT() REPRESENTATION_CONTEXT('2D SPACE',''
  ) );
#434 = PCURVE('',#312,#435);
#435 = DEFINITIONAL_REPRESENTATION('',(#436),#440);
#436 = LINE('',#437,#438);
#437 = CARTESIAN_POINT('',(0.,-0.));
#438 = VECTOR('',#439,1.);
#439 = DIRECTION('',(0.,1.));
#440 = ( GEOMETRIC_REPRESENTATION_CONTEXT(2)
PARAMETRIC_REPRESENTATION_CONTEXT() REPRESENTATION_CONTEXT('2D SPACE',''
  ) );
#441 = ORIENTED_EDGE('',*,*,#324,.T.);
#442 = ORIENTED_EDGE('',*,*,#443,.F.);
#443 = EDGE_CURVE('',#444,#325,#446,.T.);
#444 = VERTEX_POINT('',#445);
#445 = CARTESIAN_POINT('',(198.136411929,26.853629746284,314.72773418967
    ));
#446 = SURFACE_CURVE('',#447,(#452,#464),.PCURVE_S1.);
#447 = ELLIPSE('',#448,11.353403996768,6.5);
#448 = AXIS2_PLACEMENT_3D('',#449,#450,#451);
#449 = CARTESIAN_POINT('',(201.38943920571,26.853629746284,
    306.88469783513));
#450 = DIRECTION('',(1.110223024625E-16,-1.,1.784396121906E-33));
#451 = DIRECTION('',(0.271878556744,3.018458335995E-17,0.962331569877));
#452 = PCURVE('',#312,#453);
#453 = DEFINITIONAL_REPRESENTATION('',(#454),#463);
#454 = B_SPLINE_CURVE_WITH_KNOTS('',7,(#455,#456,#457,#458,#459,#460,
    #461,#462),.UNSPECIFIED.,.F.,.F.,(8,8),(0.160358644261,
    1.206257066502),.PIECEWISE_BEZIER_KNOTS.);
#455 = CARTESIAN_POINT('',(0.,5.870470753435));
#456 = CARTESIAN_POINT('',(0.14941406032,5.64839319324));
#457 = CARTESIAN_POINT('',(0.29882812064,5.186980655303));
#458 = CARTESIAN_POINT('',(0.44824218096,4.494334146934));
#459 = CARTESIAN_POINT('',(0.597656241281,3.591628686028));
#460 = CARTESIAN_POINT('',(0.747070301601,2.512441579523));
#461 = CARTESIAN_POINT('',(0.896484361921,1.299438808729));
#462 = CARTESIAN_POINT('',(1.045898422241,-6.000000212225E-07));
#463 = ( GEOMETRIC_REPRESENTATION_CONTEXT(2)
PARAMETRIC_REPRESENTATION_CONTEXT() REPRESENTATION_CONTEXT('2D SPACE',''
  ) );
#464 = PCURVE('',#45,#465);
#465 = DEFINITIONAL_REPRESENTATION('',(#466),#470);
#466 = ELLIPSE('',#467,11.353403996768,6.5);
#467 = AXIS2_PLACEMENT_2D('',#468,#469);
#468 = CARTESIAN_POINT('',(9.384035927676,-21.19056342847));
#469 = DIRECTION('',(0.962331569877,-0.271878556744));
#470 = ( GEOMETRIC_REPRESENTATION_CONTEXT(2)
PARAMETRIC_REPRESENTATION_CONTEXT() REPRESENTATION_CONTEXT('2D SPACE',''
  ) );
#471 = ORIENTED_EDGE('',*,*,#472,.F.);
#472 = EDGE_CURVE('',#473,#444,#475,.T.);
#473 = VERTEX_POINT('',#474);
#474 = CARTESIAN_POINT('',(196.61569160722,23.053629746284,
    313.89544124754));
#475 = SURFACE_CURVE('',#476,(#481,#492),.PCURVE_S1.);
#476 = ELLIPSE('',#477,11.109021189372,6.5);
#477 = AXIS2_PLACEMENT_3D('',#478,#479,#480);
#478 = CARTESIAN_POINT('',(204.60554229619,18.593542696491,
    318.26830076804));
#479 = DIRECTION('',(0.480100505556,-9.830267281469E-18,-0.87721348859)
  );
#480 = DIRECTION('',(0.621272307142,-0.70597788921,0.340023440846));
#481 = PCURVE('',#312,#482);
#482 = DEFINITIONAL_REPRESENTATION('',(#483),#491);
#483 = B_SPLINE_CURVE_WITH_KNOTS('',6,(#484,#485,#486,#487,#488,#489,
    #490),.UNSPECIFIED.,.F.,.F.,(7,7),(2.566849601166,3.355102691567),
  .PIECEWISE_BEZIER_KNOTS.);
#484 = CARTESIAN_POINT('',(1.45717125187,3.547559647896));
#485 = CARTESIAN_POINT('',(1.325795736804,2.904159532092));
#486 = CARTESIAN_POINT('',(1.194420221737,2.417368524484));
#487 = CARTESIAN_POINT('',(1.06304470667,2.107171973295));
#488 = CARTESIAN_POINT('',(0.931669191603,1.985462653298));
#489 = CARTESIAN_POINT('',(0.800293676537,2.053896540737));
#490 = CARTESIAN_POINT('',(0.66891816147,2.304680640479));
#491 = ( GEOMETRIC_REPRESENTATION_CONTEXT(2)
PARAMETRIC_REPRESENTATION_CONTEXT() REPRESENTATION_CONTEXT('2D SPACE',''
  ) );
#492 = PCURVE('',#72,#493);
#493 = DEFINITIONAL_REPRESENTATION('',(#494),#498);
#494 = ELLIPSE('',#495,11.109021189372,6.5);
#495 = AXIS2_PLACEMENT_2D('',#496,#497);
#496 = CARTESIAN_POINT('',(-6.380410998122,-8.260087049793));
#497 = DIRECTION('',(-0.708233873764,-0.70597788921));
#498 = ( GEOMETRIC_REPRESENTATION_CONTEXT(2)
PARAMETRIC_REPRESENTATION_CONTEXT() REPRESENTATION_CONTEXT('2D SPACE',''
  ) );
#499 = ORIENTED_EDGE('',*,*,#500,.T.);
#500 = EDGE_CURVE('',#473,#294,#501,.T.);
#501 = SURFACE_CURVE('',#502,(#507,#519),.PCURVE_S1.);
#502 = ELLIPSE('',#503,11.353403996768,6.5);
#503 = AXIS2_PLACEMENT_3D('',#504,#505,#506);
#504 = CARTESIAN_POINT('',(202.86898677829,23.053629746284,
    312.12165125757));
#505 = DIRECTION('',(1.110223024625E-16,-1.,1.784396121906E-33));
#506 = DIRECTION('',(0.271878556744,3.018458335995E-17,0.962331569877));
#507 = PCURVE('',#312,#508);
#508 = DEFINITIONAL_REPRESENTATION('',(#509),#518);
#509 = B_SPLINE_CURVE_WITH_KNOTS('',7,(#510,#511,#512,#513,#514,#515,
    #516,#517),.UNSPECIFIED.,.F.,.F.,(8,8),(1.103015314598,
    1.935335725068),.PIECEWISE_BEZIER_KNOTS.);
#510 = CARTESIAN_POINT('',(0.942656670336,7.515992199309));
#511 = CARTESIAN_POINT('',(1.061559586118,6.528078437653));
#512 = CARTESIAN_POINT('',(1.180462501899,5.470933396667));
#513 = CARTESIAN_POINT('',(1.299365417681,4.367369952769));
#514 = CARTESIAN_POINT('',(1.418268333462,3.24259865238));
#515 = CARTESIAN_POINT('',(1.537171249244,2.122912422543));
#516 = CARTESIAN_POINT('',(1.656074165025,1.034086326712));
#517 = CARTESIAN_POINT('',(1.774977080806,-6.000000212225E-07));
#518 = ( GEOMETRIC_REPRESENTATION_CONTEXT(2)
PARAMETRIC_REPRESENTATION_CONTEXT() REPRESENTATION_CONTEXT('2D SPACE',''
  ) );
#519 = PCURVE('',#100,#520);
#520 = DEFINITIONAL_REPRESENTATION('',(#521),#525);
#521 = ELLIPSE('',#522,11.353403996768,6.5);
#522 = AXIS2_PLACEMENT_2D('',#523,#524);
#523 = CARTESIAN_POINT('',(14.620989350114,-22.67011100105));
#524 = DIRECTION('',(0.962331569877,-0.271878556744));
#525 = ( GEOMETRIC_REPRESENTATION_CONTEXT(2)
PARAMETRIC_REPRESENTATION_CONTEXT() REPRESENTATION_CONTEXT('2D SPACE',''
  ) );
#526 = ORIENTED_EDGE('',*,*,#293,.T.);
#527 = ORIENTED_EDGE('',*,*,#421,.T.);
#528 = ORIENTED_EDGE('',*,*,#529,.F.);
#529 = EDGE_CURVE('',#530,#391,#532,.T.);
#530 = VERTEX_POINT('',#531);
#531 = CARTESIAN_POINT('',(210.17027820298,15.609345460309,
    332.6383230754));
#532 = SURFACE_CURVE('',#533,(#538,#545),.PCURVE_S1.);
#533 = CIRCLE('',#534,6.5);
#534 = AXIS2_PLACEMENT_3D('',#535,#536,#537);
#535 = CARTESIAN_POINT('',(207.79028678274,10.413995601732,
    329.54090791328));
#536 = DIRECTION('',(0.222911565473,-0.572515520618,0.789009767132));
#537 = DIRECTION('',(-1.372211727699E-17,0.80937471072,0.58729258266));
#538 = PCURVE('',#312,#539);
#539 = DEFINITIONAL_REPRESENTATION('',(#540),#544);
#540 = LINE('',#541,#542);
#541 = CARTESIAN_POINT('',(0.,25.396052370507));
#542 = VECTOR('',#543,1.);
#543 = DIRECTION('',(1.,0.));
#544 = ( GEOMETRIC_REPRESENTATION_CONTEXT(2)
PARAMETRIC_REPRESENTATION_CONTEXT() REPRESENTATION_CONTEXT('2D SPACE',''
  ) );
#545 = PCURVE('',#409,#546);
#546 = DEFINITIONAL_REPRESENTATION('',(#547),#551);
#547 = CIRCLE('',#548,6.5);
#548 = AXIS2_PLACEMENT_2D('',#549,#550);
#549 = CARTESIAN_POINT('',(0.,0.));
#550 = DIRECTION('',(1.,0.));
#551 = ( GEOMETRIC_REPRESENTATION_CONTEXT(2)
PARAMETRIC_REPRESENTATION_CONTEXT() REPRESENTATION_CONTEXT('2D SPACE',''
  ) );
#552 = ORIENTED_EDGE('',*,*,#553,.F.);
#553 = EDGE_CURVE('',#554,#530,#556,.T.);
#554 = VERTEX_POINT('',#555);
#555 = CARTESIAN_POINT('',(210.49740440515,16.32343839936,
    331.09472832487));
#556 = SURFACE_CURVE('',#557,(#562,#572),.PCURVE_S1.);
#557 = ELLIPSE('',#558,14.735887553535,6.5);
#558 = AXIS2_PLACEMENT_3D('',#559,#560,#561);
#559 = CARTESIAN_POINT('',(207.79028678274,10.413995601732,
    329.54090791328));
#560 = DIRECTION('',(0.909145045789,-0.416479634217,-1.47402558585E-18)
  );
#561 = DIRECTION('',(-0.198463128268,-0.433230715292,0.879160698647));
#562 = PCURVE('',#312,#563);
#563 = DEFINITIONAL_REPRESENTATION('',(#564),#571);
#564 = B_SPLINE_CURVE_WITH_KNOTS('',5,(#565,#566,#567,#568,#569,#570),
  .UNSPECIFIED.,.F.,.F.,(6,6),(4.357173798927,4.712389025754),
  .PIECEWISE_BEZIER_KNOTS.);
#565 = CARTESIAN_POINT('',(5.542922579565,20.796557357824));
#566 = CARTESIAN_POINT('',(5.613965624931,21.677436769656));
#567 = CARTESIAN_POINT('',(5.685008670296,22.58733374446));
#568 = CARTESIAN_POINT('',(5.756051715662,23.516987083257));
#569 = CARTESIAN_POINT('',(5.827094761027,24.456520092078));
#570 = CARTESIAN_POINT('',(5.898137806392,25.396052970507));
#571 = ( GEOMETRIC_REPRESENTATION_CONTEXT(2)
PARAMETRIC_REPRESENTATION_CONTEXT() REPRESENTATION_CONTEXT('2D SPACE',''
  ) );
#572 = PCURVE('',#573,#578);
#573 = PLANE('',#574);
#574 = AXIS2_PLACEMENT_3D('',#575,#576,#577);
#575 = CARTESIAN_POINT('',(210.49740440515,16.32343839936,
    325.04090791328));
#576 = DIRECTION('',(0.909145045789,-0.416479634217,0.));
#577 = DIRECTION('',(-0.416479634217,-0.909145045789,0.));
#578 = DEFINITIONAL_REPRESENTATION('',(#579),#583);
#579 = ELLIPSE('',#580,14.735887553535,6.5);
#580 = AXIS2_PLACEMENT_2D('',#581,#582);
#581 = CARTESIAN_POINT('',(6.5,-4.5));
#582 = DIRECTION('',(0.476525409558,-0.879160698647));
#583 = ( GEOMETRIC_REPRESENTATION_CONTEXT(2)
PARAMETRIC_REPRESENTATION_CONTEXT() REPRESENTATION_CONTEXT('2D SPACE',''
  ) );
#584 = ORIENTED_EDGE('',*,*,#585,.F.);
#585 = EDGE_CURVE('',#586,#554,#588,.T.);
#586 = VERTEX_POINT('',#587);
#587 = CARTESIAN_POINT('',(212.84800284075,15.246628509468,
    325.04090791328));
#588 = SURFACE_CURVE('',#589,(#594,#607),.PCURVE_S1.);
#589 = ELLIPSE('',#590,15.198935761772,6.5);
#590 = AXIS2_PLACEMENT_3D('',#591,#592,#593);
#591 = CARTESIAN_POINT('',(204.40226821856,19.115622222228,
    317.54879914723));
#592 = DIRECTION('',(-0.416479634217,-0.909145045789,-1.927856402118E-18
    ));
#593 = DIRECTION('',(0.443640447583,-0.203231829936,0.872857363244));
#594 = PCURVE('',#312,#595);
#595 = DEFINITIONAL_REPRESENTATION('',(#596),#606);
#596 = B_SPLINE_CURVE_WITH_KNOTS('',8,(#597,#598,#599,#600,#601,#602,
    #603,#604,#605),.UNSPECIFIED.,.F.,.F.,(9,9),(5.451465135572,
    6.733940235567),.PIECEWISE_BEZIER_KNOTS.);
#597 = CARTESIAN_POINT('',(4.831736639205,19.451720494738));
#598 = CARTESIAN_POINT('',(4.992046026704,21.079551266331));
#599 = CARTESIAN_POINT('',(5.152355414198,22.435570655163));
#600 = CARTESIAN_POINT('',(5.312664801701,23.456031633089));
#601 = CARTESIAN_POINT('',(5.472974189183,24.092090905073));
#602 = CARTESIAN_POINT('',(5.633283576704,24.315043458368));
#603 = CARTESIAN_POINT('',(5.793592964196,24.119546335433));
#604 = CARTESIAN_POINT('',(5.9539023517,23.523261545578));
#605 = CARTESIAN_POINT('',(6.114211739199,22.563763376736));
#606 = ( GEOMETRIC_REPRESENTATION_CONTEXT(2)
PARAMETRIC_REPRESENTATION_CONTEXT() REPRESENTATION_CONTEXT('2D SPACE',''
  ) );
#607 = PCURVE('',#608,#613);
#608 = PLANE('',#609);
#609 = AXIS2_PLACEMENT_3D('',#610,#611,#612);
#610 = CARTESIAN_POINT('',(233.22603054987,5.911447543932,
    325.04090791328));
#611 = DIRECTION('',(-0.416479634217,-0.909145045789,-0.));
#612 = DIRECTION('',(-0.909145045789,0.416479634217,0.));
#613 = DEFINITIONAL_REPRESENTATION('',(#614),#618);
#614 = ELLIPSE('',#615,15.198935761772,6.5);
#615 = AXIS2_PLACEMENT_2D('',#616,#617);
#616 = CARTESIAN_POINT('',(31.704250564658,7.49210876605));
#617 = DIRECTION('',(-0.487975433225,-0.872857363244));
#618 = ( GEOMETRIC_REPRESENTATION_CONTEXT(2)
PARAMETRIC_REPRESENTATION_CONTEXT() REPRESENTATION_CONTEXT('2D SPACE',''
  ) );
#619 = ORIENTED_EDGE('',*,*,#620,.F.);
#620 = EDGE_CURVE('',#621,#586,#623,.T.);
#621 = VERTEX_POINT('',#622);
#622 = CARTESIAN_POINT('',(205.74550335917,5.950380657523,
    325.04090791328));
#623 = SURFACE_CURVE('',#624,(#629,#649),.PCURVE_S1.);
#624 = ELLIPSE('',#625,8.238174317699,6.5);
#625 = AXIS2_PLACEMENT_3D('',#626,#627,#628);
#626 = CARTESIAN_POINT('',(206.51894378242,13.679252826808,
    325.04090791328));
#627 = DIRECTION('',(0.,0.,1.));
#628 = DIRECTION('',(0.362823217512,-0.931857989628,0.));
#629 = PCURVE('',#312,#630);
#630 = DEFINITIONAL_REPRESENTATION('',(#631),#648);
#631 = B_SPLINE_CURVE_WITH_KNOTS('',8,(#632,#633,#634,#635,#636,#637,
    #638,#639,#640,#641,#642,#643,#644,#645,#646,#647),.UNSPECIFIED.,.F.
  ,.F.,(9,7,9),(5.328517235157,6.731661993177,8.134806751197),
  .UNSPECIFIED.);
#632 = CARTESIAN_POINT('',(2.484977925903,22.617566656622));
#633 = CARTESIAN_POINT('',(2.660371020655,23.342062786165));
#634 = CARTESIAN_POINT('',(2.835764115406,23.963728232658));
#635 = CARTESIAN_POINT('',(3.011157210159,24.44860079321));
#636 = CARTESIAN_POINT('',(3.186550304904,24.769468559119));
#637 = CARTESIAN_POINT('',(3.361943399665,24.909205162159));
#638 = CARTESIAN_POINT('',(3.537336494415,24.863029812849));
#639 = CARTESIAN_POINT('',(3.712729589171,24.638463554408));
#640 = CARTESIAN_POINT('',(4.063515778676,23.868635693254));
#641 = CARTESIAN_POINT('',(4.238908873428,23.323373145144));
#642 = CARTESIAN_POINT('',(4.414301968181,22.635812234544));
#643 = CARTESIAN_POINT('',(4.589695062933,21.834498277683));
#644 = CARTESIAN_POINT('',(4.765088157686,20.956784465699));
#645 = CARTESIAN_POINT('',(4.940481252439,20.045175118328));
#646 = CARTESIAN_POINT('',(5.115874347191,19.142903492563));
#647 = CARTESIAN_POINT('',(5.291267441943,18.289948261267));
#648 = ( GEOMETRIC_REPRESENTATION_CONTEXT(2)
PARAMETRIC_REPRESENTATION_CONTEXT() REPRESENTATION_CONTEXT('2D SPACE',''
  ) );
#649 = PCURVE('',#650,#655);
#650 = PLANE('',#651);
#651 = AXIS2_PLACEMENT_3D('',#652,#653,#654);
#652 = CARTESIAN_POINT('',(219.1545998551,5.208000174019,325.04090791328
    ));
#653 = DIRECTION('',(0.,0.,1.));
#654 = DIRECTION('',(1.,0.,-0.));
#655 = DEFINITIONAL_REPRESENTATION('',(#656),#660);
#656 = ELLIPSE('',#657,8.238174317699,6.5);
#657 = AXIS2_PLACEMENT_2D('',#658,#659);
#658 = CARTESIAN_POINT('',(-12.63565607268,8.471252652789));
#659 = DIRECTION('',(0.362823217512,-0.931857989628));
#660 = ( GEOMETRIC_REPRESENTATION_CONTEXT(2)
PARAMETRIC_REPRESENTATION_CONTEXT() REPRESENTATION_CONTEXT('2D SPACE',''
  ) );
#661 = ORIENTED_EDGE('',*,*,#662,.F.);
#662 = EDGE_CURVE('',#393,#621,#663,.T.);
#663 = SURFACE_CURVE('',#664,(#669,#679),.PCURVE_S1.);
#664 = ELLIPSE('',#665,14.735887553535,6.5);
#665 = AXIS2_PLACEMENT_3D('',#666,#667,#668);
#666 = CARTESIAN_POINT('',(207.79028678274,10.413995601732,
    329.54090791328));
#667 = DIRECTION('',(0.909145045789,-0.416479634217,-1.47402558585E-18)
  );
#668 = DIRECTION('',(-0.198463128268,-0.433230715292,0.879160698647));
#669 = PCURVE('',#312,#670);
#670 = DEFINITIONAL_REPRESENTATION('',(#671),#678);
#671 = B_SPLINE_CURVE_WITH_KNOTS('',5,(#672,#673,#674,#675,#676,#677),
  .UNSPECIFIED.,.F.,.F.,(6,6),(1.570796281426,1.753526238151),
  .PIECEWISE_BEZIER_KNOTS.);
#672 = CARTESIAN_POINT('',(2.756545062064,25.396052970507));
#673 = CARTESIAN_POINT('',(2.793091053409,24.912738097576));
#674 = CARTESIAN_POINT('',(2.829637044754,24.42942322243));
#675 = CARTESIAN_POINT('',(2.866183036099,23.947453185718));
#676 = CARTESIAN_POINT('',(2.902729027444,23.468172798374));
#677 = CARTESIAN_POINT('',(2.939275018789,22.992904493379));
#678 = ( GEOMETRIC_REPRESENTATION_CONTEXT(2)
PARAMETRIC_REPRESENTATION_CONTEXT() REPRESENTATION_CONTEXT('2D SPACE',''
  ) );
#679 = PCURVE('',#573,#680);
#680 = DEFINITIONAL_REPRESENTATION('',(#681),#685);
#681 = ELLIPSE('',#682,14.735887553535,6.5);
#682 = AXIS2_PLACEMENT_2D('',#683,#684);
#683 = CARTESIAN_POINT('',(6.5,-4.5));
#684 = DIRECTION('',(0.476525409558,-0.879160698647));
#685 = ( GEOMETRIC_REPRESENTATION_CONTEXT(2)
PARAMETRIC_REPRESENTATION_CONTEXT() REPRESENTATION_CONTEXT('2D SPACE',''
  ) );
#686 = ADVANCED_FACE('',(#687),#608,.F.);
#687 = FACE_BOUND('',#688,.F.);
#688 = EDGE_LOOP('',(#689,#712,#738,#766,#787));
#689 = ORIENTED_EDGE('',*,*,#690,.F.);
#690 = EDGE_CURVE('',#691,#586,#693,.T.);
#691 = VERTEX_POINT('',#692);
#692 = CARTESIAN_POINT('',(218.45417201512,12.678440630189,
    325.04090791328));
#693 = SURFACE_CURVE('',#694,(#698,#705),.PCURVE_S1.);
#694 = LINE('',#695,#696);
#695 = CARTESIAN_POINT('',(233.22603054987,5.911447543932,
    325.04090791328));
#696 = VECTOR('',#697,1.);
#697 = DIRECTION('',(-0.909145045789,0.416479634217,0.));
#698 = PCURVE('',#608,#699);
#699 = DEFINITIONAL_REPRESENTATION('',(#700),#704);
#700 = LINE('',#701,#702);
#701 = CARTESIAN_POINT('',(0.,0.));
#702 = VECTOR('',#703,1.);
#703 = DIRECTION('',(1.,0.));
#704 = ( GEOMETRIC_REPRESENTATION_CONTEXT(2)
PARAMETRIC_REPRESENTATION_CONTEXT() REPRESENTATION_CONTEXT('2D SPACE',''
  ) );
#705 = PCURVE('',#650,#706);
#706 = DEFINITIONAL_REPRESENTATION('',(#707),#711);
#707 = LINE('',#708,#709);
#708 = CARTESIAN_POINT('',(14.071430694772,0.703447369914));
#709 = VECTOR('',#710,1.);
#710 = DIRECTION('',(-0.909145045789,0.416479634217));
#711 = ( GEOMETRIC_REPRESENTATION_CONTEXT(2)
PARAMETRIC_REPRESENTATION_CONTEXT() REPRESENTATION_CONTEXT('2D SPACE',''
  ) );
#712 = ORIENTED_EDGE('',*,*,#713,.F.);
#713 = EDGE_CURVE('',#714,#691,#716,.T.);
#714 = VERTEX_POINT('',#715);
#715 = CARTESIAN_POINT('',(218.45417201512,12.678440630189,
    334.04090791328));
#716 = SURFACE_CURVE('',#717,(#721,#727),.PCURVE_S1.);
#717 = LINE('',#718,#719);
#718 = CARTESIAN_POINT('',(218.45417201512,12.678440630189,
    325.04090791328));
#719 = VECTOR('',#720,1.);
#720 = DIRECTION('',(-1.110223024625E-16,-0.,-1.));
#721 = PCURVE('',#608,#722);
#722 = DEFINITIONAL_REPRESENTATION('',(#723),#726);
#723 = B_SPLINE_CURVE_WITH_KNOTS('',1,(#724,#725),.UNSPECIFIED.,.F.,.F.,
  (2,2),(-9.0000006,6.000000212225E-07),.PIECEWISE_BEZIER_KNOTS.);
#724 = CARTESIAN_POINT('',(16.248076809272,-9.0000006));
#725 = CARTESIAN_POINT('',(16.248076809272,6.000000212225E-07));
#726 = ( GEOMETRIC_REPRESENTATION_CONTEXT(2)
PARAMETRIC_REPRESENTATION_CONTEXT() REPRESENTATION_CONTEXT('2D SPACE',''
  ) );
#727 = PCURVE('',#728,#733);
#728 = CYLINDRICAL_SURFACE('',#729,17.5);
#729 = AXIS2_PLACEMENT_3D('',#730,#731,#732);
#730 = CARTESIAN_POINT('',(230.51891292746,2.004746304806E-03,
    325.04090791328));
#731 = DIRECTION('',(-1.110223024625E-16,-0.,-1.));
#732 = DIRECTION('',(0.,1.,0.));
#733 = DEFINITIONAL_REPRESENTATION('',(#734),#737);
#734 = B_SPLINE_CURVE_WITH_KNOTS('',1,(#735,#736),.UNSPECIFIED.,.F.,.F.,
  (2,2),(-9.,7.88860905221E-29),.PIECEWISE_BEZIER_KNOTS.);
#735 = CARTESIAN_POINT('',(-7.04386474412,-9.));
#736 = CARTESIAN_POINT('',(-7.04386474412,1.339455314701E-15));
#737 = ( GEOMETRIC_REPRESENTATION_CONTEXT(2)
PARAMETRIC_REPRESENTATION_CONTEXT() REPRESENTATION_CONTEXT('2D SPACE',''
  ) );
#738 = ORIENTED_EDGE('',*,*,#739,.T.);
#739 = EDGE_CURVE('',#714,#740,#742,.T.);
#740 = VERTEX_POINT('',#741);
#741 = CARTESIAN_POINT('',(210.49740440515,16.32343839936,
    334.04090791328));
#742 = SURFACE_CURVE('',#743,(#747,#754),.PCURVE_S1.);
#743 = LINE('',#744,#745);
#744 = CARTESIAN_POINT('',(233.22603054987,5.911447543932,
    334.04090791328));
#745 = VECTOR('',#746,1.);
#746 = DIRECTION('',(-0.909145045789,0.416479634217,0.));
#747 = PCURVE('',#608,#748);
#748 = DEFINITIONAL_REPRESENTATION('',(#749),#753);
#749 = LINE('',#750,#751);
#750 = CARTESIAN_POINT('',(0.,-9.));
#751 = VECTOR('',#752,1.);
#752 = DIRECTION('',(1.,0.));
#753 = ( GEOMETRIC_REPRESENTATION_CONTEXT(2)
PARAMETRIC_REPRESENTATION_CONTEXT() REPRESENTATION_CONTEXT('2D SPACE',''
  ) );
#754 = PCURVE('',#755,#760);
#755 = PLANE('',#756);
#756 = AXIS2_PLACEMENT_3D('',#757,#758,#759);
#757 = CARTESIAN_POINT('',(219.1545998551,5.208000174019,334.04090791328
    ));
#758 = DIRECTION('',(0.,0.,1.));
#759 = DIRECTION('',(1.,0.,-0.));
#760 = DEFINITIONAL_REPRESENTATION('',(#761),#765);
#761 = LINE('',#762,#763);
#762 = CARTESIAN_POINT('',(14.071430694772,0.703447369914));
#763 = VECTOR('',#764,1.);
#764 = DIRECTION('',(-0.909145045789,0.416479634217));
#765 = ( GEOMETRIC_REPRESENTATION_CONTEXT(2)
PARAMETRIC_REPRESENTATION_CONTEXT() REPRESENTATION_CONTEXT('2D SPACE',''
  ) );
#766 = ORIENTED_EDGE('',*,*,#767,.F.);
#767 = EDGE_CURVE('',#554,#740,#768,.T.);
#768 = SURFACE_CURVE('',#769,(#773,#780),.PCURVE_S1.);
#769 = LINE('',#770,#771);
#770 = CARTESIAN_POINT('',(210.49740440515,16.32343839936,
    325.04090791328));
#771 = VECTOR('',#772,1.);
#772 = DIRECTION('',(-0.,-0.,1.));
#773 = PCURVE('',#608,#774);
#774 = DEFINITIONAL_REPRESENTATION('',(#775),#779);
#775 = LINE('',#776,#777);
#776 = CARTESIAN_POINT('',(25.,0.));
#777 = VECTOR('',#778,1.);
#778 = DIRECTION('',(0.,-1.));
#779 = ( GEOMETRIC_REPRESENTATION_CONTEXT(2)
PARAMETRIC_REPRESENTATION_CONTEXT() REPRESENTATION_CONTEXT('2D SPACE',''
  ) );
#780 = PCURVE('',#573,#781);
#781 = DEFINITIONAL_REPRESENTATION('',(#782),#786);
#782 = LINE('',#783,#784);
#783 = CARTESIAN_POINT('',(0.,0.));
#784 = VECTOR('',#785,1.);
#785 = DIRECTION('',(0.,-1.));
#786 = ( GEOMETRIC_REPRESENTATION_CONTEXT(2)
PARAMETRIC_REPRESENTATION_CONTEXT() REPRESENTATION_CONTEXT('2D SPACE',''
  ) );
#787 = ORIENTED_EDGE('',*,*,#585,.F.);
#788 = ADVANCED_FACE('',(#789),#728,.T.);
#789 = FACE_BOUND('',#790,.F.);
#790 = EDGE_LOOP('',(#791,#819,#845,#867));
#791 = ORIENTED_EDGE('',*,*,#792,.T.);
#792 = EDGE_CURVE('',#691,#793,#795,.T.);
#793 = VERTEX_POINT('',#794);
#794 = CARTESIAN_POINT('',(213.0399367703,0.859555034934,325.04090791328
    ));
#795 = SURFACE_CURVE('',#796,(#801,#808),.PCURVE_S1.);
#796 = CIRCLE('',#797,17.5);
#797 = AXIS2_PLACEMENT_3D('',#798,#799,#800);
#798 = CARTESIAN_POINT('',(230.51891292746,2.004746304806E-03,
    325.04090791328));
#799 = DIRECTION('',(0.,0.,-1.));
#800 = DIRECTION('',(-0.689413766419,0.724367764793,0.));
#801 = PCURVE('',#728,#802);
#802 = DEFINITIONAL_REPRESENTATION('',(#803),#807);
#803 = LINE('',#804,#805);
#804 = CARTESIAN_POINT('',(-7.04386474412,0.));
#805 = VECTOR('',#806,1.);
#806 = DIRECTION('',(1.,-0.));
#807 = ( GEOMETRIC_REPRESENTATION_CONTEXT(2)
PARAMETRIC_REPRESENTATION_CONTEXT() REPRESENTATION_CONTEXT('2D SPACE',''
  ) );
#808 = PCURVE('',#650,#809);
#809 = DEFINITIONAL_REPRESENTATION('',(#810),#818);
#810 = ( BOUNDED_CURVE() B_SPLINE_CURVE(2,(#811,#812,#813,#814,#815,#816
,#817),.UNSPECIFIED.,.T.,.F.) B_SPLINE_CURVE_WITH_KNOTS((1,2,2,2,2,1),(
    -2.094395102393,0.,2.094395102393,4.188790204786,6.28318530718,
8.377580409573),.UNSPECIFIED.) CURVE() GEOMETRIC_REPRESENTATION_ITEM()
RATIONAL_B_SPLINE_CURVE((1.,0.5,1.,0.5,1.,0.5,1.)) REPRESENTATION_ITEM(
  '') );
#811 = CARTESIAN_POINT('',(-0.700427839975,7.47044045617));
#812 = CARTESIAN_POINT('',(21.255803169801,28.36718469649));
#813 = CARTESIAN_POINT('',(28.374799033416,-1.095841249496));
#814 = CARTESIAN_POINT('',(35.493794897031,-30.55886719548));
#815 = CARTESIAN_POINT('',(6.41856802364,-21.99258548981));
#816 = CARTESIAN_POINT('',(-22.65665884975,-13.42630378415));
#817 = CARTESIAN_POINT('',(-0.700427839975,7.47044045617));
#818 = ( GEOMETRIC_REPRESENTATION_CONTEXT(2)
PARAMETRIC_REPRESENTATION_CONTEXT() REPRESENTATION_CONTEXT('2D SPACE',''
  ) );
#819 = ORIENTED_EDGE('',*,*,#820,.F.);
#820 = EDGE_CURVE('',#821,#793,#823,.T.);
#821 = VERTEX_POINT('',#822);
#822 = CARTESIAN_POINT('',(213.0399367703,0.859555034934,334.04090791328
    ));
#823 = SURFACE_CURVE('',#824,(#828,#834),.PCURVE_S1.);
#824 = LINE('',#825,#826);
#825 = CARTESIAN_POINT('',(213.0399367703,0.859555034934,325.04090791328
    ));
#826 = VECTOR('',#827,1.);
#827 = DIRECTION('',(-1.110223024625E-16,-0.,-1.));
#828 = PCURVE('',#728,#829);
#829 = DEFINITIONAL_REPRESENTATION('',(#830),#833);
#830 = B_SPLINE_CURVE_WITH_KNOTS('',1,(#831,#832),.UNSPECIFIED.,.F.,.F.,
  (2,2),(-9.,-1.262177448354E-29),.PIECEWISE_BEZIER_KNOTS.);
#831 = CARTESIAN_POINT('',(-1.52177382032,-9.));
#832 = CARTESIAN_POINT('',(-1.52177382032,1.940556177655E-15));
#833 = ( GEOMETRIC_REPRESENTATION_CONTEXT(2)
PARAMETRIC_REPRESENTATION_CONTEXT() REPRESENTATION_CONTEXT('2D SPACE',''
  ) );
#834 = PCURVE('',#835,#840);
#835 = PLANE('',#836);
#836 = AXIS2_PLACEMENT_3D('',#837,#838,#839);
#837 = CARTESIAN_POINT('',(205.08316916033,4.504552804105,
    325.04090791328));
#838 = DIRECTION('',(0.416479634217,0.909145045789,0.));
#839 = DIRECTION('',(0.909145045789,-0.416479634217,0.));
#840 = DEFINITIONAL_REPRESENTATION('',(#841),#844);
#841 = B_SPLINE_CURVE_WITH_KNOTS('',1,(#842,#843),.UNSPECIFIED.,.F.,.F.,
  (2,2),(-9.0000006,6.000000212225E-07),.PIECEWISE_BEZIER_KNOTS.);
#842 = CARTESIAN_POINT('',(8.751923190728,-9.0000006));
#843 = CARTESIAN_POINT('',(8.751923190728,6.000000212225E-07));
#844 = ( GEOMETRIC_REPRESENTATION_CONTEXT(2)
PARAMETRIC_REPRESENTATION_CONTEXT() REPRESENTATION_CONTEXT('2D SPACE',''
  ) );
#845 = ORIENTED_EDGE('',*,*,#846,.T.);
#846 = EDGE_CURVE('',#821,#714,#847,.T.);
#847 = SURFACE_CURVE('',#848,(#853,#860),.PCURVE_S1.);
#848 = CIRCLE('',#849,17.5);
#849 = AXIS2_PLACEMENT_3D('',#850,#851,#852);
#850 = CARTESIAN_POINT('',(230.51891292746,2.004746304806E-03,
    334.04090791328));
#851 = DIRECTION('',(0.,0.,1.));
#852 = DIRECTION('',(-0.998798637552,4.900287363598E-02,0.));
#853 = PCURVE('',#728,#854);
#854 = DEFINITIONAL_REPRESENTATION('',(#855),#859);
#855 = LINE('',#856,#857);
#856 = CARTESIAN_POINT('',(-1.52177382032,-9.));
#857 = VECTOR('',#858,1.);
#858 = DIRECTION('',(-1.,0.));
#859 = ( GEOMETRIC_REPRESENTATION_CONTEXT(2)
PARAMETRIC_REPRESENTATION_CONTEXT() REPRESENTATION_CONTEXT('2D SPACE',''
  ) );
#860 = PCURVE('',#755,#861);
#861 = DEFINITIONAL_REPRESENTATION('',(#862),#866);
#862 = CIRCLE('',#863,17.5);
#863 = AXIS2_PLACEMENT_2D('',#864,#865);
#864 = CARTESIAN_POINT('',(11.36431307236,-5.205995427714));
#865 = DIRECTION('',(-0.998798637552,4.900287363598E-02));
#866 = ( GEOMETRIC_REPRESENTATION_CONTEXT(2)
PARAMETRIC_REPRESENTATION_CONTEXT() REPRESENTATION_CONTEXT('2D SPACE',''
  ) );
#867 = ORIENTED_EDGE('',*,*,#713,.T.);
#868 = ADVANCED_FACE('',(#869),#835,.F.);
#869 = FACE_BOUND('',#870,.F.);
#870 = EDGE_LOOP('',(#871,#894,#917,#938));
#871 = ORIENTED_EDGE('',*,*,#872,.F.);
#872 = EDGE_CURVE('',#873,#793,#875,.T.);
#873 = VERTEX_POINT('',#874);
#874 = CARTESIAN_POINT('',(205.08316916033,4.504552804105,
    325.04090791328));
#875 = SURFACE_CURVE('',#876,(#880,#887),.PCURVE_S1.);
#876 = LINE('',#877,#878);
#877 = CARTESIAN_POINT('',(205.08316916033,4.504552804105,
    325.04090791328));
#878 = VECTOR('',#879,1.);
#879 = DIRECTION('',(0.909145045789,-0.416479634217,0.));
#880 = PCURVE('',#835,#881);
#881 = DEFINITIONAL_REPRESENTATION('',(#882),#886);
#882 = LINE('',#883,#884);
#883 = CARTESIAN_POINT('',(0.,0.));
#884 = VECTOR('',#885,1.);
#885 = DIRECTION('',(1.,0.));
#886 = ( GEOMETRIC_REPRESENTATION_CONTEXT(2)
PARAMETRIC_REPRESENTATION_CONTEXT() REPRESENTATION_CONTEXT('2D SPACE',''
  ) );
#887 = PCURVE('',#650,#888);
#888 = DEFINITIONAL_REPRESENTATION('',(#889),#893);
#889 = LINE('',#890,#891);
#890 = CARTESIAN_POINT('',(-14.07143069477,-0.703447369914));
#891 = VECTOR('',#892,1.);
#892 = DIRECTION('',(0.909145045789,-0.416479634217));
#893 = ( GEOMETRIC_REPRESENTATION_CONTEXT(2)
PARAMETRIC_REPRESENTATION_CONTEXT() REPRESENTATION_CONTEXT('2D SPACE',''
  ) );
#894 = ORIENTED_EDGE('',*,*,#895,.T.);
#895 = EDGE_CURVE('',#873,#896,#898,.T.);
#896 = VERTEX_POINT('',#897);
#897 = CARTESIAN_POINT('',(205.08316916033,4.504552804105,
    334.04090791328));
#898 = SURFACE_CURVE('',#899,(#903,#910),.PCURVE_S1.);
#899 = LINE('',#900,#901);
#900 = CARTESIAN_POINT('',(205.08316916033,4.504552804105,
    325.04090791328));
#901 = VECTOR('',#902,1.);
#902 = DIRECTION('',(-0.,-0.,1.));
#903 = PCURVE('',#835,#904);
#904 = DEFINITIONAL_REPRESENTATION('',(#905),#909);
#905 = LINE('',#906,#907);
#906 = CARTESIAN_POINT('',(0.,0.));
#907 = VECTOR('',#908,1.);
#908 = DIRECTION('',(0.,-1.));
#909 = ( GEOMETRIC_REPRESENTATION_CONTEXT(2)
PARAMETRIC_REPRESENTATION_CONTEXT() REPRESENTATION_CONTEXT('2D SPACE',''
  ) );
#910 = PCURVE('',#573,#911);
#911 = DEFINITIONAL_REPRESENTATION('',(#912),#916);
#912 = LINE('',#913,#914);
#913 = CARTESIAN_POINT('',(13.,0.));
#914 = VECTOR('',#915,1.);
#915 = DIRECTION('',(0.,-1.));
#916 = ( GEOMETRIC_REPRESENTATION_CONTEXT(2)
PARAMETRIC_REPRESENTATION_CONTEXT() REPRESENTATION_CONTEXT('2D SPACE',''
  ) );
#917 = ORIENTED_EDGE('',*,*,#918,.T.);
#918 = EDGE_CURVE('',#896,#821,#919,.T.);
#919 = SURFACE_CURVE('',#920,(#924,#931),.PCURVE_S1.);
#920 = LINE('',#921,#922);
#921 = CARTESIAN_POINT('',(205.08316916033,4.504552804105,
    334.04090791328));
#922 = VECTOR('',#923,1.);
#923 = DIRECTION('',(0.909145045789,-0.416479634217,0.));
#924 = PCURVE('',#835,#925);
#925 = DEFINITIONAL_REPRESENTATION('',(#926),#930);
#926 = LINE('',#927,#928);
#927 = CARTESIAN_POINT('',(0.,-9.));
#928 = VECTOR('',#929,1.);
#929 = DIRECTION('',(1.,0.));
#930 = ( GEOMETRIC_REPRESENTATION_CONTEXT(2)
PARAMETRIC_REPRESENTATION_CONTEXT() REPRESENTATION_CONTEXT('2D SPACE',''
  ) );
#931 = PCURVE('',#755,#932);
#932 = DEFINITIONAL_REPRESENTATION('',(#933),#937);
#933 = LINE('',#934,#935);
#934 = CARTESIAN_POINT('',(-14.07143069477,-0.703447369914));
#935 = VECTOR('',#936,1.);
#936 = DIRECTION('',(0.909145045789,-0.416479634217));
#937 = ( GEOMETRIC_REPRESENTATION_CONTEXT(2)
PARAMETRIC_REPRESENTATION_CONTEXT() REPRESENTATION_CONTEXT('2D SPACE',''
  ) );
#938 = ORIENTED_EDGE('',*,*,#820,.T.);
#939 = ADVANCED_FACE('',(#940,#966),#755,.T.);
#940 = FACE_BOUND('',#941,.T.);
#941 = EDGE_LOOP('',(#942,#943,#944,#945));
#942 = ORIENTED_EDGE('',*,*,#918,.T.);
#943 = ORIENTED_EDGE('',*,*,#846,.T.);
#944 = ORIENTED_EDGE('',*,*,#739,.T.);
#945 = ORIENTED_EDGE('',*,*,#946,.T.);
#946 = EDGE_CURVE('',#740,#896,#947,.T.);
#947 = SURFACE_CURVE('',#948,(#952,#959),.PCURVE_S1.);
#948 = LINE('',#949,#950);
#949 = CARTESIAN_POINT('',(210.49740440515,16.32343839936,
    334.04090791328));
#950 = VECTOR('',#951,1.);
#951 = DIRECTION('',(-0.416479634217,-0.909145045789,0.));
#952 = PCURVE('',#755,#953);
#953 = DEFINITIONAL_REPRESENTATION('',(#954),#958);
#954 = LINE('',#955,#956);
#955 = CARTESIAN_POINT('',(-8.657195449949,11.115438225341));
#956 = VECTOR('',#957,1.);
#957 = DIRECTION('',(-0.416479634217,-0.909145045789));
#958 = ( GEOMETRIC_REPRESENTATION_CONTEXT(2)
PARAMETRIC_REPRESENTATION_CONTEXT() REPRESENTATION_CONTEXT('2D SPACE',''
  ) );
#959 = PCURVE('',#573,#960);
#960 = DEFINITIONAL_REPRESENTATION('',(#961),#965);
#961 = LINE('',#962,#963);
#962 = CARTESIAN_POINT('',(0.,-9.));
#963 = VECTOR('',#964,1.);
#964 = DIRECTION('',(1.,0.));
#965 = ( GEOMETRIC_REPRESENTATION_CONTEXT(2)
PARAMETRIC_REPRESENTATION_CONTEXT() REPRESENTATION_CONTEXT('2D SPACE',''
  ) );
#966 = FACE_BOUND('',#967,.T.);
#967 = EDGE_LOOP('',(#968));
#968 = ORIENTED_EDGE('',*,*,#969,.T.);
#969 = EDGE_CURVE('',#970,#970,#972,.T.);
#970 = VERTEX_POINT('',#971);
#971 = CARTESIAN_POINT('',(230.51891292746,8.252004746305,
    334.04090791328));
#972 = SURFACE_CURVE('',#973,(#978,#989),.PCURVE_S1.);
#973 = CIRCLE('',#974,8.25);
#974 = AXIS2_PLACEMENT_3D('',#975,#976,#977);
#975 = CARTESIAN_POINT('',(230.51891292746,2.004746304796E-03,
    334.04090791328));
#976 = DIRECTION('',(0.,-0.,-1.));
#977 = DIRECTION('',(0.,1.,-0.));
#978 = PCURVE('',#755,#979);
#979 = DEFINITIONAL_REPRESENTATION('',(#980),#988);
#980 = ( BOUNDED_CURVE() B_SPLINE_CURVE(2,(#981,#982,#983,#984,#985,#986
,#987),.UNSPECIFIED.,.T.,.F.) B_SPLINE_CURVE_WITH_KNOTS((1,2,2,2,2,1),(
    -2.094395102393,0.,2.094395102393,4.188790204786,6.28318530718,
8.377580409573),.UNSPECIFIED.) CURVE() GEOMETRIC_REPRESENTATION_ITEM()
RATIONAL_B_SPLINE_CURVE((1.,0.5,1.,0.5,1.,0.5,1.)) REPRESENTATION_ITEM(
  '') );
#981 = CARTESIAN_POINT('',(11.36431307236,3.044004572286));
#982 = CARTESIAN_POINT('',(25.653732234804,3.044004572286));
#983 = CARTESIAN_POINT('',(18.509022653582,-9.330995427714));
#984 = CARTESIAN_POINT('',(11.36431307236,-21.70599542771));
#985 = CARTESIAN_POINT('',(4.219603491139,-9.330995427714));
#986 = CARTESIAN_POINT('',(-2.925106090083,3.044004572286));
#987 = CARTESIAN_POINT('',(11.36431307236,3.044004572286));
#988 = ( GEOMETRIC_REPRESENTATION_CONTEXT(2)
PARAMETRIC_REPRESENTATION_CONTEXT() REPRESENTATION_CONTEXT('2D SPACE',''
  ) );
#989 = PCURVE('',#990,#995);
#990 = CYLINDRICAL_SURFACE('',#991,8.25);
#991 = AXIS2_PLACEMENT_3D('',#992,#993,#994);
#992 = CARTESIAN_POINT('',(230.51891292746,2.004746304806E-03,
    334.04090791328));
#993 = DIRECTION('',(-1.110223024625E-16,-0.,-1.));
#994 = DIRECTION('',(0.,1.,0.));
#995 = DEFINITIONAL_REPRESENTATION('',(#996),#1000);
#996 = LINE('',#997,#998);
#997 = CARTESIAN_POINT('',(-6.28318530718,0.));
#998 = VECTOR('',#999,1.);
#999 = DIRECTION('',(1.,-0.));
#1000 = ( GEOMETRIC_REPRESENTATION_CONTEXT(2)
PARAMETRIC_REPRESENTATION_CONTEXT() REPRESENTATION_CONTEXT('2D SPACE',''
  ) );
#1001 = ADVANCED_FACE('',(#1002),#990,.T.);
#1002 = FACE_BOUND('',#1003,.F.);
#1003 = EDGE_LOOP('',(#1004,#1027,#1028,#1029,#1062,#1090,#1119,#1147));
#1004 = ORIENTED_EDGE('',*,*,#1005,.F.);
#1005 = EDGE_CURVE('',#970,#1006,#1008,.T.);
#1006 = VERTEX_POINT('',#1007);
#1007 = CARTESIAN_POINT('',(230.51891292746,8.252004746305,
    346.54090791328));
#1008 = SEAM_CURVE('',#1009,(#1013,#1020),.PCURVE_S1.);
#1009 = LINE('',#1010,#1011);
#1010 = CARTESIAN_POINT('',(230.51891292746,8.252004746305,
    334.04090791328));
#1011 = VECTOR('',#1012,1.);
#1012 = DIRECTION('',(1.110223024625E-16,0.,1.));
#1013 = PCURVE('',#990,#1014);
#1014 = DEFINITIONAL_REPRESENTATION('',(#1015),#1019);
#1015 = LINE('',#1016,#1017);
#1016 = CARTESIAN_POINT('',(-6.28318530718,0.));
#1017 = VECTOR('',#1018,1.);
#1018 = DIRECTION('',(-0.,-1.));
#1019 = ( GEOMETRIC_REPRESENTATION_CONTEXT(2)
PARAMETRIC_REPRESENTATION_CONTEXT() REPRESENTATION_CONTEXT('2D SPACE',''
  ) );
#1020 = PCURVE('',#990,#1021);
#1021 = DEFINITIONAL_REPRESENTATION('',(#1022),#1026);
#1022 = LINE('',#1023,#1024);
#1023 = CARTESIAN_POINT('',(-0.,0.));
#1024 = VECTOR('',#1025,1.);
#1025 = DIRECTION('',(-0.,-1.));
#1026 = ( GEOMETRIC_REPRESENTATION_CONTEXT(2)
PARAMETRIC_REPRESENTATION_CONTEXT() REPRESENTATION_CONTEXT('2D SPACE',''
  ) );
#1027 = ORIENTED_EDGE('',*,*,#969,.T.);
#1028 = ORIENTED_EDGE('',*,*,#1005,.T.);
#1029 = ORIENTED_EDGE('',*,*,#1030,.F.);
#1030 = EDGE_CURVE('',#1031,#1006,#1033,.T.);
#1031 = VERTEX_POINT('',#1032);
#1032 = CARTESIAN_POINT('',(223.13265034074,3.677004746305,
    346.54090791328));
#1033 = SURFACE_CURVE('',#1034,(#1039,#1046),.PCURVE_S1.);
#1034 = CIRCLE('',#1035,8.25);
#1035 = AXIS2_PLACEMENT_3D('',#1036,#1037,#1038);
#1036 = CARTESIAN_POINT('',(230.51891292746,2.004746304806E-03,
    346.54090791328));
#1037 = DIRECTION('',(-1.110223024625E-16,0.,-1.));
#1038 = DIRECTION('',(0.,1.,0.));
#1039 = PCURVE('',#990,#1040);
#1040 = DEFINITIONAL_REPRESENTATION('',(#1041),#1045);
#1041 = LINE('',#1042,#1043);
#1042 = CARTESIAN_POINT('',(-6.28318530718,-12.5));
#1043 = VECTOR('',#1044,1.);
#1044 = DIRECTION('',(1.,-0.));
#1045 = ( GEOMETRIC_REPRESENTATION_CONTEXT(2)
PARAMETRIC_REPRESENTATION_CONTEXT() REPRESENTATION_CONTEXT('2D SPACE',''
  ) );
#1046 = PCURVE('',#1047,#1052);
#1047 = PLANE('',#1048);
#1048 = AXIS2_PLACEMENT_3D('',#1049,#1050,#1051);
#1049 = CARTESIAN_POINT('',(241.04391292746,-10.52299525369,
    346.54090791328));
#1050 = DIRECTION('',(1.110223024625E-16,0.,1.));
#1051 = DIRECTION('',(-1.,0.,1.110223024625E-16));
#1052 = DEFINITIONAL_REPRESENTATION('',(#1053),#1061);
#1053 = ( BOUNDED_CURVE() B_SPLINE_CURVE(2,(#1054,#1055,#1056,#1057,
#1058,#1059,#1060),.UNSPECIFIED.,.T.,.F.) B_SPLINE_CURVE_WITH_KNOTS((1,2
    ,2,2,2,1),(-2.094395102393,0.,2.094395102393,4.188790204786,
6.28318530718,8.377580409573),.UNSPECIFIED.) CURVE()
GEOMETRIC_REPRESENTATION_ITEM() RATIONAL_B_SPLINE_CURVE((1.,0.5,1.,0.5,
1.,0.5,1.)) REPRESENTATION_ITEM('') );
#1054 = CARTESIAN_POINT('',(10.525,-18.775));
#1055 = CARTESIAN_POINT('',(-3.764419162443,-18.775));
#1056 = CARTESIAN_POINT('',(3.380290418778,-6.4));
#1057 = CARTESIAN_POINT('',(10.525,5.975));
#1058 = CARTESIAN_POINT('',(17.669709581222,-6.4));
#1059 = CARTESIAN_POINT('',(24.814419162443,-18.775));
#1060 = CARTESIAN_POINT('',(10.525,-18.775));
#1061 = ( GEOMETRIC_REPRESENTATION_CONTEXT(2)
PARAMETRIC_REPRESENTATION_CONTEXT() REPRESENTATION_CONTEXT('2D SPACE',''
  ) );
#1062 = ORIENTED_EDGE('',*,*,#1063,.F.);
#1063 = EDGE_CURVE('',#1064,#1031,#1066,.T.);
#1064 = VERTEX_POINT('',#1065);
#1065 = CARTESIAN_POINT('',(223.13265034074,3.677004746305,
    348.54090791328));
#1066 = SURFACE_CURVE('',#1067,(#1071,#1078),.PCURVE_S1.);
#1067 = LINE('',#1068,#1069);
#1068 = CARTESIAN_POINT('',(223.13265034074,3.677004746305,
    334.04090791328));
#1069 = VECTOR('',#1070,1.);
#1070 = DIRECTION('',(-1.110223024625E-16,-0.,-1.));
#1071 = PCURVE('',#990,#1072);
#1072 = DEFINITIONAL_REPRESENTATION('',(#1073),#1077);
#1073 = LINE('',#1074,#1075);
#1074 = CARTESIAN_POINT('',(-1.109114430792,0.));
#1075 = VECTOR('',#1076,1.);
#1076 = DIRECTION('',(-0.,1.));
#1077 = ( GEOMETRIC_REPRESENTATION_CONTEXT(2)
PARAMETRIC_REPRESENTATION_CONTEXT() REPRESENTATION_CONTEXT('2D SPACE',''
  ) );
#1078 = PCURVE('',#1079,#1084);
#1079 = PLANE('',#1080);
#1080 = AXIS2_PLACEMENT_3D('',#1081,#1082,#1083);
#1081 = CARTESIAN_POINT('',(230.51891292746,3.677004746305,
    346.44090791328));
#1082 = DIRECTION('',(0.,1.,0.));
#1083 = DIRECTION('',(-1.,0.,1.110223024625E-16));
#1084 = DEFINITIONAL_REPRESENTATION('',(#1085),#1089);
#1085 = LINE('',#1086,#1087);
#1086 = CARTESIAN_POINT('',(7.386262586721,-12.4));
#1087 = VECTOR('',#1088,1.);
#1088 = DIRECTION('',(0.,-1.));
#1089 = ( GEOMETRIC_REPRESENTATION_CONTEXT(2)
PARAMETRIC_REPRESENTATION_CONTEXT() REPRESENTATION_CONTEXT('2D SPACE',''
  ) );
#1090 = ORIENTED_EDGE('',*,*,#1091,.T.);
#1091 = EDGE_CURVE('',#1064,#1092,#1094,.T.);
#1092 = VERTEX_POINT('',#1093);
#1093 = CARTESIAN_POINT('',(223.13265034074,-3.672995253695,
    348.54090791328));
#1094 = SURFACE_CURVE('',#1095,(#1100,#1107),.PCURVE_S1.);
#1095 = CIRCLE('',#1096,8.25);
#1096 = AXIS2_PLACEMENT_3D('',#1097,#1098,#1099);
#1097 = CARTESIAN_POINT('',(230.51891292746,2.004746304806E-03,
    348.54090791328));
#1098 = DIRECTION('',(1.110223024625E-16,-0.,1.));
#1099 = DIRECTION('',(0.,1.,0.));
#1100 = PCURVE('',#990,#1101);
#1101 = DEFINITIONAL_REPRESENTATION('',(#1102),#1106);
#1102 = LINE('',#1103,#1104);
#1103 = CARTESIAN_POINT('',(-0.,-14.5));
#1104 = VECTOR('',#1105,1.);
#1105 = DIRECTION('',(-1.,0.));
#1106 = ( GEOMETRIC_REPRESENTATION_CONTEXT(2)
PARAMETRIC_REPRESENTATION_CONTEXT() REPRESENTATION_CONTEXT('2D SPACE',''
  ) );
#1107 = PCURVE('',#1108,#1113);
#1108 = PLANE('',#1109);
#1109 = AXIS2_PLACEMENT_3D('',#1110,#1111,#1112);
#1110 = CARTESIAN_POINT('',(241.04391292746,-10.52299525369,
    348.54090791328));
#1111 = DIRECTION('',(1.110223024625E-16,0.,1.));
#1112 = DIRECTION('',(-1.,0.,1.110223024625E-16));
#1113 = DEFINITIONAL_REPRESENTATION('',(#1114),#1118);
#1114 = CIRCLE('',#1115,8.25);
#1115 = AXIS2_PLACEMENT_2D('',#1116,#1117);
#1116 = CARTESIAN_POINT('',(10.525,-10.525));
#1117 = DIRECTION('',(0.,-1.));
#1118 = ( GEOMETRIC_REPRESENTATION_CONTEXT(2)
PARAMETRIC_REPRESENTATION_CONTEXT() REPRESENTATION_CONTEXT('2D SPACE',''
  ) );
#1119 = ORIENTED_EDGE('',*,*,#1120,.T.);
#1120 = EDGE_CURVE('',#1092,#1121,#1123,.T.);
#1121 = VERTEX_POINT('',#1122);
#1122 = CARTESIAN_POINT('',(223.13265034074,-3.672995253695,
    346.54090791328));
#1123 = SURFACE_CURVE('',#1124,(#1128,#1135),.PCURVE_S1.);
#1124 = LINE('',#1125,#1126);
#1125 = CARTESIAN_POINT('',(223.13265034074,-3.672995253695,
    334.04090791328));
#1126 = VECTOR('',#1127,1.);
#1127 = DIRECTION('',(-1.110223024625E-16,-0.,-1.));
#1128 = PCURVE('',#990,#1129);
#1129 = DEFINITIONAL_REPRESENTATION('',(#1130),#1134);
#1130 = LINE('',#1131,#1132);
#1131 = CARTESIAN_POINT('',(-2.032478222798,0.));
#1132 = VECTOR('',#1133,1.);
#1133 = DIRECTION('',(-0.,1.));
#1134 = ( GEOMETRIC_REPRESENTATION_CONTEXT(2)
PARAMETRIC_REPRESENTATION_CONTEXT() REPRESENTATION_CONTEXT('2D SPACE',''
  ) );
#1135 = PCURVE('',#1136,#1141);
#1136 = PLANE('',#1137);
#1137 = AXIS2_PLACEMENT_3D('',#1138,#1139,#1140);
#1138 = CARTESIAN_POINT('',(230.51891292746,-3.672995253695,
    346.44090791328));
#1139 = DIRECTION('',(0.,1.,0.));
#1140 = DIRECTION('',(-1.,0.,1.110223024625E-16));
#1141 = DEFINITIONAL_REPRESENTATION('',(#1142),#1146);
#1142 = LINE('',#1143,#1144);
#1143 = CARTESIAN_POINT('',(7.386262586721,-12.4));
#1144 = VECTOR('',#1145,1.);
#1145 = DIRECTION('',(0.,-1.));
#1146 = ( GEOMETRIC_REPRESENTATION_CONTEXT(2)
PARAMETRIC_REPRESENTATION_CONTEXT() REPRESENTATION_CONTEXT('2D SPACE',''
  ) );
#1147 = ORIENTED_EDGE('',*,*,#1148,.F.);
#1148 = EDGE_CURVE('',#1006,#1121,#1149,.T.);
#1149 = SURFACE_CURVE('',#1150,(#1155,#1162),.PCURVE_S1.);
#1150 = CIRCLE('',#1151,8.25);
#1151 = AXIS2_PLACEMENT_3D('',#1152,#1153,#1154);
#1152 = CARTESIAN_POINT('',(230.51891292746,2.004746304806E-03,
    346.54090791328));
#1153 = DIRECTION('',(-1.110223024625E-16,0.,-1.));
#1154 = DIRECTION('',(0.,1.,0.));
#1155 = PCURVE('',#990,#1156);
#1156 = DEFINITIONAL_REPRESENTATION('',(#1157),#1161);
#1157 = LINE('',#1158,#1159);
#1158 = CARTESIAN_POINT('',(-6.28318530718,-12.5));
#1159 = VECTOR('',#1160,1.);
#1160 = DIRECTION('',(1.,-0.));
#1161 = ( GEOMETRIC_REPRESENTATION_CONTEXT(2)
PARAMETRIC_REPRESENTATION_CONTEXT() REPRESENTATION_CONTEXT('2D SPACE',''
  ) );
#1162 = PCURVE('',#1047,#1163);
#1163 = DEFINITIONAL_REPRESENTATION('',(#1164),#1172);
#1164 = ( BOUNDED_CURVE() B_SPLINE_CURVE(2,(#1165,#1166,#1167,#1168,
#1169,#1170,#1171),.UNSPECIFIED.,.T.,.F.) B_SPLINE_CURVE_WITH_KNOTS((1,2
    ,2,2,2,1),(-2.094395102393,0.,2.094395102393,4.188790204786,
6.28318530718,8.377580409573),.UNSPECIFIED.) CURVE()
GEOMETRIC_REPRESENTATION_ITEM() RATIONAL_B_SPLINE_CURVE((1.,0.5,1.,0.5,
1.,0.5,1.)) REPRESENTATION_ITEM('') );
#1165 = CARTESIAN_POINT('',(10.525,-18.775));
#1166 = CARTESIAN_POINT('',(-3.764419162443,-18.775));
#1167 = CARTESIAN_POINT('',(3.380290418778,-6.4));
#1168 = CARTESIAN_POINT('',(10.525,5.975));
#1169 = CARTESIAN_POINT('',(17.669709581222,-6.4));
#1170 = CARTESIAN_POINT('',(24.814419162443,-18.775));
#1171 = CARTESIAN_POINT('',(10.525,-18.775));
#1172 = ( GEOMETRIC_REPRESENTATION_CONTEXT(2)
PARAMETRIC_REPRESENTATION_CONTEXT() REPRESENTATION_CONTEXT('2D SPACE',''
  ) );
#1173 = ADVANCED_FACE('',(#1174),#1136,.T.);
#1174 = FACE_BOUND('',#1175,.T.);
#1175 = EDGE_LOOP('',(#1176,#1177,#1200,#1228));
#1176 = ORIENTED_EDGE('',*,*,#1120,.T.);
#1177 = ORIENTED_EDGE('',*,*,#1178,.T.);
#1178 = EDGE_CURVE('',#1121,#1179,#1181,.T.);
#1179 = VERTEX_POINT('',#1180);
#1180 = CARTESIAN_POINT('',(219.99391292746,-3.672995253695,
    346.54090791328));
#1181 = SURFACE_CURVE('',#1182,(#1186,#1193),.PCURVE_S1.);
#1182 = LINE('',#1183,#1184);
#1183 = CARTESIAN_POINT('',(235.78141292746,-3.672995253695,
    346.54090791328));
#1184 = VECTOR('',#1185,1.);
#1185 = DIRECTION('',(-1.,0.,1.110223024625E-16));
#1186 = PCURVE('',#1136,#1187);
#1187 = DEFINITIONAL_REPRESENTATION('',(#1188),#1192);
#1188 = LINE('',#1189,#1190);
#1189 = CARTESIAN_POINT('',(-5.2625,0.1));
#1190 = VECTOR('',#1191,1.);
#1191 = DIRECTION('',(1.,0.));
#1192 = ( GEOMETRIC_REPRESENTATION_CONTEXT(2)
PARAMETRIC_REPRESENTATION_CONTEXT() REPRESENTATION_CONTEXT('2D SPACE',''
  ) );
#1193 = PCURVE('',#1047,#1194);
#1194 = DEFINITIONAL_REPRESENTATION('',(#1195),#1199);
#1195 = LINE('',#1196,#1197);
#1196 = CARTESIAN_POINT('',(5.2625,-6.85));
#1197 = VECTOR('',#1198,1.);
#1198 = DIRECTION('',(1.,0.));
#1199 = ( GEOMETRIC_REPRESENTATION_CONTEXT(2)
PARAMETRIC_REPRESENTATION_CONTEXT() REPRESENTATION_CONTEXT('2D SPACE',''
  ) );
#1200 = ORIENTED_EDGE('',*,*,#1201,.F.);
#1201 = EDGE_CURVE('',#1202,#1179,#1204,.T.);
#1202 = VERTEX_POINT('',#1203);
#1203 = CARTESIAN_POINT('',(219.99391292746,-3.672995253695,
    348.54090791328));
#1204 = SURFACE_CURVE('',#1205,(#1209,#1216),.PCURVE_S1.);
#1205 = LINE('',#1206,#1207);
#1206 = CARTESIAN_POINT('',(219.99391292746,-3.672995253695,
    346.49090791328));
#1207 = VECTOR('',#1208,1.);
#1208 = DIRECTION('',(-1.110223024625E-16,0.,-1.));
#1209 = PCURVE('',#1136,#1210);
#1210 = DEFINITIONAL_REPRESENTATION('',(#1211),#1215);
#1211 = LINE('',#1212,#1213);
#1212 = CARTESIAN_POINT('',(10.525,5.000000000001E-02));
#1213 = VECTOR('',#1214,1.);
#1214 = DIRECTION('',(0.,-1.));
#1215 = ( GEOMETRIC_REPRESENTATION_CONTEXT(2)
PARAMETRIC_REPRESENTATION_CONTEXT() REPRESENTATION_CONTEXT('2D SPACE',''
  ) );
#1216 = PCURVE('',#1217,#1222);
#1217 = PLANE('',#1218);
#1218 = AXIS2_PLACEMENT_3D('',#1219,#1220,#1221);
#1219 = CARTESIAN_POINT('',(219.99391292746,-11.52299525369,
    348.54090791328));
#1220 = DIRECTION('',(-1.,0.,1.110223024625E-16));
#1221 = DIRECTION('',(1.110223024625E-16,0.,1.));
#1222 = DEFINITIONAL_REPRESENTATION('',(#1223),#1227);
#1223 = LINE('',#1224,#1225);
#1224 = CARTESIAN_POINT('',(-2.05,7.85));
#1225 = VECTOR('',#1226,1.);
#1226 = DIRECTION('',(-1.,0.));
#1227 = ( GEOMETRIC_REPRESENTATION_CONTEXT(2)
PARAMETRIC_REPRESENTATION_CONTEXT() REPRESENTATION_CONTEXT('2D SPACE',''
  ) );
#1228 = ORIENTED_EDGE('',*,*,#1229,.F.);
#1229 = EDGE_CURVE('',#1092,#1202,#1230,.T.);
#1230 = SURFACE_CURVE('',#1231,(#1235,#1242),.PCURVE_S1.);
#1231 = LINE('',#1232,#1233);
#1232 = CARTESIAN_POINT('',(235.78141292746,-3.672995253695,
    348.54090791328));
#1233 = VECTOR('',#1234,1.);
#1234 = DIRECTION('',(-1.,0.,1.110223024625E-16));
#1235 = PCURVE('',#1136,#1236);
#1236 = DEFINITIONAL_REPRESENTATION('',(#1237),#1241);
#1237 = LINE('',#1238,#1239);
#1238 = CARTESIAN_POINT('',(-5.2625,2.1));
#1239 = VECTOR('',#1240,1.);
#1240 = DIRECTION('',(1.,0.));
#1241 = ( GEOMETRIC_REPRESENTATION_CONTEXT(2)
PARAMETRIC_REPRESENTATION_CONTEXT() REPRESENTATION_CONTEXT('2D SPACE',''
  ) );
#1242 = PCURVE('',#1108,#1243);
#1243 = DEFINITIONAL_REPRESENTATION('',(#1244),#1248);
#1244 = LINE('',#1245,#1246);
#1245 = CARTESIAN_POINT('',(5.2625,-6.85));
#1246 = VECTOR('',#1247,1.);
#1247 = DIRECTION('',(1.,0.));
#1248 = ( GEOMETRIC_REPRESENTATION_CONTEXT(2)
PARAMETRIC_REPRESENTATION_CONTEXT() REPRESENTATION_CONTEXT('2D SPACE',''
  ) );
#1249 = ADVANCED_FACE('',(#1250),#1217,.T.);
#1250 = FACE_BOUND('',#1251,.T.);
#1251 = EDGE_LOOP('',(#1252,#1282,#1310,#1338,#1366,#1394,#1422,#1443,
    #1444,#1467));
#1252 = ORIENTED_EDGE('',*,*,#1253,.F.);
#1253 = EDGE_CURVE('',#1254,#1256,#1258,.T.);
#1254 = VERTEX_POINT('',#1255);
#1255 = CARTESIAN_POINT('',(219.99391292746,-11.52299525369,
    348.54090791328));
#1256 = VERTEX_POINT('',#1257);
#1257 = CARTESIAN_POINT('',(219.99391292746,-10.52299525369,
    348.54090791328));
#1258 = SURFACE_CURVE('',#1259,(#1263,#1270),.PCURVE_S1.);
#1259 = LINE('',#1260,#1261);
#1260 = CARTESIAN_POINT('',(219.99391292746,-11.52299525369,
    348.54090791328));
#1261 = VECTOR('',#1262,1.);
#1262 = DIRECTION('',(0.,1.,0.));
#1263 = PCURVE('',#1217,#1264);
#1264 = DEFINITIONAL_REPRESENTATION('',(#1265),#1269);
#1265 = LINE('',#1266,#1267);
#1266 = CARTESIAN_POINT('',(0.,0.));
#1267 = VECTOR('',#1268,1.);
#1268 = DIRECTION('',(0.,1.));
#1269 = ( GEOMETRIC_REPRESENTATION_CONTEXT(2)
PARAMETRIC_REPRESENTATION_CONTEXT() REPRESENTATION_CONTEXT('2D SPACE',''
  ) );
#1270 = PCURVE('',#1271,#1276);
#1271 = PLANE('',#1272);
#1272 = AXIS2_PLACEMENT_3D('',#1273,#1274,#1275);
#1273 = CARTESIAN_POINT('',(242.24391292746,-10.52299525369,
    348.54090791328));
#1274 = DIRECTION('',(1.110223024625E-16,0.,1.));
#1275 = DIRECTION('',(-1.,0.,1.110223024625E-16));
#1276 = DEFINITIONAL_REPRESENTATION('',(#1277),#1281);
#1277 = LINE('',#1278,#1279);
#1278 = CARTESIAN_POINT('',(22.25,1.));
#1279 = VECTOR('',#1280,1.);
#1280 = DIRECTION('',(0.,-1.));
#1281 = ( GEOMETRIC_REPRESENTATION_CONTEXT(2)
PARAMETRIC_REPRESENTATION_CONTEXT() REPRESENTATION_CONTEXT('2D SPACE',''
  ) );
#1282 = ORIENTED_EDGE('',*,*,#1283,.T.);
#1283 = EDGE_CURVE('',#1254,#1284,#1286,.T.);
#1284 = VERTEX_POINT('',#1285);
#1285 = CARTESIAN_POINT('',(219.99391292746,-11.52299525369,
    359.99090791328));
#1286 = SURFACE_CURVE('',#1287,(#1291,#1298),.PCURVE_S1.);
#1287 = LINE('',#1288,#1289);
#1288 = CARTESIAN_POINT('',(219.99391292746,-11.52299525369,
    348.54090791328));
#1289 = VECTOR('',#1290,1.);
#1290 = DIRECTION('',(1.110223024625E-16,0.,1.));
#1291 = PCURVE('',#1217,#1292);
#1292 = DEFINITIONAL_REPRESENTATION('',(#1293),#1297);
#1293 = LINE('',#1294,#1295);
#1294 = CARTESIAN_POINT('',(0.,0.));
#1295 = VECTOR('',#1296,1.);
#1296 = DIRECTION('',(1.,0.));
#1297 = ( GEOMETRIC_REPRESENTATION_CONTEXT(2)
PARAMETRIC_REPRESENTATION_CONTEXT() REPRESENTATION_CONTEXT('2D SPACE',''
  ) );
#1298 = PCURVE('',#1299,#1304);
#1299 = PLANE('',#1300);
#1300 = AXIS2_PLACEMENT_3D('',#1301,#1302,#1303);
#1301 = CARTESIAN_POINT('',(241.04391292746,-11.52299525369,
    348.54090791328));
#1302 = DIRECTION('',(0.,1.,0.));
#1303 = DIRECTION('',(-1.,0.,1.110223024625E-16));
#1304 = DEFINITIONAL_REPRESENTATION('',(#1305),#1309);
#1305 = LINE('',#1306,#1307);
#1306 = CARTESIAN_POINT('',(21.05,-2.337019466836E-15));
#1307 = VECTOR('',#1308,1.);
#1308 = DIRECTION('',(0.,1.));
#1309 = ( GEOMETRIC_REPRESENTATION_CONTEXT(2)
PARAMETRIC_REPRESENTATION_CONTEXT() REPRESENTATION_CONTEXT('2D SPACE',''
  ) );
#1310 = ORIENTED_EDGE('',*,*,#1311,.F.);
#1311 = EDGE_CURVE('',#1312,#1284,#1314,.T.);
#1312 = VERTEX_POINT('',#1313);
#1313 = CARTESIAN_POINT('',(219.99391292746,-6.722995253695,
    359.99090791328));
#1314 = SURFACE_CURVE('',#1315,(#1319,#1326),.PCURVE_S1.);
#1315 = LINE('',#1316,#1317);
#1316 = CARTESIAN_POINT('',(219.99391292746,-6.722995253695,
    359.99090791328));
#1317 = VECTOR('',#1318,1.);
#1318 = DIRECTION('',(0.,-1.,0.));
#1319 = PCURVE('',#1217,#1320);
#1320 = DEFINITIONAL_REPRESENTATION('',(#1321),#1325);
#1321 = LINE('',#1322,#1323);
#1322 = CARTESIAN_POINT('',(11.45,4.8));
#1323 = VECTOR('',#1324,1.);
#1324 = DIRECTION('',(0.,-1.));
#1325 = ( GEOMETRIC_REPRESENTATION_CONTEXT(2)
PARAMETRIC_REPRESENTATION_CONTEXT() REPRESENTATION_CONTEXT('2D SPACE',''
  ) );
#1326 = PCURVE('',#1327,#1332);
#1327 = PLANE('',#1328);
#1328 = AXIS2_PLACEMENT_3D('',#1329,#1330,#1331);
#1329 = CARTESIAN_POINT('',(242.24391292746,-10.52299525369,
    359.99090791328));
#1330 = DIRECTION('',(1.110223024625E-16,0.,1.));
#1331 = DIRECTION('',(-1.,0.,1.110223024625E-16));
#1332 = DEFINITIONAL_REPRESENTATION('',(#1333),#1337);
#1333 = LINE('',#1334,#1335);
#1334 = CARTESIAN_POINT('',(22.25,-3.8));
#1335 = VECTOR('',#1336,1.);
#1336 = DIRECTION('',(0.,1.));
#1337 = ( GEOMETRIC_REPRESENTATION_CONTEXT(2)
PARAMETRIC_REPRESENTATION_CONTEXT() REPRESENTATION_CONTEXT('2D SPACE',''
  ) );
#1338 = ORIENTED_EDGE('',*,*,#1339,.T.);
#1339 = EDGE_CURVE('',#1312,#1340,#1342,.T.);
#1340 = VERTEX_POINT('',#1341);
#1341 = CARTESIAN_POINT('',(219.99391292746,-6.722995253695,
    357.99090791328));
#1342 = SURFACE_CURVE('',#1343,(#1347,#1354),.PCURVE_S1.);
#1343 = LINE('',#1344,#1345);
#1344 = CARTESIAN_POINT('',(219.99391292746,-6.722995253695,
    357.94090791328));
#1345 = VECTOR('',#1346,1.);
#1346 = DIRECTION('',(-1.110223024625E-16,0.,-1.));
#1347 = PCURVE('',#1217,#1348);
#1348 = DEFINITIONAL_REPRESENTATION('',(#1349),#1353);
#1349 = LINE('',#1350,#1351);
#1350 = CARTESIAN_POINT('',(9.4,4.8));
#1351 = VECTOR('',#1352,1.);
#1352 = DIRECTION('',(-1.,0.));
#1353 = ( GEOMETRIC_REPRESENTATION_CONTEXT(2)
PARAMETRIC_REPRESENTATION_CONTEXT() REPRESENTATION_CONTEXT('2D SPACE',''
  ) );
#1354 = PCURVE('',#1355,#1360);
#1355 = PLANE('',#1356);
#1356 = AXIS2_PLACEMENT_3D('',#1357,#1358,#1359);
#1357 = CARTESIAN_POINT('',(237.54391292746,-6.722995253695,
    357.89090791328));
#1358 = DIRECTION('',(0.,1.,0.));
#1359 = DIRECTION('',(-1.,0.,1.110223024625E-16));
#1360 = DEFINITIONAL_REPRESENTATION('',(#1361),#1365);
#1361 = LINE('',#1362,#1363);
#1362 = CARTESIAN_POINT('',(17.55,5.000000000001E-02));
#1363 = VECTOR('',#1364,1.);
#1364 = DIRECTION('',(0.,-1.));
#1365 = ( GEOMETRIC_REPRESENTATION_CONTEXT(2)
PARAMETRIC_REPRESENTATION_CONTEXT() REPRESENTATION_CONTEXT('2D SPACE',''
  ) );
#1366 = ORIENTED_EDGE('',*,*,#1367,.F.);
#1367 = EDGE_CURVE('',#1368,#1340,#1370,.T.);
#1368 = VERTEX_POINT('',#1369);
#1369 = CARTESIAN_POINT('',(219.99391292746,-9.522995253695,
    357.99090791328));
#1370 = SURFACE_CURVE('',#1371,(#1375,#1382),.PCURVE_S1.);
#1371 = LINE('',#1372,#1373);
#1372 = CARTESIAN_POINT('',(219.99391292746,-10.52299525369,
    357.99090791328));
#1373 = VECTOR('',#1374,1.);
#1374 = DIRECTION('',(0.,1.,0.));
#1375 = PCURVE('',#1217,#1376);
#1376 = DEFINITIONAL_REPRESENTATION('',(#1377),#1381);
#1377 = LINE('',#1378,#1379);
#1378 = CARTESIAN_POINT('',(9.45,1.));
#1379 = VECTOR('',#1380,1.);
#1380 = DIRECTION('',(0.,1.));
#1381 = ( GEOMETRIC_REPRESENTATION_CONTEXT(2)
PARAMETRIC_REPRESENTATION_CONTEXT() REPRESENTATION_CONTEXT('2D SPACE',''
  ) );
#1382 = PCURVE('',#1383,#1388);
#1383 = PLANE('',#1384);
#1384 = AXIS2_PLACEMENT_3D('',#1385,#1386,#1387);
#1385 = CARTESIAN_POINT('',(241.04391292746,-10.52299525369,
    357.99090791328));
#1386 = DIRECTION('',(1.110223024625E-16,0.,1.));
#1387 = DIRECTION('',(-1.,0.,1.110223024625E-16));
#1388 = DEFINITIONAL_REPRESENTATION('',(#1389),#1393);
#1389 = LINE('',#1390,#1391);
#1390 = CARTESIAN_POINT('',(21.05,0.));
#1391 = VECTOR('',#1392,1.);
#1392 = DIRECTION('',(0.,-1.));
#1393 = ( GEOMETRIC_REPRESENTATION_CONTEXT(2)
PARAMETRIC_REPRESENTATION_CONTEXT() REPRESENTATION_CONTEXT('2D SPACE',''
  ) );
#1394 = ORIENTED_EDGE('',*,*,#1395,.F.);
#1395 = EDGE_CURVE('',#1396,#1368,#1398,.T.);
#1396 = VERTEX_POINT('',#1397);
#1397 = CARTESIAN_POINT('',(219.99391292746,-9.522995253695,
    348.54090791328));
#1398 = SURFACE_CURVE('',#1399,(#1403,#1410),.PCURVE_S1.);
#1399 = LINE('',#1400,#1401);
#1400 = CARTESIAN_POINT('',(219.99391292746,-9.522995253695,
    348.54090791328));
#1401 = VECTOR('',#1402,1.);
#1402 = DIRECTION('',(1.110223024625E-16,0.,1.));
#1403 = PCURVE('',#1217,#1404);
#1404 = DEFINITIONAL_REPRESENTATION('',(#1405),#1409);
#1405 = LINE('',#1406,#1407);
#1406 = CARTESIAN_POINT('',(0.,2.));
#1407 = VECTOR('',#1408,1.);
#1408 = DIRECTION('',(1.,0.));
#1409 = ( GEOMETRIC_REPRESENTATION_CONTEXT(2)
PARAMETRIC_REPRESENTATION_CONTEXT() REPRESENTATION_CONTEXT('2D SPACE',''
  ) );
#1410 = PCURVE('',#1411,#1416);
#1411 = PLANE('',#1412);
#1412 = AXIS2_PLACEMENT_3D('',#1413,#1414,#1415);
#1413 = CARTESIAN_POINT('',(241.04391292746,-9.522995253695,
    348.54090791328));
#1414 = DIRECTION('',(0.,1.,0.));
#1415 = DIRECTION('',(-1.,0.,1.110223024625E-16));
#1416 = DEFINITIONAL_REPRESENTATION('',(#1417),#1421);
#1417 = LINE('',#1418,#1419);
#1418 = CARTESIAN_POINT('',(21.05,-2.337019466836E-15));
#1419 = VECTOR('',#1420,1.);
#1420 = DIRECTION('',(0.,1.));
#1421 = ( GEOMETRIC_REPRESENTATION_CONTEXT(2)
PARAMETRIC_REPRESENTATION_CONTEXT() REPRESENTATION_CONTEXT('2D SPACE',''
  ) );
#1422 = ORIENTED_EDGE('',*,*,#1423,.T.);
#1423 = EDGE_CURVE('',#1396,#1202,#1424,.T.);
#1424 = SURFACE_CURVE('',#1425,(#1429,#1436),.PCURVE_S1.);
#1425 = LINE('',#1426,#1427);
#1426 = CARTESIAN_POINT('',(219.99391292746,-10.52299525369,
    348.54090791328));
#1427 = VECTOR('',#1428,1.);
#1428 = DIRECTION('',(0.,1.,0.));
#1429 = PCURVE('',#1217,#1430);
#1430 = DEFINITIONAL_REPRESENTATION('',(#1431),#1435);
#1431 = LINE('',#1432,#1433);
#1432 = CARTESIAN_POINT('',(0.,1.));
#1433 = VECTOR('',#1434,1.);
#1434 = DIRECTION('',(0.,1.));
#1435 = ( GEOMETRIC_REPRESENTATION_CONTEXT(2)
PARAMETRIC_REPRESENTATION_CONTEXT() REPRESENTATION_CONTEXT('2D SPACE',''
  ) );
#1436 = PCURVE('',#1108,#1437);
#1437 = DEFINITIONAL_REPRESENTATION('',(#1438),#1442);
#1438 = LINE('',#1439,#1440);
#1439 = CARTESIAN_POINT('',(21.05,0.));
#1440 = VECTOR('',#1441,1.);
#1441 = DIRECTION('',(0.,-1.));
#1442 = ( GEOMETRIC_REPRESENTATION_CONTEXT(2)
PARAMETRIC_REPRESENTATION_CONTEXT() REPRESENTATION_CONTEXT('2D SPACE',''
  ) );
#1443 = ORIENTED_EDGE('',*,*,#1201,.T.);
#1444 = ORIENTED_EDGE('',*,*,#1445,.F.);
#1445 = EDGE_CURVE('',#1446,#1179,#1448,.T.);
#1446 = VERTEX_POINT('',#1447);
#1447 = CARTESIAN_POINT('',(219.99391292746,-10.52299525369,
    346.54090791328));
#1448 = SURFACE_CURVE('',#1449,(#1453,#1460),.PCURVE_S1.);
#1449 = LINE('',#1450,#1451);
#1450 = CARTESIAN_POINT('',(219.99391292746,-10.52299525369,
    346.54090791328));
#1451 = VECTOR('',#1452,1.);
#1452 = DIRECTION('',(0.,1.,0.));
#1453 = PCURVE('',#1217,#1454);
#1454 = DEFINITIONAL_REPRESENTATION('',(#1455),#1459);
#1455 = LINE('',#1456,#1457);
#1456 = CARTESIAN_POINT('',(-2.,1.));
#1457 = VECTOR('',#1458,1.);
#1458 = DIRECTION('',(0.,1.));
#1459 = ( GEOMETRIC_REPRESENTATION_CONTEXT(2)
PARAMETRIC_REPRESENTATION_CONTEXT() REPRESENTATION_CONTEXT('2D SPACE',''
  ) );
#1460 = PCURVE('',#1047,#1461);
#1461 = DEFINITIONAL_REPRESENTATION('',(#1462),#1466);
#1462 = LINE('',#1463,#1464);
#1463 = CARTESIAN_POINT('',(21.05,0.));
#1464 = VECTOR('',#1465,1.);
#1465 = DIRECTION('',(0.,-1.));
#1466 = ( GEOMETRIC_REPRESENTATION_CONTEXT(2)
PARAMETRIC_REPRESENTATION_CONTEXT() REPRESENTATION_CONTEXT('2D SPACE',''
  ) );
#1467 = ORIENTED_EDGE('',*,*,#1468,.T.);
#1468 = EDGE_CURVE('',#1446,#1256,#1469,.T.);
#1469 = SURFACE_CURVE('',#1470,(#1474,#1481),.PCURVE_S1.);
#1470 = LINE('',#1471,#1472);
#1471 = CARTESIAN_POINT('',(219.99391292746,-10.52299525369,
    346.54090791328));
#1472 = VECTOR('',#1473,1.);
#1473 = DIRECTION('',(1.110223024625E-16,0.,1.));
#1474 = PCURVE('',#1217,#1475);
#1475 = DEFINITIONAL_REPRESENTATION('',(#1476),#1480);
#1476 = LINE('',#1477,#1478);
#1477 = CARTESIAN_POINT('',(-2.,1.));
#1478 = VECTOR('',#1479,1.);
#1479 = DIRECTION('',(1.,0.));
#1480 = ( GEOMETRIC_REPRESENTATION_CONTEXT(2)
PARAMETRIC_REPRESENTATION_CONTEXT() REPRESENTATION_CONTEXT('2D SPACE',''
  ) );
#1481 = PCURVE('',#1482,#1487);
#1482 = PLANE('',#1483);
#1483 = AXIS2_PLACEMENT_3D('',#1484,#1485,#1486);
#1484 = CARTESIAN_POINT('',(241.04391292746,-10.52299525369,
    346.54090791328));
#1485 = DIRECTION('',(0.,1.,0.));
#1486 = DIRECTION('',(-1.,0.,1.110223024625E-16));
#1487 = DEFINITIONAL_REPRESENTATION('',(#1488),#1492);
#1488 = LINE('',#1489,#1490);
#1489 = CARTESIAN_POINT('',(21.05,-2.337019466836E-15));
#1490 = VECTOR('',#1491,1.);
#1491 = DIRECTION('',(0.,1.));
#1492 = ( GEOMETRIC_REPRESENTATION_CONTEXT(2)
PARAMETRIC_REPRESENTATION_CONTEXT() REPRESENTATION_CONTEXT('2D SPACE',''
  ) );
#1493 = ADVANCED_FACE('',(#1494),#1482,.F.);
#1494 = FACE_BOUND('',#1495,.F.);
#1495 = EDGE_LOOP('',(#1496,#1526,#1547,#1548));
#1496 = ORIENTED_EDGE('',*,*,#1497,.F.);
#1497 = EDGE_CURVE('',#1498,#1500,#1502,.T.);
#1498 = VERTEX_POINT('',#1499);
#1499 = CARTESIAN_POINT('',(241.04391292746,-10.52299525369,
    346.54090791328));
#1500 = VERTEX_POINT('',#1501);
#1501 = CARTESIAN_POINT('',(241.04391292746,-10.52299525369,
    348.54090791328));
#1502 = SURFACE_CURVE('',#1503,(#1507,#1514),.PCURVE_S1.);
#1503 = LINE('',#1504,#1505);
#1504 = CARTESIAN_POINT('',(241.04391292746,-10.52299525369,
    346.54090791328));
#1505 = VECTOR('',#1506,1.);
#1506 = DIRECTION('',(1.110223024625E-16,0.,1.));
#1507 = PCURVE('',#1482,#1508);
#1508 = DEFINITIONAL_REPRESENTATION('',(#1509),#1513);
#1509 = LINE('',#1510,#1511);
#1510 = CARTESIAN_POINT('',(0.,0.));
#1511 = VECTOR('',#1512,1.);
#1512 = DIRECTION('',(0.,1.));
#1513 = ( GEOMETRIC_REPRESENTATION_CONTEXT(2)
PARAMETRIC_REPRESENTATION_CONTEXT() REPRESENTATION_CONTEXT('2D SPACE',''
  ) );
#1514 = PCURVE('',#1515,#1520);
#1515 = PLANE('',#1516);
#1516 = AXIS2_PLACEMENT_3D('',#1517,#1518,#1519);
#1517 = CARTESIAN_POINT('',(241.04391292746,-10.52299525369,
    346.54090791328));
#1518 = DIRECTION('',(-1.,0.,1.110223024625E-16));
#1519 = DIRECTION('',(1.110223024625E-16,0.,1.));
#1520 = DEFINITIONAL_REPRESENTATION('',(#1521),#1525);
#1521 = LINE('',#1522,#1523);
#1522 = CARTESIAN_POINT('',(0.,0.));
#1523 = VECTOR('',#1524,1.);
#1524 = DIRECTION('',(1.,0.));
#1525 = ( GEOMETRIC_REPRESENTATION_CONTEXT(2)
PARAMETRIC_REPRESENTATION_CONTEXT() REPRESENTATION_CONTEXT('2D SPACE',''
  ) );
#1526 = ORIENTED_EDGE('',*,*,#1527,.T.);
#1527 = EDGE_CURVE('',#1498,#1446,#1528,.T.);
#1528 = SURFACE_CURVE('',#1529,(#1533,#1540),.PCURVE_S1.);
#1529 = LINE('',#1530,#1531);
#1530 = CARTESIAN_POINT('',(241.04391292746,-10.52299525369,
    346.54090791328));
#1531 = VECTOR('',#1532,1.);
#1532 = DIRECTION('',(-1.,0.,1.110223024625E-16));
#1533 = PCURVE('',#1482,#1534);
#1534 = DEFINITIONAL_REPRESENTATION('',(#1535),#1539);
#1535 = LINE('',#1536,#1537);
#1536 = CARTESIAN_POINT('',(0.,0.));
#1537 = VECTOR('',#1538,1.);
#1538 = DIRECTION('',(1.,0.));
#1539 = ( GEOMETRIC_REPRESENTATION_CONTEXT(2)
PARAMETRIC_REPRESENTATION_CONTEXT() REPRESENTATION_CONTEXT('2D SPACE',''
  ) );
#1540 = PCURVE('',#1047,#1541);
#1541 = DEFINITIONAL_REPRESENTATION('',(#1542),#1546);
#1542 = LINE('',#1543,#1544);
#1543 = CARTESIAN_POINT('',(0.,0.));
#1544 = VECTOR('',#1545,1.);
#1545 = DIRECTION('',(1.,0.));
#1546 = ( GEOMETRIC_REPRESENTATION_CONTEXT(2)
PARAMETRIC_REPRESENTATION_CONTEXT() REPRESENTATION_CONTEXT('2D SPACE',''
  ) );
#1547 = ORIENTED_EDGE('',*,*,#1468,.T.);
#1548 = ORIENTED_EDGE('',*,*,#1549,.F.);
#1549 = EDGE_CURVE('',#1500,#1256,#1550,.T.);
#1550 = SURFACE_CURVE('',#1551,(#1555,#1562),.PCURVE_S1.);
#1551 = LINE('',#1552,#1553);
#1552 = CARTESIAN_POINT('',(241.04391292746,-10.52299525369,
    348.54090791328));
#1553 = VECTOR('',#1554,1.);
#1554 = DIRECTION('',(-1.,0.,1.110223024625E-16));
#1555 = PCURVE('',#1482,#1556);
#1556 = DEFINITIONAL_REPRESENTATION('',(#1557),#1561);
#1557 = LINE('',#1558,#1559);
#1558 = CARTESIAN_POINT('',(2.22044604925E-16,2.));
#1559 = VECTOR('',#1560,1.);
#1560 = DIRECTION('',(1.,0.));
#1561 = ( GEOMETRIC_REPRESENTATION_CONTEXT(2)
PARAMETRIC_REPRESENTATION_CONTEXT() REPRESENTATION_CONTEXT('2D SPACE',''
  ) );
#1562 = PCURVE('',#1271,#1563);
#1563 = DEFINITIONAL_REPRESENTATION('',(#1564),#1568);
#1564 = LINE('',#1565,#1566);
#1565 = CARTESIAN_POINT('',(1.2,0.));
#1566 = VECTOR('',#1567,1.);
#1567 = DIRECTION('',(1.,0.));
#1568 = ( GEOMETRIC_REPRESENTATION_CONTEXT(2)
PARAMETRIC_REPRESENTATION_CONTEXT() REPRESENTATION_CONTEXT('2D SPACE',''
  ) );
#1569 = ADVANCED_FACE('',(#1570),#1515,.F.);
#1570 = FACE_BOUND('',#1571,.F.);
#1571 = EDGE_LOOP('',(#1572,#1595,#1596,#1624));
#1572 = ORIENTED_EDGE('',*,*,#1573,.F.);
#1573 = EDGE_CURVE('',#1498,#1574,#1576,.T.);
#1574 = VERTEX_POINT('',#1575);
#1575 = CARTESIAN_POINT('',(241.04391292746,10.527004746305,
    346.54090791328));
#1576 = SURFACE_CURVE('',#1577,(#1581,#1588),.PCURVE_S1.);
#1577 = LINE('',#1578,#1579);
#1578 = CARTESIAN_POINT('',(241.04391292746,-10.52299525369,
    346.54090791328));
#1579 = VECTOR('',#1580,1.);
#1580 = DIRECTION('',(0.,1.,0.));
#1581 = PCURVE('',#1515,#1582);
#1582 = DEFINITIONAL_REPRESENTATION('',(#1583),#1587);
#1583 = LINE('',#1584,#1585);
#1584 = CARTESIAN_POINT('',(0.,0.));
#1585 = VECTOR('',#1586,1.);
#1586 = DIRECTION('',(0.,1.));
#1587 = ( GEOMETRIC_REPRESENTATION_CONTEXT(2)
PARAMETRIC_REPRESENTATION_CONTEXT() REPRESENTATION_CONTEXT('2D SPACE',''
  ) );
#1588 = PCURVE('',#1047,#1589);
#1589 = DEFINITIONAL_REPRESENTATION('',(#1590),#1594);
#1590 = LINE('',#1591,#1592);
#1591 = CARTESIAN_POINT('',(0.,0.));
#1592 = VECTOR('',#1593,1.);
#1593 = DIRECTION('',(0.,-1.));
#1594 = ( GEOMETRIC_REPRESENTATION_CONTEXT(2)
PARAMETRIC_REPRESENTATION_CONTEXT() REPRESENTATION_CONTEXT('2D SPACE',''
  ) );
#1595 = ORIENTED_EDGE('',*,*,#1497,.T.);
#1596 = ORIENTED_EDGE('',*,*,#1597,.T.);
#1597 = EDGE_CURVE('',#1500,#1598,#1600,.T.);
#1598 = VERTEX_POINT('',#1599);
#1599 = CARTESIAN_POINT('',(241.04391292746,10.527004746305,
    348.54090791328));
#1600 = SURFACE_CURVE('',#1601,(#1605,#1612),.PCURVE_S1.);
#1601 = LINE('',#1602,#1603);
#1602 = CARTESIAN_POINT('',(241.04391292746,-10.52299525369,
    348.54090791328));
#1603 = VECTOR('',#1604,1.);
#1604 = DIRECTION('',(0.,1.,0.));
#1605 = PCURVE('',#1515,#1606);
#1606 = DEFINITIONAL_REPRESENTATION('',(#1607),#1611);
#1607 = LINE('',#1608,#1609);
#1608 = CARTESIAN_POINT('',(2.,0.));
#1609 = VECTOR('',#1610,1.);
#1610 = DIRECTION('',(0.,1.));
#1611 = ( GEOMETRIC_REPRESENTATION_CONTEXT(2)
PARAMETRIC_REPRESENTATION_CONTEXT() REPRESENTATION_CONTEXT('2D SPACE',''
  ) );
#1612 = PCURVE('',#1613,#1618);
#1613 = PLANE('',#1614);
#1614 = AXIS2_PLACEMENT_3D('',#1615,#1616,#1617);
#1615 = CARTESIAN_POINT('',(242.24391292746,-10.52299525369,
    348.54090791328));
#1616 = DIRECTION('',(1.110223024625E-16,0.,1.));
#1617 = DIRECTION('',(-1.,0.,1.110223024625E-16));
#1618 = DEFINITIONAL_REPRESENTATION('',(#1619),#1623);
#1619 = LINE('',#1620,#1621);
#1620 = CARTESIAN_POINT('',(1.2,0.));
#1621 = VECTOR('',#1622,1.);
#1622 = DIRECTION('',(0.,-1.));
#1623 = ( GEOMETRIC_REPRESENTATION_CONTEXT(2)
PARAMETRIC_REPRESENTATION_CONTEXT() REPRESENTATION_CONTEXT('2D SPACE',''
  ) );
#1624 = ORIENTED_EDGE('',*,*,#1625,.F.);
#1625 = EDGE_CURVE('',#1574,#1598,#1626,.T.);
#1626 = SURFACE_CURVE('',#1627,(#1631,#1638),.PCURVE_S1.);
#1627 = LINE('',#1628,#1629);
#1628 = CARTESIAN_POINT('',(241.04391292746,10.527004746305,
    346.54090791328));
#1629 = VECTOR('',#1630,1.);
#1630 = DIRECTION('',(1.110223024625E-16,0.,1.));
#1631 = PCURVE('',#1515,#1632);
#1632 = DEFINITIONAL_REPRESENTATION('',(#1633),#1637);
#1633 = LINE('',#1634,#1635);
#1634 = CARTESIAN_POINT('',(0.,21.05));
#1635 = VECTOR('',#1636,1.);
#1636 = DIRECTION('',(1.,0.));
#1637 = ( GEOMETRIC_REPRESENTATION_CONTEXT(2)
PARAMETRIC_REPRESENTATION_CONTEXT() REPRESENTATION_CONTEXT('2D SPACE',''
  ) );
#1638 = PCURVE('',#1639,#1644);
#1639 = PLANE('',#1640);
#1640 = AXIS2_PLACEMENT_3D('',#1641,#1642,#1643);
#1641 = CARTESIAN_POINT('',(241.04391292746,10.527004746305,
    346.54090791328));
#1642 = DIRECTION('',(0.,1.,0.));
#1643 = DIRECTION('',(-1.,0.,1.110223024625E-16));
#1644 = DEFINITIONAL_REPRESENTATION('',(#1645),#1649);
#1645 = LINE('',#1646,#1647);
#1646 = CARTESIAN_POINT('',(0.,0.));
#1647 = VECTOR('',#1648,1.);
#1648 = DIRECTION('',(0.,1.));
#1649 = ( GEOMETRIC_REPRESENTATION_CONTEXT(2)
PARAMETRIC_REPRESENTATION_CONTEXT() REPRESENTATION_CONTEXT('2D SPACE',''
  ) );
#1650 = ADVANCED_FACE('',(#1651),#1613,.F.);
#1651 = FACE_BOUND('',#1652,.F.);
#1652 = EDGE_LOOP('',(#1653,#1681,#1709,#1735));
#1653 = ORIENTED_EDGE('',*,*,#1654,.F.);
#1654 = EDGE_CURVE('',#1655,#1500,#1657,.T.);
#1655 = VERTEX_POINT('',#1656);
#1656 = CARTESIAN_POINT('',(242.24391292746,-10.52299525369,
    348.54090791328));
#1657 = SURFACE_CURVE('',#1658,(#1662,#1669),.PCURVE_S1.);
#1658 = LINE('',#1659,#1660);
#1659 = CARTESIAN_POINT('',(242.24391292746,-10.52299525369,
    348.54090791328));
#1660 = VECTOR('',#1661,1.);
#1661 = DIRECTION('',(-1.,0.,1.110223024625E-16));
#1662 = PCURVE('',#1613,#1663);
#1663 = DEFINITIONAL_REPRESENTATION('',(#1664),#1668);
#1664 = LINE('',#1665,#1666);
#1665 = CARTESIAN_POINT('',(0.,0.));
#1666 = VECTOR('',#1667,1.);
#1667 = DIRECTION('',(1.,0.));
#1668 = ( GEOMETRIC_REPRESENTATION_CONTEXT(2)
PARAMETRIC_REPRESENTATION_CONTEXT() REPRESENTATION_CONTEXT('2D SPACE',''
  ) );
#1669 = PCURVE('',#1670,#1675);
#1670 = PLANE('',#1671);
#1671 = AXIS2_PLACEMENT_3D('',#1672,#1673,#1674);
#1672 = CARTESIAN_POINT('',(242.24391292746,-10.52299525369,
    348.54090791328));
#1673 = DIRECTION('',(0.,1.,0.));
#1674 = DIRECTION('',(-1.,0.,1.110223024625E-16));
#1675 = DEFINITIONAL_REPRESENTATION('',(#1676),#1680);
#1676 = LINE('',#1677,#1678);
#1677 = CARTESIAN_POINT('',(0.,0.));
#1678 = VECTOR('',#1679,1.);
#1679 = DIRECTION('',(1.,0.));
#1680 = ( GEOMETRIC_REPRESENTATION_CONTEXT(2)
PARAMETRIC_REPRESENTATION_CONTEXT() REPRESENTATION_CONTEXT('2D SPACE',''
  ) );
#1681 = ORIENTED_EDGE('',*,*,#1682,.T.);
#1682 = EDGE_CURVE('',#1655,#1683,#1685,.T.);
#1683 = VERTEX_POINT('',#1684);
#1684 = CARTESIAN_POINT('',(242.24391292746,10.527004746305,
    348.54090791328));
#1685 = SURFACE_CURVE('',#1686,(#1690,#1697),.PCURVE_S1.);
#1686 = LINE('',#1687,#1688);
#1687 = CARTESIAN_POINT('',(242.24391292746,-10.52299525369,
    348.54090791328));
#1688 = VECTOR('',#1689,1.);
#1689 = DIRECTION('',(0.,1.,0.));
#1690 = PCURVE('',#1613,#1691);
#1691 = DEFINITIONAL_REPRESENTATION('',(#1692),#1696);
#1692 = LINE('',#1693,#1694);
#1693 = CARTESIAN_POINT('',(0.,0.));
#1694 = VECTOR('',#1695,1.);
#1695 = DIRECTION('',(0.,-1.));
#1696 = ( GEOMETRIC_REPRESENTATION_CONTEXT(2)
PARAMETRIC_REPRESENTATION_CONTEXT() REPRESENTATION_CONTEXT('2D SPACE',''
  ) );
#1697 = PCURVE('',#1698,#1703);
#1698 = PLANE('',#1699);
#1699 = AXIS2_PLACEMENT_3D('',#1700,#1701,#1702);
#1700 = CARTESIAN_POINT('',(242.24391292746,-10.52299525369,
    348.54090791328));
#1701 = DIRECTION('',(-1.,0.,1.110223024625E-16));
#1702 = DIRECTION('',(1.110223024625E-16,0.,1.));
#1703 = DEFINITIONAL_REPRESENTATION('',(#1704),#1708);
#1704 = LINE('',#1705,#1706);
#1705 = CARTESIAN_POINT('',(0.,0.));
#1706 = VECTOR('',#1707,1.);
#1707 = DIRECTION('',(0.,1.));
#1708 = ( GEOMETRIC_REPRESENTATION_CONTEXT(2)
PARAMETRIC_REPRESENTATION_CONTEXT() REPRESENTATION_CONTEXT('2D SPACE',''
  ) );
#1709 = ORIENTED_EDGE('',*,*,#1710,.T.);
#1710 = EDGE_CURVE('',#1683,#1598,#1711,.T.);
#1711 = SURFACE_CURVE('',#1712,(#1716,#1723),.PCURVE_S1.);
#1712 = LINE('',#1713,#1714);
#1713 = CARTESIAN_POINT('',(242.24391292746,10.527004746305,
    348.54090791328));
#1714 = VECTOR('',#1715,1.);
#1715 = DIRECTION('',(-1.,0.,1.110223024625E-16));
#1716 = PCURVE('',#1613,#1717);
#1717 = DEFINITIONAL_REPRESENTATION('',(#1718),#1722);
#1718 = LINE('',#1719,#1720);
#1719 = CARTESIAN_POINT('',(0.,-21.05));
#1720 = VECTOR('',#1721,1.);
#1721 = DIRECTION('',(1.,0.));
#1722 = ( GEOMETRIC_REPRESENTATION_CONTEXT(2)
PARAMETRIC_REPRESENTATION_CONTEXT() REPRESENTATION_CONTEXT('2D SPACE',''
  ) );
#1723 = PCURVE('',#1724,#1729);
#1724 = PLANE('',#1725);
#1725 = AXIS2_PLACEMENT_3D('',#1726,#1727,#1728);
#1726 = CARTESIAN_POINT('',(242.24391292746,10.527004746305,
    348.54090791328));
#1727 = DIRECTION('',(0.,1.,0.));
#1728 = DIRECTION('',(-1.,0.,1.110223024625E-16));
#1729 = DEFINITIONAL_REPRESENTATION('',(#1730),#1734);
#1730 = LINE('',#1731,#1732);
#1731 = CARTESIAN_POINT('',(0.,0.));
#1732 = VECTOR('',#1733,1.);
#1733 = DIRECTION('',(1.,0.));
#1734 = ( GEOMETRIC_REPRESENTATION_CONTEXT(2)
PARAMETRIC_REPRESENTATION_CONTEXT() REPRESENTATION_CONTEXT('2D SPACE',''
  ) );
#1735 = ORIENTED_EDGE('',*,*,#1597,.F.);
#1736 = ADVANCED_FACE('',(#1737),#1698,.F.);
#1737 = FACE_BOUND('',#1738,.F.);
#1738 = EDGE_LOOP('',(#1739,#1740,#1763,#1786));
#1739 = ORIENTED_EDGE('',*,*,#1682,.F.);
#1740 = ORIENTED_EDGE('',*,*,#1741,.T.);
#1741 = EDGE_CURVE('',#1655,#1742,#1744,.T.);
#1742 = VERTEX_POINT('',#1743);
#1743 = CARTESIAN_POINT('',(242.24391292746,-10.52299525369,
    359.99090791328));
#1744 = SURFACE_CURVE('',#1745,(#1749,#1756),.PCURVE_S1.);
#1745 = LINE('',#1746,#1747);
#1746 = CARTESIAN_POINT('',(242.24391292746,-10.52299525369,
    348.54090791328));
#1747 = VECTOR('',#1748,1.);
#1748 = DIRECTION('',(1.110223024625E-16,0.,1.));
#1749 = PCURVE('',#1698,#1750);
#1750 = DEFINITIONAL_REPRESENTATION('',(#1751),#1755);
#1751 = LINE('',#1752,#1753);
#1752 = CARTESIAN_POINT('',(0.,0.));
#1753 = VECTOR('',#1754,1.);
#1754 = DIRECTION('',(1.,0.));
#1755 = ( GEOMETRIC_REPRESENTATION_CONTEXT(2)
PARAMETRIC_REPRESENTATION_CONTEXT() REPRESENTATION_CONTEXT('2D SPACE',''
  ) );
#1756 = PCURVE('',#1670,#1757);
#1757 = DEFINITIONAL_REPRESENTATION('',(#1758),#1762);
#1758 = LINE('',#1759,#1760);
#1759 = CARTESIAN_POINT('',(0.,0.));
#1760 = VECTOR('',#1761,1.);
#1761 = DIRECTION('',(0.,1.));
#1762 = ( GEOMETRIC_REPRESENTATION_CONTEXT(2)
PARAMETRIC_REPRESENTATION_CONTEXT() REPRESENTATION_CONTEXT('2D SPACE',''
  ) );
#1763 = ORIENTED_EDGE('',*,*,#1764,.T.);
#1764 = EDGE_CURVE('',#1742,#1765,#1767,.T.);
#1765 = VERTEX_POINT('',#1766);
#1766 = CARTESIAN_POINT('',(242.24391292746,10.527004746305,
    359.99090791328));
#1767 = SURFACE_CURVE('',#1768,(#1772,#1779),.PCURVE_S1.);
#1768 = LINE('',#1769,#1770);
#1769 = CARTESIAN_POINT('',(242.24391292746,-10.52299525369,
    359.99090791328));
#1770 = VECTOR('',#1771,1.);
#1771 = DIRECTION('',(0.,1.,0.));
#1772 = PCURVE('',#1698,#1773);
#1773 = DEFINITIONAL_REPRESENTATION('',(#1774),#1778);
#1774 = LINE('',#1775,#1776);
#1775 = CARTESIAN_POINT('',(11.45,0.));
#1776 = VECTOR('',#1777,1.);
#1777 = DIRECTION('',(0.,1.));
#1778 = ( GEOMETRIC_REPRESENTATION_CONTEXT(2)
PARAMETRIC_REPRESENTATION_CONTEXT() REPRESENTATION_CONTEXT('2D SPACE',''
  ) );
#1779 = PCURVE('',#1327,#1780);
#1780 = DEFINITIONAL_REPRESENTATION('',(#1781),#1785);
#1781 = LINE('',#1782,#1783);
#1782 = CARTESIAN_POINT('',(0.,0.));
#1783 = VECTOR('',#1784,1.);
#1784 = DIRECTION('',(0.,-1.));
#1785 = ( GEOMETRIC_REPRESENTATION_CONTEXT(2)
PARAMETRIC_REPRESENTATION_CONTEXT() REPRESENTATION_CONTEXT('2D SPACE',''
  ) );
#1786 = ORIENTED_EDGE('',*,*,#1787,.F.);
#1787 = EDGE_CURVE('',#1683,#1765,#1788,.T.);
#1788 = SURFACE_CURVE('',#1789,(#1793,#1800),.PCURVE_S1.);
#1789 = LINE('',#1790,#1791);
#1790 = CARTESIAN_POINT('',(242.24391292746,10.527004746305,
    348.54090791328));
#1791 = VECTOR('',#1792,1.);
#1792 = DIRECTION('',(1.110223024625E-16,0.,1.));
#1793 = PCURVE('',#1698,#1794);
#1794 = DEFINITIONAL_REPRESENTATION('',(#1795),#1799);
#1795 = LINE('',#1796,#1797);
#1796 = CARTESIAN_POINT('',(0.,21.05));
#1797 = VECTOR('',#1798,1.);
#1798 = DIRECTION('',(1.,0.));
#1799 = ( GEOMETRIC_REPRESENTATION_CONTEXT(2)
PARAMETRIC_REPRESENTATION_CONTEXT() REPRESENTATION_CONTEXT('2D SPACE',''
  ) );
#1800 = PCURVE('',#1724,#1801);
#1801 = DEFINITIONAL_REPRESENTATION('',(#1802),#1806);
#1802 = LINE('',#1803,#1804);
#1803 = CARTESIAN_POINT('',(0.,0.));
#1804 = VECTOR('',#1805,1.);
#1805 = DIRECTION('',(0.,1.));
#1806 = ( GEOMETRIC_REPRESENTATION_CONTEXT(2)
PARAMETRIC_REPRESENTATION_CONTEXT() REPRESENTATION_CONTEXT('2D SPACE',''
  ) );
#1807 = ADVANCED_FACE('',(#1808),#1724,.T.);
#1808 = FACE_BOUND('',#1809,.T.);
#1809 = EDGE_LOOP('',(#1810,#1833,#1834,#1835));
#1810 = ORIENTED_EDGE('',*,*,#1811,.F.);
#1811 = EDGE_CURVE('',#1765,#1812,#1814,.T.);
#1812 = VERTEX_POINT('',#1813);
#1813 = CARTESIAN_POINT('',(241.04391292746,10.527004746305,
    359.99090791328));
#1814 = SURFACE_CURVE('',#1815,(#1819,#1826),.PCURVE_S1.);
#1815 = LINE('',#1816,#1817);
#1816 = CARTESIAN_POINT('',(242.24391292746,10.527004746305,
    359.99090791328));
#1817 = VECTOR('',#1818,1.);
#1818 = DIRECTION('',(-1.,0.,1.110223024625E-16));
#1819 = PCURVE('',#1724,#1820);
#1820 = DEFINITIONAL_REPRESENTATION('',(#1821),#1825);
#1821 = LINE('',#1822,#1823);
#1822 = CARTESIAN_POINT('',(1.271205363196E-15,11.45));
#1823 = VECTOR('',#1824,1.);
#1824 = DIRECTION('',(1.,0.));
#1825 = ( GEOMETRIC_REPRESENTATION_CONTEXT(2)
PARAMETRIC_REPRESENTATION_CONTEXT() REPRESENTATION_CONTEXT('2D SPACE',''
  ) );
#1826 = PCURVE('',#1327,#1827);
#1827 = DEFINITIONAL_REPRESENTATION('',(#1828),#1832);
#1828 = LINE('',#1829,#1830);
#1829 = CARTESIAN_POINT('',(0.,-21.05));
#1830 = VECTOR('',#1831,1.);
#1831 = DIRECTION('',(1.,0.));
#1832 = ( GEOMETRIC_REPRESENTATION_CONTEXT(2)
PARAMETRIC_REPRESENTATION_CONTEXT() REPRESENTATION_CONTEXT('2D SPACE',''
  ) );
#1833 = ORIENTED_EDGE('',*,*,#1787,.F.);
#1834 = ORIENTED_EDGE('',*,*,#1710,.T.);
#1835 = ORIENTED_EDGE('',*,*,#1836,.T.);
#1836 = EDGE_CURVE('',#1598,#1812,#1837,.T.);
#1837 = SURFACE_CURVE('',#1838,(#1842,#1849),.PCURVE_S1.);
#1838 = LINE('',#1839,#1840);
#1839 = CARTESIAN_POINT('',(241.04391292746,10.527004746305,
    348.54090791328));
#1840 = VECTOR('',#1841,1.);
#1841 = DIRECTION('',(1.110223024625E-16,0.,1.));
#1842 = PCURVE('',#1724,#1843);
#1843 = DEFINITIONAL_REPRESENTATION('',(#1844),#1848);
#1844 = LINE('',#1845,#1846);
#1845 = CARTESIAN_POINT('',(1.2,-1.33226762955E-16));
#1846 = VECTOR('',#1847,1.);
#1847 = DIRECTION('',(0.,1.));
#1848 = ( GEOMETRIC_REPRESENTATION_CONTEXT(2)
PARAMETRIC_REPRESENTATION_CONTEXT() REPRESENTATION_CONTEXT('2D SPACE',''
  ) );
#1849 = PCURVE('',#1850,#1855);
#1850 = PLANE('',#1851);
#1851 = AXIS2_PLACEMENT_3D('',#1852,#1853,#1854);
#1852 = CARTESIAN_POINT('',(241.04391292746,9.527004746305,
    348.54090791328));
#1853 = DIRECTION('',(-1.,0.,1.110223024625E-16));
#1854 = DIRECTION('',(1.110223024625E-16,0.,1.));
#1855 = DEFINITIONAL_REPRESENTATION('',(#1856),#1860);
#1856 = LINE('',#1857,#1858);
#1857 = CARTESIAN_POINT('',(0.,1.));
#1858 = VECTOR('',#1859,1.);
#1859 = DIRECTION('',(1.,0.));
#1860 = ( GEOMETRIC_REPRESENTATION_CONTEXT(2)
PARAMETRIC_REPRESENTATION_CONTEXT() REPRESENTATION_CONTEXT('2D SPACE',''
  ) );
#1861 = ADVANCED_FACE('',(#1862),#1850,.F.);
#1862 = FACE_BOUND('',#1863,.F.);
#1863 = EDGE_LOOP('',(#1864,#1892,#1893,#1916));
#1864 = ORIENTED_EDGE('',*,*,#1865,.F.);
#1865 = EDGE_CURVE('',#1598,#1866,#1868,.T.);
#1866 = VERTEX_POINT('',#1867);
#1867 = CARTESIAN_POINT('',(241.04391292746,11.527004746305,
    348.54090791328));
#1868 = SURFACE_CURVE('',#1869,(#1873,#1880),.PCURVE_S1.);
#1869 = LINE('',#1870,#1871);
#1870 = CARTESIAN_POINT('',(241.04391292746,9.527004746305,
    348.54090791328));
#1871 = VECTOR('',#1872,1.);
#1872 = DIRECTION('',(0.,1.,0.));
#1873 = PCURVE('',#1850,#1874);
#1874 = DEFINITIONAL_REPRESENTATION('',(#1875),#1879);
#1875 = LINE('',#1876,#1877);
#1876 = CARTESIAN_POINT('',(0.,0.));
#1877 = VECTOR('',#1878,1.);
#1878 = DIRECTION('',(0.,1.));
#1879 = ( GEOMETRIC_REPRESENTATION_CONTEXT(2)
PARAMETRIC_REPRESENTATION_CONTEXT() REPRESENTATION_CONTEXT('2D SPACE',''
  ) );
#1880 = PCURVE('',#1881,#1886);
#1881 = PLANE('',#1882);
#1882 = AXIS2_PLACEMENT_3D('',#1883,#1884,#1885);
#1883 = CARTESIAN_POINT('',(242.24391292746,-10.52299525369,
    348.54090791328));
#1884 = DIRECTION('',(1.110223024625E-16,0.,1.));
#1885 = DIRECTION('',(-1.,0.,1.110223024625E-16));
#1886 = DEFINITIONAL_REPRESENTATION('',(#1887),#1891);
#1887 = LINE('',#1888,#1889);
#1888 = CARTESIAN_POINT('',(1.2,-20.05));
#1889 = VECTOR('',#1890,1.);
#1890 = DIRECTION('',(0.,-1.));
#1891 = ( GEOMETRIC_REPRESENTATION_CONTEXT(2)
PARAMETRIC_REPRESENTATION_CONTEXT() REPRESENTATION_CONTEXT('2D SPACE',''
  ) );
#1892 = ORIENTED_EDGE('',*,*,#1836,.T.);
#1893 = ORIENTED_EDGE('',*,*,#1894,.T.);
#1894 = EDGE_CURVE('',#1812,#1895,#1897,.T.);
#1895 = VERTEX_POINT('',#1896);
#1896 = CARTESIAN_POINT('',(241.04391292746,11.527004746305,
    359.99090791328));
#1897 = SURFACE_CURVE('',#1898,(#1902,#1909),.PCURVE_S1.);
#1898 = LINE('',#1899,#1900);
#1899 = CARTESIAN_POINT('',(241.04391292746,9.527004746305,
    359.99090791328));
#1900 = VECTOR('',#1901,1.);
#1901 = DIRECTION('',(0.,1.,0.));
#1902 = PCURVE('',#1850,#1903);
#1903 = DEFINITIONAL_REPRESENTATION('',(#1904),#1908);
#1904 = LINE('',#1905,#1906);
#1905 = CARTESIAN_POINT('',(11.45,0.));
#1906 = VECTOR('',#1907,1.);
#1907 = DIRECTION('',(0.,1.));
#1908 = ( GEOMETRIC_REPRESENTATION_CONTEXT(2)
PARAMETRIC_REPRESENTATION_CONTEXT() REPRESENTATION_CONTEXT('2D SPACE',''
  ) );
#1909 = PCURVE('',#1327,#1910);
#1910 = DEFINITIONAL_REPRESENTATION('',(#1911),#1915);
#1911 = LINE('',#1912,#1913);
#1912 = CARTESIAN_POINT('',(1.2,-20.05));
#1913 = VECTOR('',#1914,1.);
#1914 = DIRECTION('',(0.,-1.));
#1915 = ( GEOMETRIC_REPRESENTATION_CONTEXT(2)
PARAMETRIC_REPRESENTATION_CONTEXT() REPRESENTATION_CONTEXT('2D SPACE',''
  ) );
#1916 = ORIENTED_EDGE('',*,*,#1917,.F.);
#1917 = EDGE_CURVE('',#1866,#1895,#1918,.T.);
#1918 = SURFACE_CURVE('',#1919,(#1923,#1930),.PCURVE_S1.);
#1919 = LINE('',#1920,#1921);
#1920 = CARTESIAN_POINT('',(241.04391292746,11.527004746305,
    348.54090791328));
#1921 = VECTOR('',#1922,1.);
#1922 = DIRECTION('',(1.110223024625E-16,0.,1.));
#1923 = PCURVE('',#1850,#1924);
#1924 = DEFINITIONAL_REPRESENTATION('',(#1925),#1929);
#1925 = LINE('',#1926,#1927);
#1926 = CARTESIAN_POINT('',(0.,2.));
#1927 = VECTOR('',#1928,1.);
#1928 = DIRECTION('',(1.,0.));
#1929 = ( GEOMETRIC_REPRESENTATION_CONTEXT(2)
PARAMETRIC_REPRESENTATION_CONTEXT() REPRESENTATION_CONTEXT('2D SPACE',''
  ) );
#1930 = PCURVE('',#1931,#1936);
#1931 = PLANE('',#1932);
#1932 = AXIS2_PLACEMENT_3D('',#1933,#1934,#1935);
#1933 = CARTESIAN_POINT('',(241.04391292746,11.527004746305,
    348.54090791328));
#1934 = DIRECTION('',(0.,1.,0.));
#1935 = DIRECTION('',(-1.,0.,1.110223024625E-16));
#1936 = DEFINITIONAL_REPRESENTATION('',(#1937),#1941);
#1937 = LINE('',#1938,#1939);
#1938 = CARTESIAN_POINT('',(0.,0.));
#1939 = VECTOR('',#1940,1.);
#1940 = DIRECTION('',(0.,1.));
#1941 = ( GEOMETRIC_REPRESENTATION_CONTEXT(2)
PARAMETRIC_REPRESENTATION_CONTEXT() REPRESENTATION_CONTEXT('2D SPACE',''
  ) );
#1942 = ADVANCED_FACE('',(#1943),#1931,.T.);
#1943 = FACE_BOUND('',#1944,.T.);
#1944 = EDGE_LOOP('',(#1945,#1946,#1969,#1997));
#1945 = ORIENTED_EDGE('',*,*,#1917,.F.);
#1946 = ORIENTED_EDGE('',*,*,#1947,.T.);
#1947 = EDGE_CURVE('',#1866,#1948,#1950,.T.);
#1948 = VERTEX_POINT('',#1949);
#1949 = CARTESIAN_POINT('',(219.99391292746,11.527004746305,
    348.54090791328));
#1950 = SURFACE_CURVE('',#1951,(#1955,#1962),.PCURVE_S1.);
#1951 = LINE('',#1952,#1953);
#1952 = CARTESIAN_POINT('',(241.04391292746,11.527004746305,
    348.54090791328));
#1953 = VECTOR('',#1954,1.);
#1954 = DIRECTION('',(-1.,0.,1.110223024625E-16));
#1955 = PCURVE('',#1931,#1956);
#1956 = DEFINITIONAL_REPRESENTATION('',(#1957),#1961);
#1957 = LINE('',#1958,#1959);
#1958 = CARTESIAN_POINT('',(0.,0.));
#1959 = VECTOR('',#1960,1.);
#1960 = DIRECTION('',(1.,0.));
#1961 = ( GEOMETRIC_REPRESENTATION_CONTEXT(2)
PARAMETRIC_REPRESENTATION_CONTEXT() REPRESENTATION_CONTEXT('2D SPACE',''
  ) );
#1962 = PCURVE('',#1881,#1963);
#1963 = DEFINITIONAL_REPRESENTATION('',(#1964),#1968);
#1964 = LINE('',#1965,#1966);
#1965 = CARTESIAN_POINT('',(1.2,-22.05));
#1966 = VECTOR('',#1967,1.);
#1967 = DIRECTION('',(1.,0.));
#1968 = ( GEOMETRIC_REPRESENTATION_CONTEXT(2)
PARAMETRIC_REPRESENTATION_CONTEXT() REPRESENTATION_CONTEXT('2D SPACE',''
  ) );
#1969 = ORIENTED_EDGE('',*,*,#1970,.T.);
#1970 = EDGE_CURVE('',#1948,#1971,#1973,.T.);
#1971 = VERTEX_POINT('',#1972);
#1972 = CARTESIAN_POINT('',(219.99391292746,11.527004746305,
    359.99090791328));
#1973 = SURFACE_CURVE('',#1974,(#1978,#1985),.PCURVE_S1.);
#1974 = LINE('',#1975,#1976);
#1975 = CARTESIAN_POINT('',(219.99391292746,11.527004746305,
    348.54090791328));
#1976 = VECTOR('',#1977,1.);
#1977 = DIRECTION('',(1.110223024625E-16,0.,1.));
#1978 = PCURVE('',#1931,#1979);
#1979 = DEFINITIONAL_REPRESENTATION('',(#1980),#1984);
#1980 = LINE('',#1981,#1982);
#1981 = CARTESIAN_POINT('',(21.05,-2.337019466836E-15));
#1982 = VECTOR('',#1983,1.);
#1983 = DIRECTION('',(0.,1.));
#1984 = ( GEOMETRIC_REPRESENTATION_CONTEXT(2)
PARAMETRIC_REPRESENTATION_CONTEXT() REPRESENTATION_CONTEXT('2D SPACE',''
  ) );
#1985 = PCURVE('',#1986,#1991);
#1986 = PLANE('',#1987);
#1987 = AXIS2_PLACEMENT_3D('',#1988,#1989,#1990);
#1988 = CARTESIAN_POINT('',(219.99391292746,9.527004746305,
    348.54090791328));
#1989 = DIRECTION('',(-1.,0.,1.110223024625E-16));
#1990 = DIRECTION('',(1.110223024625E-16,0.,1.));
#1991 = DEFINITIONAL_REPRESENTATION('',(#1992),#1996);
#1992 = LINE('',#1993,#1994);
#1993 = CARTESIAN_POINT('',(0.,2.));
#1994 = VECTOR('',#1995,1.);
#1995 = DIRECTION('',(1.,0.));
#1996 = ( GEOMETRIC_REPRESENTATION_CONTEXT(2)
PARAMETRIC_REPRESENTATION_CONTEXT() REPRESENTATION_CONTEXT('2D SPACE',''
  ) );
#1997 = ORIENTED_EDGE('',*,*,#1998,.F.);
#1998 = EDGE_CURVE('',#1895,#1971,#1999,.T.);
#1999 = SURFACE_CURVE('',#2000,(#2004,#2011),.PCURVE_S1.);
#2000 = LINE('',#2001,#2002);
#2001 = CARTESIAN_POINT('',(241.04391292746,11.527004746305,
    359.99090791328));
#2002 = VECTOR('',#2003,1.);
#2003 = DIRECTION('',(-1.,0.,1.110223024625E-16));
#2004 = PCURVE('',#1931,#2005);
#2005 = DEFINITIONAL_REPRESENTATION('',(#2006),#2010);
#2006 = LINE('',#2007,#2008);
#2007 = CARTESIAN_POINT('',(1.271205363196E-15,11.45));
#2008 = VECTOR('',#2009,1.);
#2009 = DIRECTION('',(1.,0.));
#2010 = ( GEOMETRIC_REPRESENTATION_CONTEXT(2)
PARAMETRIC_REPRESENTATION_CONTEXT() REPRESENTATION_CONTEXT('2D SPACE',''
  ) );
#2011 = PCURVE('',#1327,#2012);
#2012 = DEFINITIONAL_REPRESENTATION('',(#2013),#2017);
#2013 = LINE('',#2014,#2015);
#2014 = CARTESIAN_POINT('',(1.2,-22.05));
#2015 = VECTOR('',#2016,1.);
#2016 = DIRECTION('',(1.,0.));
#2017 = ( GEOMETRIC_REPRESENTATION_CONTEXT(2)
PARAMETRIC_REPRESENTATION_CONTEXT() REPRESENTATION_CONTEXT('2D SPACE',''
  ) );
#2018 = ADVANCED_FACE('',(#2019),#1986,.T.);
#2019 = FACE_BOUND('',#2020,.T.);
#2020 = EDGE_LOOP('',(#2021,#2044,#2067,#2090,#2113,#2136,#2164,#2187,
    #2215,#2236));
#2021 = ORIENTED_EDGE('',*,*,#2022,.F.);
#2022 = EDGE_CURVE('',#2023,#1948,#2025,.T.);
#2023 = VERTEX_POINT('',#2024);
#2024 = CARTESIAN_POINT('',(219.99391292746,10.527004746305,
    348.54090791328));
#2025 = SURFACE_CURVE('',#2026,(#2030,#2037),.PCURVE_S1.);
#2026 = LINE('',#2027,#2028);
#2027 = CARTESIAN_POINT('',(219.99391292746,9.527004746305,
    348.54090791328));
#2028 = VECTOR('',#2029,1.);
#2029 = DIRECTION('',(0.,1.,0.));
#2030 = PCURVE('',#1986,#2031);
#2031 = DEFINITIONAL_REPRESENTATION('',(#2032),#2036);
#2032 = LINE('',#2033,#2034);
#2033 = CARTESIAN_POINT('',(0.,0.));
#2034 = VECTOR('',#2035,1.);
#2035 = DIRECTION('',(0.,1.));
#2036 = ( GEOMETRIC_REPRESENTATION_CONTEXT(2)
PARAMETRIC_REPRESENTATION_CONTEXT() REPRESENTATION_CONTEXT('2D SPACE',''
  ) );
#2037 = PCURVE('',#1881,#2038);
#2038 = DEFINITIONAL_REPRESENTATION('',(#2039),#2043);
#2039 = LINE('',#2040,#2041);
#2040 = CARTESIAN_POINT('',(22.25,-20.05));
#2041 = VECTOR('',#2042,1.);
#2042 = DIRECTION('',(0.,-1.));
#2043 = ( GEOMETRIC_REPRESENTATION_CONTEXT(2)
PARAMETRIC_REPRESENTATION_CONTEXT() REPRESENTATION_CONTEXT('2D SPACE',''
  ) );
#2044 = ORIENTED_EDGE('',*,*,#2045,.F.);
#2045 = EDGE_CURVE('',#2046,#2023,#2048,.T.);
#2046 = VERTEX_POINT('',#2047);
#2047 = CARTESIAN_POINT('',(219.99391292746,10.527004746305,
    346.54090791328));
#2048 = SURFACE_CURVE('',#2049,(#2053,#2060),.PCURVE_S1.);
#2049 = LINE('',#2050,#2051);
#2050 = CARTESIAN_POINT('',(219.99391292746,10.527004746305,
    346.54090791328));
#2051 = VECTOR('',#2052,1.);
#2052 = DIRECTION('',(1.110223024625E-16,0.,1.));
#2053 = PCURVE('',#1986,#2054);
#2054 = DEFINITIONAL_REPRESENTATION('',(#2055),#2059);
#2055 = LINE('',#2056,#2057);
#2056 = CARTESIAN_POINT('',(-2.,1.));
#2057 = VECTOR('',#2058,1.);
#2058 = DIRECTION('',(1.,0.));
#2059 = ( GEOMETRIC_REPRESENTATION_CONTEXT(2)
PARAMETRIC_REPRESENTATION_CONTEXT() REPRESENTATION_CONTEXT('2D SPACE',''
  ) );
#2060 = PCURVE('',#1639,#2061);
#2061 = DEFINITIONAL_REPRESENTATION('',(#2062),#2066);
#2062 = LINE('',#2063,#2064);
#2063 = CARTESIAN_POINT('',(21.05,-2.337019466836E-15));
#2064 = VECTOR('',#2065,1.);
#2065 = DIRECTION('',(0.,1.));
#2066 = ( GEOMETRIC_REPRESENTATION_CONTEXT(2)
PARAMETRIC_REPRESENTATION_CONTEXT() REPRESENTATION_CONTEXT('2D SPACE',''
  ) );
#2067 = ORIENTED_EDGE('',*,*,#2068,.F.);
#2068 = EDGE_CURVE('',#2069,#2046,#2071,.T.);
#2069 = VERTEX_POINT('',#2070);
#2070 = CARTESIAN_POINT('',(219.99391292746,3.677004746305,
    346.54090791328));
#2071 = SURFACE_CURVE('',#2072,(#2076,#2083),.PCURVE_S1.);
#2072 = LINE('',#2073,#2074);
#2073 = CARTESIAN_POINT('',(219.99391292746,-10.52299525369,
    346.54090791328));
#2074 = VECTOR('',#2075,1.);
#2075 = DIRECTION('',(0.,1.,0.));
#2076 = PCURVE('',#1986,#2077);
#2077 = DEFINITIONAL_REPRESENTATION('',(#2078),#2082);
#2078 = LINE('',#2079,#2080);
#2079 = CARTESIAN_POINT('',(-2.,-20.05));
#2080 = VECTOR('',#2081,1.);
#2081 = DIRECTION('',(0.,1.));
#2082 = ( GEOMETRIC_REPRESENTATION_CONTEXT(2)
PARAMETRIC_REPRESENTATION_CONTEXT() REPRESENTATION_CONTEXT('2D SPACE',''
  ) );
#2083 = PCURVE('',#1047,#2084);
#2084 = DEFINITIONAL_REPRESENTATION('',(#2085),#2089);
#2085 = LINE('',#2086,#2087);
#2086 = CARTESIAN_POINT('',(21.05,0.));
#2087 = VECTOR('',#2088,1.);
#2088 = DIRECTION('',(0.,-1.));
#2089 = ( GEOMETRIC_REPRESENTATION_CONTEXT(2)
PARAMETRIC_REPRESENTATION_CONTEXT() REPRESENTATION_CONTEXT('2D SPACE',''
  ) );
#2090 = ORIENTED_EDGE('',*,*,#2091,.F.);
#2091 = EDGE_CURVE('',#2092,#2069,#2094,.T.);
#2092 = VERTEX_POINT('',#2093);
#2093 = CARTESIAN_POINT('',(219.99391292746,3.677004746305,
    348.54090791328));
#2094 = SURFACE_CURVE('',#2095,(#2099,#2106),.PCURVE_S1.);
#2095 = LINE('',#2096,#2097);
#2096 = CARTESIAN_POINT('',(219.99391292746,3.677004746305,
    346.49090791328));
#2097 = VECTOR('',#2098,1.);
#2098 = DIRECTION('',(-1.110223024625E-16,0.,-1.));
#2099 = PCURVE('',#1986,#2100);
#2100 = DEFINITIONAL_REPRESENTATION('',(#2101),#2105);
#2101 = LINE('',#2102,#2103);
#2102 = CARTESIAN_POINT('',(-2.05,-5.85));
#2103 = VECTOR('',#2104,1.);
#2104 = DIRECTION('',(-1.,0.));
#2105 = ( GEOMETRIC_REPRESENTATION_CONTEXT(2)
PARAMETRIC_REPRESENTATION_CONTEXT() REPRESENTATION_CONTEXT('2D SPACE',''
  ) );
#2106 = PCURVE('',#1079,#2107);
#2107 = DEFINITIONAL_REPRESENTATION('',(#2108),#2112);
#2108 = LINE('',#2109,#2110);
#2109 = CARTESIAN_POINT('',(10.525,5.000000000001E-02));
#2110 = VECTOR('',#2111,1.);
#2111 = DIRECTION('',(0.,-1.));
#2112 = ( GEOMETRIC_REPRESENTATION_CONTEXT(2)
PARAMETRIC_REPRESENTATION_CONTEXT() REPRESENTATION_CONTEXT('2D SPACE',''
  ) );
#2113 = ORIENTED_EDGE('',*,*,#2114,.T.);
#2114 = EDGE_CURVE('',#2092,#2115,#2117,.T.);
#2115 = VERTEX_POINT('',#2116);
#2116 = CARTESIAN_POINT('',(219.99391292746,9.527004746305,
    348.54090791328));
#2117 = SURFACE_CURVE('',#2118,(#2122,#2129),.PCURVE_S1.);
#2118 = LINE('',#2119,#2120);
#2119 = CARTESIAN_POINT('',(219.99391292746,-10.52299525369,
    348.54090791328));
#2120 = VECTOR('',#2121,1.);
#2121 = DIRECTION('',(0.,1.,0.));
#2122 = PCURVE('',#1986,#2123);
#2123 = DEFINITIONAL_REPRESENTATION('',(#2124),#2128);
#2124 = LINE('',#2125,#2126);
#2125 = CARTESIAN_POINT('',(0.,-20.05));
#2126 = VECTOR('',#2127,1.);
#2127 = DIRECTION('',(0.,1.));
#2128 = ( GEOMETRIC_REPRESENTATION_CONTEXT(2)
PARAMETRIC_REPRESENTATION_CONTEXT() REPRESENTATION_CONTEXT('2D SPACE',''
  ) );
#2129 = PCURVE('',#1108,#2130);
#2130 = DEFINITIONAL_REPRESENTATION('',(#2131),#2135);
#2131 = LINE('',#2132,#2133);
#2132 = CARTESIAN_POINT('',(21.05,0.));
#2133 = VECTOR('',#2134,1.);
#2134 = DIRECTION('',(0.,-1.));
#2135 = ( GEOMETRIC_REPRESENTATION_CONTEXT(2)
PARAMETRIC_REPRESENTATION_CONTEXT() REPRESENTATION_CONTEXT('2D SPACE',''
  ) );
#2136 = ORIENTED_EDGE('',*,*,#2137,.T.);
#2137 = EDGE_CURVE('',#2115,#2138,#2140,.T.);
#2138 = VERTEX_POINT('',#2139);
#2139 = CARTESIAN_POINT('',(219.99391292746,9.527004746305,
    357.99090791328));
#2140 = SURFACE_CURVE('',#2141,(#2145,#2152),.PCURVE_S1.);
#2141 = LINE('',#2142,#2143);
#2142 = CARTESIAN_POINT('',(219.99391292746,9.527004746305,
    348.54090791328));
#2143 = VECTOR('',#2144,1.);
#2144 = DIRECTION('',(1.110223024625E-16,0.,1.));
#2145 = PCURVE('',#1986,#2146);
#2146 = DEFINITIONAL_REPRESENTATION('',(#2147),#2151);
#2147 = LINE('',#2148,#2149);
#2148 = CARTESIAN_POINT('',(0.,0.));
#2149 = VECTOR('',#2150,1.);
#2150 = DIRECTION('',(1.,0.));
#2151 = ( GEOMETRIC_REPRESENTATION_CONTEXT(2)
PARAMETRIC_REPRESENTATION_CONTEXT() REPRESENTATION_CONTEXT('2D SPACE',''
  ) );
#2152 = PCURVE('',#2153,#2158);
#2153 = PLANE('',#2154);
#2154 = AXIS2_PLACEMENT_3D('',#2155,#2156,#2157);
#2155 = CARTESIAN_POINT('',(241.04391292746,9.527004746305,
    348.54090791328));
#2156 = DIRECTION('',(0.,1.,0.));
#2157 = DIRECTION('',(-1.,0.,1.110223024625E-16));
#2158 = DEFINITIONAL_REPRESENTATION('',(#2159),#2163);
#2159 = LINE('',#2160,#2161);
#2160 = CARTESIAN_POINT('',(21.05,-2.337019466836E-15));
#2161 = VECTOR('',#2162,1.);
#2162 = DIRECTION('',(0.,1.));
#2163 = ( GEOMETRIC_REPRESENTATION_CONTEXT(2)
PARAMETRIC_REPRESENTATION_CONTEXT() REPRESENTATION_CONTEXT('2D SPACE',''
  ) );
#2164 = ORIENTED_EDGE('',*,*,#2165,.F.);
#2165 = EDGE_CURVE('',#2166,#2138,#2168,.T.);
#2166 = VERTEX_POINT('',#2167);
#2167 = CARTESIAN_POINT('',(219.99391292746,6.727004746305,
    357.99090791328));
#2168 = SURFACE_CURVE('',#2169,(#2173,#2180),.PCURVE_S1.);
#2169 = LINE('',#2170,#2171);
#2170 = CARTESIAN_POINT('',(219.99391292746,-10.52299525369,
    357.99090791328));
#2171 = VECTOR('',#2172,1.);
#2172 = DIRECTION('',(0.,1.,0.));
#2173 = PCURVE('',#1986,#2174);
#2174 = DEFINITIONAL_REPRESENTATION('',(#2175),#2179);
#2175 = LINE('',#2176,#2177);
#2176 = CARTESIAN_POINT('',(9.45,-20.05));
#2177 = VECTOR('',#2178,1.);
#2178 = DIRECTION('',(0.,1.));
#2179 = ( GEOMETRIC_REPRESENTATION_CONTEXT(2)
PARAMETRIC_REPRESENTATION_CONTEXT() REPRESENTATION_CONTEXT('2D SPACE',''
  ) );
#2180 = PCURVE('',#1383,#2181);
#2181 = DEFINITIONAL_REPRESENTATION('',(#2182),#2186);
#2182 = LINE('',#2183,#2184);
#2183 = CARTESIAN_POINT('',(21.05,0.));
#2184 = VECTOR('',#2185,1.);
#2185 = DIRECTION('',(0.,-1.));
#2186 = ( GEOMETRIC_REPRESENTATION_CONTEXT(2)
PARAMETRIC_REPRESENTATION_CONTEXT() REPRESENTATION_CONTEXT('2D SPACE',''
  ) );
#2187 = ORIENTED_EDGE('',*,*,#2188,.F.);
#2188 = EDGE_CURVE('',#2189,#2166,#2191,.T.);
#2189 = VERTEX_POINT('',#2190);
#2190 = CARTESIAN_POINT('',(219.99391292746,6.727004746305,
    359.99090791328));
#2191 = SURFACE_CURVE('',#2192,(#2196,#2203),.PCURVE_S1.);
#2192 = LINE('',#2193,#2194);
#2193 = CARTESIAN_POINT('',(219.99391292746,6.727004746305,
    357.94090791328));
#2194 = VECTOR('',#2195,1.);
#2195 = DIRECTION('',(-1.110223024625E-16,0.,-1.));
#2196 = PCURVE('',#1986,#2197);
#2197 = DEFINITIONAL_REPRESENTATION('',(#2198),#2202);
#2198 = LINE('',#2199,#2200);
#2199 = CARTESIAN_POINT('',(9.4,-2.8));
#2200 = VECTOR('',#2201,1.);
#2201 = DIRECTION('',(-1.,0.));
#2202 = ( GEOMETRIC_REPRESENTATION_CONTEXT(2)
PARAMETRIC_REPRESENTATION_CONTEXT() REPRESENTATION_CONTEXT('2D SPACE',''
  ) );
#2203 = PCURVE('',#2204,#2209);
#2204 = PLANE('',#2205);
#2205 = AXIS2_PLACEMENT_3D('',#2206,#2207,#2208);
#2206 = CARTESIAN_POINT('',(237.54391292746,6.727004746305,
    357.89090791328));
#2207 = DIRECTION('',(0.,1.,0.));
#2208 = DIRECTION('',(-1.,0.,1.110223024625E-16));
#2209 = DEFINITIONAL_REPRESENTATION('',(#2210),#2214);
#2210 = LINE('',#2211,#2212);
#2211 = CARTESIAN_POINT('',(17.55,5.000000000001E-02));
#2212 = VECTOR('',#2213,1.);
#2213 = DIRECTION('',(0.,-1.));
#2214 = ( GEOMETRIC_REPRESENTATION_CONTEXT(2)
PARAMETRIC_REPRESENTATION_CONTEXT() REPRESENTATION_CONTEXT('2D SPACE',''
  ) );
#2215 = ORIENTED_EDGE('',*,*,#2216,.F.);
#2216 = EDGE_CURVE('',#1971,#2189,#2217,.T.);
#2217 = SURFACE_CURVE('',#2218,(#2222,#2229),.PCURVE_S1.);
#2218 = LINE('',#2219,#2220);
#2219 = CARTESIAN_POINT('',(219.99391292746,11.527004746305,
    359.99090791328));
#2220 = VECTOR('',#2221,1.);
#2221 = DIRECTION('',(0.,-1.,0.));
#2222 = PCURVE('',#1986,#2223);
#2223 = DEFINITIONAL_REPRESENTATION('',(#2224),#2228);
#2224 = LINE('',#2225,#2226);
#2225 = CARTESIAN_POINT('',(11.45,2.));
#2226 = VECTOR('',#2227,1.);
#2227 = DIRECTION('',(0.,-1.));
#2228 = ( GEOMETRIC_REPRESENTATION_CONTEXT(2)
PARAMETRIC_REPRESENTATION_CONTEXT() REPRESENTATION_CONTEXT('2D SPACE',''
  ) );
#2229 = PCURVE('',#1327,#2230);
#2230 = DEFINITIONAL_REPRESENTATION('',(#2231),#2235);
#2231 = LINE('',#2232,#2233);
#2232 = CARTESIAN_POINT('',(22.25,-22.05));
#2233 = VECTOR('',#2234,1.);
#2234 = DIRECTION('',(0.,1.));
#2235 = ( GEOMETRIC_REPRESENTATION_CONTEXT(2)
PARAMETRIC_REPRESENTATION_CONTEXT() REPRESENTATION_CONTEXT('2D SPACE',''
  ) );
#2236 = ORIENTED_EDGE('',*,*,#1970,.F.);
#2237 = ADVANCED_FACE('',(#2238),#2204,.F.);
#2238 = FACE_BOUND('',#2239,.F.);
#2239 = EDGE_LOOP('',(#2240,#2270,#2291,#2292));
#2240 = ORIENTED_EDGE('',*,*,#2241,.F.);
#2241 = EDGE_CURVE('',#2242,#2244,#2246,.T.);
#2242 = VERTEX_POINT('',#2243);
#2243 = CARTESIAN_POINT('',(237.54391292746,6.727004746305,
    357.99090791328));
#2244 = VERTEX_POINT('',#2245);
#2245 = CARTESIAN_POINT('',(237.54391292746,6.727004746305,
    359.99090791328));
#2246 = SURFACE_CURVE('',#2247,(#2251,#2258),.PCURVE_S1.);
#2247 = LINE('',#2248,#2249);
#2248 = CARTESIAN_POINT('',(237.54391292746,6.727004746305,
    357.89090791328));
#2249 = VECTOR('',#2250,1.);
#2250 = DIRECTION('',(1.110223024625E-16,0.,1.));
#2251 = PCURVE('',#2204,#2252);
#2252 = DEFINITIONAL_REPRESENTATION('',(#2253),#2257);
#2253 = LINE('',#2254,#2255);
#2254 = CARTESIAN_POINT('',(0.,0.));
#2255 = VECTOR('',#2256,1.);
#2256 = DIRECTION('',(0.,1.));
#2257 = ( GEOMETRIC_REPRESENTATION_CONTEXT(2)
PARAMETRIC_REPRESENTATION_CONTEXT() REPRESENTATION_CONTEXT('2D SPACE',''
  ) );
#2258 = PCURVE('',#2259,#2264);
#2259 = PLANE('',#2260);
#2260 = AXIS2_PLACEMENT_3D('',#2261,#2262,#2263);
#2261 = CARTESIAN_POINT('',(237.54391292746,-6.722995253695,
    357.89090791328));
#2262 = DIRECTION('',(-1.,0.,1.110223024625E-16));
#2263 = DIRECTION('',(1.110223024625E-16,0.,1.));
#2264 = DEFINITIONAL_REPRESENTATION('',(#2265),#2269);
#2265 = LINE('',#2266,#2267);
#2266 = CARTESIAN_POINT('',(0.,13.45));
#2267 = VECTOR('',#2268,1.);
#2268 = DIRECTION('',(1.,0.));
#2269 = ( GEOMETRIC_REPRESENTATION_CONTEXT(2)
PARAMETRIC_REPRESENTATION_CONTEXT() REPRESENTATION_CONTEXT('2D SPACE',''
  ) );
#2270 = ORIENTED_EDGE('',*,*,#2271,.T.);
#2271 = EDGE_CURVE('',#2242,#2166,#2272,.T.);
#2272 = SURFACE_CURVE('',#2273,(#2277,#2284),.PCURVE_S1.);
#2273 = LINE('',#2274,#2275);
#2274 = CARTESIAN_POINT('',(239.29391292746,6.727004746305,
    357.99090791328));
#2275 = VECTOR('',#2276,1.);
#2276 = DIRECTION('',(-1.,0.,1.110223024625E-16));
#2277 = PCURVE('',#2204,#2278);
#2278 = DEFINITIONAL_REPRESENTATION('',(#2279),#2283);
#2279 = LINE('',#2280,#2281);
#2280 = CARTESIAN_POINT('',(-1.75,9.999999999997E-02));
#2281 = VECTOR('',#2282,1.);
#2282 = DIRECTION('',(1.,0.));
#2283 = ( GEOMETRIC_REPRESENTATION_CONTEXT(2)
PARAMETRIC_REPRESENTATION_CONTEXT() REPRESENTATION_CONTEXT('2D SPACE',''
  ) );
#2284 = PCURVE('',#1383,#2285);
#2285 = DEFINITIONAL_REPRESENTATION('',(#2286),#2290);
#2286 = LINE('',#2287,#2288);
#2287 = CARTESIAN_POINT('',(1.75,-17.25));
#2288 = VECTOR('',#2289,1.);
#2289 = DIRECTION('',(1.,0.));
#2290 = ( GEOMETRIC_REPRESENTATION_CONTEXT(2)
PARAMETRIC_REPRESENTATION_CONTEXT() REPRESENTATION_CONTEXT('2D SPACE',''
  ) );
#2291 = ORIENTED_EDGE('',*,*,#2188,.F.);
#2292 = ORIENTED_EDGE('',*,*,#2293,.F.);
#2293 = EDGE_CURVE('',#2244,#2189,#2294,.T.);
#2294 = SURFACE_CURVE('',#2295,(#2299,#2306),.PCURVE_S1.);
#2295 = LINE('',#2296,#2297);
#2296 = CARTESIAN_POINT('',(239.29391292746,6.727004746305,
    359.99090791328));
#2297 = VECTOR('',#2298,1.);
#2298 = DIRECTION('',(-1.,0.,1.110223024625E-16));
#2299 = PCURVE('',#2204,#2300);
#2300 = DEFINITIONAL_REPRESENTATION('',(#2301),#2305);
#2301 = LINE('',#2302,#2303);
#2302 = CARTESIAN_POINT('',(-1.75,2.1));
#2303 = VECTOR('',#2304,1.);
#2304 = DIRECTION('',(1.,0.));
#2305 = ( GEOMETRIC_REPRESENTATION_CONTEXT(2)
PARAMETRIC_REPRESENTATION_CONTEXT() REPRESENTATION_CONTEXT('2D SPACE',''
  ) );
#2306 = PCURVE('',#1327,#2307);
#2307 = DEFINITIONAL_REPRESENTATION('',(#2308),#2312);
#2308 = LINE('',#2309,#2310);
#2309 = CARTESIAN_POINT('',(2.95,-17.25));
#2310 = VECTOR('',#2311,1.);
#2311 = DIRECTION('',(1.,0.));
#2312 = ( GEOMETRIC_REPRESENTATION_CONTEXT(2)
PARAMETRIC_REPRESENTATION_CONTEXT() REPRESENTATION_CONTEXT('2D SPACE',''
  ) );
#2313 = ADVANCED_FACE('',(#2314),#2259,.T.);
#2314 = FACE_BOUND('',#2315,.T.);
#2315 = EDGE_LOOP('',(#2316,#2317,#2340,#2363));
#2316 = ORIENTED_EDGE('',*,*,#2241,.F.);
#2317 = ORIENTED_EDGE('',*,*,#2318,.T.);
#2318 = EDGE_CURVE('',#2242,#2319,#2321,.T.);
#2319 = VERTEX_POINT('',#2320);
#2320 = CARTESIAN_POINT('',(237.54391292746,-6.722995253695,
    357.99090791328));
#2321 = SURFACE_CURVE('',#2322,(#2326,#2333),.PCURVE_S1.);
#2322 = LINE('',#2323,#2324);
#2323 = CARTESIAN_POINT('',(237.54391292746,-8.622995253695,
    357.99090791328));
#2324 = VECTOR('',#2325,1.);
#2325 = DIRECTION('',(0.,-1.,0.));
#2326 = PCURVE('',#2259,#2327);
#2327 = DEFINITIONAL_REPRESENTATION('',(#2328),#2332);
#2328 = LINE('',#2329,#2330);
#2329 = CARTESIAN_POINT('',(9.999999999997E-02,-1.9));
#2330 = VECTOR('',#2331,1.);
#2331 = DIRECTION('',(0.,-1.));
#2332 = ( GEOMETRIC_REPRESENTATION_CONTEXT(2)
PARAMETRIC_REPRESENTATION_CONTEXT() REPRESENTATION_CONTEXT('2D SPACE',''
  ) );
#2333 = PCURVE('',#1383,#2334);
#2334 = DEFINITIONAL_REPRESENTATION('',(#2335),#2339);
#2335 = LINE('',#2336,#2337);
#2336 = CARTESIAN_POINT('',(3.5,-1.9));
#2337 = VECTOR('',#2338,1.);
#2338 = DIRECTION('',(0.,1.));
#2339 = ( GEOMETRIC_REPRESENTATION_CONTEXT(2)
PARAMETRIC_REPRESENTATION_CONTEXT() REPRESENTATION_CONTEXT('2D SPACE',''
  ) );
#2340 = ORIENTED_EDGE('',*,*,#2341,.T.);
#2341 = EDGE_CURVE('',#2319,#2342,#2344,.T.);
#2342 = VERTEX_POINT('',#2343);
#2343 = CARTESIAN_POINT('',(237.54391292746,-6.722995253695,
    359.99090791328));
#2344 = SURFACE_CURVE('',#2345,(#2349,#2356),.PCURVE_S1.);
#2345 = LINE('',#2346,#2347);
#2346 = CARTESIAN_POINT('',(237.54391292746,-6.722995253695,
    357.89090791328));
#2347 = VECTOR('',#2348,1.);
#2348 = DIRECTION('',(1.110223024625E-16,0.,1.));
#2349 = PCURVE('',#2259,#2350);
#2350 = DEFINITIONAL_REPRESENTATION('',(#2351),#2355);
#2351 = LINE('',#2352,#2353);
#2352 = CARTESIAN_POINT('',(0.,0.));
#2353 = VECTOR('',#2354,1.);
#2354 = DIRECTION('',(1.,0.));
#2355 = ( GEOMETRIC_REPRESENTATION_CONTEXT(2)
PARAMETRIC_REPRESENTATION_CONTEXT() REPRESENTATION_CONTEXT('2D SPACE',''
  ) );
#2356 = PCURVE('',#1355,#2357);
#2357 = DEFINITIONAL_REPRESENTATION('',(#2358),#2362);
#2358 = LINE('',#2359,#2360);
#2359 = CARTESIAN_POINT('',(0.,0.));
#2360 = VECTOR('',#2361,1.);
#2361 = DIRECTION('',(0.,1.));
#2362 = ( GEOMETRIC_REPRESENTATION_CONTEXT(2)
PARAMETRIC_REPRESENTATION_CONTEXT() REPRESENTATION_CONTEXT('2D SPACE',''
  ) );
#2363 = ORIENTED_EDGE('',*,*,#2364,.F.);
#2364 = EDGE_CURVE('',#2244,#2342,#2365,.T.);
#2365 = SURFACE_CURVE('',#2366,(#2370,#2377),.PCURVE_S1.);
#2366 = LINE('',#2367,#2368);
#2367 = CARTESIAN_POINT('',(237.54391292746,-8.622995253695,
    359.99090791328));
#2368 = VECTOR('',#2369,1.);
#2369 = DIRECTION('',(0.,-1.,0.));
#2370 = PCURVE('',#2259,#2371);
#2371 = DEFINITIONAL_REPRESENTATION('',(#2372),#2376);
#2372 = LINE('',#2373,#2374);
#2373 = CARTESIAN_POINT('',(2.1,-1.9));
#2374 = VECTOR('',#2375,1.);
#2375 = DIRECTION('',(0.,-1.));
#2376 = ( GEOMETRIC_REPRESENTATION_CONTEXT(2)
PARAMETRIC_REPRESENTATION_CONTEXT() REPRESENTATION_CONTEXT('2D SPACE',''
  ) );
#2377 = PCURVE('',#1327,#2378);
#2378 = DEFINITIONAL_REPRESENTATION('',(#2379),#2383);
#2379 = LINE('',#2380,#2381);
#2380 = CARTESIAN_POINT('',(4.7,-1.9));
#2381 = VECTOR('',#2382,1.);
#2382 = DIRECTION('',(0.,1.));
#2383 = ( GEOMETRIC_REPRESENTATION_CONTEXT(2)
PARAMETRIC_REPRESENTATION_CONTEXT() REPRESENTATION_CONTEXT('2D SPACE',''
  ) );
#2384 = ADVANCED_FACE('',(#2385),#2153,.F.);
#2385 = FACE_BOUND('',#2386,.F.);
#2386 = EDGE_LOOP('',(#2387,#2410,#2438,#2459));
#2387 = ORIENTED_EDGE('',*,*,#2388,.T.);
#2388 = EDGE_CURVE('',#2138,#2389,#2391,.T.);
#2389 = VERTEX_POINT('',#2390);
#2390 = CARTESIAN_POINT('',(239.84391292746,9.527004746305,
    357.99090791328));
#2391 = SURFACE_CURVE('',#2392,(#2396,#2403),.PCURVE_S1.);
#2392 = LINE('',#2393,#2394);
#2393 = CARTESIAN_POINT('',(241.04391292746,9.527004746305,
    357.99090791328));
#2394 = VECTOR('',#2395,1.);
#2395 = DIRECTION('',(1.,0.,-1.110223024625E-16));
#2396 = PCURVE('',#2153,#2397);
#2397 = DEFINITIONAL_REPRESENTATION('',(#2398),#2402);
#2398 = LINE('',#2399,#2400);
#2399 = CARTESIAN_POINT('',(1.049160758271E-15,9.45));
#2400 = VECTOR('',#2401,1.);
#2401 = DIRECTION('',(-1.,0.));
#2402 = ( GEOMETRIC_REPRESENTATION_CONTEXT(2)
PARAMETRIC_REPRESENTATION_CONTEXT() REPRESENTATION_CONTEXT('2D SPACE',''
  ) );
#2403 = PCURVE('',#1383,#2404);
#2404 = DEFINITIONAL_REPRESENTATION('',(#2405),#2409);
#2405 = LINE('',#2406,#2407);
#2406 = CARTESIAN_POINT('',(0.,-20.05));
#2407 = VECTOR('',#2408,1.);
#2408 = DIRECTION('',(-1.,0.));
#2409 = ( GEOMETRIC_REPRESENTATION_CONTEXT(2)
PARAMETRIC_REPRESENTATION_CONTEXT() REPRESENTATION_CONTEXT('2D SPACE',''
  ) );
#2410 = ORIENTED_EDGE('',*,*,#2411,.T.);
#2411 = EDGE_CURVE('',#2389,#2412,#2414,.T.);
#2412 = VERTEX_POINT('',#2413);
#2413 = CARTESIAN_POINT('',(239.84391292746,9.527004746305,
    348.54090791328));
#2414 = SURFACE_CURVE('',#2415,(#2419,#2426),.PCURVE_S1.);
#2415 = LINE('',#2416,#2417);
#2416 = CARTESIAN_POINT('',(239.84391292746,9.527004746305,
    348.54090791328));
#2417 = VECTOR('',#2418,1.);
#2418 = DIRECTION('',(-1.110223024625E-16,0.,-1.));
#2419 = PCURVE('',#2153,#2420);
#2420 = DEFINITIONAL_REPRESENTATION('',(#2421),#2425);
#2421 = LINE('',#2422,#2423);
#2422 = CARTESIAN_POINT('',(1.2,-1.33226762955E-16));
#2423 = VECTOR('',#2424,1.);
#2424 = DIRECTION('',(0.,-1.));
#2425 = ( GEOMETRIC_REPRESENTATION_CONTEXT(2)
PARAMETRIC_REPRESENTATION_CONTEXT() REPRESENTATION_CONTEXT('2D SPACE',''
  ) );
#2426 = PCURVE('',#2427,#2432);
#2427 = PLANE('',#2428);
#2428 = AXIS2_PLACEMENT_3D('',#2429,#2430,#2431);
#2429 = CARTESIAN_POINT('',(239.84391292746,-10.52299525369,
    348.54090791328));
#2430 = DIRECTION('',(-1.,0.,1.110223024625E-16));
#2431 = DIRECTION('',(1.110223024625E-16,0.,1.));
#2432 = DEFINITIONAL_REPRESENTATION('',(#2433),#2437);
#2433 = LINE('',#2434,#2435);
#2434 = CARTESIAN_POINT('',(0.,20.05));
#2435 = VECTOR('',#2436,1.);
#2436 = DIRECTION('',(-1.,0.));
#2437 = ( GEOMETRIC_REPRESENTATION_CONTEXT(2)
PARAMETRIC_REPRESENTATION_CONTEXT() REPRESENTATION_CONTEXT('2D SPACE',''
  ) );
#2438 = ORIENTED_EDGE('',*,*,#2439,.T.);
#2439 = EDGE_CURVE('',#2412,#2115,#2440,.T.);
#2440 = SURFACE_CURVE('',#2441,(#2445,#2452),.PCURVE_S1.);
#2441 = LINE('',#2442,#2443);
#2442 = CARTESIAN_POINT('',(241.04391292746,9.527004746305,
    348.54090791328));
#2443 = VECTOR('',#2444,1.);
#2444 = DIRECTION('',(-1.,0.,1.110223024625E-16));
#2445 = PCURVE('',#2153,#2446);
#2446 = DEFINITIONAL_REPRESENTATION('',(#2447),#2451);
#2447 = LINE('',#2448,#2449);
#2448 = CARTESIAN_POINT('',(0.,0.));
#2449 = VECTOR('',#2450,1.);
#2450 = DIRECTION('',(1.,0.));
#2451 = ( GEOMETRIC_REPRESENTATION_CONTEXT(2)
PARAMETRIC_REPRESENTATION_CONTEXT() REPRESENTATION_CONTEXT('2D SPACE',''
  ) );
#2452 = PCURVE('',#1108,#2453);
#2453 = DEFINITIONAL_REPRESENTATION('',(#2454),#2458);
#2454 = LINE('',#2455,#2456);
#2455 = CARTESIAN_POINT('',(0.,-20.05));
#2456 = VECTOR('',#2457,1.);
#2457 = DIRECTION('',(1.,0.));
#2458 = ( GEOMETRIC_REPRESENTATION_CONTEXT(2)
PARAMETRIC_REPRESENTATION_CONTEXT() REPRESENTATION_CONTEXT('2D SPACE',''
  ) );
#2459 = ORIENTED_EDGE('',*,*,#2137,.T.);
#2460 = ADVANCED_FACE('',(#2461),#2427,.T.);
#2461 = FACE_BOUND('',#2462,.T.);
#2462 = EDGE_LOOP('',(#2463,#2486,#2509,#2530));
#2463 = ORIENTED_EDGE('',*,*,#2464,.F.);
#2464 = EDGE_CURVE('',#2465,#2412,#2467,.T.);
#2465 = VERTEX_POINT('',#2466);
#2466 = CARTESIAN_POINT('',(239.84391292746,-9.522995253695,
    348.54090791328));
#2467 = SURFACE_CURVE('',#2468,(#2472,#2479),.PCURVE_S1.);
#2468 = LINE('',#2469,#2470);
#2469 = CARTESIAN_POINT('',(239.84391292746,-10.52299525369,
    348.54090791328));
#2470 = VECTOR('',#2471,1.);
#2471 = DIRECTION('',(0.,1.,0.));
#2472 = PCURVE('',#2427,#2473);
#2473 = DEFINITIONAL_REPRESENTATION('',(#2474),#2478);
#2474 = LINE('',#2475,#2476);
#2475 = CARTESIAN_POINT('',(0.,0.));
#2476 = VECTOR('',#2477,1.);
#2477 = DIRECTION('',(0.,1.));
#2478 = ( GEOMETRIC_REPRESENTATION_CONTEXT(2)
PARAMETRIC_REPRESENTATION_CONTEXT() REPRESENTATION_CONTEXT('2D SPACE',''
  ) );
#2479 = PCURVE('',#1108,#2480);
#2480 = DEFINITIONAL_REPRESENTATION('',(#2481),#2485);
#2481 = LINE('',#2482,#2483);
#2482 = CARTESIAN_POINT('',(1.2,0.));
#2483 = VECTOR('',#2484,1.);
#2484 = DIRECTION('',(0.,-1.));
#2485 = ( GEOMETRIC_REPRESENTATION_CONTEXT(2)
PARAMETRIC_REPRESENTATION_CONTEXT() REPRESENTATION_CONTEXT('2D SPACE',''
  ) );
#2486 = ORIENTED_EDGE('',*,*,#2487,.F.);
#2487 = EDGE_CURVE('',#2488,#2465,#2490,.T.);
#2488 = VERTEX_POINT('',#2489);
#2489 = CARTESIAN_POINT('',(239.84391292746,-9.522995253695,
    357.99090791328));
#2490 = SURFACE_CURVE('',#2491,(#2495,#2502),.PCURVE_S1.);
#2491 = LINE('',#2492,#2493);
#2492 = CARTESIAN_POINT('',(239.84391292746,-9.522995253695,
    348.54090791328));
#2493 = VECTOR('',#2494,1.);
#2494 = DIRECTION('',(-1.110223024625E-16,0.,-1.));
#2495 = PCURVE('',#2427,#2496);
#2496 = DEFINITIONAL_REPRESENTATION('',(#2497),#2501);
#2497 = LINE('',#2498,#2499);
#2498 = CARTESIAN_POINT('',(0.,1.));
#2499 = VECTOR('',#2500,1.);
#2500 = DIRECTION('',(-1.,0.));
#2501 = ( GEOMETRIC_REPRESENTATION_CONTEXT(2)
PARAMETRIC_REPRESENTATION_CONTEXT() REPRESENTATION_CONTEXT('2D SPACE',''
  ) );
#2502 = PCURVE('',#1411,#2503);
#2503 = DEFINITIONAL_REPRESENTATION('',(#2504),#2508);
#2504 = LINE('',#2505,#2506);
#2505 = CARTESIAN_POINT('',(1.2,-1.33226762955E-16));
#2506 = VECTOR('',#2507,1.);
#2507 = DIRECTION('',(0.,-1.));
#2508 = ( GEOMETRIC_REPRESENTATION_CONTEXT(2)
PARAMETRIC_REPRESENTATION_CONTEXT() REPRESENTATION_CONTEXT('2D SPACE',''
  ) );
#2509 = ORIENTED_EDGE('',*,*,#2510,.T.);
#2510 = EDGE_CURVE('',#2488,#2389,#2511,.T.);
#2511 = SURFACE_CURVE('',#2512,(#2516,#2523),.PCURVE_S1.);
#2512 = LINE('',#2513,#2514);
#2513 = CARTESIAN_POINT('',(239.84391292746,-10.52299525369,
    357.99090791328));
#2514 = VECTOR('',#2515,1.);
#2515 = DIRECTION('',(0.,1.,0.));
#2516 = PCURVE('',#2427,#2517);
#2517 = DEFINITIONAL_REPRESENTATION('',(#2518),#2522);
#2518 = LINE('',#2519,#2520);
#2519 = CARTESIAN_POINT('',(9.45,0.));
#2520 = VECTOR('',#2521,1.);
#2521 = DIRECTION('',(0.,1.));
#2522 = ( GEOMETRIC_REPRESENTATION_CONTEXT(2)
PARAMETRIC_REPRESENTATION_CONTEXT() REPRESENTATION_CONTEXT('2D SPACE',''
  ) );
#2523 = PCURVE('',#1383,#2524);
#2524 = DEFINITIONAL_REPRESENTATION('',(#2525),#2529);
#2525 = LINE('',#2526,#2527);
#2526 = CARTESIAN_POINT('',(1.2,0.));
#2527 = VECTOR('',#2528,1.);
#2528 = DIRECTION('',(0.,-1.));
#2529 = ( GEOMETRIC_REPRESENTATION_CONTEXT(2)
PARAMETRIC_REPRESENTATION_CONTEXT() REPRESENTATION_CONTEXT('2D SPACE',''
  ) );
#2530 = ORIENTED_EDGE('',*,*,#2411,.T.);
#2531 = ADVANCED_FACE('',(#2532),#1881,.F.);
#2532 = FACE_BOUND('',#2533,.F.);
#2533 = EDGE_LOOP('',(#2534,#2555,#2556,#2557));
#2534 = ORIENTED_EDGE('',*,*,#2535,.F.);
#2535 = EDGE_CURVE('',#1598,#2023,#2536,.T.);
#2536 = SURFACE_CURVE('',#2537,(#2541,#2548),.PCURVE_S1.);
#2537 = LINE('',#2538,#2539);
#2538 = CARTESIAN_POINT('',(241.04391292746,10.527004746305,
    348.54090791328));
#2539 = VECTOR('',#2540,1.);
#2540 = DIRECTION('',(-1.,0.,1.110223024625E-16));
#2541 = PCURVE('',#1881,#2542);
#2542 = DEFINITIONAL_REPRESENTATION('',(#2543),#2547);
#2543 = LINE('',#2544,#2545);
#2544 = CARTESIAN_POINT('',(1.2,-21.05));
#2545 = VECTOR('',#2546,1.);
#2546 = DIRECTION('',(1.,0.));
#2547 = ( GEOMETRIC_REPRESENTATION_CONTEXT(2)
PARAMETRIC_REPRESENTATION_CONTEXT() REPRESENTATION_CONTEXT('2D SPACE',''
  ) );
#2548 = PCURVE('',#1639,#2549);
#2549 = DEFINITIONAL_REPRESENTATION('',(#2550),#2554);
#2550 = LINE('',#2551,#2552);
#2551 = CARTESIAN_POINT('',(2.22044604925E-16,2.));
#2552 = VECTOR('',#2553,1.);
#2553 = DIRECTION('',(1.,0.));
#2554 = ( GEOMETRIC_REPRESENTATION_CONTEXT(2)
PARAMETRIC_REPRESENTATION_CONTEXT() REPRESENTATION_CONTEXT('2D SPACE',''
  ) );
#2555 = ORIENTED_EDGE('',*,*,#1865,.T.);
#2556 = ORIENTED_EDGE('',*,*,#1947,.T.);
#2557 = ORIENTED_EDGE('',*,*,#2022,.F.);
#2558 = ADVANCED_FACE('',(#2559),#1670,.F.);
#2559 = FACE_BOUND('',#2560,.F.);
#2560 = EDGE_LOOP('',(#2561,#2584,#2585,#2586));
#2561 = ORIENTED_EDGE('',*,*,#2562,.F.);
#2562 = EDGE_CURVE('',#1742,#2563,#2565,.T.);
#2563 = VERTEX_POINT('',#2564);
#2564 = CARTESIAN_POINT('',(241.04391292746,-10.52299525369,
    359.99090791328));
#2565 = SURFACE_CURVE('',#2566,(#2570,#2577),.PCURVE_S1.);
#2566 = LINE('',#2567,#2568);
#2567 = CARTESIAN_POINT('',(242.24391292746,-10.52299525369,
    359.99090791328));
#2568 = VECTOR('',#2569,1.);
#2569 = DIRECTION('',(-1.,0.,1.110223024625E-16));
#2570 = PCURVE('',#1670,#2571);
#2571 = DEFINITIONAL_REPRESENTATION('',(#2572),#2576);
#2572 = LINE('',#2573,#2574);
#2573 = CARTESIAN_POINT('',(1.271205363196E-15,11.45));
#2574 = VECTOR('',#2575,1.);
#2575 = DIRECTION('',(1.,0.));
#2576 = ( GEOMETRIC_REPRESENTATION_CONTEXT(2)
PARAMETRIC_REPRESENTATION_CONTEXT() REPRESENTATION_CONTEXT('2D SPACE',''
  ) );
#2577 = PCURVE('',#1327,#2578);
#2578 = DEFINITIONAL_REPRESENTATION('',(#2579),#2583);
#2579 = LINE('',#2580,#2581);
#2580 = CARTESIAN_POINT('',(0.,0.));
#2581 = VECTOR('',#2582,1.);
#2582 = DIRECTION('',(1.,0.));
#2583 = ( GEOMETRIC_REPRESENTATION_CONTEXT(2)
PARAMETRIC_REPRESENTATION_CONTEXT() REPRESENTATION_CONTEXT('2D SPACE',''
  ) );
#2584 = ORIENTED_EDGE('',*,*,#1741,.F.);
#2585 = ORIENTED_EDGE('',*,*,#1654,.T.);
#2586 = ORIENTED_EDGE('',*,*,#2587,.F.);
#2587 = EDGE_CURVE('',#2563,#1500,#2588,.T.);
#2588 = SURFACE_CURVE('',#2589,(#2593,#2600),.PCURVE_S1.);
#2589 = LINE('',#2590,#2591);
#2590 = CARTESIAN_POINT('',(241.04391292746,-10.52299525369,
    359.99090791328));
#2591 = VECTOR('',#2592,1.);
#2592 = DIRECTION('',(-1.110223024625E-16,0.,-1.));
#2593 = PCURVE('',#1670,#2594);
#2594 = DEFINITIONAL_REPRESENTATION('',(#2595),#2599);
#2595 = LINE('',#2596,#2597);
#2596 = CARTESIAN_POINT('',(1.2,11.45));
#2597 = VECTOR('',#2598,1.);
#2598 = DIRECTION('',(0.,-1.));
#2599 = ( GEOMETRIC_REPRESENTATION_CONTEXT(2)
PARAMETRIC_REPRESENTATION_CONTEXT() REPRESENTATION_CONTEXT('2D SPACE',''
  ) );
#2600 = PCURVE('',#2601,#2606);
#2601 = PLANE('',#2602);
#2602 = AXIS2_PLACEMENT_3D('',#2603,#2604,#2605);
#2603 = CARTESIAN_POINT('',(241.04391292746,-11.52299525369,
    348.54090791328));
#2604 = DIRECTION('',(-1.,0.,1.110223024625E-16));
#2605 = DIRECTION('',(1.110223024625E-16,0.,1.));
#2606 = DEFINITIONAL_REPRESENTATION('',(#2607),#2611);
#2607 = LINE('',#2608,#2609);
#2608 = CARTESIAN_POINT('',(11.45,1.));
#2609 = VECTOR('',#2610,1.);
#2610 = DIRECTION('',(-1.,0.));
#2611 = ( GEOMETRIC_REPRESENTATION_CONTEXT(2)
PARAMETRIC_REPRESENTATION_CONTEXT() REPRESENTATION_CONTEXT('2D SPACE',''
  ) );
#2612 = ADVANCED_FACE('',(#2613),#2601,.F.);
#2613 = FACE_BOUND('',#2614,.F.);
#2614 = EDGE_LOOP('',(#2615,#2638,#2661,#2682));
#2615 = ORIENTED_EDGE('',*,*,#2616,.F.);
#2616 = EDGE_CURVE('',#2617,#1500,#2619,.T.);
#2617 = VERTEX_POINT('',#2618);
#2618 = CARTESIAN_POINT('',(241.04391292746,-11.52299525369,
    348.54090791328));
#2619 = SURFACE_CURVE('',#2620,(#2624,#2631),.PCURVE_S1.);
#2620 = LINE('',#2621,#2622);
#2621 = CARTESIAN_POINT('',(241.04391292746,-11.52299525369,
    348.54090791328));
#2622 = VECTOR('',#2623,1.);
#2623 = DIRECTION('',(0.,1.,0.));
#2624 = PCURVE('',#2601,#2625);
#2625 = DEFINITIONAL_REPRESENTATION('',(#2626),#2630);
#2626 = LINE('',#2627,#2628);
#2627 = CARTESIAN_POINT('',(0.,0.));
#2628 = VECTOR('',#2629,1.);
#2629 = DIRECTION('',(0.,1.));
#2630 = ( GEOMETRIC_REPRESENTATION_CONTEXT(2)
PARAMETRIC_REPRESENTATION_CONTEXT() REPRESENTATION_CONTEXT('2D SPACE',''
  ) );
#2631 = PCURVE('',#1271,#2632);
#2632 = DEFINITIONAL_REPRESENTATION('',(#2633),#2637);
#2633 = LINE('',#2634,#2635);
#2634 = CARTESIAN_POINT('',(1.2,1.));
#2635 = VECTOR('',#2636,1.);
#2636 = DIRECTION('',(0.,-1.));
#2637 = ( GEOMETRIC_REPRESENTATION_CONTEXT(2)
PARAMETRIC_REPRESENTATION_CONTEXT() REPRESENTATION_CONTEXT('2D SPACE',''
  ) );
#2638 = ORIENTED_EDGE('',*,*,#2639,.T.);
#2639 = EDGE_CURVE('',#2617,#2640,#2642,.T.);
#2640 = VERTEX_POINT('',#2641);
#2641 = CARTESIAN_POINT('',(241.04391292746,-11.52299525369,
    359.99090791328));
#2642 = SURFACE_CURVE('',#2643,(#2647,#2654),.PCURVE_S1.);
#2643 = LINE('',#2644,#2645);
#2644 = CARTESIAN_POINT('',(241.04391292746,-11.52299525369,
    348.54090791328));
#2645 = VECTOR('',#2646,1.);
#2646 = DIRECTION('',(1.110223024625E-16,0.,1.));
#2647 = PCURVE('',#2601,#2648);
#2648 = DEFINITIONAL_REPRESENTATION('',(#2649),#2653);
#2649 = LINE('',#2650,#2651);
#2650 = CARTESIAN_POINT('',(0.,0.));
#2651 = VECTOR('',#2652,1.);
#2652 = DIRECTION('',(1.,0.));
#2653 = ( GEOMETRIC_REPRESENTATION_CONTEXT(2)
PARAMETRIC_REPRESENTATION_CONTEXT() REPRESENTATION_CONTEXT('2D SPACE',''
  ) );
#2654 = PCURVE('',#1299,#2655);
#2655 = DEFINITIONAL_REPRESENTATION('',(#2656),#2660);
#2656 = LINE('',#2657,#2658);
#2657 = CARTESIAN_POINT('',(0.,0.));
#2658 = VECTOR('',#2659,1.);
#2659 = DIRECTION('',(0.,1.));
#2660 = ( GEOMETRIC_REPRESENTATION_CONTEXT(2)
PARAMETRIC_REPRESENTATION_CONTEXT() REPRESENTATION_CONTEXT('2D SPACE',''
  ) );
#2661 = ORIENTED_EDGE('',*,*,#2662,.T.);
#2662 = EDGE_CURVE('',#2640,#2563,#2663,.T.);
#2663 = SURFACE_CURVE('',#2664,(#2668,#2675),.PCURVE_S1.);
#2664 = LINE('',#2665,#2666);
#2665 = CARTESIAN_POINT('',(241.04391292746,-11.52299525369,
    359.99090791328));
#2666 = VECTOR('',#2667,1.);
#2667 = DIRECTION('',(0.,1.,0.));
#2668 = PCURVE('',#2601,#2669);
#2669 = DEFINITIONAL_REPRESENTATION('',(#2670),#2674);
#2670 = LINE('',#2671,#2672);
#2671 = CARTESIAN_POINT('',(11.45,0.));
#2672 = VECTOR('',#2673,1.);
#2673 = DIRECTION('',(0.,1.));
#2674 = ( GEOMETRIC_REPRESENTATION_CONTEXT(2)
PARAMETRIC_REPRESENTATION_CONTEXT() REPRESENTATION_CONTEXT('2D SPACE',''
  ) );
#2675 = PCURVE('',#1327,#2676);
#2676 = DEFINITIONAL_REPRESENTATION('',(#2677),#2681);
#2677 = LINE('',#2678,#2679);
#2678 = CARTESIAN_POINT('',(1.2,1.));
#2679 = VECTOR('',#2680,1.);
#2680 = DIRECTION('',(0.,-1.));
#2681 = ( GEOMETRIC_REPRESENTATION_CONTEXT(2)
PARAMETRIC_REPRESENTATION_CONTEXT() REPRESENTATION_CONTEXT('2D SPACE',''
  ) );
#2682 = ORIENTED_EDGE('',*,*,#2587,.T.);
#2683 = ADVANCED_FACE('',(#2684),#1639,.T.);
#2684 = FACE_BOUND('',#2685,.T.);
#2685 = EDGE_LOOP('',(#2686,#2687,#2708,#2709));
#2686 = ORIENTED_EDGE('',*,*,#1625,.F.);
#2687 = ORIENTED_EDGE('',*,*,#2688,.T.);
#2688 = EDGE_CURVE('',#1574,#2046,#2689,.T.);
#2689 = SURFACE_CURVE('',#2690,(#2694,#2701),.PCURVE_S1.);
#2690 = LINE('',#2691,#2692);
#2691 = CARTESIAN_POINT('',(241.04391292746,10.527004746305,
    346.54090791328));
#2692 = VECTOR('',#2693,1.);
#2693 = DIRECTION('',(-1.,0.,1.110223024625E-16));
#2694 = PCURVE('',#1639,#2695);
#2695 = DEFINITIONAL_REPRESENTATION('',(#2696),#2700);
#2696 = LINE('',#2697,#2698);
#2697 = CARTESIAN_POINT('',(0.,0.));
#2698 = VECTOR('',#2699,1.);
#2699 = DIRECTION('',(1.,0.));
#2700 = ( GEOMETRIC_REPRESENTATION_CONTEXT(2)
PARAMETRIC_REPRESENTATION_CONTEXT() REPRESENTATION_CONTEXT('2D SPACE',''
  ) );
#2701 = PCURVE('',#1047,#2702);
#2702 = DEFINITIONAL_REPRESENTATION('',(#2703),#2707);
#2703 = LINE('',#2704,#2705);
#2704 = CARTESIAN_POINT('',(0.,-21.05));
#2705 = VECTOR('',#2706,1.);
#2706 = DIRECTION('',(1.,0.));
#2707 = ( GEOMETRIC_REPRESENTATION_CONTEXT(2)
PARAMETRIC_REPRESENTATION_CONTEXT() REPRESENTATION_CONTEXT('2D SPACE',''
  ) );
#2708 = ORIENTED_EDGE('',*,*,#2045,.T.);
#2709 = ORIENTED_EDGE('',*,*,#2535,.F.);
#2710 = ADVANCED_FACE('',(#2711),#1411,.T.);
#2711 = FACE_BOUND('',#2712,.T.);
#2712 = EDGE_LOOP('',(#2713,#2734,#2735,#2756));
#2713 = ORIENTED_EDGE('',*,*,#2714,.T.);
#2714 = EDGE_CURVE('',#1368,#2488,#2715,.T.);
#2715 = SURFACE_CURVE('',#2716,(#2720,#2727),.PCURVE_S1.);
#2716 = LINE('',#2717,#2718);
#2717 = CARTESIAN_POINT('',(241.04391292746,-9.522995253695,
    357.99090791328));
#2718 = VECTOR('',#2719,1.);
#2719 = DIRECTION('',(1.,0.,-1.110223024625E-16));
#2720 = PCURVE('',#1411,#2721);
#2721 = DEFINITIONAL_REPRESENTATION('',(#2722),#2726);
#2722 = LINE('',#2723,#2724);
#2723 = CARTESIAN_POINT('',(1.049160758271E-15,9.45));
#2724 = VECTOR('',#2725,1.);
#2725 = DIRECTION('',(-1.,0.));
#2726 = ( GEOMETRIC_REPRESENTATION_CONTEXT(2)
PARAMETRIC_REPRESENTATION_CONTEXT() REPRESENTATION_CONTEXT('2D SPACE',''
  ) );
#2727 = PCURVE('',#1383,#2728);
#2728 = DEFINITIONAL_REPRESENTATION('',(#2729),#2733);
#2729 = LINE('',#2730,#2731);
#2730 = CARTESIAN_POINT('',(0.,-1.));
#2731 = VECTOR('',#2732,1.);
#2732 = DIRECTION('',(-1.,0.));
#2733 = ( GEOMETRIC_REPRESENTATION_CONTEXT(2)
PARAMETRIC_REPRESENTATION_CONTEXT() REPRESENTATION_CONTEXT('2D SPACE',''
  ) );
#2734 = ORIENTED_EDGE('',*,*,#2487,.T.);
#2735 = ORIENTED_EDGE('',*,*,#2736,.T.);
#2736 = EDGE_CURVE('',#2465,#1396,#2737,.T.);
#2737 = SURFACE_CURVE('',#2738,(#2742,#2749),.PCURVE_S1.);
#2738 = LINE('',#2739,#2740);
#2739 = CARTESIAN_POINT('',(241.04391292746,-9.522995253695,
    348.54090791328));
#2740 = VECTOR('',#2741,1.);
#2741 = DIRECTION('',(-1.,0.,1.110223024625E-16));
#2742 = PCURVE('',#1411,#2743);
#2743 = DEFINITIONAL_REPRESENTATION('',(#2744),#2748);
#2744 = LINE('',#2745,#2746);
#2745 = CARTESIAN_POINT('',(0.,0.));
#2746 = VECTOR('',#2747,1.);
#2747 = DIRECTION('',(1.,0.));
#2748 = ( GEOMETRIC_REPRESENTATION_CONTEXT(2)
PARAMETRIC_REPRESENTATION_CONTEXT() REPRESENTATION_CONTEXT('2D SPACE',''
  ) );
#2749 = PCURVE('',#1108,#2750);
#2750 = DEFINITIONAL_REPRESENTATION('',(#2751),#2755);
#2751 = LINE('',#2752,#2753);
#2752 = CARTESIAN_POINT('',(0.,-1.));
#2753 = VECTOR('',#2754,1.);
#2754 = DIRECTION('',(1.,0.));
#2755 = ( GEOMETRIC_REPRESENTATION_CONTEXT(2)
PARAMETRIC_REPRESENTATION_CONTEXT() REPRESENTATION_CONTEXT('2D SPACE',''
  ) );
#2756 = ORIENTED_EDGE('',*,*,#1395,.T.);
#2757 = ADVANCED_FACE('',(#2758,#2788,#2902),#1383,.F.);
#2758 = FACE_BOUND('',#2759,.F.);
#2759 = EDGE_LOOP('',(#2760,#2761,#2762,#2763,#2764,#2765,#2766,#2767));
#2760 = ORIENTED_EDGE('',*,*,#1367,.F.);
#2761 = ORIENTED_EDGE('',*,*,#2714,.T.);
#2762 = ORIENTED_EDGE('',*,*,#2510,.T.);
#2763 = ORIENTED_EDGE('',*,*,#2388,.F.);
#2764 = ORIENTED_EDGE('',*,*,#2165,.F.);
#2765 = ORIENTED_EDGE('',*,*,#2271,.F.);
#2766 = ORIENTED_EDGE('',*,*,#2318,.T.);
#2767 = ORIENTED_EDGE('',*,*,#2768,.T.);
#2768 = EDGE_CURVE('',#2319,#1340,#2769,.T.);
#2769 = SURFACE_CURVE('',#2770,(#2774,#2781),.PCURVE_S1.);
#2770 = LINE('',#2771,#2772);
#2771 = CARTESIAN_POINT('',(239.29391292746,-6.722995253695,
    357.99090791328));
#2772 = VECTOR('',#2773,1.);
#2773 = DIRECTION('',(-1.,0.,1.110223024625E-16));
#2774 = PCURVE('',#1383,#2775);
#2775 = DEFINITIONAL_REPRESENTATION('',(#2776),#2780);
#2776 = LINE('',#2777,#2778);
#2777 = CARTESIAN_POINT('',(1.75,-3.8));
#2778 = VECTOR('',#2779,1.);
#2779 = DIRECTION('',(1.,0.));
#2780 = ( GEOMETRIC_REPRESENTATION_CONTEXT(2)
PARAMETRIC_REPRESENTATION_CONTEXT() REPRESENTATION_CONTEXT('2D SPACE',''
  ) );
#2781 = PCURVE('',#1355,#2782);
#2782 = DEFINITIONAL_REPRESENTATION('',(#2783),#2787);
#2783 = LINE('',#2784,#2785);
#2784 = CARTESIAN_POINT('',(-1.75,9.999999999997E-02));
#2785 = VECTOR('',#2786,1.);
#2786 = DIRECTION('',(1.,0.));
#2787 = ( GEOMETRIC_REPRESENTATION_CONTEXT(2)
PARAMETRIC_REPRESENTATION_CONTEXT() REPRESENTATION_CONTEXT('2D SPACE',''
  ) );
#2788 = FACE_BOUND('',#2789,.F.);
#2789 = EDGE_LOOP('',(#2790,#2820,#2848,#2876));
#2790 = ORIENTED_EDGE('',*,*,#2791,.F.);
#2791 = EDGE_CURVE('',#2792,#2794,#2796,.T.);
#2792 = VERTEX_POINT('',#2793);
#2793 = CARTESIAN_POINT('',(220.84391292746,7.577004746305,
    357.99090791328));
#2794 = VERTEX_POINT('',#2795);
#2795 = CARTESIAN_POINT('',(222.04391292746,7.577004746305,
    357.99090791328));
#2796 = SURFACE_CURVE('',#2797,(#2801,#2808),.PCURVE_S1.);
#2797 = LINE('',#2798,#2799);
#2798 = CARTESIAN_POINT('',(231.54391292746,7.577004746305,
    357.99090791328));
#2799 = VECTOR('',#2800,1.);
#2800 = DIRECTION('',(1.,0.,-1.110223024625E-16));
#2801 = PCURVE('',#1383,#2802);
#2802 = DEFINITIONAL_REPRESENTATION('',(#2803),#2807);
#2803 = LINE('',#2804,#2805);
#2804 = CARTESIAN_POINT('',(9.5,-18.1));
#2805 = VECTOR('',#2806,1.);
#2806 = DIRECTION('',(-1.,0.));
#2807 = ( GEOMETRIC_REPRESENTATION_CONTEXT(2)
PARAMETRIC_REPRESENTATION_CONTEXT() REPRESENTATION_CONTEXT('2D SPACE',''
  ) );
#2808 = PCURVE('',#2809,#2814);
#2809 = PLANE('',#2810);
#2810 = AXIS2_PLACEMENT_3D('',#2811,#2812,#2813);
#2811 = CARTESIAN_POINT('',(222.04391292746,7.577004746305,
    349.54090791328));
#2812 = DIRECTION('',(0.,1.,0.));
#2813 = DIRECTION('',(-1.,0.,1.110223024625E-16));
#2814 = DEFINITIONAL_REPRESENTATION('',(#2815),#2819);
#2815 = LINE('',#2816,#2817);
#2816 = CARTESIAN_POINT('',(-9.5,8.45));
#2817 = VECTOR('',#2818,1.);
#2818 = DIRECTION('',(-1.,0.));
#2819 = ( GEOMETRIC_REPRESENTATION_CONTEXT(2)
PARAMETRIC_REPRESENTATION_CONTEXT() REPRESENTATION_CONTEXT('2D SPACE',''
  ) );
#2820 = ORIENTED_EDGE('',*,*,#2821,.T.);
#2821 = EDGE_CURVE('',#2792,#2822,#2824,.T.);
#2822 = VERTEX_POINT('',#2823);
#2823 = CARTESIAN_POINT('',(220.84391292746,9.377004746305,
    357.99090791328));
#2824 = SURFACE_CURVE('',#2825,(#2829,#2836),.PCURVE_S1.);
#2825 = LINE('',#2826,#2827);
#2826 = CARTESIAN_POINT('',(220.84391292746,-1.472995253695,
    357.99090791328));
#2827 = VECTOR('',#2828,1.);
#2828 = DIRECTION('',(0.,1.,0.));
#2829 = PCURVE('',#1383,#2830);
#2830 = DEFINITIONAL_REPRESENTATION('',(#2831),#2835);
#2831 = LINE('',#2832,#2833);
#2832 = CARTESIAN_POINT('',(20.2,-9.05));
#2833 = VECTOR('',#2834,1.);
#2834 = DIRECTION('',(0.,-1.));
#2835 = ( GEOMETRIC_REPRESENTATION_CONTEXT(2)
PARAMETRIC_REPRESENTATION_CONTEXT() REPRESENTATION_CONTEXT('2D SPACE',''
  ) );
#2836 = PCURVE('',#2837,#2842);
#2837 = PLANE('',#2838);
#2838 = AXIS2_PLACEMENT_3D('',#2839,#2840,#2841);
#2839 = CARTESIAN_POINT('',(220.84391292746,7.577004746305,
    349.54090791328));
#2840 = DIRECTION('',(-1.,0.,1.110223024625E-16));
#2841 = DIRECTION('',(1.110223024625E-16,0.,1.));
#2842 = DEFINITIONAL_REPRESENTATION('',(#2843),#2847);
#2843 = LINE('',#2844,#2845);
#2844 = CARTESIAN_POINT('',(8.45,-9.05));
#2845 = VECTOR('',#2846,1.);
#2846 = DIRECTION('',(0.,1.));
#2847 = ( GEOMETRIC_REPRESENTATION_CONTEXT(2)
PARAMETRIC_REPRESENTATION_CONTEXT() REPRESENTATION_CONTEXT('2D SPACE',''
  ) );
#2848 = ORIENTED_EDGE('',*,*,#2849,.T.);
#2849 = EDGE_CURVE('',#2822,#2850,#2852,.T.);
#2850 = VERTEX_POINT('',#2851);
#2851 = CARTESIAN_POINT('',(222.04391292746,9.377004746305,
    357.99090791328));
#2852 = SURFACE_CURVE('',#2853,(#2857,#2864),.PCURVE_S1.);
#2853 = LINE('',#2854,#2855);
#2854 = CARTESIAN_POINT('',(231.54391292746,9.377004746305,
    357.99090791328));
#2855 = VECTOR('',#2856,1.);
#2856 = DIRECTION('',(1.,0.,-1.110223024625E-16));
#2857 = PCURVE('',#1383,#2858);
#2858 = DEFINITIONAL_REPRESENTATION('',(#2859),#2863);
#2859 = LINE('',#2860,#2861);
#2860 = CARTESIAN_POINT('',(9.5,-19.9));
#2861 = VECTOR('',#2862,1.);
#2862 = DIRECTION('',(-1.,0.));
#2863 = ( GEOMETRIC_REPRESENTATION_CONTEXT(2)
PARAMETRIC_REPRESENTATION_CONTEXT() REPRESENTATION_CONTEXT('2D SPACE',''
  ) );
#2864 = PCURVE('',#2865,#2870);
#2865 = PLANE('',#2866);
#2866 = AXIS2_PLACEMENT_3D('',#2867,#2868,#2869);
#2867 = CARTESIAN_POINT('',(222.04391292746,9.377004746305,
    349.54090791328));
#2868 = DIRECTION('',(0.,1.,0.));
#2869 = DIRECTION('',(-1.,0.,1.110223024625E-16));
#2870 = DEFINITIONAL_REPRESENTATION('',(#2871),#2875);
#2871 = LINE('',#2872,#2873);
#2872 = CARTESIAN_POINT('',(-9.5,8.45));
#2873 = VECTOR('',#2874,1.);
#2874 = DIRECTION('',(-1.,0.));
#2875 = ( GEOMETRIC_REPRESENTATION_CONTEXT(2)
PARAMETRIC_REPRESENTATION_CONTEXT() REPRESENTATION_CONTEXT('2D SPACE',''
  ) );
#2876 = ORIENTED_EDGE('',*,*,#2877,.F.);
#2877 = EDGE_CURVE('',#2794,#2850,#2878,.T.);
#2878 = SURFACE_CURVE('',#2879,(#2883,#2890),.PCURVE_S1.);
#2879 = LINE('',#2880,#2881);
#2880 = CARTESIAN_POINT('',(222.04391292746,-1.472995253695,
    357.99090791328));
#2881 = VECTOR('',#2882,1.);
#2882 = DIRECTION('',(0.,1.,0.));
#2883 = PCURVE('',#1383,#2884);
#2884 = DEFINITIONAL_REPRESENTATION('',(#2885),#2889);
#2885 = LINE('',#2886,#2887);
#2886 = CARTESIAN_POINT('',(19.,-9.05));
#2887 = VECTOR('',#2888,1.);
#2888 = DIRECTION('',(0.,-1.));
#2889 = ( GEOMETRIC_REPRESENTATION_CONTEXT(2)
PARAMETRIC_REPRESENTATION_CONTEXT() REPRESENTATION_CONTEXT('2D SPACE',''
  ) );
#2890 = PCURVE('',#2891,#2896);
#2891 = PLANE('',#2892);
#2892 = AXIS2_PLACEMENT_3D('',#2893,#2894,#2895);
#2893 = CARTESIAN_POINT('',(222.04391292746,7.577004746305,
    349.54090791328));
#2894 = DIRECTION('',(-1.,0.,1.110223024625E-16));
#2895 = DIRECTION('',(1.110223024625E-16,0.,1.));
#2896 = DEFINITIONAL_REPRESENTATION('',(#2897),#2901);
#2897 = LINE('',#2898,#2899);
#2898 = CARTESIAN_POINT('',(8.45,-9.05));
#2899 = VECTOR('',#2900,1.);
#2900 = DIRECTION('',(0.,1.));
#2901 = ( GEOMETRIC_REPRESENTATION_CONTEXT(2)
PARAMETRIC_REPRESENTATION_CONTEXT() REPRESENTATION_CONTEXT('2D SPACE',''
  ) );
#2902 = FACE_BOUND('',#2903,.F.);
#2903 = EDGE_LOOP('',(#2904,#2934,#2962,#2990));
#2904 = ORIENTED_EDGE('',*,*,#2905,.F.);
#2905 = EDGE_CURVE('',#2906,#2908,#2910,.T.);
#2906 = VERTEX_POINT('',#2907);
#2907 = CARTESIAN_POINT('',(220.84391292746,-9.372995253695,
    357.99090791328));
#2908 = VERTEX_POINT('',#2909);
#2909 = CARTESIAN_POINT('',(222.04391292746,-9.372995253695,
    357.99090791328));
#2910 = SURFACE_CURVE('',#2911,(#2915,#2922),.PCURVE_S1.);
#2911 = LINE('',#2912,#2913);
#2912 = CARTESIAN_POINT('',(231.54391292746,-9.372995253695,
    357.99090791328));
#2913 = VECTOR('',#2914,1.);
#2914 = DIRECTION('',(1.,0.,-1.110223024625E-16));
#2915 = PCURVE('',#1383,#2916);
#2916 = DEFINITIONAL_REPRESENTATION('',(#2917),#2921);
#2917 = LINE('',#2918,#2919);
#2918 = CARTESIAN_POINT('',(9.5,-1.15));
#2919 = VECTOR('',#2920,1.);
#2920 = DIRECTION('',(-1.,0.));
#2921 = ( GEOMETRIC_REPRESENTATION_CONTEXT(2)
PARAMETRIC_REPRESENTATION_CONTEXT() REPRESENTATION_CONTEXT('2D SPACE',''
  ) );
#2922 = PCURVE('',#2923,#2928);
#2923 = PLANE('',#2924);
#2924 = AXIS2_PLACEMENT_3D('',#2925,#2926,#2927);
#2925 = CARTESIAN_POINT('',(222.04391292746,-9.372995253695,
    349.54090791328));
#2926 = DIRECTION('',(0.,1.,0.));
#2927 = DIRECTION('',(-1.,0.,1.110223024625E-16));
#2928 = DEFINITIONAL_REPRESENTATION('',(#2929),#2933);
#2929 = LINE('',#2930,#2931);
#2930 = CARTESIAN_POINT('',(-9.5,8.45));
#2931 = VECTOR('',#2932,1.);
#2932 = DIRECTION('',(-1.,0.));
#2933 = ( GEOMETRIC_REPRESENTATION_CONTEXT(2)
PARAMETRIC_REPRESENTATION_CONTEXT() REPRESENTATION_CONTEXT('2D SPACE',''
  ) );
#2934 = ORIENTED_EDGE('',*,*,#2935,.T.);
#2935 = EDGE_CURVE('',#2906,#2936,#2938,.T.);
#2936 = VERTEX_POINT('',#2937);
#2937 = CARTESIAN_POINT('',(220.84391292746,-7.572995253695,
    357.99090791328));
#2938 = SURFACE_CURVE('',#2939,(#2943,#2950),.PCURVE_S1.);
#2939 = LINE('',#2940,#2941);
#2940 = CARTESIAN_POINT('',(220.84391292746,-9.947995253695,
    357.99090791328));
#2941 = VECTOR('',#2942,1.);
#2942 = DIRECTION('',(0.,1.,0.));
#2943 = PCURVE('',#1383,#2944);
#2944 = DEFINITIONAL_REPRESENTATION('',(#2945),#2949);
#2945 = LINE('',#2946,#2947);
#2946 = CARTESIAN_POINT('',(20.2,-0.575));
#2947 = VECTOR('',#2948,1.);
#2948 = DIRECTION('',(0.,-1.));
#2949 = ( GEOMETRIC_REPRESENTATION_CONTEXT(2)
PARAMETRIC_REPRESENTATION_CONTEXT() REPRESENTATION_CONTEXT('2D SPACE',''
  ) );
#2950 = PCURVE('',#2951,#2956);
#2951 = PLANE('',#2952);
#2952 = AXIS2_PLACEMENT_3D('',#2953,#2954,#2955);
#2953 = CARTESIAN_POINT('',(220.84391292746,-9.372995253695,
    349.54090791328));
#2954 = DIRECTION('',(-1.,0.,1.110223024625E-16));
#2955 = DIRECTION('',(1.110223024625E-16,0.,1.));
#2956 = DEFINITIONAL_REPRESENTATION('',(#2957),#2961);
#2957 = LINE('',#2958,#2959);
#2958 = CARTESIAN_POINT('',(8.45,-0.575));
#2959 = VECTOR('',#2960,1.);
#2960 = DIRECTION('',(0.,1.));
#2961 = ( GEOMETRIC_REPRESENTATION_CONTEXT(2)
PARAMETRIC_REPRESENTATION_CONTEXT() REPRESENTATION_CONTEXT('2D SPACE',''
  ) );
#2962 = ORIENTED_EDGE('',*,*,#2963,.T.);
#2963 = EDGE_CURVE('',#2936,#2964,#2966,.T.);
#2964 = VERTEX_POINT('',#2965);
#2965 = CARTESIAN_POINT('',(222.04391292746,-7.572995253695,
    357.99090791328));
#2966 = SURFACE_CURVE('',#2967,(#2971,#2978),.PCURVE_S1.);
#2967 = LINE('',#2968,#2969);
#2968 = CARTESIAN_POINT('',(231.54391292746,-7.572995253695,
    357.99090791328));
#2969 = VECTOR('',#2970,1.);
#2970 = DIRECTION('',(1.,0.,-1.110223024625E-16));
#2971 = PCURVE('',#1383,#2972);
#2972 = DEFINITIONAL_REPRESENTATION('',(#2973),#2977);
#2973 = LINE('',#2974,#2975);
#2974 = CARTESIAN_POINT('',(9.5,-2.95));
#2975 = VECTOR('',#2976,1.);
#2976 = DIRECTION('',(-1.,0.));
#2977 = ( GEOMETRIC_REPRESENTATION_CONTEXT(2)
PARAMETRIC_REPRESENTATION_CONTEXT() REPRESENTATION_CONTEXT('2D SPACE',''
  ) );
#2978 = PCURVE('',#2979,#2984);
#2979 = PLANE('',#2980);
#2980 = AXIS2_PLACEMENT_3D('',#2981,#2982,#2983);
#2981 = CARTESIAN_POINT('',(222.04391292746,-7.572995253695,
    349.54090791328));
#2982 = DIRECTION('',(0.,1.,0.));
#2983 = DIRECTION('',(-1.,0.,1.110223024625E-16));
#2984 = DEFINITIONAL_REPRESENTATION('',(#2985),#2989);
#2985 = LINE('',#2986,#2987);
#2986 = CARTESIAN_POINT('',(-9.5,8.45));
#2987 = VECTOR('',#2988,1.);
#2988 = DIRECTION('',(-1.,0.));
#2989 = ( GEOMETRIC_REPRESENTATION_CONTEXT(2)
PARAMETRIC_REPRESENTATION_CONTEXT() REPRESENTATION_CONTEXT('2D SPACE',''
  ) );
#2990 = ORIENTED_EDGE('',*,*,#2991,.F.);
#2991 = EDGE_CURVE('',#2908,#2964,#2992,.T.);
#2992 = SURFACE_CURVE('',#2993,(#2997,#3004),.PCURVE_S1.);
#2993 = LINE('',#2994,#2995);
#2994 = CARTESIAN_POINT('',(222.04391292746,-9.947995253695,
    357.99090791328));
#2995 = VECTOR('',#2996,1.);
#2996 = DIRECTION('',(0.,1.,0.));
#2997 = PCURVE('',#1383,#2998);
#2998 = DEFINITIONAL_REPRESENTATION('',(#2999),#3003);
#2999 = LINE('',#3000,#3001);
#3000 = CARTESIAN_POINT('',(19.,-0.575));
#3001 = VECTOR('',#3002,1.);
#3002 = DIRECTION('',(0.,-1.));
#3003 = ( GEOMETRIC_REPRESENTATION_CONTEXT(2)
PARAMETRIC_REPRESENTATION_CONTEXT() REPRESENTATION_CONTEXT('2D SPACE',''
  ) );
#3004 = PCURVE('',#3005,#3010);
#3005 = PLANE('',#3006);
#3006 = AXIS2_PLACEMENT_3D('',#3007,#3008,#3009);
#3007 = CARTESIAN_POINT('',(222.04391292746,-9.372995253695,
    349.54090791328));
#3008 = DIRECTION('',(-1.,0.,1.110223024625E-16));
#3009 = DIRECTION('',(1.110223024625E-16,0.,1.));
#3010 = DEFINITIONAL_REPRESENTATION('',(#3011),#3015);
#3011 = LINE('',#3012,#3013);
#3012 = CARTESIAN_POINT('',(8.45,-0.575));
#3013 = VECTOR('',#3014,1.);
#3014 = DIRECTION('',(0.,1.));
#3015 = ( GEOMETRIC_REPRESENTATION_CONTEXT(2)
PARAMETRIC_REPRESENTATION_CONTEXT() REPRESENTATION_CONTEXT('2D SPACE',''
  ) );
#3016 = ADVANCED_FACE('',(#3017),#2951,.T.);
#3017 = FACE_BOUND('',#3018,.T.);
#3018 = EDGE_LOOP('',(#3019,#3042,#3070,#3091));
#3019 = ORIENTED_EDGE('',*,*,#3020,.F.);
#3020 = EDGE_CURVE('',#3021,#2936,#3023,.T.);
#3021 = VERTEX_POINT('',#3022);
#3022 = CARTESIAN_POINT('',(220.84391292746,-7.572995253695,
    349.54090791328));
#3023 = SURFACE_CURVE('',#3024,(#3028,#3035),.PCURVE_S1.);
#3024 = LINE('',#3025,#3026);
#3025 = CARTESIAN_POINT('',(220.84391292746,-7.572995253695,
    349.54090791328));
#3026 = VECTOR('',#3027,1.);
#3027 = DIRECTION('',(1.110223024625E-16,0.,1.));
#3028 = PCURVE('',#2951,#3029);
#3029 = DEFINITIONAL_REPRESENTATION('',(#3030),#3034);
#3030 = LINE('',#3031,#3032);
#3031 = CARTESIAN_POINT('',(0.,1.8));
#3032 = VECTOR('',#3033,1.);
#3033 = DIRECTION('',(1.,0.));
#3034 = ( GEOMETRIC_REPRESENTATION_CONTEXT(2)
PARAMETRIC_REPRESENTATION_CONTEXT() REPRESENTATION_CONTEXT('2D SPACE',''
  ) );
#3035 = PCURVE('',#2979,#3036);
#3036 = DEFINITIONAL_REPRESENTATION('',(#3037),#3041);
#3037 = LINE('',#3038,#3039);
#3038 = CARTESIAN_POINT('',(1.2,-1.33226762955E-16));
#3039 = VECTOR('',#3040,1.);
#3040 = DIRECTION('',(0.,1.));
#3041 = ( GEOMETRIC_REPRESENTATION_CONTEXT(2)
PARAMETRIC_REPRESENTATION_CONTEXT() REPRESENTATION_CONTEXT('2D SPACE',''
  ) );
#3042 = ORIENTED_EDGE('',*,*,#3043,.F.);
#3043 = EDGE_CURVE('',#3044,#3021,#3046,.T.);
#3044 = VERTEX_POINT('',#3045);
#3045 = CARTESIAN_POINT('',(220.84391292746,-9.372995253695,
    349.54090791328));
#3046 = SURFACE_CURVE('',#3047,(#3051,#3058),.PCURVE_S1.);
#3047 = LINE('',#3048,#3049);
#3048 = CARTESIAN_POINT('',(220.84391292746,-9.372995253695,
    349.54090791328));
#3049 = VECTOR('',#3050,1.);
#3050 = DIRECTION('',(0.,1.,0.));
#3051 = PCURVE('',#2951,#3052);
#3052 = DEFINITIONAL_REPRESENTATION('',(#3053),#3057);
#3053 = LINE('',#3054,#3055);
#3054 = CARTESIAN_POINT('',(0.,0.));
#3055 = VECTOR('',#3056,1.);
#3056 = DIRECTION('',(0.,1.));
#3057 = ( GEOMETRIC_REPRESENTATION_CONTEXT(2)
PARAMETRIC_REPRESENTATION_CONTEXT() REPRESENTATION_CONTEXT('2D SPACE',''
  ) );
#3058 = PCURVE('',#3059,#3064);
#3059 = PLANE('',#3060);
#3060 = AXIS2_PLACEMENT_3D('',#3061,#3062,#3063);
#3061 = CARTESIAN_POINT('',(222.04391292746,-9.372995253695,
    349.54090791328));
#3062 = DIRECTION('',(1.110223024625E-16,0.,1.));
#3063 = DIRECTION('',(-1.,0.,1.110223024625E-16));
#3064 = DEFINITIONAL_REPRESENTATION('',(#3065),#3069);
#3065 = LINE('',#3066,#3067);
#3066 = CARTESIAN_POINT('',(1.2,0.));
#3067 = VECTOR('',#3068,1.);
#3068 = DIRECTION('',(0.,-1.));
#3069 = ( GEOMETRIC_REPRESENTATION_CONTEXT(2)
PARAMETRIC_REPRESENTATION_CONTEXT() REPRESENTATION_CONTEXT('2D SPACE',''
  ) );
#3070 = ORIENTED_EDGE('',*,*,#3071,.T.);
#3071 = EDGE_CURVE('',#3044,#2906,#3072,.T.);
#3072 = SURFACE_CURVE('',#3073,(#3077,#3084),.PCURVE_S1.);
#3073 = LINE('',#3074,#3075);
#3074 = CARTESIAN_POINT('',(220.84391292746,-9.372995253695,
    349.54090791328));
#3075 = VECTOR('',#3076,1.);
#3076 = DIRECTION('',(1.110223024625E-16,0.,1.));
#3077 = PCURVE('',#2951,#3078);
#3078 = DEFINITIONAL_REPRESENTATION('',(#3079),#3083);
#3079 = LINE('',#3080,#3081);
#3080 = CARTESIAN_POINT('',(0.,0.));
#3081 = VECTOR('',#3082,1.);
#3082 = DIRECTION('',(1.,0.));
#3083 = ( GEOMETRIC_REPRESENTATION_CONTEXT(2)
PARAMETRIC_REPRESENTATION_CONTEXT() REPRESENTATION_CONTEXT('2D SPACE',''
  ) );
#3084 = PCURVE('',#2923,#3085);
#3085 = DEFINITIONAL_REPRESENTATION('',(#3086),#3090);
#3086 = LINE('',#3087,#3088);
#3087 = CARTESIAN_POINT('',(1.2,-1.33226762955E-16));
#3088 = VECTOR('',#3089,1.);
#3089 = DIRECTION('',(0.,1.));
#3090 = ( GEOMETRIC_REPRESENTATION_CONTEXT(2)
PARAMETRIC_REPRESENTATION_CONTEXT() REPRESENTATION_CONTEXT('2D SPACE',''
  ) );
#3091 = ORIENTED_EDGE('',*,*,#2935,.T.);
#3092 = ADVANCED_FACE('',(#3093),#3059,.F.);
#3093 = FACE_BOUND('',#3094,.F.);
#3094 = EDGE_LOOP('',(#3095,#3118,#3141,#3162));
#3095 = ORIENTED_EDGE('',*,*,#3096,.F.);
#3096 = EDGE_CURVE('',#3097,#3044,#3099,.T.);
#3097 = VERTEX_POINT('',#3098);
#3098 = CARTESIAN_POINT('',(222.04391292746,-9.372995253695,
    349.54090791328));
#3099 = SURFACE_CURVE('',#3100,(#3104,#3111),.PCURVE_S1.);
#3100 = LINE('',#3101,#3102);
#3101 = CARTESIAN_POINT('',(222.04391292746,-9.372995253695,
    349.54090791328));
#3102 = VECTOR('',#3103,1.);
#3103 = DIRECTION('',(-1.,0.,1.110223024625E-16));
#3104 = PCURVE('',#3059,#3105);
#3105 = DEFINITIONAL_REPRESENTATION('',(#3106),#3110);
#3106 = LINE('',#3107,#3108);
#3107 = CARTESIAN_POINT('',(0.,0.));
#3108 = VECTOR('',#3109,1.);
#3109 = DIRECTION('',(1.,0.));
#3110 = ( GEOMETRIC_REPRESENTATION_CONTEXT(2)
PARAMETRIC_REPRESENTATION_CONTEXT() REPRESENTATION_CONTEXT('2D SPACE',''
  ) );
#3111 = PCURVE('',#2923,#3112);
#3112 = DEFINITIONAL_REPRESENTATION('',(#3113),#3117);
#3113 = LINE('',#3114,#3115);
#3114 = CARTESIAN_POINT('',(0.,0.));
#3115 = VECTOR('',#3116,1.);
#3116 = DIRECTION('',(1.,0.));
#3117 = ( GEOMETRIC_REPRESENTATION_CONTEXT(2)
PARAMETRIC_REPRESENTATION_CONTEXT() REPRESENTATION_CONTEXT('2D SPACE',''
  ) );
#3118 = ORIENTED_EDGE('',*,*,#3119,.T.);
#3119 = EDGE_CURVE('',#3097,#3120,#3122,.T.);
#3120 = VERTEX_POINT('',#3121);
#3121 = CARTESIAN_POINT('',(222.04391292746,-7.572995253695,
    349.54090791328));
#3122 = SURFACE_CURVE('',#3123,(#3127,#3134),.PCURVE_S1.);
#3123 = LINE('',#3124,#3125);
#3124 = CARTESIAN_POINT('',(222.04391292746,-9.372995253695,
    349.54090791328));
#3125 = VECTOR('',#3126,1.);
#3126 = DIRECTION('',(0.,1.,0.));
#3127 = PCURVE('',#3059,#3128);
#3128 = DEFINITIONAL_REPRESENTATION('',(#3129),#3133);
#3129 = LINE('',#3130,#3131);
#3130 = CARTESIAN_POINT('',(0.,0.));
#3131 = VECTOR('',#3132,1.);
#3132 = DIRECTION('',(0.,-1.));
#3133 = ( GEOMETRIC_REPRESENTATION_CONTEXT(2)
PARAMETRIC_REPRESENTATION_CONTEXT() REPRESENTATION_CONTEXT('2D SPACE',''
  ) );
#3134 = PCURVE('',#3005,#3135);
#3135 = DEFINITIONAL_REPRESENTATION('',(#3136),#3140);
#3136 = LINE('',#3137,#3138);
#3137 = CARTESIAN_POINT('',(0.,0.));
#3138 = VECTOR('',#3139,1.);
#3139 = DIRECTION('',(0.,1.));
#3140 = ( GEOMETRIC_REPRESENTATION_CONTEXT(2)
PARAMETRIC_REPRESENTATION_CONTEXT() REPRESENTATION_CONTEXT('2D SPACE',''
  ) );
#3141 = ORIENTED_EDGE('',*,*,#3142,.T.);
#3142 = EDGE_CURVE('',#3120,#3021,#3143,.T.);
#3143 = SURFACE_CURVE('',#3144,(#3148,#3155),.PCURVE_S1.);
#3144 = LINE('',#3145,#3146);
#3145 = CARTESIAN_POINT('',(222.04391292746,-7.572995253695,
    349.54090791328));
#3146 = VECTOR('',#3147,1.);
#3147 = DIRECTION('',(-1.,0.,1.110223024625E-16));
#3148 = PCURVE('',#3059,#3149);
#3149 = DEFINITIONAL_REPRESENTATION('',(#3150),#3154);
#3150 = LINE('',#3151,#3152);
#3151 = CARTESIAN_POINT('',(0.,-1.8));
#3152 = VECTOR('',#3153,1.);
#3153 = DIRECTION('',(1.,0.));
#3154 = ( GEOMETRIC_REPRESENTATION_CONTEXT(2)
PARAMETRIC_REPRESENTATION_CONTEXT() REPRESENTATION_CONTEXT('2D SPACE',''
  ) );
#3155 = PCURVE('',#2979,#3156);
#3156 = DEFINITIONAL_REPRESENTATION('',(#3157),#3161);
#3157 = LINE('',#3158,#3159);
#3158 = CARTESIAN_POINT('',(0.,0.));
#3159 = VECTOR('',#3160,1.);
#3160 = DIRECTION('',(1.,0.));
#3161 = ( GEOMETRIC_REPRESENTATION_CONTEXT(2)
PARAMETRIC_REPRESENTATION_CONTEXT() REPRESENTATION_CONTEXT('2D SPACE',''
  ) );
#3162 = ORIENTED_EDGE('',*,*,#3043,.F.);
#3163 = ADVANCED_FACE('',(#3164),#2979,.T.);
#3164 = FACE_BOUND('',#3165,.T.);
#3165 = EDGE_LOOP('',(#3166,#3187,#3188,#3189));
#3166 = ORIENTED_EDGE('',*,*,#3167,.F.);
#3167 = EDGE_CURVE('',#3120,#2964,#3168,.T.);
#3168 = SURFACE_CURVE('',#3169,(#3173,#3180),.PCURVE_S1.);
#3169 = LINE('',#3170,#3171);
#3170 = CARTESIAN_POINT('',(222.04391292746,-7.572995253695,
    349.54090791328));
#3171 = VECTOR('',#3172,1.);
#3172 = DIRECTION('',(1.110223024625E-16,0.,1.));
#3173 = PCURVE('',#2979,#3174);
#3174 = DEFINITIONAL_REPRESENTATION('',(#3175),#3179);
#3175 = LINE('',#3176,#3177);
#3176 = CARTESIAN_POINT('',(0.,0.));
#3177 = VECTOR('',#3178,1.);
#3178 = DIRECTION('',(0.,1.));
#3179 = ( GEOMETRIC_REPRESENTATION_CONTEXT(2)
PARAMETRIC_REPRESENTATION_CONTEXT() REPRESENTATION_CONTEXT('2D SPACE',''
  ) );
#3180 = PCURVE('',#3005,#3181);
#3181 = DEFINITIONAL_REPRESENTATION('',(#3182),#3186);
#3182 = LINE('',#3183,#3184);
#3183 = CARTESIAN_POINT('',(0.,1.8));
#3184 = VECTOR('',#3185,1.);
#3185 = DIRECTION('',(1.,0.));
#3186 = ( GEOMETRIC_REPRESENTATION_CONTEXT(2)
PARAMETRIC_REPRESENTATION_CONTEXT() REPRESENTATION_CONTEXT('2D SPACE',''
  ) );
#3187 = ORIENTED_EDGE('',*,*,#3142,.T.);
#3188 = ORIENTED_EDGE('',*,*,#3020,.T.);
#3189 = ORIENTED_EDGE('',*,*,#2963,.T.);
#3190 = ADVANCED_FACE('',(#3191),#3005,.F.);
#3191 = FACE_BOUND('',#3192,.F.);
#3192 = EDGE_LOOP('',(#3193,#3194,#3195,#3216));
#3193 = ORIENTED_EDGE('',*,*,#3167,.F.);
#3194 = ORIENTED_EDGE('',*,*,#3119,.F.);
#3195 = ORIENTED_EDGE('',*,*,#3196,.T.);
#3196 = EDGE_CURVE('',#3097,#2908,#3197,.T.);
#3197 = SURFACE_CURVE('',#3198,(#3202,#3209),.PCURVE_S1.);
#3198 = LINE('',#3199,#3200);
#3199 = CARTESIAN_POINT('',(222.04391292746,-9.372995253695,
    349.54090791328));
#3200 = VECTOR('',#3201,1.);
#3201 = DIRECTION('',(1.110223024625E-16,0.,1.));
#3202 = PCURVE('',#3005,#3203);
#3203 = DEFINITIONAL_REPRESENTATION('',(#3204),#3208);
#3204 = LINE('',#3205,#3206);
#3205 = CARTESIAN_POINT('',(0.,0.));
#3206 = VECTOR('',#3207,1.);
#3207 = DIRECTION('',(1.,0.));
#3208 = ( GEOMETRIC_REPRESENTATION_CONTEXT(2)
PARAMETRIC_REPRESENTATION_CONTEXT() REPRESENTATION_CONTEXT('2D SPACE',''
  ) );
#3209 = PCURVE('',#2923,#3210);
#3210 = DEFINITIONAL_REPRESENTATION('',(#3211),#3215);
#3211 = LINE('',#3212,#3213);
#3212 = CARTESIAN_POINT('',(0.,0.));
#3213 = VECTOR('',#3214,1.);
#3214 = DIRECTION('',(0.,1.));
#3215 = ( GEOMETRIC_REPRESENTATION_CONTEXT(2)
PARAMETRIC_REPRESENTATION_CONTEXT() REPRESENTATION_CONTEXT('2D SPACE',''
  ) );
#3216 = ORIENTED_EDGE('',*,*,#2991,.T.);
#3217 = ADVANCED_FACE('',(#3218),#2923,.F.);
#3218 = FACE_BOUND('',#3219,.F.);
#3219 = EDGE_LOOP('',(#3220,#3221,#3222,#3223));
#3220 = ORIENTED_EDGE('',*,*,#3196,.F.);
#3221 = ORIENTED_EDGE('',*,*,#3096,.T.);
#3222 = ORIENTED_EDGE('',*,*,#3071,.T.);
#3223 = ORIENTED_EDGE('',*,*,#2905,.T.);
#3224 = ADVANCED_FACE('',(#3225),#2837,.T.);
#3225 = FACE_BOUND('',#3226,.T.);
#3226 = EDGE_LOOP('',(#3227,#3250,#3278,#3299));
#3227 = ORIENTED_EDGE('',*,*,#3228,.F.);
#3228 = EDGE_CURVE('',#3229,#2822,#3231,.T.);
#3229 = VERTEX_POINT('',#3230);
#3230 = CARTESIAN_POINT('',(220.84391292746,9.377004746305,
    349.54090791328));
#3231 = SURFACE_CURVE('',#3232,(#3236,#3243),.PCURVE_S1.);
#3232 = LINE('',#3233,#3234);
#3233 = CARTESIAN_POINT('',(220.84391292746,9.377004746305,
    349.54090791328));
#3234 = VECTOR('',#3235,1.);
#3235 = DIRECTION('',(1.110223024625E-16,0.,1.));
#3236 = PCURVE('',#2837,#3237);
#3237 = DEFINITIONAL_REPRESENTATION('',(#3238),#3242);
#3238 = LINE('',#3239,#3240);
#3239 = CARTESIAN_POINT('',(0.,1.8));
#3240 = VECTOR('',#3241,1.);
#3241 = DIRECTION('',(1.,0.));
#3242 = ( GEOMETRIC_REPRESENTATION_CONTEXT(2)
PARAMETRIC_REPRESENTATION_CONTEXT() REPRESENTATION_CONTEXT('2D SPACE',''
  ) );
#3243 = PCURVE('',#2865,#3244);
#3244 = DEFINITIONAL_REPRESENTATION('',(#3245),#3249);
#3245 = LINE('',#3246,#3247);
#3246 = CARTESIAN_POINT('',(1.2,-1.33226762955E-16));
#3247 = VECTOR('',#3248,1.);
#3248 = DIRECTION('',(0.,1.));
#3249 = ( GEOMETRIC_REPRESENTATION_CONTEXT(2)
PARAMETRIC_REPRESENTATION_CONTEXT() REPRESENTATION_CONTEXT('2D SPACE',''
  ) );
#3250 = ORIENTED_EDGE('',*,*,#3251,.F.);
#3251 = EDGE_CURVE('',#3252,#3229,#3254,.T.);
#3252 = VERTEX_POINT('',#3253);
#3253 = CARTESIAN_POINT('',(220.84391292746,7.577004746305,
    349.54090791328));
#3254 = SURFACE_CURVE('',#3255,(#3259,#3266),.PCURVE_S1.);
#3255 = LINE('',#3256,#3257);
#3256 = CARTESIAN_POINT('',(220.84391292746,7.577004746305,
    349.54090791328));
#3257 = VECTOR('',#3258,1.);
#3258 = DIRECTION('',(0.,1.,0.));
#3259 = PCURVE('',#2837,#3260);
#3260 = DEFINITIONAL_REPRESENTATION('',(#3261),#3265);
#3261 = LINE('',#3262,#3263);
#3262 = CARTESIAN_POINT('',(0.,0.));
#3263 = VECTOR('',#3264,1.);
#3264 = DIRECTION('',(0.,1.));
#3265 = ( GEOMETRIC_REPRESENTATION_CONTEXT(2)
PARAMETRIC_REPRESENTATION_CONTEXT() REPRESENTATION_CONTEXT('2D SPACE',''
  ) );
#3266 = PCURVE('',#3267,#3272);
#3267 = PLANE('',#3268);
#3268 = AXIS2_PLACEMENT_3D('',#3269,#3270,#3271);
#3269 = CARTESIAN_POINT('',(222.04391292746,7.577004746305,
    349.54090791328));
#3270 = DIRECTION('',(1.110223024625E-16,0.,1.));
#3271 = DIRECTION('',(-1.,0.,1.110223024625E-16));
#3272 = DEFINITIONAL_REPRESENTATION('',(#3273),#3277);
#3273 = LINE('',#3274,#3275);
#3274 = CARTESIAN_POINT('',(1.2,0.));
#3275 = VECTOR('',#3276,1.);
#3276 = DIRECTION('',(0.,-1.));
#3277 = ( GEOMETRIC_REPRESENTATION_CONTEXT(2)
PARAMETRIC_REPRESENTATION_CONTEXT() REPRESENTATION_CONTEXT('2D SPACE',''
  ) );
#3278 = ORIENTED_EDGE('',*,*,#3279,.T.);
#3279 = EDGE_CURVE('',#3252,#2792,#3280,.T.);
#3280 = SURFACE_CURVE('',#3281,(#3285,#3292),.PCURVE_S1.);
#3281 = LINE('',#3282,#3283);
#3282 = CARTESIAN_POINT('',(220.84391292746,7.577004746305,
    349.54090791328));
#3283 = VECTOR('',#3284,1.);
#3284 = DIRECTION('',(1.110223024625E-16,0.,1.));
#3285 = PCURVE('',#2837,#3286);
#3286 = DEFINITIONAL_REPRESENTATION('',(#3287),#3291);
#3287 = LINE('',#3288,#3289);
#3288 = CARTESIAN_POINT('',(0.,0.));
#3289 = VECTOR('',#3290,1.);
#3290 = DIRECTION('',(1.,0.));
#3291 = ( GEOMETRIC_REPRESENTATION_CONTEXT(2)
PARAMETRIC_REPRESENTATION_CONTEXT() REPRESENTATION_CONTEXT('2D SPACE',''
  ) );
#3292 = PCURVE('',#2809,#3293);
#3293 = DEFINITIONAL_REPRESENTATION('',(#3294),#3298);
#3294 = LINE('',#3295,#3296);
#3295 = CARTESIAN_POINT('',(1.2,-1.33226762955E-16));
#3296 = VECTOR('',#3297,1.);
#3297 = DIRECTION('',(0.,1.));
#3298 = ( GEOMETRIC_REPRESENTATION_CONTEXT(2)
PARAMETRIC_REPRESENTATION_CONTEXT() REPRESENTATION_CONTEXT('2D SPACE',''
  ) );
#3299 = ORIENTED_EDGE('',*,*,#2821,.T.);
#3300 = ADVANCED_FACE('',(#3301),#3267,.F.);
#3301 = FACE_BOUND('',#3302,.F.);
#3302 = EDGE_LOOP('',(#3303,#3326,#3349,#3370));
#3303 = ORIENTED_EDGE('',*,*,#3304,.F.);
#3304 = EDGE_CURVE('',#3305,#3252,#3307,.T.);
#3305 = VERTEX_POINT('',#3306);
#3306 = CARTESIAN_POINT('',(222.04391292746,7.577004746305,
    349.54090791328));
#3307 = SURFACE_CURVE('',#3308,(#3312,#3319),.PCURVE_S1.);
#3308 = LINE('',#3309,#3310);
#3309 = CARTESIAN_POINT('',(222.04391292746,7.577004746305,
    349.54090791328));
#3310 = VECTOR('',#3311,1.);
#3311 = DIRECTION('',(-1.,0.,1.110223024625E-16));
#3312 = PCURVE('',#3267,#3313);
#3313 = DEFINITIONAL_REPRESENTATION('',(#3314),#3318);
#3314 = LINE('',#3315,#3316);
#3315 = CARTESIAN_POINT('',(0.,0.));
#3316 = VECTOR('',#3317,1.);
#3317 = DIRECTION('',(1.,0.));
#3318 = ( GEOMETRIC_REPRESENTATION_CONTEXT(2)
PARAMETRIC_REPRESENTATION_CONTEXT() REPRESENTATION_CONTEXT('2D SPACE',''
  ) );
#3319 = PCURVE('',#2809,#3320);
#3320 = DEFINITIONAL_REPRESENTATION('',(#3321),#3325);
#3321 = LINE('',#3322,#3323);
#3322 = CARTESIAN_POINT('',(0.,0.));
#3323 = VECTOR('',#3324,1.);
#3324 = DIRECTION('',(1.,0.));
#3325 = ( GEOMETRIC_REPRESENTATION_CONTEXT(2)
PARAMETRIC_REPRESENTATION_CONTEXT() REPRESENTATION_CONTEXT('2D SPACE',''
  ) );
#3326 = ORIENTED_EDGE('',*,*,#3327,.T.);
#3327 = EDGE_CURVE('',#3305,#3328,#3330,.T.);
#3328 = VERTEX_POINT('',#3329);
#3329 = CARTESIAN_POINT('',(222.04391292746,9.377004746305,
    349.54090791328));
#3330 = SURFACE_CURVE('',#3331,(#3335,#3342),.PCURVE_S1.);
#3331 = LINE('',#3332,#3333);
#3332 = CARTESIAN_POINT('',(222.04391292746,7.577004746305,
    349.54090791328));
#3333 = VECTOR('',#3334,1.);
#3334 = DIRECTION('',(0.,1.,0.));
#3335 = PCURVE('',#3267,#3336);
#3336 = DEFINITIONAL_REPRESENTATION('',(#3337),#3341);
#3337 = LINE('',#3338,#3339);
#3338 = CARTESIAN_POINT('',(0.,0.));
#3339 = VECTOR('',#3340,1.);
#3340 = DIRECTION('',(0.,-1.));
#3341 = ( GEOMETRIC_REPRESENTATION_CONTEXT(2)
PARAMETRIC_REPRESENTATION_CONTEXT() REPRESENTATION_CONTEXT('2D SPACE',''
  ) );
#3342 = PCURVE('',#2891,#3343);
#3343 = DEFINITIONAL_REPRESENTATION('',(#3344),#3348);
#3344 = LINE('',#3345,#3346);
#3345 = CARTESIAN_POINT('',(0.,0.));
#3346 = VECTOR('',#3347,1.);
#3347 = DIRECTION('',(0.,1.));
#3348 = ( GEOMETRIC_REPRESENTATION_CONTEXT(2)
PARAMETRIC_REPRESENTATION_CONTEXT() REPRESENTATION_CONTEXT('2D SPACE',''
  ) );
#3349 = ORIENTED_EDGE('',*,*,#3350,.T.);
#3350 = EDGE_CURVE('',#3328,#3229,#3351,.T.);
#3351 = SURFACE_CURVE('',#3352,(#3356,#3363),.PCURVE_S1.);
#3352 = LINE('',#3353,#3354);
#3353 = CARTESIAN_POINT('',(222.04391292746,9.377004746305,
    349.54090791328));
#3354 = VECTOR('',#3355,1.);
#3355 = DIRECTION('',(-1.,0.,1.110223024625E-16));
#3356 = PCURVE('',#3267,#3357);
#3357 = DEFINITIONAL_REPRESENTATION('',(#3358),#3362);
#3358 = LINE('',#3359,#3360);
#3359 = CARTESIAN_POINT('',(0.,-1.8));
#3360 = VECTOR('',#3361,1.);
#3361 = DIRECTION('',(1.,0.));
#3362 = ( GEOMETRIC_REPRESENTATION_CONTEXT(2)
PARAMETRIC_REPRESENTATION_CONTEXT() REPRESENTATION_CONTEXT('2D SPACE',''
  ) );
#3363 = PCURVE('',#2865,#3364);
#3364 = DEFINITIONAL_REPRESENTATION('',(#3365),#3369);
#3365 = LINE('',#3366,#3367);
#3366 = CARTESIAN_POINT('',(0.,0.));
#3367 = VECTOR('',#3368,1.);
#3368 = DIRECTION('',(1.,0.));
#3369 = ( GEOMETRIC_REPRESENTATION_CONTEXT(2)
PARAMETRIC_REPRESENTATION_CONTEXT() REPRESENTATION_CONTEXT('2D SPACE',''
  ) );
#3370 = ORIENTED_EDGE('',*,*,#3251,.F.);
#3371 = ADVANCED_FACE('',(#3372),#2865,.T.);
#3372 = FACE_BOUND('',#3373,.T.);
#3373 = EDGE_LOOP('',(#3374,#3395,#3396,#3397));
#3374 = ORIENTED_EDGE('',*,*,#3375,.F.);
#3375 = EDGE_CURVE('',#3328,#2850,#3376,.T.);
#3376 = SURFACE_CURVE('',#3377,(#3381,#3388),.PCURVE_S1.);
#3377 = LINE('',#3378,#3379);
#3378 = CARTESIAN_POINT('',(222.04391292746,9.377004746305,
    349.54090791328));
#3379 = VECTOR('',#3380,1.);
#3380 = DIRECTION('',(1.110223024625E-16,0.,1.));
#3381 = PCURVE('',#2865,#3382);
#3382 = DEFINITIONAL_REPRESENTATION('',(#3383),#3387);
#3383 = LINE('',#3384,#3385);
#3384 = CARTESIAN_POINT('',(0.,0.));
#3385 = VECTOR('',#3386,1.);
#3386 = DIRECTION('',(0.,1.));
#3387 = ( GEOMETRIC_REPRESENTATION_CONTEXT(2)
PARAMETRIC_REPRESENTATION_CONTEXT() REPRESENTATION_CONTEXT('2D SPACE',''
  ) );
#3388 = PCURVE('',#2891,#3389);
#3389 = DEFINITIONAL_REPRESENTATION('',(#3390),#3394);
#3390 = LINE('',#3391,#3392);
#3391 = CARTESIAN_POINT('',(0.,1.8));
#3392 = VECTOR('',#3393,1.);
#3393 = DIRECTION('',(1.,0.));
#3394 = ( GEOMETRIC_REPRESENTATION_CONTEXT(2)
PARAMETRIC_REPRESENTATION_CONTEXT() REPRESENTATION_CONTEXT('2D SPACE',''
  ) );
#3395 = ORIENTED_EDGE('',*,*,#3350,.T.);
#3396 = ORIENTED_EDGE('',*,*,#3228,.T.);
#3397 = ORIENTED_EDGE('',*,*,#2849,.T.);
#3398 = ADVANCED_FACE('',(#3399),#2891,.F.);
#3399 = FACE_BOUND('',#3400,.F.);
#3400 = EDGE_LOOP('',(#3401,#3402,#3403,#3424));
#3401 = ORIENTED_EDGE('',*,*,#3375,.F.);
#3402 = ORIENTED_EDGE('',*,*,#3327,.F.);
#3403 = ORIENTED_EDGE('',*,*,#3404,.T.);
#3404 = EDGE_CURVE('',#3305,#2794,#3405,.T.);
#3405 = SURFACE_CURVE('',#3406,(#3410,#3417),.PCURVE_S1.);
#3406 = LINE('',#3407,#3408);
#3407 = CARTESIAN_POINT('',(222.04391292746,7.577004746305,
    349.54090791328));
#3408 = VECTOR('',#3409,1.);
#3409 = DIRECTION('',(1.110223024625E-16,0.,1.));
#3410 = PCURVE('',#2891,#3411);
#3411 = DEFINITIONAL_REPRESENTATION('',(#3412),#3416);
#3412 = LINE('',#3413,#3414);
#3413 = CARTESIAN_POINT('',(0.,0.));
#3414 = VECTOR('',#3415,1.);
#3415 = DIRECTION('',(1.,0.));
#3416 = ( GEOMETRIC_REPRESENTATION_CONTEXT(2)
PARAMETRIC_REPRESENTATION_CONTEXT() REPRESENTATION_CONTEXT('2D SPACE',''
  ) );
#3417 = PCURVE('',#2809,#3418);
#3418 = DEFINITIONAL_REPRESENTATION('',(#3419),#3423);
#3419 = LINE('',#3420,#3421);
#3420 = CARTESIAN_POINT('',(0.,0.));
#3421 = VECTOR('',#3422,1.);
#3422 = DIRECTION('',(0.,1.));
#3423 = ( GEOMETRIC_REPRESENTATION_CONTEXT(2)
PARAMETRIC_REPRESENTATION_CONTEXT() REPRESENTATION_CONTEXT('2D SPACE',''
  ) );
#3424 = ORIENTED_EDGE('',*,*,#2877,.T.);
#3425 = ADVANCED_FACE('',(#3426),#2809,.F.);
#3426 = FACE_BOUND('',#3427,.F.);
#3427 = EDGE_LOOP('',(#3428,#3429,#3430,#3431));
#3428 = ORIENTED_EDGE('',*,*,#3404,.F.);
#3429 = ORIENTED_EDGE('',*,*,#3304,.T.);
#3430 = ORIENTED_EDGE('',*,*,#3279,.T.);
#3431 = ORIENTED_EDGE('',*,*,#2791,.T.);
#3432 = ADVANCED_FACE('',(#3433),#1355,.T.);
#3433 = FACE_BOUND('',#3434,.T.);
#3434 = EDGE_LOOP('',(#3435,#3436,#3437,#3438));
#3435 = ORIENTED_EDGE('',*,*,#2341,.F.);
#3436 = ORIENTED_EDGE('',*,*,#2768,.T.);
#3437 = ORIENTED_EDGE('',*,*,#1339,.F.);
#3438 = ORIENTED_EDGE('',*,*,#3439,.F.);
#3439 = EDGE_CURVE('',#2342,#1312,#3440,.T.);
#3440 = SURFACE_CURVE('',#3441,(#3445,#3452),.PCURVE_S1.);
#3441 = LINE('',#3442,#3443);
#3442 = CARTESIAN_POINT('',(239.29391292746,-6.722995253695,
    359.99090791328));
#3443 = VECTOR('',#3444,1.);
#3444 = DIRECTION('',(-1.,0.,1.110223024625E-16));
#3445 = PCURVE('',#1355,#3446);
#3446 = DEFINITIONAL_REPRESENTATION('',(#3447),#3451);
#3447 = LINE('',#3448,#3449);
#3448 = CARTESIAN_POINT('',(-1.75,2.1));
#3449 = VECTOR('',#3450,1.);
#3450 = DIRECTION('',(1.,0.));
#3451 = ( GEOMETRIC_REPRESENTATION_CONTEXT(2)
PARAMETRIC_REPRESENTATION_CONTEXT() REPRESENTATION_CONTEXT('2D SPACE',''
  ) );
#3452 = PCURVE('',#1327,#3453);
#3453 = DEFINITIONAL_REPRESENTATION('',(#3454),#3458);
#3454 = LINE('',#3455,#3456);
#3455 = CARTESIAN_POINT('',(2.95,-3.8));
#3456 = VECTOR('',#3457,1.);
#3457 = DIRECTION('',(1.,0.));
#3458 = ( GEOMETRIC_REPRESENTATION_CONTEXT(2)
PARAMETRIC_REPRESENTATION_CONTEXT() REPRESENTATION_CONTEXT('2D SPACE',''
  ) );
#3459 = ADVANCED_FACE('',(#3460),#1327,.T.);
#3460 = FACE_BOUND('',#3461,.T.);
#3461 = EDGE_LOOP('',(#3462,#3463,#3464,#3465,#3466,#3467,#3468,#3469,
    #3470,#3471,#3472,#3493));
#3462 = ORIENTED_EDGE('',*,*,#2562,.F.);
#3463 = ORIENTED_EDGE('',*,*,#1764,.T.);
#3464 = ORIENTED_EDGE('',*,*,#1811,.T.);
#3465 = ORIENTED_EDGE('',*,*,#1894,.T.);
#3466 = ORIENTED_EDGE('',*,*,#1998,.T.);
#3467 = ORIENTED_EDGE('',*,*,#2216,.T.);
#3468 = ORIENTED_EDGE('',*,*,#2293,.F.);
#3469 = ORIENTED_EDGE('',*,*,#2364,.T.);
#3470 = ORIENTED_EDGE('',*,*,#3439,.T.);
#3471 = ORIENTED_EDGE('',*,*,#1311,.T.);
#3472 = ORIENTED_EDGE('',*,*,#3473,.F.);
#3473 = EDGE_CURVE('',#2640,#1284,#3474,.T.);
#3474 = SURFACE_CURVE('',#3475,(#3479,#3486),.PCURVE_S1.);
#3475 = LINE('',#3476,#3477);
#3476 = CARTESIAN_POINT('',(241.04391292746,-11.52299525369,
    359.99090791328));
#3477 = VECTOR('',#3478,1.);
#3478 = DIRECTION('',(-1.,0.,1.110223024625E-16));
#3479 = PCURVE('',#1327,#3480);
#3480 = DEFINITIONAL_REPRESENTATION('',(#3481),#3485);
#3481 = LINE('',#3482,#3483);
#3482 = CARTESIAN_POINT('',(1.2,1.));
#3483 = VECTOR('',#3484,1.);
#3484 = DIRECTION('',(1.,0.));
#3485 = ( GEOMETRIC_REPRESENTATION_CONTEXT(2)
PARAMETRIC_REPRESENTATION_CONTEXT() REPRESENTATION_CONTEXT('2D SPACE',''
  ) );
#3486 = PCURVE('',#1299,#3487);
#3487 = DEFINITIONAL_REPRESENTATION('',(#3488),#3492);
#3488 = LINE('',#3489,#3490);
#3489 = CARTESIAN_POINT('',(1.271205363196E-15,11.45));
#3490 = VECTOR('',#3491,1.);
#3491 = DIRECTION('',(1.,0.));
#3492 = ( GEOMETRIC_REPRESENTATION_CONTEXT(2)
PARAMETRIC_REPRESENTATION_CONTEXT() REPRESENTATION_CONTEXT('2D SPACE',''
  ) );
#3493 = ORIENTED_EDGE('',*,*,#2662,.T.);
#3494 = ADVANCED_FACE('',(#3495),#1299,.F.);
#3495 = FACE_BOUND('',#3496,.F.);
#3496 = EDGE_LOOP('',(#3497,#3498,#3519,#3520));
#3497 = ORIENTED_EDGE('',*,*,#2639,.F.);
#3498 = ORIENTED_EDGE('',*,*,#3499,.T.);
#3499 = EDGE_CURVE('',#2617,#1254,#3500,.T.);
#3500 = SURFACE_CURVE('',#3501,(#3505,#3512),.PCURVE_S1.);
#3501 = LINE('',#3502,#3503);
#3502 = CARTESIAN_POINT('',(241.04391292746,-11.52299525369,
    348.54090791328));
#3503 = VECTOR('',#3504,1.);
#3504 = DIRECTION('',(-1.,0.,1.110223024625E-16));
#3505 = PCURVE('',#1299,#3506);
#3506 = DEFINITIONAL_REPRESENTATION('',(#3507),#3511);
#3507 = LINE('',#3508,#3509);
#3508 = CARTESIAN_POINT('',(0.,0.));
#3509 = VECTOR('',#3510,1.);
#3510 = DIRECTION('',(1.,0.));
#3511 = ( GEOMETRIC_REPRESENTATION_CONTEXT(2)
PARAMETRIC_REPRESENTATION_CONTEXT() REPRESENTATION_CONTEXT('2D SPACE',''
  ) );
#3512 = PCURVE('',#1271,#3513);
#3513 = DEFINITIONAL_REPRESENTATION('',(#3514),#3518);
#3514 = LINE('',#3515,#3516);
#3515 = CARTESIAN_POINT('',(1.2,1.));
#3516 = VECTOR('',#3517,1.);
#3517 = DIRECTION('',(1.,0.));
#3518 = ( GEOMETRIC_REPRESENTATION_CONTEXT(2)
PARAMETRIC_REPRESENTATION_CONTEXT() REPRESENTATION_CONTEXT('2D SPACE',''
  ) );
#3519 = ORIENTED_EDGE('',*,*,#1283,.T.);
#3520 = ORIENTED_EDGE('',*,*,#3473,.F.);
#3521 = ADVANCED_FACE('',(#3522),#1271,.F.);
#3522 = FACE_BOUND('',#3523,.F.);
#3523 = EDGE_LOOP('',(#3524,#3525,#3526,#3527));
#3524 = ORIENTED_EDGE('',*,*,#2616,.T.);
#3525 = ORIENTED_EDGE('',*,*,#1549,.T.);
#3526 = ORIENTED_EDGE('',*,*,#1253,.F.);
#3527 = ORIENTED_EDGE('',*,*,#3499,.F.);
#3528 = ADVANCED_FACE('',(#3529,#3559),#1108,.T.);
#3529 = FACE_BOUND('',#3530,.T.);
#3530 = EDGE_LOOP('',(#3531,#3532,#3533,#3534,#3535,#3536,#3557,#3558));
#3531 = ORIENTED_EDGE('',*,*,#1423,.F.);
#3532 = ORIENTED_EDGE('',*,*,#2736,.F.);
#3533 = ORIENTED_EDGE('',*,*,#2464,.T.);
#3534 = ORIENTED_EDGE('',*,*,#2439,.T.);
#3535 = ORIENTED_EDGE('',*,*,#2114,.F.);
#3536 = ORIENTED_EDGE('',*,*,#3537,.F.);
#3537 = EDGE_CURVE('',#1064,#2092,#3538,.T.);
#3538 = SURFACE_CURVE('',#3539,(#3543,#3550),.PCURVE_S1.);
#3539 = LINE('',#3540,#3541);
#3540 = CARTESIAN_POINT('',(235.78141292746,3.677004746305,
    348.54090791328));
#3541 = VECTOR('',#3542,1.);
#3542 = DIRECTION('',(-1.,0.,1.110223024625E-16));
#3543 = PCURVE('',#1108,#3544);
#3544 = DEFINITIONAL_REPRESENTATION('',(#3545),#3549);
#3545 = LINE('',#3546,#3547);
#3546 = CARTESIAN_POINT('',(5.2625,-14.2));
#3547 = VECTOR('',#3548,1.);
#3548 = DIRECTION('',(1.,0.));
#3549 = ( GEOMETRIC_REPRESENTATION_CONTEXT(2)
PARAMETRIC_REPRESENTATION_CONTEXT() REPRESENTATION_CONTEXT('2D SPACE',''
  ) );
#3550 = PCURVE('',#1079,#3551);
#3551 = DEFINITIONAL_REPRESENTATION('',(#3552),#3556);
#3552 = LINE('',#3553,#3554);
#3553 = CARTESIAN_POINT('',(-5.2625,2.1));
#3554 = VECTOR('',#3555,1.);
#3555 = DIRECTION('',(1.,0.));
#3556 = ( GEOMETRIC_REPRESENTATION_CONTEXT(2)
PARAMETRIC_REPRESENTATION_CONTEXT() REPRESENTATION_CONTEXT('2D SPACE',''
  ) );
#3557 = ORIENTED_EDGE('',*,*,#1091,.T.);
#3558 = ORIENTED_EDGE('',*,*,#1229,.T.);
#3559 = FACE_BOUND('',#3560,.T.);
#3560 = EDGE_LOOP('',(#3561,#3596,#3624,#3657));
#3561 = ORIENTED_EDGE('',*,*,#3562,.T.);
#3562 = EDGE_CURVE('',#3563,#3565,#3567,.T.);
#3563 = VERTEX_POINT('',#3564);
#3564 = CARTESIAN_POINT('',(225.15753483969,-3.672995253695,
    348.54090791328));
#3565 = VERTEX_POINT('',#3566);
#3566 = CARTESIAN_POINT('',(225.15753483969,3.677004746305,
    348.54090791328));
#3567 = SURFACE_CURVE('',#3568,(#3573,#3584),.PCURVE_S1.);
#3568 = CIRCLE('',#3569,6.5);
#3569 = AXIS2_PLACEMENT_3D('',#3570,#3571,#3572);
#3570 = CARTESIAN_POINT('',(230.51891292746,2.004746304806E-03,
    348.54090791328));
#3571 = DIRECTION('',(-1.110223024625E-16,0.,-1.));
#3572 = DIRECTION('',(0.,1.,0.));
#3573 = PCURVE('',#1108,#3574);
#3574 = DEFINITIONAL_REPRESENTATION('',(#3575),#3583);
#3575 = ( BOUNDED_CURVE() B_SPLINE_CURVE(2,(#3576,#3577,#3578,#3579,
#3580,#3581,#3582),.UNSPECIFIED.,.T.,.F.) B_SPLINE_CURVE_WITH_KNOTS((1,2
    ,2,2,2,1),(-2.094395102393,0.,2.094395102393,4.188790204786,
6.28318530718,8.377580409573),.UNSPECIFIED.) CURVE()
GEOMETRIC_REPRESENTATION_ITEM() RATIONAL_B_SPLINE_CURVE((1.,0.5,1.,0.5,
1.,0.5,1.)) REPRESENTATION_ITEM('') );
#3576 = CARTESIAN_POINT('',(10.525,-17.025));
#3577 = CARTESIAN_POINT('',(-0.733330249198,-17.025));
#3578 = CARTESIAN_POINT('',(4.895834875401,-7.275));
#3579 = CARTESIAN_POINT('',(10.525,2.475));
#3580 = CARTESIAN_POINT('',(16.154165124599,-7.275));
#3581 = CARTESIAN_POINT('',(21.783330249198,-17.025));
#3582 = CARTESIAN_POINT('',(10.525,-17.025));
#3583 = ( GEOMETRIC_REPRESENTATION_CONTEXT(2)
PARAMETRIC_REPRESENTATION_CONTEXT() REPRESENTATION_CONTEXT('2D SPACE',''
  ) );
#3584 = PCURVE('',#3585,#3590);
#3585 = CYLINDRICAL_SURFACE('',#3586,6.5);
#3586 = AXIS2_PLACEMENT_3D('',#3587,#3588,#3589);
#3587 = CARTESIAN_POINT('',(230.51891292746,2.004746304806E-03,
    333.19090791328));
#3588 = DIRECTION('',(-1.110223024625E-16,-0.,-1.));
#3589 = DIRECTION('',(0.,1.,0.));
#3590 = DEFINITIONAL_REPRESENTATION('',(#3591),#3595);
#3591 = LINE('',#3592,#3593);
#3592 = CARTESIAN_POINT('',(-6.28318530718,-15.35));
#3593 = VECTOR('',#3594,1.);
#3594 = DIRECTION('',(1.,-0.));
#3595 = ( GEOMETRIC_REPRESENTATION_CONTEXT(2)
PARAMETRIC_REPRESENTATION_CONTEXT() REPRESENTATION_CONTEXT('2D SPACE',''
  ) );
#3596 = ORIENTED_EDGE('',*,*,#3597,.F.);
#3597 = EDGE_CURVE('',#3598,#3565,#3600,.T.);
#3598 = VERTEX_POINT('',#3599);
#3599 = CARTESIAN_POINT('',(230.51891292746,3.677004746305,
    348.54090791328));
#3600 = SURFACE_CURVE('',#3601,(#3605,#3612),.PCURVE_S1.);
#3601 = LINE('',#3602,#3603);
#3602 = CARTESIAN_POINT('',(235.78141292746,3.677004746305,
    348.54090791328));
#3603 = VECTOR('',#3604,1.);
#3604 = DIRECTION('',(-1.,0.,1.110223024625E-16));
#3605 = PCURVE('',#1108,#3606);
#3606 = DEFINITIONAL_REPRESENTATION('',(#3607),#3611);
#3607 = LINE('',#3608,#3609);
#3608 = CARTESIAN_POINT('',(5.2625,-14.2));
#3609 = VECTOR('',#3610,1.);
#3610 = DIRECTION('',(1.,0.));
#3611 = ( GEOMETRIC_REPRESENTATION_CONTEXT(2)
PARAMETRIC_REPRESENTATION_CONTEXT() REPRESENTATION_CONTEXT('2D SPACE',''
  ) );
#3612 = PCURVE('',#3613,#3618);
#3613 = PLANE('',#3614);
#3614 = AXIS2_PLACEMENT_3D('',#3615,#3616,#3617);
#3615 = CARTESIAN_POINT('',(230.51891292746,3.677004746305,
    346.44090791328));
#3616 = DIRECTION('',(0.,1.,0.));
#3617 = DIRECTION('',(-1.,0.,1.110223024625E-16));
#3618 = DEFINITIONAL_REPRESENTATION('',(#3619),#3623);
#3619 = LINE('',#3620,#3621);
#3620 = CARTESIAN_POINT('',(-5.2625,2.1));
#3621 = VECTOR('',#3622,1.);
#3622 = DIRECTION('',(1.,0.));
#3623 = ( GEOMETRIC_REPRESENTATION_CONTEXT(2)
PARAMETRIC_REPRESENTATION_CONTEXT() REPRESENTATION_CONTEXT('2D SPACE',''
  ) );
#3624 = ORIENTED_EDGE('',*,*,#3625,.T.);
#3625 = EDGE_CURVE('',#3598,#3626,#3628,.T.);
#3626 = VERTEX_POINT('',#3627);
#3627 = CARTESIAN_POINT('',(230.51891292746,-3.672995253695,
    348.54090791328));
#3628 = SURFACE_CURVE('',#3629,(#3634,#3645),.PCURVE_S1.);
#3629 = CIRCLE('',#3630,3.675);
#3630 = AXIS2_PLACEMENT_3D('',#3631,#3632,#3633);
#3631 = CARTESIAN_POINT('',(230.51891292746,2.004746304806E-03,
    348.54090791328));
#3632 = DIRECTION('',(-1.110223024625E-16,0.,-1.));
#3633 = DIRECTION('',(0.,1.,0.));
#3634 = PCURVE('',#1108,#3635);
#3635 = DEFINITIONAL_REPRESENTATION('',(#3636),#3644);
#3636 = ( BOUNDED_CURVE() B_SPLINE_CURVE(2,(#3637,#3638,#3639,#3640,
#3641,#3642,#3643),.UNSPECIFIED.,.T.,.F.) B_SPLINE_CURVE_WITH_KNOTS((1,2
    ,2,2,2,1),(-2.094395102393,0.,2.094395102393,4.188790204786,
6.28318530718,8.377580409573),.UNSPECIFIED.) CURVE()
GEOMETRIC_REPRESENTATION_ITEM() RATIONAL_B_SPLINE_CURVE((1.,0.5,1.,0.5,
1.,0.5,1.)) REPRESENTATION_ITEM('') );
#3637 = CARTESIAN_POINT('',(10.525,-14.2));
#3638 = CARTESIAN_POINT('',(4.159713282184,-14.2));
#3639 = CARTESIAN_POINT('',(7.342356641092,-8.6875));
#3640 = CARTESIAN_POINT('',(10.525,-3.175));
#3641 = CARTESIAN_POINT('',(13.707643358908,-8.6875));
#3642 = CARTESIAN_POINT('',(16.890286717816,-14.2));
#3643 = CARTESIAN_POINT('',(10.525,-14.2));
#3644 = ( GEOMETRIC_REPRESENTATION_CONTEXT(2)
PARAMETRIC_REPRESENTATION_CONTEXT() REPRESENTATION_CONTEXT('2D SPACE',''
  ) );
#3645 = PCURVE('',#3646,#3651);
#3646 = CYLINDRICAL_SURFACE('',#3647,3.675);
#3647 = AXIS2_PLACEMENT_3D('',#3648,#3649,#3650);
#3648 = CARTESIAN_POINT('',(230.51891292746,2.004746304806E-03,
    346.44090791328));
#3649 = DIRECTION('',(-1.110223024625E-16,-0.,-1.));
#3650 = DIRECTION('',(0.,1.,0.));
#3651 = DEFINITIONAL_REPRESENTATION('',(#3652),#3656);
#3652 = LINE('',#3653,#3654);
#3653 = CARTESIAN_POINT('',(-6.28318530718,-2.1));
#3654 = VECTOR('',#3655,1.);
#3655 = DIRECTION('',(1.,-0.));
#3656 = ( GEOMETRIC_REPRESENTATION_CONTEXT(2)
PARAMETRIC_REPRESENTATION_CONTEXT() REPRESENTATION_CONTEXT('2D SPACE',''
  ) );
#3657 = ORIENTED_EDGE('',*,*,#3658,.T.);
#3658 = EDGE_CURVE('',#3626,#3563,#3659,.T.);
#3659 = SURFACE_CURVE('',#3660,(#3664,#3671),.PCURVE_S1.);
#3660 = LINE('',#3661,#3662);
#3661 = CARTESIAN_POINT('',(235.78141292746,-3.672995253695,
    348.54090791328));
#3662 = VECTOR('',#3663,1.);
#3663 = DIRECTION('',(-1.,0.,1.110223024625E-16));
#3664 = PCURVE('',#1108,#3665);
#3665 = DEFINITIONAL_REPRESENTATION('',(#3666),#3670);
#3666 = LINE('',#3667,#3668);
#3667 = CARTESIAN_POINT('',(5.2625,-6.85));
#3668 = VECTOR('',#3669,1.);
#3669 = DIRECTION('',(1.,0.));
#3670 = ( GEOMETRIC_REPRESENTATION_CONTEXT(2)
PARAMETRIC_REPRESENTATION_CONTEXT() REPRESENTATION_CONTEXT('2D SPACE',''
  ) );
#3671 = PCURVE('',#3672,#3677);
#3672 = PLANE('',#3673);
#3673 = AXIS2_PLACEMENT_3D('',#3674,#3675,#3676);
#3674 = CARTESIAN_POINT('',(230.51891292746,-3.672995253695,
    346.44090791328));
#3675 = DIRECTION('',(0.,1.,0.));
#3676 = DIRECTION('',(-1.,0.,1.110223024625E-16));
#3677 = DEFINITIONAL_REPRESENTATION('',(#3678),#3682);
#3678 = LINE('',#3679,#3680);
#3679 = CARTESIAN_POINT('',(-5.2625,2.1));
#3680 = VECTOR('',#3681,1.);
#3681 = DIRECTION('',(1.,0.));
#3682 = ( GEOMETRIC_REPRESENTATION_CONTEXT(2)
PARAMETRIC_REPRESENTATION_CONTEXT() REPRESENTATION_CONTEXT('2D SPACE',''
  ) );
#3683 = ADVANCED_FACE('',(#3684),#3672,.T.);
#3684 = FACE_BOUND('',#3685,.T.);
#3685 = EDGE_LOOP('',(#3686,#3709,#3737,#3758));
#3686 = ORIENTED_EDGE('',*,*,#3687,.F.);
#3687 = EDGE_CURVE('',#3688,#3626,#3690,.T.);
#3688 = VERTEX_POINT('',#3689);
#3689 = CARTESIAN_POINT('',(230.51891292746,-3.672995253695,
    346.54090791328));
#3690 = SURFACE_CURVE('',#3691,(#3695,#3702),.PCURVE_S1.);
#3691 = LINE('',#3692,#3693);
#3692 = CARTESIAN_POINT('',(230.51891292746,-3.672995253695,
    346.44090791328));
#3693 = VECTOR('',#3694,1.);
#3694 = DIRECTION('',(1.110223024625E-16,0.,1.));
#3695 = PCURVE('',#3672,#3696);
#3696 = DEFINITIONAL_REPRESENTATION('',(#3697),#3701);
#3697 = LINE('',#3698,#3699);
#3698 = CARTESIAN_POINT('',(0.,0.));
#3699 = VECTOR('',#3700,1.);
#3700 = DIRECTION('',(0.,1.));
#3701 = ( GEOMETRIC_REPRESENTATION_CONTEXT(2)
PARAMETRIC_REPRESENTATION_CONTEXT() REPRESENTATION_CONTEXT('2D SPACE',''
  ) );
#3702 = PCURVE('',#3646,#3703);
#3703 = DEFINITIONAL_REPRESENTATION('',(#3704),#3708);
#3704 = LINE('',#3705,#3706);
#3705 = CARTESIAN_POINT('',(-3.14159265359,0.));
#3706 = VECTOR('',#3707,1.);
#3707 = DIRECTION('',(-0.,-1.));
#3708 = ( GEOMETRIC_REPRESENTATION_CONTEXT(2)
PARAMETRIC_REPRESENTATION_CONTEXT() REPRESENTATION_CONTEXT('2D SPACE',''
  ) );
#3709 = ORIENTED_EDGE('',*,*,#3710,.T.);
#3710 = EDGE_CURVE('',#3688,#3711,#3713,.T.);
#3711 = VERTEX_POINT('',#3712);
#3712 = CARTESIAN_POINT('',(225.15753483969,-3.672995253695,
    346.54090791328));
#3713 = SURFACE_CURVE('',#3714,(#3718,#3725),.PCURVE_S1.);
#3714 = LINE('',#3715,#3716);
#3715 = CARTESIAN_POINT('',(235.78141292746,-3.672995253695,
    346.54090791328));
#3716 = VECTOR('',#3717,1.);
#3717 = DIRECTION('',(-1.,0.,1.110223024625E-16));
#3718 = PCURVE('',#3672,#3719);
#3719 = DEFINITIONAL_REPRESENTATION('',(#3720),#3724);
#3720 = LINE('',#3721,#3722);
#3721 = CARTESIAN_POINT('',(-5.2625,0.1));
#3722 = VECTOR('',#3723,1.);
#3723 = DIRECTION('',(1.,0.));
#3724 = ( GEOMETRIC_REPRESENTATION_CONTEXT(2)
PARAMETRIC_REPRESENTATION_CONTEXT() REPRESENTATION_CONTEXT('2D SPACE',''
  ) );
#3725 = PCURVE('',#3726,#3731);
#3726 = PLANE('',#3727);
#3727 = AXIS2_PLACEMENT_3D('',#3728,#3729,#3730);
#3728 = CARTESIAN_POINT('',(241.04391292746,-10.52299525369,
    346.54090791328));
#3729 = DIRECTION('',(1.110223024625E-16,0.,1.));
#3730 = DIRECTION('',(-1.,0.,1.110223024625E-16));
#3731 = DEFINITIONAL_REPRESENTATION('',(#3732),#3736);
#3732 = LINE('',#3733,#3734);
#3733 = CARTESIAN_POINT('',(5.2625,-6.85));
#3734 = VECTOR('',#3735,1.);
#3735 = DIRECTION('',(1.,0.));
#3736 = ( GEOMETRIC_REPRESENTATION_CONTEXT(2)
PARAMETRIC_REPRESENTATION_CONTEXT() REPRESENTATION_CONTEXT('2D SPACE',''
  ) );
#3737 = ORIENTED_EDGE('',*,*,#3738,.F.);
#3738 = EDGE_CURVE('',#3563,#3711,#3739,.T.);
#3739 = SURFACE_CURVE('',#3740,(#3744,#3751),.PCURVE_S1.);
#3740 = LINE('',#3741,#3742);
#3741 = CARTESIAN_POINT('',(225.15753483969,-3.672995253695,
    333.94090791328));
#3742 = VECTOR('',#3743,1.);
#3743 = DIRECTION('',(-1.110223024625E-16,-0.,-1.));
#3744 = PCURVE('',#3672,#3745);
#3745 = DEFINITIONAL_REPRESENTATION('',(#3746),#3750);
#3746 = LINE('',#3747,#3748);
#3747 = CARTESIAN_POINT('',(5.361378087768,-12.5));
#3748 = VECTOR('',#3749,1.);
#3749 = DIRECTION('',(0.,-1.));
#3750 = ( GEOMETRIC_REPRESENTATION_CONTEXT(2)
PARAMETRIC_REPRESENTATION_CONTEXT() REPRESENTATION_CONTEXT('2D SPACE',''
  ) );
#3751 = PCURVE('',#3585,#3752);
#3752 = DEFINITIONAL_REPRESENTATION('',(#3753),#3757);
#3753 = LINE('',#3754,#3755);
#3754 = CARTESIAN_POINT('',(-2.171695803918,-0.75));
#3755 = VECTOR('',#3756,1.);
#3756 = DIRECTION('',(-0.,1.));
#3757 = ( GEOMETRIC_REPRESENTATION_CONTEXT(2)
PARAMETRIC_REPRESENTATION_CONTEXT() REPRESENTATION_CONTEXT('2D SPACE',''
  ) );
#3758 = ORIENTED_EDGE('',*,*,#3658,.F.);
#3759 = ADVANCED_FACE('',(#3760),#3726,.F.);
#3760 = FACE_BOUND('',#3761,.F.);
#3761 = EDGE_LOOP('',(#3762,#3763,#3791,#3819,#3842));
#3762 = ORIENTED_EDGE('',*,*,#3710,.T.);
#3763 = ORIENTED_EDGE('',*,*,#3764,.F.);
#3764 = EDGE_CURVE('',#3765,#3711,#3767,.T.);
#3765 = VERTEX_POINT('',#3766);
#3766 = CARTESIAN_POINT('',(230.51891292746,6.502004746305,
    346.54090791328));
#3767 = SURFACE_CURVE('',#3768,(#3773,#3784),.PCURVE_S1.);
#3768 = CIRCLE('',#3769,6.5);
#3769 = AXIS2_PLACEMENT_3D('',#3770,#3771,#3772);
#3770 = CARTESIAN_POINT('',(230.51891292746,2.004746304806E-03,
    346.54090791328));
#3771 = DIRECTION('',(-1.110223024625E-16,0.,-1.));
#3772 = DIRECTION('',(0.,1.,0.));
#3773 = PCURVE('',#3726,#3774);
#3774 = DEFINITIONAL_REPRESENTATION('',(#3775),#3783);
#3775 = ( BOUNDED_CURVE() B_SPLINE_CURVE(2,(#3776,#3777,#3778,#3779,
#3780,#3781,#3782),.UNSPECIFIED.,.T.,.F.) B_SPLINE_CURVE_WITH_KNOTS((1,2
    ,2,2,2,1),(-2.094395102393,0.,2.094395102393,4.188790204786,
6.28318530718,8.377580409573),.UNSPECIFIED.) CURVE()
GEOMETRIC_REPRESENTATION_ITEM() RATIONAL_B_SPLINE_CURVE((1.,0.5,1.,0.5,
1.,0.5,1.)) REPRESENTATION_ITEM('') );
#3776 = CARTESIAN_POINT('',(10.525,-17.025));
#3777 = CARTESIAN_POINT('',(-0.733330249198,-17.025));
#3778 = CARTESIAN_POINT('',(4.895834875401,-7.275));
#3779 = CARTESIAN_POINT('',(10.525,2.475));
#3780 = CARTESIAN_POINT('',(16.154165124599,-7.275));
#3781 = CARTESIAN_POINT('',(21.783330249198,-17.025));
#3782 = CARTESIAN_POINT('',(10.525,-17.025));
#3783 = ( GEOMETRIC_REPRESENTATION_CONTEXT(2)
PARAMETRIC_REPRESENTATION_CONTEXT() REPRESENTATION_CONTEXT('2D SPACE',''
  ) );
#3784 = PCURVE('',#3585,#3785);
#3785 = DEFINITIONAL_REPRESENTATION('',(#3786),#3790);
#3786 = LINE('',#3787,#3788);
#3787 = CARTESIAN_POINT('',(-6.28318530718,-13.35));
#3788 = VECTOR('',#3789,1.);
#3789 = DIRECTION('',(1.,-0.));
#3790 = ( GEOMETRIC_REPRESENTATION_CONTEXT(2)
PARAMETRIC_REPRESENTATION_CONTEXT() REPRESENTATION_CONTEXT('2D SPACE',''
  ) );
#3791 = ORIENTED_EDGE('',*,*,#3792,.F.);
#3792 = EDGE_CURVE('',#3793,#3765,#3795,.T.);
#3793 = VERTEX_POINT('',#3794);
#3794 = CARTESIAN_POINT('',(225.15753483969,3.677004746305,
    346.54090791328));
#3795 = SURFACE_CURVE('',#3796,(#3801,#3812),.PCURVE_S1.);
#3796 = CIRCLE('',#3797,6.5);
#3797 = AXIS2_PLACEMENT_3D('',#3798,#3799,#3800);
#3798 = CARTESIAN_POINT('',(230.51891292746,2.004746304806E-03,
    346.54090791328));
#3799 = DIRECTION('',(-1.110223024625E-16,0.,-1.));
#3800 = DIRECTION('',(0.,1.,0.));
#3801 = PCURVE('',#3726,#3802);
#3802 = DEFINITIONAL_REPRESENTATION('',(#3803),#3811);
#3803 = ( BOUNDED_CURVE() B_SPLINE_CURVE(2,(#3804,#3805,#3806,#3807,
#3808,#3809,#3810),.UNSPECIFIED.,.T.,.F.) B_SPLINE_CURVE_WITH_KNOTS((1,2
    ,2,2,2,1),(-2.094395102393,0.,2.094395102393,4.188790204786,
6.28318530718,8.377580409573),.UNSPECIFIED.) CURVE()
GEOMETRIC_REPRESENTATION_ITEM() RATIONAL_B_SPLINE_CURVE((1.,0.5,1.,0.5,
1.,0.5,1.)) REPRESENTATION_ITEM('') );
#3804 = CARTESIAN_POINT('',(10.525,-17.025));
#3805 = CARTESIAN_POINT('',(-0.733330249198,-17.025));
#3806 = CARTESIAN_POINT('',(4.895834875401,-7.275));
#3807 = CARTESIAN_POINT('',(10.525,2.475));
#3808 = CARTESIAN_POINT('',(16.154165124599,-7.275));
#3809 = CARTESIAN_POINT('',(21.783330249198,-17.025));
#3810 = CARTESIAN_POINT('',(10.525,-17.025));
#3811 = ( GEOMETRIC_REPRESENTATION_CONTEXT(2)
PARAMETRIC_REPRESENTATION_CONTEXT() REPRESENTATION_CONTEXT('2D SPACE',''
  ) );
#3812 = PCURVE('',#3585,#3813);
#3813 = DEFINITIONAL_REPRESENTATION('',(#3814),#3818);
#3814 = LINE('',#3815,#3816);
#3815 = CARTESIAN_POINT('',(-6.28318530718,-13.35));
#3816 = VECTOR('',#3817,1.);
#3817 = DIRECTION('',(1.,-0.));
#3818 = ( GEOMETRIC_REPRESENTATION_CONTEXT(2)
PARAMETRIC_REPRESENTATION_CONTEXT() REPRESENTATION_CONTEXT('2D SPACE',''
  ) );
#3819 = ORIENTED_EDGE('',*,*,#3820,.F.);
#3820 = EDGE_CURVE('',#3821,#3793,#3823,.T.);
#3821 = VERTEX_POINT('',#3822);
#3822 = CARTESIAN_POINT('',(230.51891292746,3.677004746305,
    346.54090791328));
#3823 = SURFACE_CURVE('',#3824,(#3828,#3835),.PCURVE_S1.);
#3824 = LINE('',#3825,#3826);
#3825 = CARTESIAN_POINT('',(235.78141292746,3.677004746305,
    346.54090791328));
#3826 = VECTOR('',#3827,1.);
#3827 = DIRECTION('',(-1.,0.,1.110223024625E-16));
#3828 = PCURVE('',#3726,#3829);
#3829 = DEFINITIONAL_REPRESENTATION('',(#3830),#3834);
#3830 = LINE('',#3831,#3832);
#3831 = CARTESIAN_POINT('',(5.2625,-14.2));
#3832 = VECTOR('',#3833,1.);
#3833 = DIRECTION('',(1.,0.));
#3834 = ( GEOMETRIC_REPRESENTATION_CONTEXT(2)
PARAMETRIC_REPRESENTATION_CONTEXT() REPRESENTATION_CONTEXT('2D SPACE',''
  ) );
#3835 = PCURVE('',#3613,#3836);
#3836 = DEFINITIONAL_REPRESENTATION('',(#3837),#3841);
#3837 = LINE('',#3838,#3839);
#3838 = CARTESIAN_POINT('',(-5.2625,0.1));
#3839 = VECTOR('',#3840,1.);
#3840 = DIRECTION('',(1.,0.));
#3841 = ( GEOMETRIC_REPRESENTATION_CONTEXT(2)
PARAMETRIC_REPRESENTATION_CONTEXT() REPRESENTATION_CONTEXT('2D SPACE',''
  ) );
#3842 = ORIENTED_EDGE('',*,*,#3843,.T.);
#3843 = EDGE_CURVE('',#3821,#3688,#3844,.T.);
#3844 = SURFACE_CURVE('',#3845,(#3850,#3861),.PCURVE_S1.);
#3845 = CIRCLE('',#3846,3.675);
#3846 = AXIS2_PLACEMENT_3D('',#3847,#3848,#3849);
#3847 = CARTESIAN_POINT('',(230.51891292746,2.004746304806E-03,
    346.54090791328));
#3848 = DIRECTION('',(-1.110223024625E-16,0.,-1.));
#3849 = DIRECTION('',(0.,1.,0.));
#3850 = PCURVE('',#3726,#3851);
#3851 = DEFINITIONAL_REPRESENTATION('',(#3852),#3860);
#3852 = ( BOUNDED_CURVE() B_SPLINE_CURVE(2,(#3853,#3854,#3855,#3856,
#3857,#3858,#3859),.UNSPECIFIED.,.T.,.F.) B_SPLINE_CURVE_WITH_KNOTS((1,2
    ,2,2,2,1),(-2.094395102393,0.,2.094395102393,4.188790204786,
6.28318530718,8.377580409573),.UNSPECIFIED.) CURVE()
GEOMETRIC_REPRESENTATION_ITEM() RATIONAL_B_SPLINE_CURVE((1.,0.5,1.,0.5,
1.,0.5,1.)) REPRESENTATION_ITEM('') );
#3853 = CARTESIAN_POINT('',(10.525,-14.2));
#3854 = CARTESIAN_POINT('',(4.159713282184,-14.2));
#3855 = CARTESIAN_POINT('',(7.342356641092,-8.6875));
#3856 = CARTESIAN_POINT('',(10.525,-3.175));
#3857 = CARTESIAN_POINT('',(13.707643358908,-8.6875));
#3858 = CARTESIAN_POINT('',(16.890286717816,-14.2));
#3859 = CARTESIAN_POINT('',(10.525,-14.2));
#3860 = ( GEOMETRIC_REPRESENTATION_CONTEXT(2)
PARAMETRIC_REPRESENTATION_CONTEXT() REPRESENTATION_CONTEXT('2D SPACE',''
  ) );
#3861 = PCURVE('',#3646,#3862);
#3862 = DEFINITIONAL_REPRESENTATION('',(#3863),#3867);
#3863 = LINE('',#3864,#3865);
#3864 = CARTESIAN_POINT('',(-6.28318530718,-0.1));
#3865 = VECTOR('',#3866,1.);
#3866 = DIRECTION('',(1.,-0.));
#3867 = ( GEOMETRIC_REPRESENTATION_CONTEXT(2)
PARAMETRIC_REPRESENTATION_CONTEXT() REPRESENTATION_CONTEXT('2D SPACE',''
  ) );
#3868 = ADVANCED_FACE('',(#3869),#3646,.F.);
#3869 = FACE_BOUND('',#3870,.T.);
#3870 = EDGE_LOOP('',(#3871,#3892,#3893,#3894));
#3871 = ORIENTED_EDGE('',*,*,#3872,.F.);
#3872 = EDGE_CURVE('',#3821,#3598,#3873,.T.);
#3873 = SURFACE_CURVE('',#3874,(#3878,#3885),.PCURVE_S1.);
#3874 = LINE('',#3875,#3876);
#3875 = CARTESIAN_POINT('',(230.51891292746,3.677004746305,
    346.44090791328));
#3876 = VECTOR('',#3877,1.);
#3877 = DIRECTION('',(1.110223024625E-16,0.,1.));
#3878 = PCURVE('',#3646,#3879);
#3879 = DEFINITIONAL_REPRESENTATION('',(#3880),#3884);
#3880 = LINE('',#3881,#3882);
#3881 = CARTESIAN_POINT('',(-6.28318530718,0.));
#3882 = VECTOR('',#3883,1.);
#3883 = DIRECTION('',(-0.,-1.));
#3884 = ( GEOMETRIC_REPRESENTATION_CONTEXT(2)
PARAMETRIC_REPRESENTATION_CONTEXT() REPRESENTATION_CONTEXT('2D SPACE',''
  ) );
#3885 = PCURVE('',#3613,#3886);
#3886 = DEFINITIONAL_REPRESENTATION('',(#3887),#3891);
#3887 = LINE('',#3888,#3889);
#3888 = CARTESIAN_POINT('',(0.,0.));
#3889 = VECTOR('',#3890,1.);
#3890 = DIRECTION('',(0.,1.));
#3891 = ( GEOMETRIC_REPRESENTATION_CONTEXT(2)
PARAMETRIC_REPRESENTATION_CONTEXT() REPRESENTATION_CONTEXT('2D SPACE',''
  ) );
#3892 = ORIENTED_EDGE('',*,*,#3843,.T.);
#3893 = ORIENTED_EDGE('',*,*,#3687,.T.);
#3894 = ORIENTED_EDGE('',*,*,#3625,.F.);
#3895 = ADVANCED_FACE('',(#3896),#3613,.F.);
#3896 = FACE_BOUND('',#3897,.F.);
#3897 = EDGE_LOOP('',(#3898,#3899,#3900,#3921));
#3898 = ORIENTED_EDGE('',*,*,#3872,.F.);
#3899 = ORIENTED_EDGE('',*,*,#3820,.T.);
#3900 = ORIENTED_EDGE('',*,*,#3901,.F.);
#3901 = EDGE_CURVE('',#3565,#3793,#3902,.T.);
#3902 = SURFACE_CURVE('',#3903,(#3907,#3914),.PCURVE_S1.);
#3903 = LINE('',#3904,#3905);
#3904 = CARTESIAN_POINT('',(225.15753483969,3.677004746305,
    333.94090791328));
#3905 = VECTOR('',#3906,1.);
#3906 = DIRECTION('',(-1.110223024625E-16,-0.,-1.));
#3907 = PCURVE('',#3613,#3908);
#3908 = DEFINITIONAL_REPRESENTATION('',(#3909),#3913);
#3909 = LINE('',#3910,#3911);
#3910 = CARTESIAN_POINT('',(5.361378087768,-12.5));
#3911 = VECTOR('',#3912,1.);
#3912 = DIRECTION('',(0.,-1.));
#3913 = ( GEOMETRIC_REPRESENTATION_CONTEXT(2)
PARAMETRIC_REPRESENTATION_CONTEXT() REPRESENTATION_CONTEXT('2D SPACE',''
  ) );
#3914 = PCURVE('',#3585,#3915);
#3915 = DEFINITIONAL_REPRESENTATION('',(#3916),#3920);
#3916 = LINE('',#3917,#3918);
#3917 = CARTESIAN_POINT('',(-0.969896849672,-0.75));
#3918 = VECTOR('',#3919,1.);
#3919 = DIRECTION('',(-0.,1.));
#3920 = ( GEOMETRIC_REPRESENTATION_CONTEXT(2)
PARAMETRIC_REPRESENTATION_CONTEXT() REPRESENTATION_CONTEXT('2D SPACE',''
  ) );
#3921 = ORIENTED_EDGE('',*,*,#3597,.F.);
#3922 = ADVANCED_FACE('',(#3923),#3585,.F.);
#3923 = FACE_BOUND('',#3924,.T.);
#3924 = EDGE_LOOP('',(#3925,#3954,#3976,#4000,#4021,#4022,#4023,#4024,
    #4025,#4026,#4027,#4028));
#3925 = ORIENTED_EDGE('',*,*,#3926,.F.);
#3926 = EDGE_CURVE('',#3927,#3927,#3929,.T.);
#3927 = VERTEX_POINT('',#3928);
#3928 = CARTESIAN_POINT('',(227.81179530505,-5.907438051323,
    333.20090791328));
#3929 = SURFACE_CURVE('',#3930,(#3935,#3942),.PCURVE_S1.);
#3930 = CIRCLE('',#3931,6.5);
#3931 = AXIS2_PLACEMENT_3D('',#3932,#3933,#3934);
#3932 = CARTESIAN_POINT('',(230.51891292746,2.004746304804E-03,
    333.20090791328));
#3933 = DIRECTION('',(0.,0.,1.));
#3934 = DIRECTION('',(-0.416479634217,-0.909145045789,0.));
#3935 = PCURVE('',#3585,#3936);
#3936 = DEFINITIONAL_REPRESENTATION('',(#3937),#3941);
#3937 = LINE('',#3938,#3939);
#3938 = CARTESIAN_POINT('',(-2.712022955425,-1.E-02));
#3939 = VECTOR('',#3940,1.);
#3940 = DIRECTION('',(-1.,-0.));
#3941 = ( GEOMETRIC_REPRESENTATION_CONTEXT(2)
PARAMETRIC_REPRESENTATION_CONTEXT() REPRESENTATION_CONTEXT('2D SPACE',''
  ) );
#3942 = PCURVE('',#3943,#3948);
#3943 = PLANE('',#3944);
#3944 = AXIS2_PLACEMENT_3D('',#3945,#3946,#3947);
#3945 = CARTESIAN_POINT('',(230.51891292746,2.004746304805E-03,
    333.20090791328));
#3946 = DIRECTION('',(1.110223024625E-16,0.,1.));
#3947 = DIRECTION('',(-1.,0.,1.110223024625E-16));
#3948 = DEFINITIONAL_REPRESENTATION('',(#3949),#3953);
#3949 = CIRCLE('',#3950,6.5);
#3950 = AXIS2_PLACEMENT_2D('',#3951,#3952);
#3951 = CARTESIAN_POINT('',(0.,1.687018580387E-16));
#3952 = DIRECTION('',(0.416479634217,0.909145045789));
#3953 = ( GEOMETRIC_REPRESENTATION_CONTEXT(2)
PARAMETRIC_REPRESENTATION_CONTEXT() REPRESENTATION_CONTEXT('2D SPACE',''
  ) );
#3954 = ORIENTED_EDGE('',*,*,#3955,.T.);
#3955 = EDGE_CURVE('',#3927,#3956,#3958,.T.);
#3956 = VERTEX_POINT('',#3957);
#3957 = CARTESIAN_POINT('',(227.81179530505,-5.907438051323,
    334.04090791328));
#3958 = SEAM_CURVE('',#3959,(#3963,#3970),.PCURVE_S1.);
#3959 = LINE('',#3960,#3961);
#3960 = CARTESIAN_POINT('',(227.81179530505,-5.907438051323,
    325.04090791328));
#3961 = VECTOR('',#3962,1.);
#3962 = DIRECTION('',(-0.,-0.,1.));
#3963 = PCURVE('',#3585,#3964);
#3964 = DEFINITIONAL_REPRESENTATION('',(#3965),#3969);
#3965 = LINE('',#3966,#3967);
#3966 = CARTESIAN_POINT('',(-2.712022955425,8.15));
#3967 = VECTOR('',#3968,1.);
#3968 = DIRECTION('',(-0.,-1.));
#3969 = ( GEOMETRIC_REPRESENTATION_CONTEXT(2)
PARAMETRIC_REPRESENTATION_CONTEXT() REPRESENTATION_CONTEXT('2D SPACE',''
  ) );
#3970 = PCURVE('',#3585,#3971);
#3971 = DEFINITIONAL_REPRESENTATION('',(#3972),#3975);
#3972 = B_SPLINE_CURVE_WITH_KNOTS('',1,(#3973,#3974),.UNSPECIFIED.,.F.,
  .F.,(2,2),(8.16,9.),.PIECEWISE_BEZIER_KNOTS.);
#3973 = CARTESIAN_POINT('',(-8.995208262605,-1.000000000005E-02));
#3974 = CARTESIAN_POINT('',(-8.995208262605,-0.85));
#3975 = ( GEOMETRIC_REPRESENTATION_CONTEXT(2)
PARAMETRIC_REPRESENTATION_CONTEXT() REPRESENTATION_CONTEXT('2D SPACE',''
  ) );
#3976 = ORIENTED_EDGE('',*,*,#3977,.T.);
#3977 = EDGE_CURVE('',#3956,#3978,#3980,.T.);
#3978 = VERTEX_POINT('',#3979);
#3979 = CARTESIAN_POINT('',(230.51891292746,6.502004746305,
    334.04090791328));
#3980 = SEAM_CURVE('',#3981,(#3986,#3993),.PCURVE_S1.);
#3981 = CIRCLE('',#3982,6.5);
#3982 = AXIS2_PLACEMENT_3D('',#3983,#3984,#3985);
#3983 = CARTESIAN_POINT('',(230.51891292746,2.004746304806E-03,
    334.04090791328));
#3984 = DIRECTION('',(-0.,0.,-1.));
#3985 = DIRECTION('',(-0.416479634217,-0.909145045789,0.));
#3986 = PCURVE('',#3585,#3987);
#3987 = DEFINITIONAL_REPRESENTATION('',(#3988),#3992);
#3988 = LINE('',#3989,#3990);
#3989 = CARTESIAN_POINT('',(-2.712022955425,-0.85));
#3990 = VECTOR('',#3991,1.);
#3991 = DIRECTION('',(1.,-0.));
#3992 = ( GEOMETRIC_REPRESENTATION_CONTEXT(2)
PARAMETRIC_REPRESENTATION_CONTEXT() REPRESENTATION_CONTEXT('2D SPACE',''
  ) );
#3993 = PCURVE('',#3585,#3994);
#3994 = DEFINITIONAL_REPRESENTATION('',(#3995),#3999);
#3995 = LINE('',#3996,#3997);
#3996 = CARTESIAN_POINT('',(-8.995208262605,-0.85));
#3997 = VECTOR('',#3998,1.);
#3998 = DIRECTION('',(1.,-0.));
#3999 = ( GEOMETRIC_REPRESENTATION_CONTEXT(2)
PARAMETRIC_REPRESENTATION_CONTEXT() REPRESENTATION_CONTEXT('2D SPACE',''
  ) );
#4000 = ORIENTED_EDGE('',*,*,#4001,.F.);
#4001 = EDGE_CURVE('',#3765,#3978,#4002,.T.);
#4002 = SEAM_CURVE('',#4003,(#4007,#4014),.PCURVE_S1.);
#4003 = LINE('',#4004,#4005);
#4004 = CARTESIAN_POINT('',(230.51891292746,6.502004746305,
    346.54090791328));
#4005 = VECTOR('',#4006,1.);
#4006 = DIRECTION('',(-1.110223024625E-16,0.,-1.));
#4007 = PCURVE('',#3585,#4008);
#4008 = DEFINITIONAL_REPRESENTATION('',(#4009),#4013);
#4009 = LINE('',#4010,#4011);
#4010 = CARTESIAN_POINT('',(-0.,-13.35));
#4011 = VECTOR('',#4012,1.);
#4012 = DIRECTION('',(0.,1.));
#4013 = ( GEOMETRIC_REPRESENTATION_CONTEXT(2)
PARAMETRIC_REPRESENTATION_CONTEXT() REPRESENTATION_CONTEXT('2D SPACE',''
  ) );
#4014 = PCURVE('',#3585,#4015);
#4015 = DEFINITIONAL_REPRESENTATION('',(#4016),#4020);
#4016 = LINE('',#4017,#4018);
#4017 = CARTESIAN_POINT('',(-6.28318530718,-13.35));
#4018 = VECTOR('',#4019,1.);
#4019 = DIRECTION('',(0.,1.));
#4020 = ( GEOMETRIC_REPRESENTATION_CONTEXT(2)
PARAMETRIC_REPRESENTATION_CONTEXT() REPRESENTATION_CONTEXT('2D SPACE',''
  ) );
#4021 = ORIENTED_EDGE('',*,*,#3792,.F.);
#4022 = ORIENTED_EDGE('',*,*,#3901,.F.);
#4023 = ORIENTED_EDGE('',*,*,#3562,.F.);
#4024 = ORIENTED_EDGE('',*,*,#3738,.T.);
#4025 = ORIENTED_EDGE('',*,*,#3764,.F.);
#4026 = ORIENTED_EDGE('',*,*,#4001,.T.);
#4027 = ORIENTED_EDGE('',*,*,#3977,.F.);
#4028 = ORIENTED_EDGE('',*,*,#3955,.F.);
#4029 = ADVANCED_FACE('',(#4030,#4061),#3943,.F.);
#4030 = FACE_BOUND('',#4031,.F.);
#4031 = EDGE_LOOP('',(#4032));
#4032 = ORIENTED_EDGE('',*,*,#4033,.T.);
#4033 = EDGE_CURVE('',#4034,#4034,#4036,.T.);
#4034 = VERTEX_POINT('',#4035);
#4035 = CARTESIAN_POINT('',(230.51891292746,13.102004746305,
    333.20090791328));
#4036 = SURFACE_CURVE('',#4037,(#4042,#4049),.PCURVE_S1.);
#4037 = CIRCLE('',#4038,13.1);
#4038 = AXIS2_PLACEMENT_3D('',#4039,#4040,#4041);
#4039 = CARTESIAN_POINT('',(230.51891292746,2.004746304806E-03,
    333.20090791328));
#4040 = DIRECTION('',(1.110223024625E-16,-0.,1.));
#4041 = DIRECTION('',(0.,1.,0.));
#4042 = PCURVE('',#3943,#4043);
#4043 = DEFINITIONAL_REPRESENTATION('',(#4044),#4048);
#4044 = CIRCLE('',#4045,13.1);
#4045 = AXIS2_PLACEMENT_2D('',#4046,#4047);
#4046 = CARTESIAN_POINT('',(0.,-1.252470349655E-15));
#4047 = DIRECTION('',(0.,-1.));
#4048 = ( GEOMETRIC_REPRESENTATION_CONTEXT(2)
PARAMETRIC_REPRESENTATION_CONTEXT() REPRESENTATION_CONTEXT('2D SPACE',''
  ) );
#4049 = PCURVE('',#4050,#4055);
#4050 = CYLINDRICAL_SURFACE('',#4051,13.1);
#4051 = AXIS2_PLACEMENT_3D('',#4052,#4053,#4054);
#4052 = CARTESIAN_POINT('',(230.51891292746,2.004746304806E-03,
    325.03090791328));
#4053 = DIRECTION('',(-1.110223024625E-16,-0.,-1.));
#4054 = DIRECTION('',(0.,1.,0.));
#4055 = DEFINITIONAL_REPRESENTATION('',(#4056),#4060);
#4056 = LINE('',#4057,#4058);
#4057 = CARTESIAN_POINT('',(-0.,-8.17));
#4058 = VECTOR('',#4059,1.);
#4059 = DIRECTION('',(-1.,0.));
#4060 = ( GEOMETRIC_REPRESENTATION_CONTEXT(2)
PARAMETRIC_REPRESENTATION_CONTEXT() REPRESENTATION_CONTEXT('2D SPACE',''
  ) );
#4061 = FACE_BOUND('',#4062,.F.);
#4062 = EDGE_LOOP('',(#4063));
#4063 = ORIENTED_EDGE('',*,*,#3926,.F.);
#4064 = ADVANCED_FACE('',(#4065),#4050,.F.);
#4065 = FACE_BOUND('',#4066,.T.);
#4066 = EDGE_LOOP('',(#4067,#4093,#4121,#4154,#4175,#4176,#4177,#4205));
#4067 = ORIENTED_EDGE('',*,*,#4068,.F.);
#4068 = EDGE_CURVE('',#4069,#4071,#4073,.T.);
#4069 = VERTEX_POINT('',#4070);
#4070 = CARTESIAN_POINT('',(229.27033638596,13.042367341725,
    325.04090791328));
#4071 = VERTEX_POINT('',#4072);
#4072 = CARTESIAN_POINT('',(231.76748946895,13.042367341725,
    325.04090791328));
#4073 = SURFACE_CURVE('',#4074,(#4079,#4086),.PCURVE_S1.);
#4074 = CIRCLE('',#4075,13.1);
#4075 = AXIS2_PLACEMENT_3D('',#4076,#4077,#4078);
#4076 = CARTESIAN_POINT('',(230.51891292746,2.004746304806E-03,
    325.04090791328));
#4077 = DIRECTION('',(0.,0.,1.));
#4078 = DIRECTION('',(-9.531118637377E-02,0.995447526368,0.));
#4079 = PCURVE('',#4050,#4080);
#4080 = DEFINITIONAL_REPRESENTATION('',(#4081),#4085);
#4081 = LINE('',#4082,#4083);
#4082 = CARTESIAN_POINT('',(-9.545608415306E-02,-1.E-02));
#4083 = VECTOR('',#4084,1.);
#4084 = DIRECTION('',(-1.,-0.));
#4085 = ( GEOMETRIC_REPRESENTATION_CONTEXT(2)
PARAMETRIC_REPRESENTATION_CONTEXT() REPRESENTATION_CONTEXT('2D SPACE',''
  ) );
#4086 = PCURVE('',#650,#4087);
#4087 = DEFINITIONAL_REPRESENTATION('',(#4088),#4092);
#4088 = CIRCLE('',#4089,13.1);
#4089 = AXIS2_PLACEMENT_2D('',#4090,#4091);
#4090 = CARTESIAN_POINT('',(11.36431307236,-5.205995427714));
#4091 = DIRECTION('',(-9.531118637377E-02,0.995447526368));
#4092 = ( GEOMETRIC_REPRESENTATION_CONTEXT(2)
PARAMETRIC_REPRESENTATION_CONTEXT() REPRESENTATION_CONTEXT('2D SPACE',''
  ) );
#4093 = ORIENTED_EDGE('',*,*,#4094,.F.);
#4094 = EDGE_CURVE('',#4095,#4069,#4097,.T.);
#4095 = VERTEX_POINT('',#4096);
#4096 = CARTESIAN_POINT('',(229.27033638596,13.042367341725,
    325.84090791328));
#4097 = SURFACE_CURVE('',#4098,(#4102,#4109),.PCURVE_S1.);
#4098 = LINE('',#4099,#4100);
#4099 = CARTESIAN_POINT('',(229.27033638596,13.042367341725,
    325.03090791328));
#4100 = VECTOR('',#4101,1.);
#4101 = DIRECTION('',(-1.110223024625E-16,-0.,-1.));
#4102 = PCURVE('',#4050,#4103);
#4103 = DEFINITIONAL_REPRESENTATION('',(#4104),#4108);
#4104 = LINE('',#4105,#4106);
#4105 = CARTESIAN_POINT('',(-9.545608415306E-02,0.));
#4106 = VECTOR('',#4107,1.);
#4107 = DIRECTION('',(-0.,1.));
#4108 = ( GEOMETRIC_REPRESENTATION_CONTEXT(2)
PARAMETRIC_REPRESENTATION_CONTEXT() REPRESENTATION_CONTEXT('2D SPACE',''
  ) );
#4109 = PCURVE('',#4110,#4115);
#4110 = CYLINDRICAL_SURFACE('',#4111,1.25);
#4111 = AXIS2_PLACEMENT_3D('',#4112,#4113,#4114);
#4112 = CARTESIAN_POINT('',(230.51891292746,13.102004746305,
    322.64090791328));
#4113 = DIRECTION('',(-1.110223024625E-16,-0.,-1.));
#4114 = DIRECTION('',(0.,1.,0.));
#4115 = DEFINITIONAL_REPRESENTATION('',(#4116),#4120);
#4116 = LINE('',#4117,#4118);
#4117 = CARTESIAN_POINT('',(-1.618524368871,-2.39));
#4118 = VECTOR('',#4119,1.);
#4119 = DIRECTION('',(-0.,1.));
#4120 = ( GEOMETRIC_REPRESENTATION_CONTEXT(2)
PARAMETRIC_REPRESENTATION_CONTEXT() REPRESENTATION_CONTEXT('2D SPACE',''
  ) );
#4121 = ORIENTED_EDGE('',*,*,#4122,.T.);
#4122 = EDGE_CURVE('',#4095,#4123,#4125,.T.);
#4123 = VERTEX_POINT('',#4124);
#4124 = CARTESIAN_POINT('',(230.51891292746,13.102004746305,
    325.84090791328));
#4125 = SURFACE_CURVE('',#4126,(#4131,#4138),.PCURVE_S1.);
#4126 = CIRCLE('',#4127,13.1);
#4127 = AXIS2_PLACEMENT_3D('',#4128,#4129,#4130);
#4128 = CARTESIAN_POINT('',(230.51891292746,2.004746304806E-03,
    325.84090791328));
#4129 = DIRECTION('',(-1.110223024625E-16,0.,-1.));
#4130 = DIRECTION('',(0.,1.,0.));
#4131 = PCURVE('',#4050,#4132);
#4132 = DEFINITIONAL_REPRESENTATION('',(#4133),#4137);
#4133 = LINE('',#4134,#4135);
#4134 = CARTESIAN_POINT('',(-6.28318530718,-0.81));
#4135 = VECTOR('',#4136,1.);
#4136 = DIRECTION('',(1.,-0.));
#4137 = ( GEOMETRIC_REPRESENTATION_CONTEXT(2)
PARAMETRIC_REPRESENTATION_CONTEXT() REPRESENTATION_CONTEXT('2D SPACE',''
  ) );
#4138 = PCURVE('',#4139,#4144);
#4139 = PLANE('',#4140);
#4140 = AXIS2_PLACEMENT_3D('',#4141,#4142,#4143);
#4141 = CARTESIAN_POINT('',(230.51891292746,13.102004746305,
    325.84090791328));
#4142 = DIRECTION('',(1.110223024625E-16,0.,1.));
#4143 = DIRECTION('',(-1.,0.,1.110223024625E-16));
#4144 = DEFINITIONAL_REPRESENTATION('',(#4145),#4153);
#4145 = ( BOUNDED_CURVE() B_SPLINE_CURVE(2,(#4146,#4147,#4148,#4149,
#4150,#4151,#4152),.UNSPECIFIED.,.T.,.F.) B_SPLINE_CURVE_WITH_KNOTS((1,2
    ,2,2,2,1),(-2.094395102393,0.,2.094395102393,4.188790204786,
6.28318530718,8.377580409573),.UNSPECIFIED.) CURVE()
GEOMETRIC_REPRESENTATION_ITEM() RATIONAL_B_SPLINE_CURVE((1.,0.5,1.,0.5,
1.,0.5,1.)) REPRESENTATION_ITEM('') );
#4146 = CARTESIAN_POINT('',(0.,0.));
#4147 = CARTESIAN_POINT('',(-22.68986557915,0.));
#4148 = CARTESIAN_POINT('',(-11.34493278957,19.65));
#4149 = CARTESIAN_POINT('',(-3.208574613766E-15,39.3));
#4150 = CARTESIAN_POINT('',(11.344932789576,19.65));
#4151 = CARTESIAN_POINT('',(22.689865579152,1.95399252334E-14));
#4152 = CARTESIAN_POINT('',(0.,0.));
#4153 = ( GEOMETRIC_REPRESENTATION_CONTEXT(2)
PARAMETRIC_REPRESENTATION_CONTEXT() REPRESENTATION_CONTEXT('2D SPACE',''
  ) );
#4154 = ORIENTED_EDGE('',*,*,#4155,.T.);
#4155 = EDGE_CURVE('',#4123,#4034,#4156,.T.);
#4156 = SEAM_CURVE('',#4157,(#4161,#4168),.PCURVE_S1.);
#4157 = LINE('',#4158,#4159);
#4158 = CARTESIAN_POINT('',(230.51891292746,13.102004746305,
    325.03090791328));
#4159 = VECTOR('',#4160,1.);
#4160 = DIRECTION('',(1.110223024625E-16,0.,1.));
#4161 = PCURVE('',#4050,#4162);
#4162 = DEFINITIONAL_REPRESENTATION('',(#4163),#4167);
#4163 = LINE('',#4164,#4165);
#4164 = CARTESIAN_POINT('',(-0.,0.));
#4165 = VECTOR('',#4166,1.);
#4166 = DIRECTION('',(-0.,-1.));
#4167 = ( GEOMETRIC_REPRESENTATION_CONTEXT(2)
PARAMETRIC_REPRESENTATION_CONTEXT() REPRESENTATION_CONTEXT('2D SPACE',''
  ) );
#4168 = PCURVE('',#4050,#4169);
#4169 = DEFINITIONAL_REPRESENTATION('',(#4170),#4174);
#4170 = LINE('',#4171,#4172);
#4171 = CARTESIAN_POINT('',(-6.28318530718,0.));
#4172 = VECTOR('',#4173,1.);
#4173 = DIRECTION('',(-0.,-1.));
#4174 = ( GEOMETRIC_REPRESENTATION_CONTEXT(2)
PARAMETRIC_REPRESENTATION_CONTEXT() REPRESENTATION_CONTEXT('2D SPACE',''
  ) );
#4175 = ORIENTED_EDGE('',*,*,#4033,.T.);
#4176 = ORIENTED_EDGE('',*,*,#4155,.F.);
#4177 = ORIENTED_EDGE('',*,*,#4178,.T.);
#4178 = EDGE_CURVE('',#4123,#4179,#4181,.T.);
#4179 = VERTEX_POINT('',#4180);
#4180 = CARTESIAN_POINT('',(231.76748946895,13.042367341725,
    325.84090791328));
#4181 = SURFACE_CURVE('',#4182,(#4187,#4194),.PCURVE_S1.);
#4182 = CIRCLE('',#4183,13.1);
#4183 = AXIS2_PLACEMENT_3D('',#4184,#4185,#4186);
#4184 = CARTESIAN_POINT('',(230.51891292746,2.004746304806E-03,
    325.84090791328));
#4185 = DIRECTION('',(-1.110223024625E-16,0.,-1.));
#4186 = DIRECTION('',(0.,1.,0.));
#4187 = PCURVE('',#4050,#4188);
#4188 = DEFINITIONAL_REPRESENTATION('',(#4189),#4193);
#4189 = LINE('',#4190,#4191);
#4190 = CARTESIAN_POINT('',(-6.28318530718,-0.81));
#4191 = VECTOR('',#4192,1.);
#4192 = DIRECTION('',(1.,-0.));
#4193 = ( GEOMETRIC_REPRESENTATION_CONTEXT(2)
PARAMETRIC_REPRESENTATION_CONTEXT() REPRESENTATION_CONTEXT('2D SPACE',''
  ) );
#4194 = PCURVE('',#4139,#4195);
#4195 = DEFINITIONAL_REPRESENTATION('',(#4196),#4204);
#4196 = ( BOUNDED_CURVE() B_SPLINE_CURVE(2,(#4197,#4198,#4199,#4200,
#4201,#4202,#4203),.UNSPECIFIED.,.T.,.F.) B_SPLINE_CURVE_WITH_KNOTS((1,2
    ,2,2,2,1),(-2.094395102393,0.,2.094395102393,4.188790204786,
6.28318530718,8.377580409573),.UNSPECIFIED.) CURVE()
GEOMETRIC_REPRESENTATION_ITEM() RATIONAL_B_SPLINE_CURVE((1.,0.5,1.,0.5,
1.,0.5,1.)) REPRESENTATION_ITEM('') );
#4197 = CARTESIAN_POINT('',(0.,0.));
#4198 = CARTESIAN_POINT('',(-22.68986557915,0.));
#4199 = CARTESIAN_POINT('',(-11.34493278957,19.65));
#4200 = CARTESIAN_POINT('',(-3.208574613766E-15,39.3));
#4201 = CARTESIAN_POINT('',(11.344932789576,19.65));
#4202 = CARTESIAN_POINT('',(22.689865579152,1.95399252334E-14));
#4203 = CARTESIAN_POINT('',(0.,0.));
#4204 = ( GEOMETRIC_REPRESENTATION_CONTEXT(2)
PARAMETRIC_REPRESENTATION_CONTEXT() REPRESENTATION_CONTEXT('2D SPACE',''
  ) );
#4205 = ORIENTED_EDGE('',*,*,#4206,.T.);
#4206 = EDGE_CURVE('',#4179,#4071,#4207,.T.);
#4207 = SURFACE_CURVE('',#4208,(#4212,#4219),.PCURVE_S1.);
#4208 = LINE('',#4209,#4210);
#4209 = CARTESIAN_POINT('',(231.76748946895,13.042367341725,
    325.03090791328));
#4210 = VECTOR('',#4211,1.);
#4211 = DIRECTION('',(-1.110223024625E-16,-0.,-1.));
#4212 = PCURVE('',#4050,#4213);
#4213 = DEFINITIONAL_REPRESENTATION('',(#4214),#4218);
#4214 = LINE('',#4215,#4216);
#4215 = CARTESIAN_POINT('',(-6.187729223027,0.));
#4216 = VECTOR('',#4217,1.);
#4217 = DIRECTION('',(-0.,1.));
#4218 = ( GEOMETRIC_REPRESENTATION_CONTEXT(2)
PARAMETRIC_REPRESENTATION_CONTEXT() REPRESENTATION_CONTEXT('2D SPACE',''
  ) );
#4219 = PCURVE('',#4110,#4220);
#4220 = DEFINITIONAL_REPRESENTATION('',(#4221),#4225);
#4221 = LINE('',#4222,#4223);
#4222 = CARTESIAN_POINT('',(-4.664660938308,-2.39));
#4223 = VECTOR('',#4224,1.);
#4224 = DIRECTION('',(-0.,1.));
#4225 = ( GEOMETRIC_REPRESENTATION_CONTEXT(2)
PARAMETRIC_REPRESENTATION_CONTEXT() REPRESENTATION_CONTEXT('2D SPACE',''
  ) );
#4226 = ADVANCED_FACE('',(#4227),#4139,.T.);
#4227 = FACE_BOUND('',#4228,.T.);
#4228 = EDGE_LOOP('',(#4229,#4230,#4252));
#4229 = ORIENTED_EDGE('',*,*,#4122,.F.);
#4230 = ORIENTED_EDGE('',*,*,#4231,.T.);
#4231 = EDGE_CURVE('',#4095,#4179,#4232,.T.);
#4232 = SURFACE_CURVE('',#4233,(#4238,#4245),.PCURVE_S1.);
#4233 = CIRCLE('',#4234,1.25);
#4234 = AXIS2_PLACEMENT_3D('',#4235,#4236,#4237);
#4235 = CARTESIAN_POINT('',(230.51891292746,13.102004746305,
    325.84090791328));
#4236 = DIRECTION('',(1.110223024625E-16,-0.,1.));
#4237 = DIRECTION('',(0.,1.,0.));
#4238 = PCURVE('',#4139,#4239);
#4239 = DEFINITIONAL_REPRESENTATION('',(#4240),#4244);
#4240 = CIRCLE('',#4241,1.25);
#4241 = AXIS2_PLACEMENT_2D('',#4242,#4243);
#4242 = CARTESIAN_POINT('',(0.,0.));
#4243 = DIRECTION('',(0.,-1.));
#4244 = ( GEOMETRIC_REPRESENTATION_CONTEXT(2)
PARAMETRIC_REPRESENTATION_CONTEXT() REPRESENTATION_CONTEXT('2D SPACE',''
  ) );
#4245 = PCURVE('',#4110,#4246);
#4246 = DEFINITIONAL_REPRESENTATION('',(#4247),#4251);
#4247 = LINE('',#4248,#4249);
#4248 = CARTESIAN_POINT('',(-0.,-3.2));
#4249 = VECTOR('',#4250,1.);
#4250 = DIRECTION('',(-1.,0.));
#4251 = ( GEOMETRIC_REPRESENTATION_CONTEXT(2)
PARAMETRIC_REPRESENTATION_CONTEXT() REPRESENTATION_CONTEXT('2D SPACE',''
  ) );
#4252 = ORIENTED_EDGE('',*,*,#4178,.F.);
#4253 = ADVANCED_FACE('',(#4254),#4110,.T.);
#4254 = FACE_BOUND('',#4255,.F.);
#4255 = EDGE_LOOP('',(#4256,#4285,#4308,#4334,#4335,#4336,#4337,#4363));
#4256 = ORIENTED_EDGE('',*,*,#4257,.F.);
#4257 = EDGE_CURVE('',#4258,#4258,#4260,.T.);
#4258 = VERTEX_POINT('',#4259);
#4259 = CARTESIAN_POINT('',(230.51891292746,14.352004746305,
    322.64090791328));
#4260 = SURFACE_CURVE('',#4261,(#4266,#4273),.PCURVE_S1.);
#4261 = CIRCLE('',#4262,1.25);
#4262 = AXIS2_PLACEMENT_3D('',#4263,#4264,#4265);
#4263 = CARTESIAN_POINT('',(230.51891292746,13.102004746305,
    322.64090791328));
#4264 = DIRECTION('',(1.110223024625E-16,-0.,1.));
#4265 = DIRECTION('',(0.,1.,0.));
#4266 = PCURVE('',#4110,#4267);
#4267 = DEFINITIONAL_REPRESENTATION('',(#4268),#4272);
#4268 = LINE('',#4269,#4270);
#4269 = CARTESIAN_POINT('',(-0.,0.));
#4270 = VECTOR('',#4271,1.);
#4271 = DIRECTION('',(-1.,0.));
#4272 = ( GEOMETRIC_REPRESENTATION_CONTEXT(2)
PARAMETRIC_REPRESENTATION_CONTEXT() REPRESENTATION_CONTEXT('2D SPACE',''
  ) );
#4273 = PCURVE('',#4274,#4279);
#4274 = PLANE('',#4275);
#4275 = AXIS2_PLACEMENT_3D('',#4276,#4277,#4278);
#4276 = CARTESIAN_POINT('',(230.51891292746,13.102004746305,
    322.64090791328));
#4277 = DIRECTION('',(1.110223024625E-16,0.,1.));
#4278 = DIRECTION('',(-1.,0.,1.110223024625E-16));
#4279 = DEFINITIONAL_REPRESENTATION('',(#4280),#4284);
#4280 = CIRCLE('',#4281,1.25);
#4281 = AXIS2_PLACEMENT_2D('',#4282,#4283);
#4282 = CARTESIAN_POINT('',(0.,0.));
#4283 = DIRECTION('',(0.,-1.));
#4284 = ( GEOMETRIC_REPRESENTATION_CONTEXT(2)
PARAMETRIC_REPRESENTATION_CONTEXT() REPRESENTATION_CONTEXT('2D SPACE',''
  ) );
#4285 = ORIENTED_EDGE('',*,*,#4286,.T.);
#4286 = EDGE_CURVE('',#4258,#4287,#4289,.T.);
#4287 = VERTEX_POINT('',#4288);
#4288 = CARTESIAN_POINT('',(230.51891292746,14.352004746305,
    325.04090791328));
#4289 = SEAM_CURVE('',#4290,(#4294,#4301),.PCURVE_S1.);
#4290 = LINE('',#4291,#4292);
#4291 = CARTESIAN_POINT('',(230.51891292746,14.352004746305,
    322.64090791328));
#4292 = VECTOR('',#4293,1.);
#4293 = DIRECTION('',(1.110223024625E-16,0.,1.));
#4294 = PCURVE('',#4110,#4295);
#4295 = DEFINITIONAL_REPRESENTATION('',(#4296),#4300);
#4296 = LINE('',#4297,#4298);
#4297 = CARTESIAN_POINT('',(-6.28318530718,0.));
#4298 = VECTOR('',#4299,1.);
#4299 = DIRECTION('',(-0.,-1.));
#4300 = ( GEOMETRIC_REPRESENTATION_CONTEXT(2)
PARAMETRIC_REPRESENTATION_CONTEXT() REPRESENTATION_CONTEXT('2D SPACE',''
  ) );
#4301 = PCURVE('',#4110,#4302);
#4302 = DEFINITIONAL_REPRESENTATION('',(#4303),#4307);
#4303 = LINE('',#4304,#4305);
#4304 = CARTESIAN_POINT('',(-0.,0.));
#4305 = VECTOR('',#4306,1.);
#4306 = DIRECTION('',(-0.,-1.));
#4307 = ( GEOMETRIC_REPRESENTATION_CONTEXT(2)
PARAMETRIC_REPRESENTATION_CONTEXT() REPRESENTATION_CONTEXT('2D SPACE',''
  ) );
#4308 = ORIENTED_EDGE('',*,*,#4309,.F.);
#4309 = EDGE_CURVE('',#4069,#4287,#4310,.T.);
#4310 = SURFACE_CURVE('',#4311,(#4316,#4323),.PCURVE_S1.);
#4311 = CIRCLE('',#4312,1.25);
#4312 = AXIS2_PLACEMENT_3D('',#4313,#4314,#4315);
#4313 = CARTESIAN_POINT('',(230.51891292746,13.102004746305,
    325.04090791328));
#4314 = DIRECTION('',(-1.110223024625E-16,0.,-1.));
#4315 = DIRECTION('',(0.,1.,0.));
#4316 = PCURVE('',#4110,#4317);
#4317 = DEFINITIONAL_REPRESENTATION('',(#4318),#4322);
#4318 = LINE('',#4319,#4320);
#4319 = CARTESIAN_POINT('',(-6.28318530718,-2.4));
#4320 = VECTOR('',#4321,1.);
#4321 = DIRECTION('',(1.,-0.));
#4322 = ( GEOMETRIC_REPRESENTATION_CONTEXT(2)
PARAMETRIC_REPRESENTATION_CONTEXT() REPRESENTATION_CONTEXT('2D SPACE',''
  ) );
#4323 = PCURVE('',#650,#4324);
#4324 = DEFINITIONAL_REPRESENTATION('',(#4325),#4333);
#4325 = ( BOUNDED_CURVE() B_SPLINE_CURVE(2,(#4326,#4327,#4328,#4329,
#4330,#4331,#4332),.UNSPECIFIED.,.T.,.F.) B_SPLINE_CURVE_WITH_KNOTS((1,2
    ,2,2,2,1),(-2.094395102393,0.,2.094395102393,4.188790204786,
6.28318530718,8.377580409573),.UNSPECIFIED.) CURVE()
GEOMETRIC_REPRESENTATION_ITEM() RATIONAL_B_SPLINE_CURVE((1.,0.5,1.,0.5,
1.,0.5,1.)) REPRESENTATION_ITEM('') );
#4326 = CARTESIAN_POINT('',(11.36431307236,9.144004572286));
#4327 = CARTESIAN_POINT('',(13.529376581821,9.144004572286));
#4328 = CARTESIAN_POINT('',(12.446844827091,7.269004572286));
#4329 = CARTESIAN_POINT('',(11.36431307236,5.394004572286));
#4330 = CARTESIAN_POINT('',(10.28178131763,7.269004572286));
#4331 = CARTESIAN_POINT('',(9.199249562899,9.144004572286));
#4332 = CARTESIAN_POINT('',(11.36431307236,9.144004572286));
#4333 = ( GEOMETRIC_REPRESENTATION_CONTEXT(2)
PARAMETRIC_REPRESENTATION_CONTEXT() REPRESENTATION_CONTEXT('2D SPACE',''
  ) );
#4334 = ORIENTED_EDGE('',*,*,#4094,.F.);
#4335 = ORIENTED_EDGE('',*,*,#4231,.T.);
#4336 = ORIENTED_EDGE('',*,*,#4206,.T.);
#4337 = ORIENTED_EDGE('',*,*,#4338,.F.);
#4338 = EDGE_CURVE('',#4287,#4071,#4339,.T.);
#4339 = SURFACE_CURVE('',#4340,(#4345,#4352),.PCURVE_S1.);
#4340 = CIRCLE('',#4341,1.25);
#4341 = AXIS2_PLACEMENT_3D('',#4342,#4343,#4344);
#4342 = CARTESIAN_POINT('',(230.51891292746,13.102004746305,
    325.04090791328));
#4343 = DIRECTION('',(-1.110223024625E-16,0.,-1.));
#4344 = DIRECTION('',(0.,1.,0.));
#4345 = PCURVE('',#4110,#4346);
#4346 = DEFINITIONAL_REPRESENTATION('',(#4347),#4351);
#4347 = LINE('',#4348,#4349);
#4348 = CARTESIAN_POINT('',(-6.28318530718,-2.4));
#4349 = VECTOR('',#4350,1.);
#4350 = DIRECTION('',(1.,-0.));
#4351 = ( GEOMETRIC_REPRESENTATION_CONTEXT(2)
PARAMETRIC_REPRESENTATION_CONTEXT() REPRESENTATION_CONTEXT('2D SPACE',''
  ) );
#4352 = PCURVE('',#650,#4353);
#4353 = DEFINITIONAL_REPRESENTATION('',(#4354),#4362);
#4354 = ( BOUNDED_CURVE() B_SPLINE_CURVE(2,(#4355,#4356,#4357,#4358,
#4359,#4360,#4361),.UNSPECIFIED.,.T.,.F.) B_SPLINE_CURVE_WITH_KNOTS((1,2
    ,2,2,2,1),(-2.094395102393,0.,2.094395102393,4.188790204786,
6.28318530718,8.377580409573),.UNSPECIFIED.) CURVE()
GEOMETRIC_REPRESENTATION_ITEM() RATIONAL_B_SPLINE_CURVE((1.,0.5,1.,0.5,
1.,0.5,1.)) REPRESENTATION_ITEM('') );
#4355 = CARTESIAN_POINT('',(11.36431307236,9.144004572286));
#4356 = CARTESIAN_POINT('',(13.529376581821,9.144004572286));
#4357 = CARTESIAN_POINT('',(12.446844827091,7.269004572286));
#4358 = CARTESIAN_POINT('',(11.36431307236,5.394004572286));
#4359 = CARTESIAN_POINT('',(10.28178131763,7.269004572286));
#4360 = CARTESIAN_POINT('',(9.199249562899,9.144004572286));
#4361 = CARTESIAN_POINT('',(11.36431307236,9.144004572286));
#4362 = ( GEOMETRIC_REPRESENTATION_CONTEXT(2)
PARAMETRIC_REPRESENTATION_CONTEXT() REPRESENTATION_CONTEXT('2D SPACE',''
  ) );
#4363 = ORIENTED_EDGE('',*,*,#4286,.F.);
#4364 = ADVANCED_FACE('',(#4365),#4274,.F.);
#4365 = FACE_BOUND('',#4366,.F.);
#4366 = EDGE_LOOP('',(#4367));
#4367 = ORIENTED_EDGE('',*,*,#4257,.T.);
#4368 = ADVANCED_FACE('',(#4369),#1079,.F.);
#4369 = FACE_BOUND('',#4370,.F.);
#4370 = EDGE_LOOP('',(#4371,#4372,#4393,#4394));
#4371 = ORIENTED_EDGE('',*,*,#1063,.T.);
#4372 = ORIENTED_EDGE('',*,*,#4373,.T.);
#4373 = EDGE_CURVE('',#1031,#2069,#4374,.T.);
#4374 = SURFACE_CURVE('',#4375,(#4379,#4386),.PCURVE_S1.);
#4375 = LINE('',#4376,#4377);
#4376 = CARTESIAN_POINT('',(235.78141292746,3.677004746305,
    346.54090791328));
#4377 = VECTOR('',#4378,1.);
#4378 = DIRECTION('',(-1.,0.,1.110223024625E-16));
#4379 = PCURVE('',#1079,#4380);
#4380 = DEFINITIONAL_REPRESENTATION('',(#4381),#4385);
#4381 = LINE('',#4382,#4383);
#4382 = CARTESIAN_POINT('',(-5.2625,0.1));
#4383 = VECTOR('',#4384,1.);
#4384 = DIRECTION('',(1.,0.));
#4385 = ( GEOMETRIC_REPRESENTATION_CONTEXT(2)
PARAMETRIC_REPRESENTATION_CONTEXT() REPRESENTATION_CONTEXT('2D SPACE',''
  ) );
#4386 = PCURVE('',#1047,#4387);
#4387 = DEFINITIONAL_REPRESENTATION('',(#4388),#4392);
#4388 = LINE('',#4389,#4390);
#4389 = CARTESIAN_POINT('',(5.2625,-14.2));
#4390 = VECTOR('',#4391,1.);
#4391 = DIRECTION('',(1.,0.));
#4392 = ( GEOMETRIC_REPRESENTATION_CONTEXT(2)
PARAMETRIC_REPRESENTATION_CONTEXT() REPRESENTATION_CONTEXT('2D SPACE',''
  ) );
#4393 = ORIENTED_EDGE('',*,*,#2091,.F.);
#4394 = ORIENTED_EDGE('',*,*,#3537,.F.);
#4395 = ADVANCED_FACE('',(#4396),#1047,.F.);
#4396 = FACE_BOUND('',#4397,.F.);
#4397 = EDGE_LOOP('',(#4398,#4399,#4400,#4401,#4402,#4403,#4404,#4405,
    #4406));
#4398 = ORIENTED_EDGE('',*,*,#1445,.F.);
#4399 = ORIENTED_EDGE('',*,*,#1527,.F.);
#4400 = ORIENTED_EDGE('',*,*,#1573,.T.);
#4401 = ORIENTED_EDGE('',*,*,#2688,.T.);
#4402 = ORIENTED_EDGE('',*,*,#2068,.F.);
#4403 = ORIENTED_EDGE('',*,*,#4373,.F.);
#4404 = ORIENTED_EDGE('',*,*,#1030,.T.);
#4405 = ORIENTED_EDGE('',*,*,#1148,.T.);
#4406 = ORIENTED_EDGE('',*,*,#1178,.T.);
#4407 = ADVANCED_FACE('',(#4408,#4435),#650,.F.);
#4408 = FACE_BOUND('',#4409,.F.);
#4409 = EDGE_LOOP('',(#4410,#4431,#4432,#4433,#4434));
#4410 = ORIENTED_EDGE('',*,*,#4411,.T.);
#4411 = EDGE_CURVE('',#621,#873,#4412,.T.);
#4412 = SURFACE_CURVE('',#4413,(#4417,#4424),.PCURVE_S1.);
#4413 = LINE('',#4414,#4415);
#4414 = CARTESIAN_POINT('',(210.49740440515,16.32343839936,
    325.04090791328));
#4415 = VECTOR('',#4416,1.);
#4416 = DIRECTION('',(-0.416479634217,-0.909145045789,0.));
#4417 = PCURVE('',#650,#4418);
#4418 = DEFINITIONAL_REPRESENTATION('',(#4419),#4423);
#4419 = LINE('',#4420,#4421);
#4420 = CARTESIAN_POINT('',(-8.657195449949,11.115438225341));
#4421 = VECTOR('',#4422,1.);
#4422 = DIRECTION('',(-0.416479634217,-0.909145045789));
#4423 = ( GEOMETRIC_REPRESENTATION_CONTEXT(2)
PARAMETRIC_REPRESENTATION_CONTEXT() REPRESENTATION_CONTEXT('2D SPACE',''
  ) );
#4424 = PCURVE('',#573,#4425);
#4425 = DEFINITIONAL_REPRESENTATION('',(#4426),#4430);
#4426 = LINE('',#4427,#4428);
#4427 = CARTESIAN_POINT('',(0.,0.));
#4428 = VECTOR('',#4429,1.);
#4429 = DIRECTION('',(1.,0.));
#4430 = ( GEOMETRIC_REPRESENTATION_CONTEXT(2)
PARAMETRIC_REPRESENTATION_CONTEXT() REPRESENTATION_CONTEXT('2D SPACE',''
  ) );
#4431 = ORIENTED_EDGE('',*,*,#872,.T.);
#4432 = ORIENTED_EDGE('',*,*,#792,.F.);
#4433 = ORIENTED_EDGE('',*,*,#690,.T.);
#4434 = ORIENTED_EDGE('',*,*,#620,.F.);
#4435 = FACE_BOUND('',#4436,.F.);
#4436 = EDGE_LOOP('',(#4437,#4438,#4439));
#4437 = ORIENTED_EDGE('',*,*,#4068,.F.);
#4438 = ORIENTED_EDGE('',*,*,#4309,.T.);
#4439 = ORIENTED_EDGE('',*,*,#4338,.T.);
#4440 = ADVANCED_FACE('',(#4441),#573,.F.);
#4441 = FACE_BOUND('',#4442,.F.);
#4442 = EDGE_LOOP('',(#4443,#4444,#4445,#4446,#4447,#4448,#4449));
#4443 = ORIENTED_EDGE('',*,*,#553,.F.);
#4444 = ORIENTED_EDGE('',*,*,#767,.T.);
#4445 = ORIENTED_EDGE('',*,*,#946,.T.);
#4446 = ORIENTED_EDGE('',*,*,#895,.F.);
#4447 = ORIENTED_EDGE('',*,*,#4411,.F.);
#4448 = ORIENTED_EDGE('',*,*,#662,.F.);
#4449 = ORIENTED_EDGE('',*,*,#4450,.T.);
#4450 = EDGE_CURVE('',#393,#530,#4451,.T.);
#4451 = SURFACE_CURVE('',#4452,(#4456,#4462),.PCURVE_S1.);
#4452 = LINE('',#4453,#4454);
#4453 = CARTESIAN_POINT('',(208.443902032,11.840790616178,
    330.39154870385));
#4454 = VECTOR('',#4455,1.);
#4455 = DIRECTION('',(0.366152526191,0.799284593627,0.476525409558));
#4456 = PCURVE('',#573,#4457);
#4457 = DEFINITIONAL_REPRESENTATION('',(#4458),#4461);
#4458 = B_SPLINE_CURVE_WITH_KNOTS('',1,(#4459,#4460),.UNSPECIFIED.,.F.,
  .F.,(2,2),(-8.798616465219,5.228436267024),.PIECEWISE_BEZIER_KNOTS.);
#4459 = CARTESIAN_POINT('',(12.666016740019,-1.157876475938));
#4460 = CARTESIAN_POINT('',(0.333983259981,-7.842123524062));
#4461 = ( GEOMETRIC_REPRESENTATION_CONTEXT(2)
PARAMETRIC_REPRESENTATION_CONTEXT() REPRESENTATION_CONTEXT('2D SPACE',''
  ) );
#4462 = PCURVE('',#409,#4463);
#4463 = DEFINITIONAL_REPRESENTATION('',(#4464),#4467);
#4464 = B_SPLINE_CURVE_WITH_KNOTS('',1,(#4465,#4466),.UNSPECIFIED.,.F.,
  .F.,(2,2),(-8.798616465219,5.228436267024),.PIECEWISE_BEZIER_KNOTS.);
#4465 = CARTESIAN_POINT('',(-6.5,2.634302960611));
#4466 = CARTESIAN_POINT('',(6.5,-2.634302960611));
#4467 = ( GEOMETRIC_REPRESENTATION_CONTEXT(2)
PARAMETRIC_REPRESENTATION_CONTEXT() REPRESENTATION_CONTEXT('2D SPACE',''
  ) );
#4468 = ADVANCED_FACE('',(#4469),#409,.T.);
#4469 = FACE_BOUND('',#4470,.T.);
#4470 = EDGE_LOOP('',(#4471,#4472,#4473));
#4471 = ORIENTED_EDGE('',*,*,#529,.T.);
#4472 = ORIENTED_EDGE('',*,*,#390,.T.);
#4473 = ORIENTED_EDGE('',*,*,#4450,.T.);
#4474 = ADVANCED_FACE('',(#4475,#4503,#7359),#100,.T.);
#4475 = FACE_BOUND('',#4476,.T.);
#4476 = EDGE_LOOP('',(#4477,#4478,#4479,#4480,#4481,#4482));
#4477 = ORIENTED_EDGE('',*,*,#83,.F.);
#4478 = ORIENTED_EDGE('',*,*,#167,.T.);
#4479 = ORIENTED_EDGE('',*,*,#243,.T.);
#4480 = ORIENTED_EDGE('',*,*,#368,.T.);
#4481 = ORIENTED_EDGE('',*,*,#500,.F.);
#4482 = ORIENTED_EDGE('',*,*,#4483,.T.);
#4483 = EDGE_CURVE('',#473,#58,#4484,.T.);
#4484 = SURFACE_CURVE('',#4485,(#4489,#4496),.PCURVE_S1.);
#4485 = LINE('',#4486,#4487);
#4486 = CARTESIAN_POINT('',(199.00855970589,23.053629746284,
    315.20506222219));
#4487 = VECTOR('',#4488,1.);
#4488 = DIRECTION('',(-0.87721348859,0.,-0.480100505556));
#4489 = PCURVE('',#100,#4490);
#4490 = DEFINITIONAL_REPRESENTATION('',(#4491),#4495);
#4491 = LINE('',#4492,#4493);
#4492 = CARTESIAN_POINT('',(17.704400314733,-18.80968392864));
#4493 = VECTOR('',#4494,1.);
#4494 = DIRECTION('',(-0.480100505556,0.87721348859));
#4495 = ( GEOMETRIC_REPRESENTATION_CONTEXT(2)
PARAMETRIC_REPRESENTATION_CONTEXT() REPRESENTATION_CONTEXT('2D SPACE',''
  ) );
#4496 = PCURVE('',#72,#4497);
#4497 = DEFINITIONAL_REPRESENTATION('',(#4498),#4502);
#4498 = LINE('',#4499,#4500);
#4499 = CARTESIAN_POINT('',(-0.,-3.8));
#4500 = VECTOR('',#4501,1.);
#4501 = DIRECTION('',(1.,0.));
#4502 = ( GEOMETRIC_REPRESENTATION_CONTEXT(2)
PARAMETRIC_REPRESENTATION_CONTEXT() REPRESENTATION_CONTEXT('2D SPACE',''
  ) );
#4503 = FACE_BOUND('',#4504,.T.);
#4504 = EDGE_LOOP('',(#4505,#4535,#4563,#4589,#4615,#4641,#4667,#4693,
    #4719,#4745,#4771,#4797,#4823,#4849,#4875,#4901,#4927,#4953,#4979,
    #5005,#5033,#5061,#5089,#5117,#5145,#5173,#5201,#5229,#5257,#5285,
    #5313,#5341,#5369,#5397,#5425,#5453,#5481,#5509,#5537,#5565,#5593,
    #5621,#5649,#5677,#5705,#5731,#5757,#5783,#5809,#5835,#5861,#5887,
    #5913,#5939,#5965,#5991,#6017,#6045,#6073,#6101,#6129,#6157,#6185,
    #6213,#6241,#6269,#6297,#6325,#6353,#6381,#6409,#6437,#6465,#6493,
    #6521,#6549,#6577,#6605,#6633,#6661,#6689,#6717,#6745,#6773,#6801,
    #6829,#6857,#6885,#6913,#6941,#6969,#6997,#7025,#7053,#7081,#7109,
    #7137,#7165,#7193,#7221,#7249,#7277,#7305,#7333));
#4505 = ORIENTED_EDGE('',*,*,#4506,.T.);
#4506 = EDGE_CURVE('',#4507,#4509,#4511,.T.);
#4507 = VERTEX_POINT('',#4508);
#4508 = CARTESIAN_POINT('',(191.09486163794,23.053629746284,
    294.70066331398));
#4509 = VERTEX_POINT('',#4510);
#4510 = CARTESIAN_POINT('',(191.26294116986,23.053629746284,
    295.46376304204));
#4511 = SURFACE_CURVE('',#4512,(#4516,#4523),.PCURVE_S1.);
#4512 = LINE('',#4513,#4514);
#4513 = CARTESIAN_POINT('',(191.22092128688,23.053629746284,
    295.27298811002));
#4514 = VECTOR('',#4515,1.);
#4515 = DIRECTION('',(0.215102973937,2.3881227433E-17,0.976591373402));
#4516 = PCURVE('',#100,#4517);
#4517 = DEFINITIONAL_REPRESENTATION('',(#4518),#4522);
#4518 = LINE('',#4519,#4520);
#4519 = CARTESIAN_POINT('',(-2.227673797434,-11.02204550963));
#4520 = VECTOR('',#4521,1.);
#4521 = DIRECTION('',(0.976591373402,-0.215102973937));
#4522 = ( GEOMETRIC_REPRESENTATION_CONTEXT(2)
PARAMETRIC_REPRESENTATION_CONTEXT() REPRESENTATION_CONTEXT('2D SPACE',''
  ) );
#4523 = PCURVE('',#4524,#4529);
#4524 = PLANE('',#4525);
#4525 = AXIS2_PLACEMENT_3D('',#4526,#4527,#4528);
#4526 = CARTESIAN_POINT('',(191.26294116986,25.553629746284,
    295.46376304204));
#4527 = DIRECTION('',(0.976591373402,1.084234228401E-16,-0.215102973937)
  );
#4528 = DIRECTION('',(-0.215102973937,-2.3881227433E-17,-0.976591373402)
  );
#4529 = DEFINITIONAL_REPRESENTATION('',(#4530),#4534);
#4530 = LINE('',#4531,#4532);
#4531 = CARTESIAN_POINT('',(0.195347754661,-2.5));
#4532 = VECTOR('',#4533,1.);
#4533 = DIRECTION('',(-1.,0.));
#4534 = ( GEOMETRIC_REPRESENTATION_CONTEXT(2)
PARAMETRIC_REPRESENTATION_CONTEXT() REPRESENTATION_CONTEXT('2D SPACE',''
  ) );
#4535 = ORIENTED_EDGE('',*,*,#4536,.T.);
#4536 = EDGE_CURVE('',#4509,#4537,#4539,.T.);
#4537 = VERTEX_POINT('',#4538);
#4538 = CARTESIAN_POINT('',(191.37764464098,23.053629746284,
    296.23668932424));
#4539 = SURFACE_CURVE('',#4540,(#4544,#4551),.PCURVE_S1.);
#4540 = LINE('',#4541,#4542);
#4541 = CARTESIAN_POINT('',(191.26294116986,23.053629746284,
    295.46376304204));
#4542 = VECTOR('',#4543,1.);
#4543 = DIRECTION('',(0.146793946164,0.,0.989167092745));
#4544 = PCURVE('',#100,#4545);
#4545 = DEFINITIONAL_REPRESENTATION('',(#4546),#4550);
#4546 = LINE('',#4547,#4548);
#4547 = CARTESIAN_POINT('',(-2.036898865419,-11.06406539261));
#4548 = VECTOR('',#4549,1.);
#4549 = DIRECTION('',(0.989167092745,-0.146793946164));
#4550 = ( GEOMETRIC_REPRESENTATION_CONTEXT(2)
PARAMETRIC_REPRESENTATION_CONTEXT() REPRESENTATION_CONTEXT('2D SPACE',''
  ) );
#4551 = PCURVE('',#4552,#4557);
#4552 = PLANE('',#4553);
#4553 = AXIS2_PLACEMENT_3D('',#4554,#4555,#4556);
#4554 = CARTESIAN_POINT('',(191.37764464098,25.553629746284,
    296.23668932424));
#4555 = DIRECTION('',(0.989167092745,1.098196081567E-16,-0.146793946164)
  );
#4556 = DIRECTION('',(-0.146793946164,-1.629740189071E-17,
    -0.989167092745));
#4557 = DEFINITIONAL_REPRESENTATION('',(#4558),#4562);
#4558 = LINE('',#4559,#4560);
#4559 = CARTESIAN_POINT('',(0.781391018643,-2.5));
#4560 = VECTOR('',#4561,1.);
#4561 = DIRECTION('',(-1.,-1.629740189071E-17));
#4562 = ( GEOMETRIC_REPRESENTATION_CONTEXT(2)
PARAMETRIC_REPRESENTATION_CONTEXT() REPRESENTATION_CONTEXT('2D SPACE',''
  ) );
#4563 = ORIENTED_EDGE('',*,*,#4564,.T.);
#4564 = EDGE_CURVE('',#4537,#4565,#4567,.T.);
#4565 = VERTEX_POINT('',#4566);
#4566 = CARTESIAN_POINT('',(191.43841869057,23.053629746284,
    297.01571335398));
#4567 = SURFACE_CURVE('',#4568,(#4572,#4578),.PCURVE_S1.);
#4568 = LINE('',#4569,#4570);
#4569 = CARTESIAN_POINT('',(191.42322517817,23.053629746284,
    296.82095734655));
#4570 = VECTOR('',#4571,1.);
#4571 = DIRECTION('',(7.777674446852E-02,8.634953248933E-18,
    0.996970800987));
#4572 = PCURVE('',#100,#4573);
#4573 = DEFINITIONAL_REPRESENTATION('',(#4574),#4577);
#4574 = B_SPLINE_CURVE_WITH_KNOTS('',1,(#4575,#4576),.UNSPECIFIED.,.F.,
  .F.,(2,2),(-0.586043263982,0.195347754661),.PIECEWISE_BEZIER_KNOTS.);
#4575 = CARTESIAN_POINT('',(-1.263972583211,-11.17876886373));
#4576 = CARTESIAN_POINT('',(-0.484948553471,-11.23954291332));
#4577 = ( GEOMETRIC_REPRESENTATION_CONTEXT(2)
PARAMETRIC_REPRESENTATION_CONTEXT() REPRESENTATION_CONTEXT('2D SPACE',''
  ) );
#4578 = PCURVE('',#4579,#4584);
#4579 = PLANE('',#4580);
#4580 = AXIS2_PLACEMENT_3D('',#4581,#4582,#4583);
#4581 = CARTESIAN_POINT('',(191.43841869057,25.553629746284,
    297.01571335398));
#4582 = DIRECTION('',(0.996970800987,1.106859938134E-16,
    -7.777674446852E-02));
#4583 = DIRECTION('',(-7.777674446852E-02,-8.634953248933E-18,
    -0.996970800987));
#4584 = DEFINITIONAL_REPRESENTATION('',(#4585),#4588);
#4585 = B_SPLINE_CURVE_WITH_KNOTS('',1,(#4586,#4587),.UNSPECIFIED.,.F.,
  .F.,(2,2),(-0.586043263982,0.195347754661),.PIECEWISE_BEZIER_KNOTS.);
#4586 = CARTESIAN_POINT('',(0.781391018643,-2.5));
#4587 = CARTESIAN_POINT('',(0.,-2.5));
#4588 = ( GEOMETRIC_REPRESENTATION_CONTEXT(2)
PARAMETRIC_REPRESENTATION_CONTEXT() REPRESENTATION_CONTEXT('2D SPACE',''
  ) );
#4589 = ORIENTED_EDGE('',*,*,#4590,.T.);
#4590 = EDGE_CURVE('',#4565,#4591,#4593,.T.);
#4591 = VERTEX_POINT('',#4592);
#4592 = CARTESIAN_POINT('',(191.44497012807,23.053629746284,
    297.79707690745));
#4593 = SURFACE_CURVE('',#4594,(#4598,#4604),.PCURVE_S1.);
#4594 = LINE('',#4595,#4596);
#4595 = CARTESIAN_POINT('',(191.4433322687,23.053629746284,
    297.60173601908));
#4596 = VECTOR('',#4597,1.);
#4597 = DIRECTION('',(8.384326602831E-03,9.30847244044E-19,
    0.999964850916));
#4598 = PCURVE('',#100,#4599);
#4599 = DEFINITIONAL_REPRESENTATION('',(#4600),#4603);
#4600 = B_SPLINE_CURVE_WITH_KNOTS('',1,(#4601,#4602),.UNSPECIFIED.,.F.,
  .F.,(2,2),(-0.586043263982,0.195347754661),.PIECEWISE_BEZIER_KNOTS.);
#4601 = CARTESIAN_POINT('',(-0.484948553471,-11.23954291332));
#4602 = CARTESIAN_POINT('',(0.296414999994,-11.24609435083));
#4603 = ( GEOMETRIC_REPRESENTATION_CONTEXT(2)
PARAMETRIC_REPRESENTATION_CONTEXT() REPRESENTATION_CONTEXT('2D SPACE',''
  ) );
#4604 = PCURVE('',#4605,#4610);
#4605 = PLANE('',#4606);
#4606 = AXIS2_PLACEMENT_3D('',#4607,#4608,#4609);
#4607 = CARTESIAN_POINT('',(191.44497012807,25.553629746284,
    297.79707690745));
#4608 = DIRECTION('',(0.999964850916,1.110184001303E-16,
    -8.384326602831E-03));
#4609 = DIRECTION('',(-8.384326602831E-03,-9.30847244044E-19,
    -0.999964850916));
#4610 = DEFINITIONAL_REPRESENTATION('',(#4611),#4614);
#4611 = B_SPLINE_CURVE_WITH_KNOTS('',1,(#4612,#4613),.UNSPECIFIED.,.F.,
  .F.,(2,2),(-0.586043263982,0.195347754661),.PIECEWISE_BEZIER_KNOTS.);
#4612 = CARTESIAN_POINT('',(0.781391018643,-2.5));
#4613 = CARTESIAN_POINT('',(0.,-2.5));
#4614 = ( GEOMETRIC_REPRESENTATION_CONTEXT(2)
PARAMETRIC_REPRESENTATION_CONTEXT() REPRESENTATION_CONTEXT('2D SPACE',''
  ) );
#4615 = ORIENTED_EDGE('',*,*,#4616,.T.);
#4616 = EDGE_CURVE('',#4591,#4617,#4619,.T.);
#4617 = VERTEX_POINT('',#4618);
#4618 = CARTESIAN_POINT('',(191.39726734758,23.053629746284,
    298.57701047433));
#4619 = SURFACE_CURVE('',#4620,(#4624,#4630),.PCURVE_S1.);
#4620 = LINE('',#4621,#4622);
#4621 = CARTESIAN_POINT('',(191.4091930427,23.053629746284,
    298.38202708261));
#4622 = VECTOR('',#4623,1.);
#4623 = DIRECTION('',(-6.104853953486E-02,-6.777749421134E-18,
    0.998134798422));
#4624 = PCURVE('',#100,#4625);
#4625 = DEFINITIONAL_REPRESENTATION('',(#4626),#4629);
#4626 = B_SPLINE_CURVE_WITH_KNOTS('',1,(#4627,#4628),.UNSPECIFIED.,.F.,
  .F.,(2,2),(-0.586043263982,0.195347754661),.PIECEWISE_BEZIER_KNOTS.);
#4627 = CARTESIAN_POINT('',(0.296414999994,-11.24609435083));
#4628 = CARTESIAN_POINT('',(1.076348566876,-11.19839157033));
#4629 = ( GEOMETRIC_REPRESENTATION_CONTEXT(2)
PARAMETRIC_REPRESENTATION_CONTEXT() REPRESENTATION_CONTEXT('2D SPACE',''
  ) );
#4630 = PCURVE('',#4631,#4636);
#4631 = PLANE('',#4632);
#4632 = AXIS2_PLACEMENT_3D('',#4633,#4634,#4635);
#4633 = CARTESIAN_POINT('',(191.39726734758,25.553629746284,
    298.57701047433));
#4634 = DIRECTION('',(0.998134798422,1.108152234888E-16,
    6.104853953486E-02));
#4635 = DIRECTION('',(6.104853953486E-02,6.777749421134E-18,
    -0.998134798422));
#4636 = DEFINITIONAL_REPRESENTATION('',(#4637),#4640);
#4637 = B_SPLINE_CURVE_WITH_KNOTS('',1,(#4638,#4639),.UNSPECIFIED.,.F.,
  .F.,(2,2),(-0.586043263982,0.195347754661),.PIECEWISE_BEZIER_KNOTS.);
#4638 = CARTESIAN_POINT('',(0.781391018643,-2.5));
#4639 = CARTESIAN_POINT('',(-2.775557561563E-17,-2.5));
#4640 = ( GEOMETRIC_REPRESENTATION_CONTEXT(2)
PARAMETRIC_REPRESENTATION_CONTEXT() REPRESENTATION_CONTEXT('2D SPACE',''
  ) );
#4641 = ORIENTED_EDGE('',*,*,#4642,.T.);
#4642 = EDGE_CURVE('',#4617,#4643,#4645,.T.);
#4643 = VERTEX_POINT('',#4644);
#4644 = CARTESIAN_POINT('',(191.29554048027,23.053629746284,
    299.35175144297));
#4645 = SURFACE_CURVE('',#4646,(#4650,#4656),.PCURVE_S1.);
#4646 = LINE('',#4647,#4648);
#4647 = CARTESIAN_POINT('',(191.3209721971,23.053629746284,
    299.15806620081));
#4648 = VECTOR('',#4649,1.);
#4649 = DIRECTION('',(-0.130186890913,-1.445364837961E-17,0.991489472175
    ));
#4650 = PCURVE('',#100,#4651);
#4651 = DEFINITIONAL_REPRESENTATION('',(#4652),#4655);
#4652 = B_SPLINE_CURVE_WITH_KNOTS('',1,(#4653,#4654),.UNSPECIFIED.,.F.,
  .F.,(2,2),(-0.586043263982,0.195347754661),.PIECEWISE_BEZIER_KNOTS.);
#4653 = CARTESIAN_POINT('',(1.076348566876,-11.19839157033));
#4654 = CARTESIAN_POINT('',(1.851089535512,-11.09666470303));
#4655 = ( GEOMETRIC_REPRESENTATION_CONTEXT(2)
PARAMETRIC_REPRESENTATION_CONTEXT() REPRESENTATION_CONTEXT('2D SPACE',''
  ) );
#4656 = PCURVE('',#4657,#4662);
#4657 = PLANE('',#4658);
#4658 = AXIS2_PLACEMENT_3D('',#4659,#4660,#4661);
#4659 = CARTESIAN_POINT('',(191.29554048027,25.553629746284,
    299.35175144297));
#4660 = DIRECTION('',(0.991489472175,1.100774440682E-16,0.130186890913)
  );
#4661 = DIRECTION('',(0.130186890913,1.445364837961E-17,-0.991489472175)
  );
#4662 = DEFINITIONAL_REPRESENTATION('',(#4663),#4666);
#4663 = B_SPLINE_CURVE_WITH_KNOTS('',1,(#4664,#4665),.UNSPECIFIED.,.F.,
  .F.,(2,2),(-0.586043263982,0.195347754661),.PIECEWISE_BEZIER_KNOTS.);
#4664 = CARTESIAN_POINT('',(0.781391018643,-2.5));
#4665 = CARTESIAN_POINT('',(-2.775557561563E-17,-2.5));
#4666 = ( GEOMETRIC_REPRESENTATION_CONTEXT(2)
PARAMETRIC_REPRESENTATION_CONTEXT() REPRESENTATION_CONTEXT('2D SPACE',''
  ) );
#4667 = ORIENTED_EDGE('',*,*,#4668,.T.);
#4668 = EDGE_CURVE('',#4643,#4669,#4671,.T.);
#4669 = VERTEX_POINT('',#4670);
#4670 = CARTESIAN_POINT('',(191.14028028423,23.053629746284,
    300.1175622522));
#4671 = SURFACE_CURVE('',#4672,(#4676,#4682),.PCURVE_S1.);
#4672 = LINE('',#4673,#4674);
#4673 = CARTESIAN_POINT('',(191.17909533324,23.053629746284,
    299.92610954989));
#4674 = VECTOR('',#4675,1.);
#4675 = DIRECTION('',(-0.19869718532,-2.205981900702E-17,0.980060931037)
  );
#4676 = PCURVE('',#100,#4677);
#4677 = DEFINITIONAL_REPRESENTATION('',(#4678),#4681);
#4678 = B_SPLINE_CURVE_WITH_KNOTS('',1,(#4679,#4680),.UNSPECIFIED.,.F.,
  .F.,(2,2),(-0.586043263982,0.195347754661),.PIECEWISE_BEZIER_KNOTS.);
#4679 = CARTESIAN_POINT('',(1.851089535512,-11.09666470303));
#4680 = CARTESIAN_POINT('',(2.616900344748,-10.94140450699));
#4681 = ( GEOMETRIC_REPRESENTATION_CONTEXT(2)
PARAMETRIC_REPRESENTATION_CONTEXT() REPRESENTATION_CONTEXT('2D SPACE',''
  ) );
#4682 = PCURVE('',#4683,#4688);
#4683 = PLANE('',#4684);
#4684 = AXIS2_PLACEMENT_3D('',#4685,#4686,#4687);
#4685 = CARTESIAN_POINT('',(191.14028028423,25.553629746284,
    300.1175622522));
#4686 = DIRECTION('',(0.980060931037,1.088086211173E-16,0.19869718532));
#4687 = DIRECTION('',(0.19869718532,2.205981900702E-17,-0.980060931037)
  );
#4688 = DEFINITIONAL_REPRESENTATION('',(#4689),#4692);
#4689 = B_SPLINE_CURVE_WITH_KNOTS('',1,(#4690,#4691),.UNSPECIFIED.,.F.,
  .F.,(2,2),(-0.586043263982,0.195347754661),.PIECEWISE_BEZIER_KNOTS.);
#4690 = CARTESIAN_POINT('',(0.781391018643,-2.5));
#4691 = CARTESIAN_POINT('',(-5.551115123126E-17,-2.5));
#4692 = ( GEOMETRIC_REPRESENTATION_CONTEXT(2)
PARAMETRIC_REPRESENTATION_CONTEXT() REPRESENTATION_CONTEXT('2D SPACE',''
  ) );
#4693 = ORIENTED_EDGE('',*,*,#4694,.T.);
#4694 = EDGE_CURVE('',#4669,#4695,#4697,.T.);
#4695 = VERTEX_POINT('',#4696);
#4696 = CARTESIAN_POINT('',(190.93223577688,23.053629746284,
    300.8707484224));
#4697 = SURFACE_CURVE('',#4698,(#4702,#4708),.PCURVE_S1.);
#4698 = LINE('',#4699,#4700);
#4699 = CARTESIAN_POINT('',(190.98424690372,23.053629746284,
    300.68245187985));
#4700 = VECTOR('',#4701,1.);
#4701 = DIRECTION('',(-0.26624891046,-2.955956706744E-17,0.963904309399)
  );
#4702 = PCURVE('',#100,#4703);
#4703 = DEFINITIONAL_REPRESENTATION('',(#4704),#4707);
#4704 = B_SPLINE_CURVE_WITH_KNOTS('',1,(#4705,#4706),.UNSPECIFIED.,.F.,
  .F.,(2,2),(-0.586043263982,0.195347754661),.PIECEWISE_BEZIER_KNOTS.);
#4705 = CARTESIAN_POINT('',(2.616900344748,-10.94140450699));
#4706 = CARTESIAN_POINT('',(3.370086514944,-10.73335999963));
#4707 = ( GEOMETRIC_REPRESENTATION_CONTEXT(2)
PARAMETRIC_REPRESENTATION_CONTEXT() REPRESENTATION_CONTEXT('2D SPACE',''
  ) );
#4708 = PCURVE('',#4709,#4714);
#4709 = PLANE('',#4710);
#4710 = AXIS2_PLACEMENT_3D('',#4711,#4712,#4713);
#4711 = CARTESIAN_POINT('',(190.93223577688,25.553629746284,
    300.8707484224));
#4712 = DIRECTION('',(0.963904309399,1.070148757831E-16,0.26624891046));
#4713 = DIRECTION('',(0.26624891046,2.955956706744E-17,-0.963904309399)
  );
#4714 = DEFINITIONAL_REPRESENTATION('',(#4715),#4718);
#4715 = B_SPLINE_CURVE_WITH_KNOTS('',1,(#4716,#4717),.UNSPECIFIED.,.F.,
  .F.,(2,2),(-0.586043263982,0.195347754661),.PIECEWISE_BEZIER_KNOTS.);
#4716 = CARTESIAN_POINT('',(0.781391018643,-2.5));
#4717 = CARTESIAN_POINT('',(-8.326672684689E-17,-2.5));
#4718 = ( GEOMETRIC_REPRESENTATION_CONTEXT(2)
PARAMETRIC_REPRESENTATION_CONTEXT() REPRESENTATION_CONTEXT('2D SPACE',''
  ) );
#4719 = ORIENTED_EDGE('',*,*,#4720,.T.);
#4720 = EDGE_CURVE('',#4695,#4721,#4723,.T.);
#4721 = VERTEX_POINT('',#4722);
#4722 = CARTESIAN_POINT('',(190.67241062149,23.053629746284,
    301.60767637861));
#4723 = SURFACE_CURVE('',#4724,(#4728,#4734),.PCURVE_S1.);
#4724 = LINE('',#4725,#4726);
#4725 = CARTESIAN_POINT('',(190.73736691034,23.053629746284,
    301.42344438956));
#4726 = VECTOR('',#4727,1.);
#4727 = DIRECTION('',(-0.332516178439,-3.691671173636E-17,0.943097551198
    ));
#4728 = PCURVE('',#100,#4729);
#4729 = DEFINITIONAL_REPRESENTATION('',(#4730),#4733);
#4730 = B_SPLINE_CURVE_WITH_KNOTS('',1,(#4731,#4732),.UNSPECIFIED.,.F.,
  .F.,(2,2),(-0.586043263982,0.195347754661),.PIECEWISE_BEZIER_KNOTS.);
#4731 = CARTESIAN_POINT('',(3.370086514944,-10.73335999963));
#4732 = CARTESIAN_POINT('',(4.107014471155,-10.47353484425));
#4733 = ( GEOMETRIC_REPRESENTATION_CONTEXT(2)
PARAMETRIC_REPRESENTATION_CONTEXT() REPRESENTATION_CONTEXT('2D SPACE',''
  ) );
#4734 = PCURVE('',#4735,#4740);
#4735 = PLANE('',#4736);
#4736 = AXIS2_PLACEMENT_3D('',#4737,#4738,#4739);
#4737 = CARTESIAN_POINT('',(190.67241062149,25.553629746284,
    301.60767637861));
#4738 = DIRECTION('',(0.943097551198,1.047048615808E-16,0.332516178439)
  );
#4739 = DIRECTION('',(0.332516178439,3.691671173636E-17,-0.943097551198)
  );
#4740 = DEFINITIONAL_REPRESENTATION('',(#4741),#4744);
#4741 = B_SPLINE_CURVE_WITH_KNOTS('',1,(#4742,#4743),.UNSPECIFIED.,.F.,
  .F.,(2,2),(-0.586043263982,0.195347754661),.PIECEWISE_BEZIER_KNOTS.);
#4742 = CARTESIAN_POINT('',(0.781391018643,-2.5));
#4743 = CARTESIAN_POINT('',(-8.326672684689E-17,-2.5));
#4744 = ( GEOMETRIC_REPRESENTATION_CONTEXT(2)
PARAMETRIC_REPRESENTATION_CONTEXT() REPRESENTATION_CONTEXT('2D SPACE',''
  ) );
#4745 = ORIENTED_EDGE('',*,*,#4746,.T.);
#4746 = EDGE_CURVE('',#4721,#4747,#4749,.T.);
#4747 = VERTEX_POINT('',#4748);
#4748 = CARTESIAN_POINT('',(190.3620582853,23.053629746284,
    302.32479097994));
#4749 = SURFACE_CURVE('',#4750,(#4754,#4760),.PCURVE_S1.);
#4750 = LINE('',#4751,#4752);
#4751 = CARTESIAN_POINT('',(190.43964636935,23.053629746284,
    302.1455123296));
#4752 = VECTOR('',#4753,1.);
#4753 = DIRECTION('',(-0.397179297932,-4.40957601468E-17,0.917741033895)
  );
#4754 = PCURVE('',#100,#4755);
#4755 = DEFINITIONAL_REPRESENTATION('',(#4756),#4759);
#4756 = B_SPLINE_CURVE_WITH_KNOTS('',1,(#4757,#4758),.UNSPECIFIED.,.F.,
  .F.,(2,2),(-0.586043263982,0.195347754661),.PIECEWISE_BEZIER_KNOTS.);
#4757 = CARTESIAN_POINT('',(4.107014471155,-10.47353484425));
#4758 = CARTESIAN_POINT('',(4.82412907248,-10.16318250805));
#4759 = ( GEOMETRIC_REPRESENTATION_CONTEXT(2)
PARAMETRIC_REPRESENTATION_CONTEXT() REPRESENTATION_CONTEXT('2D SPACE',''
  ) );
#4760 = PCURVE('',#4761,#4766);
#4761 = PLANE('',#4762);
#4762 = AXIS2_PLACEMENT_3D('',#4763,#4764,#4765);
#4763 = CARTESIAN_POINT('',(190.3620582853,25.553629746284,
    302.32479097994));
#4764 = DIRECTION('',(0.917741033895,1.018897226474E-16,0.397179297932)
  );
#4765 = DIRECTION('',(0.397179297932,4.40957601468E-17,-0.917741033895)
  );
#4766 = DEFINITIONAL_REPRESENTATION('',(#4767),#4770);
#4767 = B_SPLINE_CURVE_WITH_KNOTS('',1,(#4768,#4769),.UNSPECIFIED.,.F.,
  .F.,(2,2),(-0.586043263982,0.195347754661),.PIECEWISE_BEZIER_KNOTS.);
#4768 = CARTESIAN_POINT('',(0.781391018643,-2.5));
#4769 = CARTESIAN_POINT('',(-1.110223024625E-16,-2.5));
#4770 = ( GEOMETRIC_REPRESENTATION_CONTEXT(2)
PARAMETRIC_REPRESENTATION_CONTEXT() REPRESENTATION_CONTEXT('2D SPACE',''
  ) );
#4771 = ORIENTED_EDGE('',*,*,#4772,.T.);
#4772 = EDGE_CURVE('',#4747,#4773,#4775,.T.);
#4773 = VERTEX_POINT('',#4774);
#4774 = CARTESIAN_POINT('',(190.00267599238,23.053629746284,
    303.01863267049));
#4775 = SURFACE_CURVE('',#4776,(#4780,#4786),.PCURVE_S1.);
#4776 = LINE('',#4777,#4778);
#4777 = CARTESIAN_POINT('',(190.09252156561,23.053629746284,
    302.84517224785));
#4778 = VECTOR('',#4779,1.);
#4779 = DIRECTION('',(-0.459926316461,-5.106207861659E-17,0.887957084226
    ));
#4780 = PCURVE('',#100,#4781);
#4781 = DEFINITIONAL_REPRESENTATION('',(#4782),#4785);
#4782 = B_SPLINE_CURVE_WITH_KNOTS('',1,(#4783,#4784),.UNSPECIFIED.,.F.,
  .F.,(2,2),(-0.586043263982,0.195347754661),.PIECEWISE_BEZIER_KNOTS.);
#4783 = CARTESIAN_POINT('',(4.82412907248,-10.16318250805));
#4784 = CARTESIAN_POINT('',(5.517970763035,-9.803800215136));
#4785 = ( GEOMETRIC_REPRESENTATION_CONTEXT(2)
PARAMETRIC_REPRESENTATION_CONTEXT() REPRESENTATION_CONTEXT('2D SPACE',''
  ) );
#4786 = PCURVE('',#4787,#4792);
#4787 = PLANE('',#4788);
#4788 = AXIS2_PLACEMENT_3D('',#4789,#4790,#4791);
#4789 = CARTESIAN_POINT('',(190.00267599238,25.553629746284,
    303.01863267049));
#4790 = DIRECTION('',(0.887957084226,9.858303997865E-17,0.459926316461)
  );
#4791 = DIRECTION('',(0.459926316461,5.106207861659E-17,-0.887957084226)
  );
#4792 = DEFINITIONAL_REPRESENTATION('',(#4793),#4796);
#4793 = B_SPLINE_CURVE_WITH_KNOTS('',1,(#4794,#4795),.UNSPECIFIED.,.F.,
  .F.,(2,2),(-0.586043263982,0.195347754661),.PIECEWISE_BEZIER_KNOTS.);
#4794 = CARTESIAN_POINT('',(0.781391018643,-2.5));
#4795 = CARTESIAN_POINT('',(-1.387778780781E-16,-2.5));
#4796 = ( GEOMETRIC_REPRESENTATION_CONTEXT(2)
PARAMETRIC_REPRESENTATION_CONTEXT() REPRESENTATION_CONTEXT('2D SPACE',''
  ) );
#4797 = ORIENTED_EDGE('',*,*,#4798,.T.);
#4798 = EDGE_CURVE('',#4773,#4799,#4801,.T.);
#4799 = VERTEX_POINT('',#4800);
#4800 = CARTESIAN_POINT('',(189.59599750066,23.053629746284,
    303.68585416924));
#4801 = SURFACE_CURVE('',#4802,(#4806,#4812),.PCURVE_S1.);
#4802 = LINE('',#4803,#4804);
#4803 = CARTESIAN_POINT('',(189.69766712359,23.053629746284,
    303.51904879455));
#4804 = VECTOR('',#4805,1.);
#4805 = DIRECTION('',(-0.520454525343,-5.778205973065E-17,0.853889388065
    ));
#4806 = PCURVE('',#100,#4807);
#4807 = DEFINITIONAL_REPRESENTATION('',(#4808),#4811);
#4808 = B_SPLINE_CURVE_WITH_KNOTS('',1,(#4809,#4810),.UNSPECIFIED.,.F.,
  .F.,(2,2),(-0.586043263982,0.195347754661),.PIECEWISE_BEZIER_KNOTS.);
#4809 = CARTESIAN_POINT('',(5.517970763035,-9.803800215136));
#4810 = CARTESIAN_POINT('',(6.185192261783,-9.39712172342));
#4811 = ( GEOMETRIC_REPRESENTATION_CONTEXT(2)
PARAMETRIC_REPRESENTATION_CONTEXT() REPRESENTATION_CONTEXT('2D SPACE',''
  ) );
#4812 = PCURVE('',#4813,#4818);
#4813 = PLANE('',#4814);
#4814 = AXIS2_PLACEMENT_3D('',#4815,#4816,#4817);
#4815 = CARTESIAN_POINT('',(189.59599750066,25.553629746284,
    303.68585416924));
#4816 = DIRECTION('',(0.853889388065,9.480076591126E-17,0.520454525343)
  );
#4817 = DIRECTION('',(0.520454525343,5.778205973065E-17,-0.853889388065)
  );
#4818 = DEFINITIONAL_REPRESENTATION('',(#4819),#4822);
#4819 = B_SPLINE_CURVE_WITH_KNOTS('',1,(#4820,#4821),.UNSPECIFIED.,.F.,
  .F.,(2,2),(-0.586043263982,0.195347754661),.PIECEWISE_BEZIER_KNOTS.);
#4820 = CARTESIAN_POINT('',(0.781391018643,-2.5));
#4821 = CARTESIAN_POINT('',(-1.387778780781E-16,-2.5));
#4822 = ( GEOMETRIC_REPRESENTATION_CONTEXT(2)
PARAMETRIC_REPRESENTATION_CONTEXT() REPRESENTATION_CONTEXT('2D SPACE',''
  ) );
#4823 = ORIENTED_EDGE('',*,*,#4824,.T.);
#4824 = EDGE_CURVE('',#4799,#4825,#4827,.T.);
#4825 = VERTEX_POINT('',#4826);
#4826 = CARTESIAN_POINT('',(189.14398473781,23.053629746284,
    304.32323661819));
#4827 = SURFACE_CURVE('',#4828,(#4832,#4838),.PCURVE_S1.);
#4828 = LINE('',#4829,#4830);
#4829 = CARTESIAN_POINT('',(189.25698792852,23.053629746284,
    304.16389100595));
#4830 = VECTOR('',#4831,1.);
#4831 = DIRECTION('',(-0.578471920036,-6.422328447229E-17,0.815702297245
    ));
#4832 = PCURVE('',#100,#4833);
#4833 = DEFINITIONAL_REPRESENTATION('',(#4834),#4837);
#4834 = B_SPLINE_CURVE_WITH_KNOTS('',1,(#4835,#4836),.UNSPECIFIED.,.F.,
  .F.,(2,2),(-0.586043263982,0.195347754661),.PIECEWISE_BEZIER_KNOTS.);
#4835 = CARTESIAN_POINT('',(6.185192261783,-9.39712172342));
#4836 = CARTESIAN_POINT('',(6.822574710737,-8.945108960567));
#4837 = ( GEOMETRIC_REPRESENTATION_CONTEXT(2)
PARAMETRIC_REPRESENTATION_CONTEXT() REPRESENTATION_CONTEXT('2D SPACE',''
  ) );
#4838 = PCURVE('',#4839,#4844);
#4839 = PLANE('',#4840);
#4840 = AXIS2_PLACEMENT_3D('',#4841,#4842,#4843);
#4841 = CARTESIAN_POINT('',(189.14398473781,25.553629746284,
    304.32323661819));
#4842 = DIRECTION('',(0.815702297245,9.056114716405E-17,0.578471920036)
  );
#4843 = DIRECTION('',(0.578471920036,6.422328447229E-17,-0.815702297245)
  );
#4844 = DEFINITIONAL_REPRESENTATION('',(#4845),#4848);
#4845 = B_SPLINE_CURVE_WITH_KNOTS('',1,(#4846,#4847),.UNSPECIFIED.,.F.,
  .F.,(2,2),(-0.586043263982,0.195347754661),.PIECEWISE_BEZIER_KNOTS.);
#4846 = CARTESIAN_POINT('',(0.781391018643,-2.5));
#4847 = CARTESIAN_POINT('',(-1.665334536938E-16,-2.5));
#4848 = ( GEOMETRIC_REPRESENTATION_CONTEXT(2)
PARAMETRIC_REPRESENTATION_CONTEXT() REPRESENTATION_CONTEXT('2D SPACE',''
  ) );
#4849 = ORIENTED_EDGE('',*,*,#4850,.T.);
#4850 = EDGE_CURVE('',#4825,#4851,#4853,.T.);
#4851 = VERTEX_POINT('',#4852);
#4852 = CARTESIAN_POINT('',(188.64881833633,23.053629746284,
    304.92770511105));
#4853 = SURFACE_CURVE('',#4854,(#4858,#4864),.PCURVE_S1.);
#4854 = LINE('',#4855,#4856);
#4855 = CARTESIAN_POINT('',(188.7726099367,23.053629746284,
    304.77658798784));
#4856 = VECTOR('',#4857,1.);
#4857 = DIRECTION('',(-0.633698608846,-7.035467862141E-17,0.773580036678
    ));
#4858 = PCURVE('',#100,#4859);
#4859 = DEFINITIONAL_REPRESENTATION('',(#4860),#4863);
#4860 = B_SPLINE_CURVE_WITH_KNOTS('',1,(#4861,#4862),.UNSPECIFIED.,.F.,
  .F.,(2,2),(-0.586043263982,0.195347754661),.PIECEWISE_BEZIER_KNOTS.);
#4861 = CARTESIAN_POINT('',(6.822574710737,-8.945108960567));
#4862 = CARTESIAN_POINT('',(7.427043203598,-8.449942559088));
#4863 = ( GEOMETRIC_REPRESENTATION_CONTEXT(2)
PARAMETRIC_REPRESENTATION_CONTEXT() REPRESENTATION_CONTEXT('2D SPACE',''
  ) );
#4864 = PCURVE('',#4865,#4870);
#4865 = PLANE('',#4866);
#4866 = AXIS2_PLACEMENT_3D('',#4867,#4868,#4869);
#4867 = CARTESIAN_POINT('',(188.64881833633,25.553629746284,
    304.92770511105));
#4868 = DIRECTION('',(0.773580036678,8.5884636811E-17,0.633698608846));
#4869 = DIRECTION('',(0.633698608846,7.035467862141E-17,-0.773580036678)
  );
#4870 = DEFINITIONAL_REPRESENTATION('',(#4871),#4874);
#4871 = B_SPLINE_CURVE_WITH_KNOTS('',1,(#4872,#4873),.UNSPECIFIED.,.F.,
  .F.,(2,2),(-0.586043263982,0.195347754661),.PIECEWISE_BEZIER_KNOTS.);
#4872 = CARTESIAN_POINT('',(0.781391018643,-2.5));
#4873 = CARTESIAN_POINT('',(-1.942890293094E-16,-2.5));
#4874 = ( GEOMETRIC_REPRESENTATION_CONTEXT(2)
PARAMETRIC_REPRESENTATION_CONTEXT() REPRESENTATION_CONTEXT('2D SPACE',''
  ) );
#4875 = ORIENTED_EDGE('',*,*,#4876,.T.);
#4876 = EDGE_CURVE('',#4851,#4877,#4879,.T.);
#4877 = VERTEX_POINT('',#4878);
#4878 = CARTESIAN_POINT('',(188.11288711363,23.053629746284,
    305.4963435274));
#4879 = SURFACE_CURVE('',#4880,(#4884,#4890),.PCURVE_S1.);
#4880 = LINE('',#4881,#4882);
#4881 = CARTESIAN_POINT('',(188.2468699193,23.053629746284,
    305.35418392332));
#4882 = VECTOR('',#4883,1.);
#4883 = DIRECTION('',(-0.685868163207,-7.614666266493E-17,0.727725815606
    ));
#4884 = PCURVE('',#100,#4885);
#4885 = DEFINITIONAL_REPRESENTATION('',(#4886),#4889);
#4886 = B_SPLINE_CURVE_WITH_KNOTS('',1,(#4887,#4888),.UNSPECIFIED.,.F.,
  .F.,(2,2),(-0.586043263982,0.195347754661),.PIECEWISE_BEZIER_KNOTS.);
#4887 = CARTESIAN_POINT('',(7.427043203598,-8.449942559088));
#4888 = CARTESIAN_POINT('',(7.995681619947,-7.914011336385));
#4889 = ( GEOMETRIC_REPRESENTATION_CONTEXT(2)
PARAMETRIC_REPRESENTATION_CONTEXT() REPRESENTATION_CONTEXT('2D SPACE',''
  ) );
#4890 = PCURVE('',#4891,#4896);
#4891 = PLANE('',#4892);
#4892 = AXIS2_PLACEMENT_3D('',#4893,#4894,#4895);
#4893 = CARTESIAN_POINT('',(188.11288711363,25.553629746284,
    305.4963435274));
#4894 = DIRECTION('',(0.727725815606,8.079379561001E-17,0.685868163207)
  );
#4895 = DIRECTION('',(0.685868163207,7.614666266493E-17,-0.727725815606)
  );
#4896 = DEFINITIONAL_REPRESENTATION('',(#4897),#4900);
#4897 = B_SPLINE_CURVE_WITH_KNOTS('',1,(#4898,#4899),.UNSPECIFIED.,.F.,
  .F.,(2,2),(-0.586043263982,0.195347754661),.PIECEWISE_BEZIER_KNOTS.);
#4898 = CARTESIAN_POINT('',(0.781391018643,-2.5));
#4899 = CARTESIAN_POINT('',(-1.942890293094E-16,-2.5));
#4900 = ( GEOMETRIC_REPRESENTATION_CONTEXT(2)
PARAMETRIC_REPRESENTATION_CONTEXT() REPRESENTATION_CONTEXT('2D SPACE',''
  ) );
#4901 = ORIENTED_EDGE('',*,*,#4902,.T.);
#4902 = EDGE_CURVE('',#4877,#4903,#4905,.T.);
#4903 = VERTEX_POINT('',#4904);
#4904 = CARTESIAN_POINT('',(187.53877654769,23.053629746284,
    306.02640860085));
#4905 = SURFACE_CURVE('',#4906,(#4910,#4916),.PCURVE_S1.);
#4906 = LINE('',#4907,#4908);
#4907 = CARTESIAN_POINT('',(187.68230418917,23.053629746284,
    305.89389233249));
#4908 = VECTOR('',#4909,1.);
#4909 = DIRECTION('',(-0.734728902997,-8.157129449645E-17,0.678360847264
    ));
#4910 = PCURVE('',#100,#4911);
#4911 = DEFINITIONAL_REPRESENTATION('',(#4912),#4915);
#4912 = B_SPLINE_CURVE_WITH_KNOTS('',1,(#4913,#4914),.UNSPECIFIED.,.F.,
  .F.,(2,2),(-0.586043263982,0.195347754661),.PIECEWISE_BEZIER_KNOTS.);
#4913 = CARTESIAN_POINT('',(7.995681619948,-7.914011336385));
#4914 = CARTESIAN_POINT('',(8.525746693399,-7.339900770446));
#4915 = ( GEOMETRIC_REPRESENTATION_CONTEXT(2)
PARAMETRIC_REPRESENTATION_CONTEXT() REPRESENTATION_CONTEXT('2D SPACE',''
  ) );
#4916 = PCURVE('',#4917,#4922);
#4917 = PLANE('',#4918);
#4918 = AXIS2_PLACEMENT_3D('',#4919,#4920,#4921);
#4919 = CARTESIAN_POINT('',(187.53877654769,25.553629746284,
    306.02640860085));
#4920 = DIRECTION('',(0.678360847264,7.531318316372E-17,0.734728902997)
  );
#4921 = DIRECTION('',(0.734728902997,8.157129449645E-17,-0.678360847264)
  );
#4922 = DEFINITIONAL_REPRESENTATION('',(#4923),#4926);
#4923 = B_SPLINE_CURVE_WITH_KNOTS('',1,(#4924,#4925),.UNSPECIFIED.,.F.,
  .F.,(2,2),(-0.586043263982,0.195347754661),.PIECEWISE_BEZIER_KNOTS.);
#4924 = CARTESIAN_POINT('',(0.781391018643,-2.5));
#4925 = CARTESIAN_POINT('',(-2.22044604925E-16,-2.5));
#4926 = ( GEOMETRIC_REPRESENTATION_CONTEXT(2)
PARAMETRIC_REPRESENTATION_CONTEXT() REPRESENTATION_CONTEXT('2D SPACE',''
  ) );
#4927 = ORIENTED_EDGE('',*,*,#4928,.T.);
#4928 = EDGE_CURVE('',#4903,#4929,#4931,.T.);
#4929 = VERTEX_POINT('',#4930);
#4930 = CARTESIAN_POINT('',(186.92925630404,23.053629746284,
    306.51534315332));
#4931 = SURFACE_CURVE('',#4932,(#4936,#4942),.PCURVE_S1.);
#4932 = LINE('',#4933,#4934);
#4933 = CARTESIAN_POINT('',(187.08163636495,23.053629746284,
    306.3931095152));
#4934 = VECTOR('',#4935,1.);
#4935 = DIRECTION('',(-0.780045110718,-8.660240421657E-17,0.625723281687
    ));
#4936 = PCURVE('',#100,#4937);
#4937 = DEFINITIONAL_REPRESENTATION('',(#4938),#4941);
#4938 = B_SPLINE_CURVE_WITH_KNOTS('',1,(#4939,#4940),.UNSPECIFIED.,.F.,
  .F.,(2,2),(-0.586043263982,0.195347754661),.PIECEWISE_BEZIER_KNOTS.);
#4939 = CARTESIAN_POINT('',(8.525746693399,-7.339900770446));
#4940 = CARTESIAN_POINT('',(9.014681245865,-6.730380526794));
#4941 = ( GEOMETRIC_REPRESENTATION_CONTEXT(2)
PARAMETRIC_REPRESENTATION_CONTEXT() REPRESENTATION_CONTEXT('2D SPACE',''
  ) );
#4942 = PCURVE('',#4943,#4948);
#4943 = PLANE('',#4944);
#4944 = AXIS2_PLACEMENT_3D('',#4945,#4946,#4947);
#4945 = CARTESIAN_POINT('',(186.92925630404,25.553629746284,
    306.51534315332));
#4946 = DIRECTION('',(0.625723281687,6.946923943724E-17,0.780045110718)
  );
#4947 = DIRECTION('',(0.780045110718,8.660240421657E-17,-0.625723281687)
  );
#4948 = DEFINITIONAL_REPRESENTATION('',(#4949),#4952);
#4949 = B_SPLINE_CURVE_WITH_KNOTS('',1,(#4950,#4951),.UNSPECIFIED.,.F.,
  .F.,(2,2),(-0.586043263982,0.195347754661),.PIECEWISE_BEZIER_KNOTS.);
#4950 = CARTESIAN_POINT('',(0.781391018643,-2.5));
#4951 = CARTESIAN_POINT('',(-2.22044604925E-16,-2.5));
#4952 = ( GEOMETRIC_REPRESENTATION_CONTEXT(2)
PARAMETRIC_REPRESENTATION_CONTEXT() REPRESENTATION_CONTEXT('2D SPACE',''
  ) );
#4953 = ORIENTED_EDGE('',*,*,#4954,.T.);
#4954 = EDGE_CURVE('',#4929,#4955,#4957,.T.);
#4955 = VERTEX_POINT('',#4956);
#4956 = CARTESIAN_POINT('',(186.28726687411,23.053629746284,
    306.96078843153));
#4957 = SURFACE_CURVE('',#4958,(#4962,#4968),.PCURVE_S1.);
#4958 = LINE('',#4959,#4960);
#4959 = CARTESIAN_POINT('',(186.44776423159,23.053629746284,
    306.84942711198));
#4960 = VECTOR('',#4961,1.);
#4961 = DIRECTION('',(-0.821598168659,-9.121572038356E-17,0.570067056806
    ));
#4962 = PCURVE('',#100,#4963);
#4963 = DEFINITIONAL_REPRESENTATION('',(#4964),#4967);
#4964 = B_SPLINE_CURVE_WITH_KNOTS('',1,(#4965,#4966),.UNSPECIFIED.,.F.,
  .F.,(2,2),(-0.586043263982,0.195347754661),.PIECEWISE_BEZIER_KNOTS.);
#4965 = CARTESIAN_POINT('',(9.014681245865,-6.730380526795));
#4966 = CARTESIAN_POINT('',(9.460126524077,-6.08839109687));
#4967 = ( GEOMETRIC_REPRESENTATION_CONTEXT(2)
PARAMETRIC_REPRESENTATION_CONTEXT() REPRESENTATION_CONTEXT('2D SPACE',''
  ) );
#4968 = PCURVE('',#4969,#4974);
#4969 = PLANE('',#4970);
#4970 = AXIS2_PLACEMENT_3D('',#4971,#4972,#4973);
#4971 = CARTESIAN_POINT('',(186.28726687411,25.553629746284,
    306.96078843153));
#4972 = DIRECTION('',(0.570067056806,6.329015720463E-17,0.821598168659)
  );
#4973 = DIRECTION('',(0.821598168659,9.121572038356E-17,-0.570067056806)
  );
#4974 = DEFINITIONAL_REPRESENTATION('',(#4975),#4978);
#4975 = B_SPLINE_CURVE_WITH_KNOTS('',1,(#4976,#4977),.UNSPECIFIED.,.F.,
  .F.,(2,2),(-0.586043263982,0.195347754661),.PIECEWISE_BEZIER_KNOTS.);
#4976 = CARTESIAN_POINT('',(0.781391018643,-2.5));
#4977 = CARTESIAN_POINT('',(-2.498001805407E-16,-2.5));
#4978 = ( GEOMETRIC_REPRESENTATION_CONTEXT(2)
PARAMETRIC_REPRESENTATION_CONTEXT() REPRESENTATION_CONTEXT('2D SPACE',''
  ) );
#4979 = ORIENTED_EDGE('',*,*,#4980,.T.);
#4980 = EDGE_CURVE('',#4955,#4981,#4983,.T.);
#4981 = VERTEX_POINT('',#4982);
#4982 = CARTESIAN_POINT('',(185.61590538954,23.053629746284,
    307.36059548631));
#4983 = SURFACE_CURVE('',#4984,(#4988,#4994),.PCURVE_S1.);
#4984 = LINE('',#4985,#4986);
#4985 = CARTESIAN_POINT('',(185.78374576068,23.053629746284,
    307.26064372262));
#4986 = VECTOR('',#4987,1.);
#4987 = DIRECTION('',(-0.859187613567,-9.538898710546E-17,0.51166067339)
  );
#4988 = PCURVE('',#100,#4989);
#4989 = DEFINITIONAL_REPRESENTATION('',(#4990),#4993);
#4990 = B_SPLINE_CURVE_WITH_KNOTS('',1,(#4991,#4992),.UNSPECIFIED.,.F.,
  .F.,(2,2),(-0.586043263982,0.195347754661),.PIECEWISE_BEZIER_KNOTS.);
#4991 = CARTESIAN_POINT('',(9.460126524077,-6.08839109687));
#4992 = CARTESIAN_POINT('',(9.859933578857,-5.4170296123));
#4993 = ( GEOMETRIC_REPRESENTATION_CONTEXT(2)
PARAMETRIC_REPRESENTATION_CONTEXT() REPRESENTATION_CONTEXT('2D SPACE',''
  ) );
#4994 = PCURVE('',#4995,#5000);
#4995 = PLANE('',#4996);
#4996 = AXIS2_PLACEMENT_3D('',#4997,#4998,#4999);
#4997 = CARTESIAN_POINT('',(185.61590538954,25.553629746284,
    307.36059548631));
#4998 = DIRECTION('',(0.51166067339,5.680574603923E-17,0.859187613567));
#4999 = DIRECTION('',(0.859187613567,9.538898710546E-17,-0.51166067339)
  );
#5000 = DEFINITIONAL_REPRESENTATION('',(#5001),#5004);
#5001 = B_SPLINE_CURVE_WITH_KNOTS('',1,(#5002,#5003),.UNSPECIFIED.,.F.,
  .F.,(2,2),(-0.586043263982,0.195347754661),.PIECEWISE_BEZIER_KNOTS.);
#5002 = CARTESIAN_POINT('',(0.781391018643,-2.5));
#5003 = CARTESIAN_POINT('',(-2.498001805407E-16,-2.5));
#5004 = ( GEOMETRIC_REPRESENTATION_CONTEXT(2)
PARAMETRIC_REPRESENTATION_CONTEXT() REPRESENTATION_CONTEXT('2D SPACE',''
  ) );
#5005 = ORIENTED_EDGE('',*,*,#5006,.T.);
#5006 = EDGE_CURVE('',#4981,#5007,#5009,.T.);
#5007 = VERTEX_POINT('',#5008);
#5008 = CARTESIAN_POINT('',(184.91841068073,23.053629746284,
    307.71283553968));
#5009 = SURFACE_CURVE('',#5010,(#5014,#5021),.PCURVE_S1.);
#5010 = LINE('',#5011,#5012);
#5011 = CARTESIAN_POINT('',(185.61590538954,23.053629746284,
    307.36059548631));
#5012 = VECTOR('',#5013,1.);
#5013 = DIRECTION('',(-0.892632103734,0.,0.450785899717));
#5014 = PCURVE('',#100,#5015);
#5015 = DEFINITIONAL_REPRESENTATION('',(#5016),#5020);
#5016 = LINE('',#5017,#5018);
#5017 = CARTESIAN_POINT('',(9.859933578857,-5.4170296123));
#5018 = VECTOR('',#5019,1.);
#5019 = DIRECTION('',(0.450785899717,0.892632103734));
#5020 = ( GEOMETRIC_REPRESENTATION_CONTEXT(2)
PARAMETRIC_REPRESENTATION_CONTEXT() REPRESENTATION_CONTEXT('2D SPACE',''
  ) );
#5021 = PCURVE('',#5022,#5027);
#5022 = PLANE('',#5023);
#5023 = AXIS2_PLACEMENT_3D('',#5024,#5025,#5026);
#5024 = CARTESIAN_POINT('',(184.91841068073,25.553629746284,
    307.71283553968));
#5025 = DIRECTION('',(0.450785899717,5.004728850422E-17,0.892632103734)
  );
#5026 = DIRECTION('',(0.892632103734,9.910207140849E-17,-0.450785899717)
  );
#5027 = DEFINITIONAL_REPRESENTATION('',(#5028),#5032);
#5028 = LINE('',#5029,#5030);
#5029 = CARTESIAN_POINT('',(0.781391018643,-2.5));
#5030 = VECTOR('',#5031,1.);
#5031 = DIRECTION('',(-1.,9.910207140849E-17));
#5032 = ( GEOMETRIC_REPRESENTATION_CONTEXT(2)
PARAMETRIC_REPRESENTATION_CONTEXT() REPRESENTATION_CONTEXT('2D SPACE',''
  ) );
#5033 = ORIENTED_EDGE('',*,*,#5034,.T.);
#5034 = EDGE_CURVE('',#5007,#5035,#5037,.T.);
#5035 = VERTEX_POINT('',#5036);
#5036 = CARTESIAN_POINT('',(184.19814765187,23.053629746284,
    308.01580928982));
#5037 = SURFACE_CURVE('',#5038,(#5042,#5049),.PCURVE_S1.);
#5038 = LINE('',#5039,#5040);
#5039 = CARTESIAN_POINT('',(184.37821340909,23.053629746284,
    307.94006585228));
#5040 = VECTOR('',#5041,1.);
#5041 = DIRECTION('',(-0.921770293844,-1.023370603641E-16,0.387736412254
    ));
#5042 = PCURVE('',#100,#5043);
#5043 = DEFINITIONAL_REPRESENTATION('',(#5044),#5048);
#5044 = LINE('',#5045,#5046);
#5045 = CARTESIAN_POINT('',(10.439403944828,-4.179337631844));
#5046 = VECTOR('',#5047,1.);
#5047 = DIRECTION('',(0.387736412254,0.921770293844));
#5048 = ( GEOMETRIC_REPRESENTATION_CONTEXT(2)
PARAMETRIC_REPRESENTATION_CONTEXT() REPRESENTATION_CONTEXT('2D SPACE',''
  ) );
#5049 = PCURVE('',#5050,#5055);
#5050 = PLANE('',#5051);
#5051 = AXIS2_PLACEMENT_3D('',#5052,#5053,#5054);
#5052 = CARTESIAN_POINT('',(184.19814765187,25.553629746284,
    308.01580928982));
#5053 = DIRECTION('',(0.387736412254,4.304738923698E-17,0.921770293844)
  );
#5054 = DIRECTION('',(0.921770293844,1.023370603641E-16,-0.387736412254)
  );
#5055 = DEFINITIONAL_REPRESENTATION('',(#5056),#5060);
#5056 = LINE('',#5057,#5058);
#5057 = CARTESIAN_POINT('',(0.195347754661,-2.5));
#5058 = VECTOR('',#5059,1.);
#5059 = DIRECTION('',(-1.,0.));
#5060 = ( GEOMETRIC_REPRESENTATION_CONTEXT(2)
PARAMETRIC_REPRESENTATION_CONTEXT() REPRESENTATION_CONTEXT('2D SPACE',''
  ) );
#5061 = ORIENTED_EDGE('',*,*,#5062,.T.);
#5062 = EDGE_CURVE('',#5035,#5063,#5065,.T.);
#5063 = VERTEX_POINT('',#5064);
#5064 = CARTESIAN_POINT('',(183.45859104771,23.053629746284,
    308.26805510894));
#5065 = SURFACE_CURVE('',#5066,(#5070,#5077),.PCURVE_S1.);
#5066 = LINE('',#5067,#5068);
#5067 = CARTESIAN_POINT('',(183.64348019875,23.053629746284,
    308.20499365416));
#5068 = VECTOR('',#5069,1.);
#5069 = DIRECTION('',(-0.946461613341,-1.050783475056E-16,0.322816378877
    ));
#5070 = PCURVE('',#100,#5071);
#5071 = DEFINITIONAL_REPRESENTATION('',(#5072),#5076);
#5072 = LINE('',#5073,#5074);
#5073 = CARTESIAN_POINT('',(10.704331746706,-3.444604421512));
#5074 = VECTOR('',#5075,1.);
#5075 = DIRECTION('',(0.322816378877,0.946461613341));
#5076 = ( GEOMETRIC_REPRESENTATION_CONTEXT(2)
PARAMETRIC_REPRESENTATION_CONTEXT() REPRESENTATION_CONTEXT('2D SPACE',''
  ) );
#5077 = PCURVE('',#5078,#5083);
#5078 = PLANE('',#5079);
#5079 = AXIS2_PLACEMENT_3D('',#5080,#5081,#5082);
#5080 = CARTESIAN_POINT('',(183.45859104771,25.553629746284,
    308.26805510894));
#5081 = DIRECTION('',(0.322816378877,3.583981765552E-17,0.946461613341)
  );
#5082 = DIRECTION('',(0.946461613341,1.050783475056E-16,-0.322816378877)
  );
#5083 = DEFINITIONAL_REPRESENTATION('',(#5084),#5088);
#5084 = LINE('',#5085,#5086);
#5085 = CARTESIAN_POINT('',(0.195347754661,-2.5));
#5086 = VECTOR('',#5087,1.);
#5087 = DIRECTION('',(-1.,0.));
#5088 = ( GEOMETRIC_REPRESENTATION_CONTEXT(2)
PARAMETRIC_REPRESENTATION_CONTEXT() REPRESENTATION_CONTEXT('2D SPACE',''
  ) );
#5089 = ORIENTED_EDGE('',*,*,#5090,.T.);
#5090 = EDGE_CURVE('',#5063,#5091,#5093,.T.);
#5091 = VERTEX_POINT('',#5092);
#5092 = CARTESIAN_POINT('',(182.70330869048,23.053629746284,
    308.46835609462));
#5093 = SURFACE_CURVE('',#5094,(#5098,#5105),.PCURVE_S1.);
#5094 = LINE('',#5095,#5096);
#5095 = CARTESIAN_POINT('',(182.89212927979,23.053629746284,
    308.4182808482));
#5096 = VECTOR('',#5097,1.);
#5097 = DIRECTION('',(-0.966586944586,-1.073127081182E-16,0.256338991485
    ));
#5098 = PCURVE('',#100,#5099);
#5099 = DEFINITIONAL_REPRESENTATION('',(#5100),#5104);
#5100 = LINE('',#5101,#5102);
#5101 = CARTESIAN_POINT('',(10.917618940743,-2.693253502545));
#5102 = VECTOR('',#5103,1.);
#5103 = DIRECTION('',(0.256338991485,0.966586944586));
#5104 = ( GEOMETRIC_REPRESENTATION_CONTEXT(2)
PARAMETRIC_REPRESENTATION_CONTEXT() REPRESENTATION_CONTEXT('2D SPACE',''
  ) );
#5105 = PCURVE('',#5106,#5111);
#5106 = PLANE('',#5107);
#5107 = AXIS2_PLACEMENT_3D('',#5108,#5109,#5110);
#5108 = CARTESIAN_POINT('',(182.70330869048,25.553629746284,
    308.46835609462));
#5109 = DIRECTION('',(0.256338991485,2.845934504553E-17,0.966586944586)
  );
#5110 = DIRECTION('',(0.966586944586,1.073127081182E-16,-0.256338991485)
  );
#5111 = DEFINITIONAL_REPRESENTATION('',(#5112),#5116);
#5112 = LINE('',#5113,#5114);
#5113 = CARTESIAN_POINT('',(0.195347754661,-2.5));
#5114 = VECTOR('',#5115,1.);
#5115 = DIRECTION('',(-1.,0.));
#5116 = ( GEOMETRIC_REPRESENTATION_CONTEXT(2)
PARAMETRIC_REPRESENTATION_CONTEXT() REPRESENTATION_CONTEXT('2D SPACE',''
  ) );
#5117 = ORIENTED_EDGE('',*,*,#5118,.T.);
#5118 = EDGE_CURVE('',#5091,#5119,#5121,.T.);
#5119 = VERTEX_POINT('',#5120);
#5120 = CARTESIAN_POINT('',(181.93594426768,23.053629746284,
    308.6157459404));
#5121 = SURFACE_CURVE('',#5122,(#5126,#5133),.PCURVE_S1.);
#5122 = LINE('',#5123,#5124);
#5123 = CARTESIAN_POINT('',(182.12778537338,23.053629746284,
    308.57889847896));
#5124 = VECTOR('',#5125,1.);
#5125 = DIRECTION('',(-0.982049197506,-1.090293630386E-16,0.188624955075
    ));
#5126 = PCURVE('',#100,#5127);
#5127 = DEFINITIONAL_REPRESENTATION('',(#5128),#5132);
#5128 = LINE('',#5129,#5130);
#5129 = CARTESIAN_POINT('',(11.078236571502,-1.928909596138));
#5130 = VECTOR('',#5131,1.);
#5131 = DIRECTION('',(0.188624955075,0.982049197506));
#5132 = ( GEOMETRIC_REPRESENTATION_CONTEXT(2)
PARAMETRIC_REPRESENTATION_CONTEXT() REPRESENTATION_CONTEXT('2D SPACE',''
  ) );
#5133 = PCURVE('',#5134,#5139);
#5134 = PLANE('',#5135);
#5135 = AXIS2_PLACEMENT_3D('',#5136,#5137,#5138);
#5136 = CARTESIAN_POINT('',(181.93594426768,25.553629746284,
    308.6157459404));
#5137 = DIRECTION('',(0.188624955075,2.094157681432E-17,0.982049197506)
  );
#5138 = DIRECTION('',(0.982049197506,1.090293630386E-16,-0.188624955075)
  );
#5139 = DEFINITIONAL_REPRESENTATION('',(#5140),#5144);
#5140 = LINE('',#5141,#5142);
#5141 = CARTESIAN_POINT('',(0.195347754661,-2.5));
#5142 = VECTOR('',#5143,1.);
#5143 = DIRECTION('',(-1.,0.));
#5144 = ( GEOMETRIC_REPRESENTATION_CONTEXT(2)
PARAMETRIC_REPRESENTATION_CONTEXT() REPRESENTATION_CONTEXT('2D SPACE',''
  ) );
#5145 = ORIENTED_EDGE('',*,*,#5146,.T.);
#5146 = EDGE_CURVE('',#5119,#5147,#5149,.T.);
#5147 = VERTEX_POINT('',#5148);
#5148 = CARTESIAN_POINT('',(181.16019975402,23.053629746284,
    308.7095135976));
#5149 = SURFACE_CURVE('',#5150,(#5154,#5161),.PCURVE_S1.);
#5150 = LINE('',#5151,#5152);
#5151 = CARTESIAN_POINT('',(181.35413588243,23.053629746284,
    308.6860716833));
#5152 = VECTOR('',#5153,1.);
#5153 = DIRECTION('',(-0.992773777988,-1.102200306566E-16,0.120000940578
    ));
#5154 = PCURVE('',#100,#5155);
#5155 = DEFINITIONAL_REPRESENTATION('',(#5156),#5160);
#5156 = LINE('',#5157,#5158);
#5157 = CARTESIAN_POINT('',(11.185409775846,-1.155260105191));
#5158 = VECTOR('',#5159,1.);
#5159 = DIRECTION('',(0.120000940578,0.992773777988));
#5160 = ( GEOMETRIC_REPRESENTATION_CONTEXT(2)
PARAMETRIC_REPRESENTATION_CONTEXT() REPRESENTATION_CONTEXT('2D SPACE',''
  ) );
#5161 = PCURVE('',#5162,#5167);
#5162 = PLANE('',#5163);
#5163 = AXIS2_PLACEMENT_3D('',#5164,#5165,#5166);
#5164 = CARTESIAN_POINT('',(181.16019975402,25.553629746284,
    308.7095135976));
#5165 = DIRECTION('',(0.120000940578,1.332278072061E-17,0.992773777988)
  );
#5166 = DIRECTION('',(0.992773777988,1.102200306566E-16,-0.120000940578)
  );
#5167 = DEFINITIONAL_REPRESENTATION('',(#5168),#5172);
#5168 = LINE('',#5169,#5170);
#5169 = CARTESIAN_POINT('',(0.195347754661,-2.5));
#5170 = VECTOR('',#5171,1.);
#5171 = DIRECTION('',(-1.,0.));
#5172 = ( GEOMETRIC_REPRESENTATION_CONTEXT(2)
PARAMETRIC_REPRESENTATION_CONTEXT() REPRESENTATION_CONTEXT('2D SPACE',''
  ) );
#5173 = ORIENTED_EDGE('',*,*,#5174,.T.);
#5174 = EDGE_CURVE('',#5147,#5175,#5177,.T.);
#5175 = VERTEX_POINT('',#5176);
#5176 = CARTESIAN_POINT('',(180.37981755202,23.053629746284,
    308.74920670552));
#5177 = SURFACE_CURVE('',#5178,(#5182,#5189),.PCURVE_S1.);
#5178 = LINE('',#5179,#5180);
#5179 = CARTESIAN_POINT('',(180.57491310252,23.053629746284,
    308.73928342854));
#5180 = VECTOR('',#5181,1.);
#5181 = DIRECTION('',(-0.998708947738,-1.108789668678E-16,
    5.079800890387E-02));
#5182 = PCURVE('',#100,#5183);
#5183 = DEFINITIONAL_REPRESENTATION('',(#5184),#5188);
#5184 = LINE('',#5185,#5186);
#5185 = CARTESIAN_POINT('',(11.238621521087,-0.376037325274));
#5186 = VECTOR('',#5187,1.);
#5187 = DIRECTION('',(5.079800890387E-02,0.998708947738));
#5188 = ( GEOMETRIC_REPRESENTATION_CONTEXT(2)
PARAMETRIC_REPRESENTATION_CONTEXT() REPRESENTATION_CONTEXT('2D SPACE',''
  ) );
#5189 = PCURVE('',#5190,#5195);
#5190 = PLANE('',#5191);
#5191 = AXIS2_PLACEMENT_3D('',#5192,#5193,#5194);
#5192 = CARTESIAN_POINT('',(180.37981755202,25.553629746284,
    308.74920670552));
#5193 = DIRECTION('',(5.079800890387E-02,5.639711909019E-18,
    0.998708947738));
#5194 = DIRECTION('',(0.998708947738,1.108789668678E-16,
    -5.079800890387E-02));
#5195 = DEFINITIONAL_REPRESENTATION('',(#5196),#5200);
#5196 = LINE('',#5197,#5198);
#5197 = CARTESIAN_POINT('',(0.195347754661,-2.5));
#5198 = VECTOR('',#5199,1.);
#5199 = DIRECTION('',(-1.,0.));
#5200 = ( GEOMETRIC_REPRESENTATION_CONTEXT(2)
PARAMETRIC_REPRESENTATION_CONTEXT() REPRESENTATION_CONTEXT('2D SPACE',''
  ) );
#5201 = ORIENTED_EDGE('',*,*,#5202,.T.);
#5202 = EDGE_CURVE('',#5175,#5203,#5205,.T.);
#5203 = VERTEX_POINT('',#5204);
#5204 = CARTESIAN_POINT('',(179.59856243768,23.053629746284,
    308.73463377382));
#5205 = SURFACE_CURVE('',#5206,(#5210,#5217),.PCURVE_S1.);
#5206 = LINE('',#5207,#5208);
#5207 = CARTESIAN_POINT('',(179.79387621626,23.053629746284,
    308.73827700675));
#5208 = VECTOR('',#5209,1.);
#5209 = DIRECTION('',(-0.999826073883,-1.110029927845E-16,
    -1.864998618168E-02));
#5210 = PCURVE('',#100,#5211);
#5211 = DEFINITIONAL_REPRESENTATION('',(#5212),#5216);
#5212 = LINE('',#5213,#5214);
#5213 = CARTESIAN_POINT('',(11.237615099293,0.404999560979));
#5214 = VECTOR('',#5215,1.);
#5215 = DIRECTION('',(-1.864998618168E-02,0.999826073883));
#5216 = ( GEOMETRIC_REPRESENTATION_CONTEXT(2)
PARAMETRIC_REPRESENTATION_CONTEXT() REPRESENTATION_CONTEXT('2D SPACE',''
  ) );
#5217 = PCURVE('',#5218,#5223);
#5218 = PLANE('',#5219);
#5219 = AXIS2_PLACEMENT_3D('',#5220,#5221,#5222);
#5220 = CARTESIAN_POINT('',(179.59856243768,25.553629746284,
    308.73463377382));
#5221 = DIRECTION('',(-1.864998618168E-02,-2.070564406784E-18,
    0.999826073883));
#5222 = DIRECTION('',(0.999826073883,1.110029927845E-16,
    1.864998618168E-02));
#5223 = DEFINITIONAL_REPRESENTATION('',(#5224),#5228);
#5224 = LINE('',#5225,#5226);
#5225 = CARTESIAN_POINT('',(0.195347754661,-2.5));
#5226 = VECTOR('',#5227,1.);
#5227 = DIRECTION('',(-1.,0.));
#5228 = ( GEOMETRIC_REPRESENTATION_CONTEXT(2)
PARAMETRIC_REPRESENTATION_CONTEXT() REPRESENTATION_CONTEXT('2D SPACE',''
  ) );
#5229 = ORIENTED_EDGE('',*,*,#5230,.T.);
#5230 = EDGE_CURVE('',#5203,#5231,#5233,.T.);
#5231 = VERTEX_POINT('',#5232);
#5232 = CARTESIAN_POINT('',(178.82020339817,23.053629746284,
    308.66586510629));
#5233 = SURFACE_CURVE('',#5234,(#5238,#5245),.PCURVE_S1.);
#5234 = LINE('',#5235,#5236);
#5235 = CARTESIAN_POINT('',(179.01479315805,23.053629746284,
    308.68305727317));
#5236 = VECTOR('',#5237,1.);
#5237 = DIRECTION('',(-0.996119767102,-1.105915100721E-16,
    -8.800800866123E-02));
#5238 = PCURVE('',#100,#5239);
#5239 = DEFINITIONAL_REPRESENTATION('',(#5240),#5244);
#5240 = LINE('',#5241,#5242);
#5241 = CARTESIAN_POINT('',(11.182395365715,1.184082619193));
#5242 = VECTOR('',#5243,1.);
#5243 = DIRECTION('',(-8.800800866123E-02,0.996119767102));
#5244 = ( GEOMETRIC_REPRESENTATION_CONTEXT(2)
PARAMETRIC_REPRESENTATION_CONTEXT() REPRESENTATION_CONTEXT('2D SPACE',''
  ) );
#5245 = PCURVE('',#5246,#5251);
#5246 = PLANE('',#5247);
#5247 = AXIS2_PLACEMENT_3D('',#5248,#5249,#5250);
#5248 = CARTESIAN_POINT('',(178.82020339817,25.553629746284,
    308.66586510629));
#5249 = DIRECTION('',(-8.800800866123E-02,-9.770851756711E-18,
    0.996119767102));
#5250 = DIRECTION('',(0.996119767102,1.105915100721E-16,
    8.800800866123E-02));
#5251 = DEFINITIONAL_REPRESENTATION('',(#5252),#5256);
#5252 = LINE('',#5253,#5254);
#5253 = CARTESIAN_POINT('',(0.195347754661,-2.5));
#5254 = VECTOR('',#5255,1.);
#5255 = DIRECTION('',(-1.,0.));
#5256 = ( GEOMETRIC_REPRESENTATION_CONTEXT(2)
PARAMETRIC_REPRESENTATION_CONTEXT() REPRESENTATION_CONTEXT('2D SPACE',''
  ) );
#5257 = ORIENTED_EDGE('',*,*,#5258,.T.);
#5258 = EDGE_CURVE('',#5231,#5259,#5261,.T.);
#5259 = VERTEX_POINT('',#5260);
#5260 = CARTESIAN_POINT('',(178.04849544921,23.053629746284,
    308.54323246167));
#5261 = SURFACE_CURVE('',#5262,(#5266,#5273),.PCURVE_S1.);
#5262 = LINE('',#5263,#5264);
#5263 = CARTESIAN_POINT('',(178.24142243645,23.053629746284,
    308.57389062282));
#5264 = VECTOR('',#5265,1.);
#5265 = DIRECTION('',(-0.987607907628,-1.096465038351E-16,-0.15694145657
    ));
#5266 = PCURVE('',#100,#5267);
#5267 = DEFINITIONAL_REPRESENTATION('',(#5268),#5272);
#5268 = LINE('',#5269,#5270);
#5269 = CARTESIAN_POINT('',(11.073228715369,1.957453340791));
#5270 = VECTOR('',#5271,1.);
#5271 = DIRECTION('',(-0.15694145657,0.987607907628));
#5272 = ( GEOMETRIC_REPRESENTATION_CONTEXT(2)
PARAMETRIC_REPRESENTATION_CONTEXT() REPRESENTATION_CONTEXT('2D SPACE',''
  ) );
#5273 = PCURVE('',#5274,#5279);
#5274 = PLANE('',#5275);
#5275 = AXIS2_PLACEMENT_3D('',#5276,#5277,#5278);
#5276 = CARTESIAN_POINT('',(178.04849544921,25.553629746284,
    308.54323246167));
#5277 = DIRECTION('',(-0.15694145657,-1.742400186017E-17,0.987607907628)
  );
#5278 = DIRECTION('',(0.987607907628,1.096465038351E-16,0.15694145657));
#5279 = DEFINITIONAL_REPRESENTATION('',(#5280),#5284);
#5280 = LINE('',#5281,#5282);
#5281 = CARTESIAN_POINT('',(0.195347754661,-2.5));
#5282 = VECTOR('',#5283,1.);
#5283 = DIRECTION('',(-1.,0.));
#5284 = ( GEOMETRIC_REPRESENTATION_CONTEXT(2)
PARAMETRIC_REPRESENTATION_CONTEXT() REPRESENTATION_CONTEXT('2D SPACE',''
  ) );
#5285 = ORIENTED_EDGE('',*,*,#5286,.T.);
#5286 = EDGE_CURVE('',#5259,#5287,#5289,.T.);
#5287 = VERTEX_POINT('',#5288);
#5288 = CARTESIAN_POINT('',(177.28716151984,23.053629746284,
    308.36732745321));
#5289 = SURFACE_CURVE('',#5290,(#5294,#5301),.PCURVE_S1.);
#5290 = LINE('',#5291,#5292);
#5291 = CARTESIAN_POINT('',(177.47749500218,23.053629746284,
    308.41130370532));
#5292 = VECTOR('',#5293,1.);
#5293 = DIRECTION('',(-0.974331558986,-1.081725330406E-16,
    -0.225117776204));
#5294 = PCURVE('',#100,#5295);
#5295 = DEFINITIONAL_REPRESENTATION('',(#5296),#5300);
#5296 = LINE('',#5297,#5298);
#5297 = CARTESIAN_POINT('',(10.910641797868,2.72138077506));
#5298 = VECTOR('',#5299,1.);
#5299 = DIRECTION('',(-0.225117776204,0.974331558986));
#5300 = ( GEOMETRIC_REPRESENTATION_CONTEXT(2)
PARAMETRIC_REPRESENTATION_CONTEXT() REPRESENTATION_CONTEXT('2D SPACE',''
  ) );
#5301 = PCURVE('',#5302,#5307);
#5302 = PLANE('',#5303);
#5303 = AXIS2_PLACEMENT_3D('',#5304,#5305,#5306);
#5304 = CARTESIAN_POINT('',(177.28716151984,25.553629746284,
    308.36732745321));
#5305 = DIRECTION('',(-0.225117776204,-2.499309383946E-17,0.974331558986
    ));
#5306 = DIRECTION('',(0.974331558986,1.081725330406E-16,0.225117776204)
  );
#5307 = DEFINITIONAL_REPRESENTATION('',(#5308),#5312);
#5308 = LINE('',#5309,#5310);
#5309 = CARTESIAN_POINT('',(0.195347754661,-2.5));
#5310 = VECTOR('',#5311,1.);
#5311 = DIRECTION('',(-1.,0.));
#5312 = ( GEOMETRIC_REPRESENTATION_CONTEXT(2)
PARAMETRIC_REPRESENTATION_CONTEXT() REPRESENTATION_CONTEXT('2D SPACE',''
  ) );
#5313 = ORIENTED_EDGE('',*,*,#5314,.T.);
#5314 = EDGE_CURVE('',#5287,#5315,#5317,.T.);
#5315 = VERTEX_POINT('',#5316);
#5316 = CARTESIAN_POINT('',(176.32953105296,23.053629746284,
    311.94125301048));
#5317 = SURFACE_CURVE('',#5318,(#5322,#5329),.PCURVE_S1.);
#5318 = LINE('',#5319,#5320);
#5319 = CARTESIAN_POINT('',(178.2642034151,23.053629746284,
    304.72095745897));
#5320 = VECTOR('',#5321,1.);
#5321 = DIRECTION('',(-0.258819045103,-2.873468630843E-17,0.965925826289
    ));
#5322 = PCURVE('',#100,#5323);
#5323 = DEFINITIONAL_REPRESENTATION('',(#5324),#5328);
#5324 = LINE('',#5325,#5326);
#5325 = CARTESIAN_POINT('',(7.220295551511,1.934672362141));
#5326 = VECTOR('',#5327,1.);
#5327 = DIRECTION('',(0.965925826289,0.258819045103));
#5328 = ( GEOMETRIC_REPRESENTATION_CONTEXT(2)
PARAMETRIC_REPRESENTATION_CONTEXT() REPRESENTATION_CONTEXT('2D SPACE',''
  ) );
#5329 = PCURVE('',#5330,#5335);
#5330 = PLANE('',#5331);
#5331 = AXIS2_PLACEMENT_3D('',#5332,#5333,#5334);
#5332 = CARTESIAN_POINT('',(176.32953105296,25.553629746284,
    311.94125301048));
#5333 = DIRECTION('',(0.965925826289,1.072393092426E-16,0.258819045103)
  );
#5334 = DIRECTION('',(0.258819045103,2.873468630843E-17,-0.965925826289)
  );
#5335 = DEFINITIONAL_REPRESENTATION('',(#5336),#5340);
#5336 = LINE('',#5337,#5338);
#5337 = CARTESIAN_POINT('',(7.475,-2.5));
#5338 = VECTOR('',#5339,1.);
#5339 = DIRECTION('',(-1.,0.));
#5340 = ( GEOMETRIC_REPRESENTATION_CONTEXT(2)
PARAMETRIC_REPRESENTATION_CONTEXT() REPRESENTATION_CONTEXT('2D SPACE',''
  ) );
#5341 = ORIENTED_EDGE('',*,*,#5342,.T.);
#5342 = EDGE_CURVE('',#5315,#5343,#5345,.T.);
#5343 = VERTEX_POINT('',#5344);
#5344 = CARTESIAN_POINT('',(177.34125925244,23.053629746284,
    312.17501122172));
#5345 = SURFACE_CURVE('',#5346,(#5350,#5357),.PCURVE_S1.);
#5346 = LINE('',#5347,#5348);
#5347 = CARTESIAN_POINT('',(177.08832720257,23.053629746284,
    312.11657166891));
#5348 = VECTOR('',#5349,1.);
#5349 = DIRECTION('',(0.974331558986,1.081725330406E-16,0.225117776204)
  );
#5350 = PCURVE('',#100,#5351);
#5351 = DEFINITIONAL_REPRESENTATION('',(#5352),#5356);
#5352 = LINE('',#5353,#5354);
#5353 = CARTESIAN_POINT('',(14.615909761456,3.110548574675));
#5354 = VECTOR('',#5355,1.);
#5355 = DIRECTION('',(0.225117776204,-0.974331558986));
#5356 = ( GEOMETRIC_REPRESENTATION_CONTEXT(2)
PARAMETRIC_REPRESENTATION_CONTEXT() REPRESENTATION_CONTEXT('2D SPACE',''
  ) );
#5357 = PCURVE('',#5358,#5363);
#5358 = PLANE('',#5359);
#5359 = AXIS2_PLACEMENT_3D('',#5360,#5361,#5362);
#5360 = CARTESIAN_POINT('',(177.34125925244,25.553629746284,
    312.17501122172));
#5361 = DIRECTION('',(0.225117776204,2.499309383946E-17,-0.974331558986)
  );
#5362 = DIRECTION('',(-0.974331558986,-1.081725330406E-16,
    -0.225117776204));
#5363 = DEFINITIONAL_REPRESENTATION('',(#5364),#5368);
#5364 = LINE('',#5365,#5366);
#5365 = CARTESIAN_POINT('',(0.259595460638,-2.5));
#5366 = VECTOR('',#5367,1.);
#5367 = DIRECTION('',(-1.,0.));
#5368 = ( GEOMETRIC_REPRESENTATION_CONTEXT(2)
PARAMETRIC_REPRESENTATION_CONTEXT() REPRESENTATION_CONTEXT('2D SPACE',''
  ) );
#5369 = ORIENTED_EDGE('',*,*,#5370,.T.);
#5370 = EDGE_CURVE('',#5343,#5371,#5373,.T.);
#5371 = VERTEX_POINT('',#5372);
#5372 = CARTESIAN_POINT('',(178.36677337128,23.053629746284,
    312.33797638057));
#5373 = SURFACE_CURVE('',#5374,(#5378,#5385),.PCURVE_S1.);
#5374 = LINE('',#5375,#5376);
#5375 = CARTESIAN_POINT('',(178.11039484157,23.053629746284,
    312.29723509086));
#5376 = VECTOR('',#5377,1.);
#5377 = DIRECTION('',(0.987607907628,1.096465038351E-16,0.15694145657));
#5378 = PCURVE('',#100,#5379);
#5379 = DEFINITIONAL_REPRESENTATION('',(#5380),#5384);
#5380 = LINE('',#5381,#5382);
#5381 = CARTESIAN_POINT('',(14.796573183402,2.088480935674));
#5382 = VECTOR('',#5383,1.);
#5383 = DIRECTION('',(0.15694145657,-0.987607907628));
#5384 = ( GEOMETRIC_REPRESENTATION_CONTEXT(2)
PARAMETRIC_REPRESENTATION_CONTEXT() REPRESENTATION_CONTEXT('2D SPACE',''
  ) );
#5385 = PCURVE('',#5386,#5391);
#5386 = PLANE('',#5387);
#5387 = AXIS2_PLACEMENT_3D('',#5388,#5389,#5390);
#5388 = CARTESIAN_POINT('',(178.36677337128,25.553629746284,
    312.33797638057));
#5389 = DIRECTION('',(0.15694145657,1.742400186017E-17,-0.987607907628)
  );
#5390 = DIRECTION('',(-0.987607907628,-1.096465038351E-16,-0.15694145657
    ));
#5391 = DEFINITIONAL_REPRESENTATION('',(#5392),#5396);
#5392 = LINE('',#5393,#5394);
#5393 = CARTESIAN_POINT('',(0.259595460638,-2.5));
#5394 = VECTOR('',#5395,1.);
#5395 = DIRECTION('',(-1.,0.));
#5396 = ( GEOMETRIC_REPRESENTATION_CONTEXT(2)
PARAMETRIC_REPRESENTATION_CONTEXT() REPRESENTATION_CONTEXT('2D SPACE',''
  ) );
#5397 = ORIENTED_EDGE('',*,*,#5398,.T.);
#5398 = EDGE_CURVE('',#5371,#5399,#5401,.T.);
#5399 = VERTEX_POINT('',#5400);
#5400 = CARTESIAN_POINT('',(179.40112605044,23.053629746284,
    312.42936229876));
#5401 = SURFACE_CURVE('',#5402,(#5406,#5413),.PCURVE_S1.);
#5402 = LINE('',#5403,#5404);
#5403 = CARTESIAN_POINT('',(179.14253788065,23.053629746284,
    312.40651581921));
#5404 = VECTOR('',#5405,1.);
#5405 = DIRECTION('',(0.996119767102,1.105915100721E-16,
    8.800800866123E-02));
#5406 = PCURVE('',#100,#5407);
#5407 = DEFINITIONAL_REPRESENTATION('',(#5408),#5412);
#5408 = LINE('',#5409,#5410);
#5409 = CARTESIAN_POINT('',(14.905853911758,1.056337896589));
#5410 = VECTOR('',#5411,1.);
#5411 = DIRECTION('',(8.800800866123E-02,-0.996119767102));
#5412 = ( GEOMETRIC_REPRESENTATION_CONTEXT(2)
PARAMETRIC_REPRESENTATION_CONTEXT() REPRESENTATION_CONTEXT('2D SPACE',''
  ) );
#5413 = PCURVE('',#5414,#5419);
#5414 = PLANE('',#5415);
#5415 = AXIS2_PLACEMENT_3D('',#5416,#5417,#5418);
#5416 = CARTESIAN_POINT('',(179.40112605044,25.553629746284,
    312.42936229876));
#5417 = DIRECTION('',(8.800800866123E-02,9.770851756711E-18,
    -0.996119767102));
#5418 = DIRECTION('',(-0.996119767102,-1.105915100721E-16,
    -8.800800866123E-02));
#5419 = DEFINITIONAL_REPRESENTATION('',(#5420),#5424);
#5420 = LINE('',#5421,#5422);
#5421 = CARTESIAN_POINT('',(0.259595460638,-2.5));
#5422 = VECTOR('',#5423,1.);
#5423 = DIRECTION('',(-1.,0.));
#5424 = ( GEOMETRIC_REPRESENTATION_CONTEXT(2)
PARAMETRIC_REPRESENTATION_CONTEXT() REPRESENTATION_CONTEXT('2D SPACE',''
  ) );
#5425 = ORIENTED_EDGE('',*,*,#5426,.T.);
#5426 = EDGE_CURVE('',#5399,#5427,#5429,.T.);
#5427 = VERTEX_POINT('',#5428);
#5428 = CARTESIAN_POINT('',(180.43932729127,23.053629746284,
    312.44872810578));
#5429 = SURFACE_CURVE('',#5430,(#5434,#5441),.PCURVE_S1.);
#5430 = LINE('',#5431,#5432);
#5431 = CARTESIAN_POINT('',(180.17977698107,23.053629746284,
    312.44388665402));
#5432 = VECTOR('',#5433,1.);
#5433 = DIRECTION('',(0.999826073883,1.110029927845E-16,
    1.864998618168E-02));
#5434 = PCURVE('',#100,#5435);
#5435 = DEFINITIONAL_REPRESENTATION('',(#5436),#5440);
#5436 = LINE('',#5437,#5438);
#5437 = CARTESIAN_POINT('',(14.943224746568,1.909879617457E-02));
#5438 = VECTOR('',#5439,1.);
#5439 = DIRECTION('',(1.864998618168E-02,-0.999826073883));
#5440 = ( GEOMETRIC_REPRESENTATION_CONTEXT(2)
PARAMETRIC_REPRESENTATION_CONTEXT() REPRESENTATION_CONTEXT('2D SPACE',''
  ) );
#5441 = PCURVE('',#5442,#5447);
#5442 = PLANE('',#5443);
#5443 = AXIS2_PLACEMENT_3D('',#5444,#5445,#5446);
#5444 = CARTESIAN_POINT('',(180.43932729127,25.553629746284,
    312.44872810578));
#5445 = DIRECTION('',(1.864998618168E-02,2.070564406784E-18,
    -0.999826073883));
#5446 = DIRECTION('',(-0.999826073883,-1.110029927845E-16,
    -1.864998618168E-02));
#5447 = DEFINITIONAL_REPRESENTATION('',(#5448),#5452);
#5448 = LINE('',#5449,#5450);
#5449 = CARTESIAN_POINT('',(0.259595460638,-2.5));
#5450 = VECTOR('',#5451,1.);
#5451 = DIRECTION('',(-1.,0.));
#5452 = ( GEOMETRIC_REPRESENTATION_CONTEXT(2)
PARAMETRIC_REPRESENTATION_CONTEXT() REPRESENTATION_CONTEXT('2D SPACE',''
  ) );
#5453 = ORIENTED_EDGE('',*,*,#5454,.T.);
#5454 = EDGE_CURVE('',#5427,#5455,#5457,.T.);
#5455 = VERTEX_POINT('',#5456);
#5456 = CARTESIAN_POINT('',(181.4763685286,23.053629746284,
    312.39598037569));
#5457 = SURFACE_CURVE('',#5458,(#5462,#5469),.PCURVE_S1.);
#5458 = LINE('',#5459,#5460);
#5459 = CARTESIAN_POINT('',(181.21710821927,23.053629746284,
    312.40916730821));
#5460 = VECTOR('',#5461,1.);
#5461 = DIRECTION('',(0.998708947738,1.108789668678E-16,
    -5.079800890387E-02));
#5462 = PCURVE('',#100,#5463);
#5463 = DEFINITIONAL_REPRESENTATION('',(#5464),#5468);
#5464 = LINE('',#5465,#5466);
#5465 = CARTESIAN_POINT('',(14.908505400759,-1.018232442027));
#5466 = VECTOR('',#5467,1.);
#5467 = DIRECTION('',(-5.079800890387E-02,-0.998708947738));
#5468 = ( GEOMETRIC_REPRESENTATION_CONTEXT(2)
PARAMETRIC_REPRESENTATION_CONTEXT() REPRESENTATION_CONTEXT('2D SPACE',''
  ) );
#5469 = PCURVE('',#5470,#5475);
#5470 = PLANE('',#5471);
#5471 = AXIS2_PLACEMENT_3D('',#5472,#5473,#5474);
#5472 = CARTESIAN_POINT('',(181.4763685286,25.553629746284,
    312.39598037569));
#5473 = DIRECTION('',(-5.079800890387E-02,-5.639711909019E-18,
    -0.998708947738));
#5474 = DIRECTION('',(-0.998708947738,-1.108789668678E-16,
    5.079800890387E-02));
#5475 = DEFINITIONAL_REPRESENTATION('',(#5476),#5480);
#5476 = LINE('',#5477,#5478);
#5477 = CARTESIAN_POINT('',(0.259595460638,-2.5));
#5478 = VECTOR('',#5479,1.);
#5479 = DIRECTION('',(-1.,0.));
#5480 = ( GEOMETRIC_REPRESENTATION_CONTEXT(2)
PARAMETRIC_REPRESENTATION_CONTEXT() REPRESENTATION_CONTEXT('2D SPACE',''
  ) );
#5481 = ORIENTED_EDGE('',*,*,#5482,.T.);
#5482 = EDGE_CURVE('',#5455,#5483,#5485,.T.);
#5483 = VERTEX_POINT('',#5484);
#5484 = CARTESIAN_POINT('',(182.50724679342,23.053629746284,
    312.27137357791));
#5485 = SURFACE_CURVE('',#5486,(#5490,#5497),.PCURVE_S1.);
#5486 = LINE('',#5487,#5488);
#5487 = CARTESIAN_POINT('',(182.24952722722,23.053629746284,
    312.30252527735));
#5488 = VECTOR('',#5489,1.);
#5489 = DIRECTION('',(0.992773777988,1.102200306566E-16,-0.120000940578)
  );
#5490 = PCURVE('',#100,#5491);
#5491 = DEFINITIONAL_REPRESENTATION('',(#5492),#5496);
#5492 = LINE('',#5493,#5494);
#5493 = CARTESIAN_POINT('',(14.801863369899,-2.050651449977));
#5494 = VECTOR('',#5495,1.);
#5495 = DIRECTION('',(-0.120000940578,-0.992773777988));
#5496 = ( GEOMETRIC_REPRESENTATION_CONTEXT(2)
PARAMETRIC_REPRESENTATION_CONTEXT() REPRESENTATION_CONTEXT('2D SPACE',''
  ) );
#5497 = PCURVE('',#5498,#5503);
#5498 = PLANE('',#5499);
#5499 = AXIS2_PLACEMENT_3D('',#5500,#5501,#5502);
#5500 = CARTESIAN_POINT('',(182.50724679342,25.553629746284,
    312.27137357791));
#5501 = DIRECTION('',(-0.120000940578,-1.332278072061E-17,
    -0.992773777988));
#5502 = DIRECTION('',(-0.992773777988,-1.102200306566E-16,0.120000940578
    ));
#5503 = DEFINITIONAL_REPRESENTATION('',(#5504),#5508);
#5504 = LINE('',#5505,#5506);
#5505 = CARTESIAN_POINT('',(0.259595460638,-2.5));
#5506 = VECTOR('',#5507,1.);
#5507 = DIRECTION('',(-1.,0.));
#5508 = ( GEOMETRIC_REPRESENTATION_CONTEXT(2)
PARAMETRIC_REPRESENTATION_CONTEXT() REPRESENTATION_CONTEXT('2D SPACE',''
  ) );
#5509 = ORIENTED_EDGE('',*,*,#5510,.T.);
#5510 = EDGE_CURVE('',#5483,#5511,#5513,.T.);
#5511 = VERTEX_POINT('',#5512);
#5512 = CARTESIAN_POINT('',(183.52698884861,23.053629746284,
    312.07550884951));
#5513 = SURFACE_CURVE('',#5514,(#5518,#5525),.PCURVE_S1.);
#5514 = LINE('',#5515,#5516);
#5515 = CARTESIAN_POINT('',(183.27205333481,23.053629746284,
    312.12447503161));
#5516 = VECTOR('',#5517,1.);
#5517 = DIRECTION('',(0.982049197506,1.090293630386E-16,-0.188624955075)
  );
#5518 = PCURVE('',#100,#5519);
#5519 = DEFINITIONAL_REPRESENTATION('',(#5520),#5524);
#5520 = LINE('',#5521,#5522);
#5521 = CARTESIAN_POINT('',(14.623813124151,-3.073177557571));
#5522 = VECTOR('',#5523,1.);
#5523 = DIRECTION('',(-0.188624955075,-0.982049197506));
#5524 = ( GEOMETRIC_REPRESENTATION_CONTEXT(2)
PARAMETRIC_REPRESENTATION_CONTEXT() REPRESENTATION_CONTEXT('2D SPACE',''
  ) );
#5525 = PCURVE('',#5526,#5531);
#5526 = PLANE('',#5527);
#5527 = AXIS2_PLACEMENT_3D('',#5528,#5529,#5530);
#5528 = CARTESIAN_POINT('',(183.52698884861,25.553629746284,
    312.07550884951));
#5529 = DIRECTION('',(-0.188624955075,-2.094157681432E-17,
    -0.982049197506));
#5530 = DIRECTION('',(-0.982049197506,-1.090293630386E-16,0.188624955075
    ));
#5531 = DEFINITIONAL_REPRESENTATION('',(#5532),#5536);
#5532 = LINE('',#5533,#5534);
#5533 = CARTESIAN_POINT('',(0.259595460638,-2.5));
#5534 = VECTOR('',#5535,1.);
#5535 = DIRECTION('',(-1.,0.));
#5536 = ( GEOMETRIC_REPRESENTATION_CONTEXT(2)
PARAMETRIC_REPRESENTATION_CONTEXT() REPRESENTATION_CONTEXT('2D SPACE',''
  ) );
#5537 = ORIENTED_EDGE('',*,*,#5538,.T.);
#5538 = EDGE_CURVE('',#5511,#5539,#5541,.T.);
#5539 = VERTEX_POINT('',#5540);
#5540 = CARTESIAN_POINT('',(184.53067518111,23.053629746284,
    311.80933109521));
#5541 = SURFACE_CURVE('',#5542,(#5546,#5553),.PCURVE_S1.);
#5542 = LINE('',#5543,#5544);
#5543 = CARTESIAN_POINT('',(184.27975359799,23.053629746284,
    311.87587553378));
#5544 = VECTOR('',#5545,1.);
#5545 = DIRECTION('',(0.966586944586,1.073127081182E-16,-0.256338991485)
  );
#5546 = PCURVE('',#100,#5547);
#5547 = DEFINITIONAL_REPRESENTATION('',(#5548),#5552);
#5548 = LINE('',#5549,#5550);
#5549 = CARTESIAN_POINT('',(14.375213626329,-4.080877820747));
#5550 = VECTOR('',#5551,1.);
#5551 = DIRECTION('',(-0.256338991485,-0.966586944586));
#5552 = ( GEOMETRIC_REPRESENTATION_CONTEXT(2)
PARAMETRIC_REPRESENTATION_CONTEXT() REPRESENTATION_CONTEXT('2D SPACE',''
  ) );
#5553 = PCURVE('',#5554,#5559);
#5554 = PLANE('',#5555);
#5555 = AXIS2_PLACEMENT_3D('',#5556,#5557,#5558);
#5556 = CARTESIAN_POINT('',(184.53067518111,25.553629746284,
    311.80933109521));
#5557 = DIRECTION('',(-0.256338991485,-2.845934504553E-17,
    -0.966586944586));
#5558 = DIRECTION('',(-0.966586944586,-1.073127081182E-16,0.256338991485
    ));
#5559 = DEFINITIONAL_REPRESENTATION('',(#5560),#5564);
#5560 = LINE('',#5561,#5562);
#5561 = CARTESIAN_POINT('',(0.259595460638,-2.5));
#5562 = VECTOR('',#5563,1.);
#5563 = DIRECTION('',(-1.,0.));
#5564 = ( GEOMETRIC_REPRESENTATION_CONTEXT(2)
PARAMETRIC_REPRESENTATION_CONTEXT() REPRESENTATION_CONTEXT('2D SPACE',''
  ) );
#5565 = ORIENTED_EDGE('',*,*,#5566,.T.);
#5566 = EDGE_CURVE('',#5539,#5567,#5569,.T.);
#5567 = VERTEX_POINT('',#5568);
#5568 = CARTESIAN_POINT('',(185.51346373508,23.053629746284,
    311.47412442891));
#5569 = SURFACE_CURVE('',#5570,(#5574,#5581),.PCURVE_S1.);
#5570 = LINE('',#5571,#5572);
#5571 = CARTESIAN_POINT('',(185.26776659659,23.053629746284,
    311.55792609548));
#5572 = VECTOR('',#5573,1.);
#5573 = DIRECTION('',(0.946461613341,1.050783475056E-16,-0.322816378877)
  );
#5574 = PCURVE('',#100,#5575);
#5575 = DEFINITIONAL_REPRESENTATION('',(#5576),#5580);
#5576 = LINE('',#5577,#5578);
#5577 = CARTESIAN_POINT('',(14.057264188027,-5.068890819348));
#5578 = VECTOR('',#5579,1.);
#5579 = DIRECTION('',(-0.322816378877,-0.946461613341));
#5580 = ( GEOMETRIC_REPRESENTATION_CONTEXT(2)
PARAMETRIC_REPRESENTATION_CONTEXT() REPRESENTATION_CONTEXT('2D SPACE',''
  ) );
#5581 = PCURVE('',#5582,#5587);
#5582 = PLANE('',#5583);
#5583 = AXIS2_PLACEMENT_3D('',#5584,#5585,#5586);
#5584 = CARTESIAN_POINT('',(185.51346373508,25.553629746284,
    311.47412442891));
#5585 = DIRECTION('',(-0.322816378877,-3.583981765552E-17,
    -0.946461613341));
#5586 = DIRECTION('',(-0.946461613341,-1.050783475056E-16,0.322816378877
    ));
#5587 = DEFINITIONAL_REPRESENTATION('',(#5588),#5592);
#5588 = LINE('',#5589,#5590);
#5589 = CARTESIAN_POINT('',(0.259595460638,-2.5));
#5590 = VECTOR('',#5591,1.);
#5591 = DIRECTION('',(-1.,0.));
#5592 = ( GEOMETRIC_REPRESENTATION_CONTEXT(2)
PARAMETRIC_REPRESENTATION_CONTEXT() REPRESENTATION_CONTEXT('2D SPACE',''
  ) );
#5593 = ORIENTED_EDGE('',*,*,#5594,.T.);
#5594 = EDGE_CURVE('',#5567,#5595,#5597,.T.);
#5595 = VERTEX_POINT('',#5596);
#5596 = CARTESIAN_POINT('',(186.47061327121,23.053629746284,
    311.07150597873));
#5597 = SURFACE_CURVE('',#5598,(#5602,#5609),.PCURVE_S1.);
#5598 = LINE('',#5599,#5600);
#5599 = CARTESIAN_POINT('',(186.23132588718,23.053629746284,
    311.17216059127));
#5600 = VECTOR('',#5601,1.);
#5601 = DIRECTION('',(0.921770293844,1.023370603641E-16,-0.387736412254)
  );
#5602 = PCURVE('',#100,#5603);
#5603 = DEFINITIONAL_REPRESENTATION('',(#5604),#5608);
#5604 = LINE('',#5605,#5606);
#5605 = CARTESIAN_POINT('',(13.671498683815,-6.032450109938));
#5606 = VECTOR('',#5607,1.);
#5607 = DIRECTION('',(-0.387736412254,-0.921770293844));
#5608 = ( GEOMETRIC_REPRESENTATION_CONTEXT(2)
PARAMETRIC_REPRESENTATION_CONTEXT() REPRESENTATION_CONTEXT('2D SPACE',''
  ) );
#5609 = PCURVE('',#5610,#5615);
#5610 = PLANE('',#5611);
#5611 = AXIS2_PLACEMENT_3D('',#5612,#5613,#5614);
#5612 = CARTESIAN_POINT('',(186.47061327121,25.553629746284,
    311.07150597873));
#5613 = DIRECTION('',(-0.387736412254,-4.304738923698E-17,
    -0.921770293844));
#5614 = DIRECTION('',(-0.921770293844,-1.023370603641E-16,0.387736412254
    ));
#5615 = DEFINITIONAL_REPRESENTATION('',(#5616),#5620);
#5616 = LINE('',#5617,#5618);
#5617 = CARTESIAN_POINT('',(0.259595460638,-2.5));
#5618 = VECTOR('',#5619,1.);
#5619 = DIRECTION('',(-1.,0.));
#5620 = ( GEOMETRIC_REPRESENTATION_CONTEXT(2)
PARAMETRIC_REPRESENTATION_CONTEXT() REPRESENTATION_CONTEXT('2D SPACE',''
  ) );
#5621 = ORIENTED_EDGE('',*,*,#5622,.T.);
#5622 = EDGE_CURVE('',#5595,#5623,#5625,.T.);
#5623 = VERTEX_POINT('',#5624);
#5624 = CARTESIAN_POINT('',(187.39750623981,23.053629746284,
    310.60341808558));
#5625 = SURFACE_CURVE('',#5626,(#5630,#5637),.PCURVE_S1.);
#5626 = LINE('',#5627,#5628);
#5627 = CARTESIAN_POINT('',(187.16578299766,23.053629746284,
    310.72044005887));
#5628 = VECTOR('',#5629,1.);
#5629 = DIRECTION('',(0.892632103734,9.910207140849E-17,-0.450785899717)
  );
#5630 = PCURVE('',#100,#5631);
#5631 = DEFINITIONAL_REPRESENTATION('',(#5632),#5636);
#5632 = LINE('',#5633,#5634);
#5633 = CARTESIAN_POINT('',(13.219778151411,-6.966907220418));
#5634 = VECTOR('',#5635,1.);
#5635 = DIRECTION('',(-0.450785899717,-0.892632103734));
#5636 = ( GEOMETRIC_REPRESENTATION_CONTEXT(2)
PARAMETRIC_REPRESENTATION_CONTEXT() REPRESENTATION_CONTEXT('2D SPACE',''
  ) );
#5637 = PCURVE('',#5638,#5643);
#5638 = PLANE('',#5639);
#5639 = AXIS2_PLACEMENT_3D('',#5640,#5641,#5642);
#5640 = CARTESIAN_POINT('',(187.39750623981,25.553629746284,
    310.60341808558));
#5641 = DIRECTION('',(-0.450785899717,-5.004728850422E-17,
    -0.892632103734));
#5642 = DIRECTION('',(-0.892632103734,-9.910207140849E-17,0.450785899717
    ));
#5643 = DEFINITIONAL_REPRESENTATION('',(#5644),#5648);
#5644 = LINE('',#5645,#5646);
#5645 = CARTESIAN_POINT('',(0.259595460638,-2.5));
#5646 = VECTOR('',#5647,1.);
#5647 = DIRECTION('',(-1.,0.));
#5648 = ( GEOMETRIC_REPRESENTATION_CONTEXT(2)
PARAMETRIC_REPRESENTATION_CONTEXT() REPRESENTATION_CONTEXT('2D SPACE',''
  ) );
#5649 = ORIENTED_EDGE('',*,*,#5650,.T.);
#5650 = EDGE_CURVE('',#5623,#5651,#5653,.T.);
#5651 = VERTEX_POINT('',#5652);
#5652 = CARTESIAN_POINT('',(188.28967105708,23.053629746284,
    310.07211893278));
#5653 = SURFACE_CURVE('',#5654,(#5658,#5665),.PCURVE_S1.);
#5654 = LINE('',#5655,#5656);
#5655 = CARTESIAN_POINT('',(188.06662985276,23.053629746284,
    310.20494372098));
#5656 = VECTOR('',#5657,1.);
#5657 = DIRECTION('',(0.859187613567,9.538898710546E-17,-0.51166067339)
  );
#5658 = PCURVE('',#100,#5659);
#5659 = DEFINITIONAL_REPRESENTATION('',(#5660),#5664);
#5660 = LINE('',#5661,#5662);
#5661 = CARTESIAN_POINT('',(12.704281813528,-7.867754075523));
#5662 = VECTOR('',#5663,1.);
#5663 = DIRECTION('',(-0.51166067339,-0.859187613567));
#5664 = ( GEOMETRIC_REPRESENTATION_CONTEXT(2)
PARAMETRIC_REPRESENTATION_CONTEXT() REPRESENTATION_CONTEXT('2D SPACE',''
  ) );
#5665 = PCURVE('',#5666,#5671);
#5666 = PLANE('',#5667);
#5667 = AXIS2_PLACEMENT_3D('',#5668,#5669,#5670);
#5668 = CARTESIAN_POINT('',(188.28967105708,25.553629746284,
    310.07211893278));
#5669 = DIRECTION('',(-0.51166067339,-5.680574603923E-17,-0.859187613567
    ));
#5670 = DIRECTION('',(-0.859187613567,-9.538898710546E-17,0.51166067339)
  );
#5671 = DEFINITIONAL_REPRESENTATION('',(#5672),#5676);
#5672 = LINE('',#5673,#5674);
#5673 = CARTESIAN_POINT('',(0.259595460638,-2.5));
#5674 = VECTOR('',#5675,1.);
#5675 = DIRECTION('',(-1.,0.));
#5676 = ( GEOMETRIC_REPRESENTATION_CONTEXT(2)
PARAMETRIC_REPRESENTATION_CONTEXT() REPRESENTATION_CONTEXT('2D SPACE',''
  ) );
#5677 = ORIENTED_EDGE('',*,*,#5678,.T.);
#5678 = EDGE_CURVE('',#5651,#5679,#5681,.T.);
#5679 = VERTEX_POINT('',#5680);
#5680 = CARTESIAN_POINT('',(189.14280367729,23.053629746284,
    309.48017165196));
#5681 = SURFACE_CURVE('',#5682,(#5686,#5693),.PCURVE_S1.);
#5682 = LINE('',#5683,#5684);
#5683 = CARTESIAN_POINT('',(188.28967105708,23.053629746284,
    310.07211893278));
#5684 = VECTOR('',#5685,1.);
#5685 = DIRECTION('',(0.821598168659,0.,-0.570067056806));
#5686 = PCURVE('',#100,#5687);
#5687 = DEFINITIONAL_REPRESENTATION('',(#5688),#5692);
#5688 = LINE('',#5689,#5690);
#5689 = CARTESIAN_POINT('',(12.571457025329,-8.090795279841));
#5690 = VECTOR('',#5691,1.);
#5691 = DIRECTION('',(-0.570067056806,-0.821598168659));
#5692 = ( GEOMETRIC_REPRESENTATION_CONTEXT(2)
PARAMETRIC_REPRESENTATION_CONTEXT() REPRESENTATION_CONTEXT('2D SPACE',''
  ) );
#5693 = PCURVE('',#5694,#5699);
#5694 = PLANE('',#5695);
#5695 = AXIS2_PLACEMENT_3D('',#5696,#5697,#5698);
#5696 = CARTESIAN_POINT('',(189.14280367729,25.553629746284,
    309.48017165196));
#5697 = DIRECTION('',(-0.570067056806,-6.329015720463E-17,
    -0.821598168659));
#5698 = DIRECTION('',(-0.821598168659,-9.121572038356E-17,0.570067056806
    ));
#5699 = DEFINITIONAL_REPRESENTATION('',(#5700),#5704);
#5700 = LINE('',#5701,#5702);
#5701 = CARTESIAN_POINT('',(1.038381842552,-2.5));
#5702 = VECTOR('',#5703,1.);
#5703 = DIRECTION('',(-1.,-9.121572038356E-17));
#5704 = ( GEOMETRIC_REPRESENTATION_CONTEXT(2)
PARAMETRIC_REPRESENTATION_CONTEXT() REPRESENTATION_CONTEXT('2D SPACE',''
  ) );
#5705 = ORIENTED_EDGE('',*,*,#5706,.T.);
#5706 = EDGE_CURVE('',#5679,#5707,#5709,.T.);
#5707 = VERTEX_POINT('',#5708);
#5708 = CARTESIAN_POINT('',(189.95278835663,23.053629746284,
    308.83043195779));
#5709 = SURFACE_CURVE('',#5710,(#5714,#5720),.PCURVE_S1.);
#5710 = LINE('',#5711,#5712);
#5711 = CARTESIAN_POINT('',(189.7502921868,23.053629746284,
    308.99286688134));
#5712 = VECTOR('',#5713,1.);
#5713 = DIRECTION('',(0.780045110718,8.660240421657E-17,-0.625723281687)
  );
#5714 = PCURVE('',#100,#5715);
#5715 = DEFINITIONAL_REPRESENTATION('',(#5716),#5719);
#5716 = B_SPLINE_CURVE_WITH_KNOTS('',1,(#5717,#5718),.UNSPECIFIED.,.F.,
  .F.,(2,2),(-0.778786381914,0.259595460638),.PIECEWISE_BEZIER_KNOTS.);
#5717 = CARTESIAN_POINT('',(11.979509744505,-8.943927900051));
#5718 = CARTESIAN_POINT('',(11.329770050339,-9.753912579393));
#5719 = ( GEOMETRIC_REPRESENTATION_CONTEXT(2)
PARAMETRIC_REPRESENTATION_CONTEXT() REPRESENTATION_CONTEXT('2D SPACE',''
  ) );
#5720 = PCURVE('',#5721,#5726);
#5721 = PLANE('',#5722);
#5722 = AXIS2_PLACEMENT_3D('',#5723,#5724,#5725);
#5723 = CARTESIAN_POINT('',(189.95278835663,25.553629746284,
    308.83043195779));
#5724 = DIRECTION('',(-0.625723281687,-6.946923943724E-17,
    -0.780045110718));
#5725 = DIRECTION('',(-0.780045110718,-8.660240421657E-17,0.625723281687
    ));
#5726 = DEFINITIONAL_REPRESENTATION('',(#5727),#5730);
#5727 = B_SPLINE_CURVE_WITH_KNOTS('',1,(#5728,#5729),.UNSPECIFIED.,.F.,
  .F.,(2,2),(-0.778786381914,0.259595460638),.PIECEWISE_BEZIER_KNOTS.);
#5728 = CARTESIAN_POINT('',(1.038381842552,-2.5));
#5729 = CARTESIAN_POINT('',(0.,-2.5));
#5730 = ( GEOMETRIC_REPRESENTATION_CONTEXT(2)
PARAMETRIC_REPRESENTATION_CONTEXT() REPRESENTATION_CONTEXT('2D SPACE',''
  ) );
#5731 = ORIENTED_EDGE('',*,*,#5732,.T.);
#5732 = EDGE_CURVE('',#5707,#5733,#5735,.T.);
#5733 = VERTEX_POINT('',#5734);
#5734 = CARTESIAN_POINT('',(190.7157175087,23.053629746284,
    308.1260343713));
#5735 = SURFACE_CURVE('',#5736,(#5740,#5746),.PCURVE_S1.);
#5736 = LINE('',#5737,#5738);
#5737 = CARTESIAN_POINT('',(190.52498522069,23.053629746284,
    308.30213376792));
#5738 = VECTOR('',#5739,1.);
#5739 = DIRECTION('',(0.734728902997,8.157129449645E-17,-0.678360847264)
  );
#5740 = PCURVE('',#100,#5741);
#5741 = DEFINITIONAL_REPRESENTATION('',(#5742),#5745);
#5742 = B_SPLINE_CURVE_WITH_KNOTS('',1,(#5743,#5744),.UNSPECIFIED.,.F.,
  .F.,(2,2),(-0.778786381914,0.259595460638),.PIECEWISE_BEZIER_KNOTS.);
#5743 = CARTESIAN_POINT('',(11.329770050339,-9.753912579393));
#5744 = CARTESIAN_POINT('',(10.625372463841,-10.51684173146));
#5745 = ( GEOMETRIC_REPRESENTATION_CONTEXT(2)
PARAMETRIC_REPRESENTATION_CONTEXT() REPRESENTATION_CONTEXT('2D SPACE',''
  ) );
#5746 = PCURVE('',#5747,#5752);
#5747 = PLANE('',#5748);
#5748 = AXIS2_PLACEMENT_3D('',#5749,#5750,#5751);
#5749 = CARTESIAN_POINT('',(190.7157175087,25.553629746284,
    308.1260343713));
#5750 = DIRECTION('',(-0.678360847264,-7.531318316372E-17,
    -0.734728902997));
#5751 = DIRECTION('',(-0.734728902997,-8.157129449645E-17,0.678360847264
    ));
#5752 = DEFINITIONAL_REPRESENTATION('',(#5753),#5756);
#5753 = B_SPLINE_CURVE_WITH_KNOTS('',1,(#5754,#5755),.UNSPECIFIED.,.F.,
  .F.,(2,2),(-0.778786381914,0.259595460638),.PIECEWISE_BEZIER_KNOTS.);
#5754 = CARTESIAN_POINT('',(1.038381842552,-2.5));
#5755 = CARTESIAN_POINT('',(0.,-2.5));
#5756 = ( GEOMETRIC_REPRESENTATION_CONTEXT(2)
PARAMETRIC_REPRESENTATION_CONTEXT() REPRESENTATION_CONTEXT('2D SPACE',''
  ) );
#5757 = ORIENTED_EDGE('',*,*,#5758,.T.);
#5758 = EDGE_CURVE('',#5733,#5759,#5761,.T.);
#5759 = VERTEX_POINT('',#5760);
#5760 = CARTESIAN_POINT('',(191.42791055576,23.053629746284,
    307.37037709801));
#5761 = SURFACE_CURVE('',#5762,(#5766,#5772),.PCURVE_S1.);
#5762 = LINE('',#5763,#5764);
#5763 = CARTESIAN_POINT('',(191.249862294,23.053629746284,
    307.55929141634));
#5764 = VECTOR('',#5765,1.);
#5765 = DIRECTION('',(0.685868163207,7.614666266493E-17,-0.727725815606)
  );
#5766 = PCURVE('',#100,#5767);
#5767 = DEFINITIONAL_REPRESENTATION('',(#5768),#5771);
#5768 = B_SPLINE_CURVE_WITH_KNOTS('',1,(#5769,#5770),.UNSPECIFIED.,.F.,
  .F.,(2,2),(-0.778786381914,0.259595460638),.PIECEWISE_BEZIER_KNOTS.);
#5769 = CARTESIAN_POINT('',(10.625372463841,-10.51684173146));
#5770 = CARTESIAN_POINT('',(9.869715190559,-11.22903477852));
#5771 = ( GEOMETRIC_REPRESENTATION_CONTEXT(2)
PARAMETRIC_REPRESENTATION_CONTEXT() REPRESENTATION_CONTEXT('2D SPACE',''
  ) );
#5772 = PCURVE('',#5773,#5778);
#5773 = PLANE('',#5774);
#5774 = AXIS2_PLACEMENT_3D('',#5775,#5776,#5777);
#5775 = CARTESIAN_POINT('',(191.42791055576,25.553629746284,
    307.37037709801));
#5776 = DIRECTION('',(-0.727725815606,-8.079379561001E-17,
    -0.685868163207));
#5777 = DIRECTION('',(-0.685868163207,-7.614666266493E-17,0.727725815606
    ));
#5778 = DEFINITIONAL_REPRESENTATION('',(#5779),#5782);
#5779 = B_SPLINE_CURVE_WITH_KNOTS('',1,(#5780,#5781),.UNSPECIFIED.,.F.,
  .F.,(2,2),(-0.778786381914,0.259595460638),.PIECEWISE_BEZIER_KNOTS.);
#5780 = CARTESIAN_POINT('',(1.038381842552,-2.5));
#5781 = CARTESIAN_POINT('',(0.,-2.5));
#5782 = ( GEOMETRIC_REPRESENTATION_CONTEXT(2)
PARAMETRIC_REPRESENTATION_CONTEXT() REPRESENTATION_CONTEXT('2D SPACE',''
  ) );
#5783 = ORIENTED_EDGE('',*,*,#5784,.T.);
#5784 = EDGE_CURVE('',#5759,#5785,#5787,.T.);
#5785 = VERTEX_POINT('',#5786);
#5786 = CARTESIAN_POINT('',(192.08593168484,23.053629746284,
    306.56710563417));
#5787 = SURFACE_CURVE('',#5788,(#5792,#5798),.PCURVE_S1.);
#5788 = LINE('',#5789,#5790);
#5789 = CARTESIAN_POINT('',(191.92142640257,23.053629746284,
    306.76792350013));
#5790 = VECTOR('',#5791,1.);
#5791 = DIRECTION('',(0.633698608846,7.035467862141E-17,-0.773580036678)
  );
#5792 = PCURVE('',#100,#5793);
#5793 = DEFINITIONAL_REPRESENTATION('',(#5794),#5797);
#5794 = B_SPLINE_CURVE_WITH_KNOTS('',1,(#5795,#5796),.UNSPECIFIED.,.F.,
  .F.,(2,2),(-0.778786381914,0.259595460638),.PIECEWISE_BEZIER_KNOTS.);
#5795 = CARTESIAN_POINT('',(9.869715190559,-11.22903477852));
#5796 = CARTESIAN_POINT('',(9.066443726712,-11.88705590759));
#5797 = ( GEOMETRIC_REPRESENTATION_CONTEXT(2)
PARAMETRIC_REPRESENTATION_CONTEXT() REPRESENTATION_CONTEXT('2D SPACE',''
  ) );
#5798 = PCURVE('',#5799,#5804);
#5799 = PLANE('',#5800);
#5800 = AXIS2_PLACEMENT_3D('',#5801,#5802,#5803);
#5801 = CARTESIAN_POINT('',(192.08593168484,25.553629746284,
    306.56710563417));
#5802 = DIRECTION('',(-0.773580036678,-8.5884636811E-17,-0.633698608846)
  );
#5803 = DIRECTION('',(-0.633698608846,-7.035467862141E-17,0.773580036678
    ));
#5804 = DEFINITIONAL_REPRESENTATION('',(#5805),#5808);
#5805 = B_SPLINE_CURVE_WITH_KNOTS('',1,(#5806,#5807),.UNSPECIFIED.,.F.,
  .F.,(2,2),(-0.778786381914,0.259595460638),.PIECEWISE_BEZIER_KNOTS.);
#5806 = CARTESIAN_POINT('',(1.038381842552,-2.5));
#5807 = CARTESIAN_POINT('',(0.,-2.5));
#5808 = ( GEOMETRIC_REPRESENTATION_CONTEXT(2)
PARAMETRIC_REPRESENTATION_CONTEXT() REPRESENTATION_CONTEXT('2D SPACE',''
  ) );
#5809 = ORIENTED_EDGE('',*,*,#5810,.T.);
#5810 = EDGE_CURVE('',#5785,#5811,#5813,.T.);
#5811 = VERTEX_POINT('',#5812);
#5812 = CARTESIAN_POINT('',(192.68660642303,23.053629746284,
    305.72009517978));
#5813 = SURFACE_CURVE('',#5814,(#5818,#5824),.PCURVE_S1.);
#5814 = LINE('',#5815,#5816);
#5815 = CARTESIAN_POINT('',(192.53643773848,23.053629746284,
    305.93184779338));
#5816 = VECTOR('',#5817,1.);
#5817 = DIRECTION('',(0.578471920036,6.422328447229E-17,-0.815702297245)
  );
#5818 = PCURVE('',#100,#5819);
#5819 = DEFINITIONAL_REPRESENTATION('',(#5820),#5823);
#5820 = B_SPLINE_CURVE_WITH_KNOTS('',1,(#5821,#5822),.UNSPECIFIED.,.F.,
  .F.,(2,2),(-0.778786381914,0.259595460638),.PIECEWISE_BEZIER_KNOTS.);
#5821 = CARTESIAN_POINT('',(9.066443726712,-11.88705590759));
#5822 = CARTESIAN_POINT('',(8.219433272325,-12.48773064579));
#5823 = ( GEOMETRIC_REPRESENTATION_CONTEXT(2)
PARAMETRIC_REPRESENTATION_CONTEXT() REPRESENTATION_CONTEXT('2D SPACE',''
  ) );
#5824 = PCURVE('',#5825,#5830);
#5825 = PLANE('',#5826);
#5826 = AXIS2_PLACEMENT_3D('',#5827,#5828,#5829);
#5827 = CARTESIAN_POINT('',(192.68660642303,25.553629746284,
    305.72009517978));
#5828 = DIRECTION('',(-0.815702297245,-9.056114716405E-17,
    -0.578471920036));
#5829 = DIRECTION('',(-0.578471920036,-6.422328447229E-17,0.815702297245
    ));
#5830 = DEFINITIONAL_REPRESENTATION('',(#5831),#5834);
#5831 = B_SPLINE_CURVE_WITH_KNOTS('',1,(#5832,#5833),.UNSPECIFIED.,.F.,
  .F.,(2,2),(-0.778786381914,0.259595460638),.PIECEWISE_BEZIER_KNOTS.);
#5832 = CARTESIAN_POINT('',(1.038381842552,-2.5));
#5833 = CARTESIAN_POINT('',(0.,-2.5));
#5834 = ( GEOMETRIC_REPRESENTATION_CONTEXT(2)
PARAMETRIC_REPRESENTATION_CONTEXT() REPRESENTATION_CONTEXT('2D SPACE',''
  ) );
#5835 = ORIENTED_EDGE('',*,*,#5836,.T.);
#5836 = EDGE_CURVE('',#5811,#5837,#5839,.T.);
#5837 = VERTEX_POINT('',#5838);
#5838 = CARTESIAN_POINT('',(193.22703695202,23.053629746284,
    304.83343194367));
#5839 = SURFACE_CURVE('',#5840,(#5844,#5850),.PCURVE_S1.);
#5840 = LINE('',#5841,#5842);
#5841 = CARTESIAN_POINT('',(193.09192931977,23.053629746284,
    305.05509775269));
#5842 = VECTOR('',#5843,1.);
#5843 = DIRECTION('',(0.520454525343,5.778205973065E-17,-0.853889388065)
  );
#5844 = PCURVE('',#100,#5845);
#5845 = DEFINITIONAL_REPRESENTATION('',(#5846),#5849);
#5846 = B_SPLINE_CURVE_WITH_KNOTS('',1,(#5847,#5848),.UNSPECIFIED.,.F.,
  .F.,(2,2),(-0.778786381914,0.259595460638),.PIECEWISE_BEZIER_KNOTS.);
#5847 = CARTESIAN_POINT('',(8.219433272325,-12.48773064579));
#5848 = CARTESIAN_POINT('',(7.332770036211,-13.02816117478));
#5849 = ( GEOMETRIC_REPRESENTATION_CONTEXT(2)
PARAMETRIC_REPRESENTATION_CONTEXT() REPRESENTATION_CONTEXT('2D SPACE',''
  ) );
#5850 = PCURVE('',#5851,#5856);
#5851 = PLANE('',#5852);
#5852 = AXIS2_PLACEMENT_3D('',#5853,#5854,#5855);
#5853 = CARTESIAN_POINT('',(193.22703695202,25.553629746284,
    304.83343194367));
#5854 = DIRECTION('',(-0.853889388065,-9.480076591126E-17,
    -0.520454525343));
#5855 = DIRECTION('',(-0.520454525343,-5.778205973065E-17,0.853889388065
    ));
#5856 = DEFINITIONAL_REPRESENTATION('',(#5857),#5860);
#5857 = B_SPLINE_CURVE_WITH_KNOTS('',1,(#5858,#5859),.UNSPECIFIED.,.F.,
  .F.,(2,2),(-0.778786381914,0.259595460638),.PIECEWISE_BEZIER_KNOTS.);
#5858 = CARTESIAN_POINT('',(1.038381842552,-2.5));
#5859 = CARTESIAN_POINT('',(0.,-2.5));
#5860 = ( GEOMETRIC_REPRESENTATION_CONTEXT(2)
PARAMETRIC_REPRESENTATION_CONTEXT() REPRESENTATION_CONTEXT('2D SPACE',''
  ) );
#5861 = ORIENTED_EDGE('',*,*,#5862,.T.);
#5862 = EDGE_CURVE('',#5837,#5863,#5865,.T.);
#5863 = VERTEX_POINT('',#5864);
#5864 = CARTESIAN_POINT('',(193.70461608795,23.053629746284,
    303.91139343044));
#5865 = SURFACE_CURVE('',#5866,(#5870,#5876),.PCURVE_S1.);
#5866 = LINE('',#5867,#5868);
#5867 = CARTESIAN_POINT('',(193.58522130397,23.053629746284,
    304.14190305875));
#5868 = VECTOR('',#5869,1.);
#5869 = DIRECTION('',(0.459926316461,5.106207861659E-17,-0.887957084226)
  );
#5870 = PCURVE('',#100,#5871);
#5871 = DEFINITIONAL_REPRESENTATION('',(#5872),#5875);
#5872 = B_SPLINE_CURVE_WITH_KNOTS('',1,(#5873,#5874),.UNSPECIFIED.,.F.,
  .F.,(2,2),(-0.778786381914,0.259595460638),.PIECEWISE_BEZIER_KNOTS.);
#5873 = CARTESIAN_POINT('',(7.332770036211,-13.02816117478));
#5874 = CARTESIAN_POINT('',(6.410731522985,-13.5057403107));
#5875 = ( GEOMETRIC_REPRESENTATION_CONTEXT(2)
PARAMETRIC_REPRESENTATION_CONTEXT() REPRESENTATION_CONTEXT('2D SPACE',''
  ) );
#5876 = PCURVE('',#5877,#5882);
#5877 = PLANE('',#5878);
#5878 = AXIS2_PLACEMENT_3D('',#5879,#5880,#5881);
#5879 = CARTESIAN_POINT('',(193.70461608795,25.553629746284,
    303.91139343044));
#5880 = DIRECTION('',(-0.887957084226,-9.858303997865E-17,
    -0.459926316461));
#5881 = DIRECTION('',(-0.459926316461,-5.106207861659E-17,0.887957084226
    ));
#5882 = DEFINITIONAL_REPRESENTATION('',(#5883),#5886);
#5883 = B_SPLINE_CURVE_WITH_KNOTS('',1,(#5884,#5885),.UNSPECIFIED.,.F.,
  .F.,(2,2),(-0.778786381914,0.259595460638),.PIECEWISE_BEZIER_KNOTS.);
#5884 = CARTESIAN_POINT('',(1.038381842552,-2.5));
#5885 = CARTESIAN_POINT('',(0.,-2.5));
#5886 = ( GEOMETRIC_REPRESENTATION_CONTEXT(2)
PARAMETRIC_REPRESENTATION_CONTEXT() REPRESENTATION_CONTEXT('2D SPACE',''
  ) );
#5887 = ORIENTED_EDGE('',*,*,#5888,.T.);
#5888 = EDGE_CURVE('',#5863,#5889,#5891,.T.);
#5889 = VERTEX_POINT('',#5890);
#5890 = CARTESIAN_POINT('',(194.11703985916,23.053629746284,
    302.95842780468));
#5891 = SURFACE_CURVE('',#5892,(#5896,#5902),.PCURVE_S1.);
#5892 = LINE('',#5893,#5894);
#5893 = CARTESIAN_POINT('',(194.01393391635,23.053629746284,
    303.19666921112));
#5894 = VECTOR('',#5895,1.);
#5895 = DIRECTION('',(0.397179297932,4.40957601468E-17,-0.917741033895)
  );
#5896 = PCURVE('',#100,#5897);
#5897 = DEFINITIONAL_REPRESENTATION('',(#5898),#5901);
#5898 = B_SPLINE_CURVE_WITH_KNOTS('',1,(#5899,#5900),.UNSPECIFIED.,.F.,
  .F.,(2,2),(-0.778786381914,0.259595460638),.PIECEWISE_BEZIER_KNOTS.);
#5899 = CARTESIAN_POINT('',(6.410731522985,-13.5057403107));
#5900 = CARTESIAN_POINT('',(5.457765897223,-13.91816408191));
#5901 = ( GEOMETRIC_REPRESENTATION_CONTEXT(2)
PARAMETRIC_REPRESENTATION_CONTEXT() REPRESENTATION_CONTEXT('2D SPACE',''
  ) );
#5902 = PCURVE('',#5903,#5908);
#5903 = PLANE('',#5904);
#5904 = AXIS2_PLACEMENT_3D('',#5905,#5906,#5907);
#5905 = CARTESIAN_POINT('',(194.11703985916,25.553629746284,
    302.95842780468));
#5906 = DIRECTION('',(-0.917741033895,-1.018897226474E-16,
    -0.397179297932));
#5907 = DIRECTION('',(-0.397179297932,-4.40957601468E-17,0.917741033895)
  );
#5908 = DEFINITIONAL_REPRESENTATION('',(#5909),#5912);
#5909 = B_SPLINE_CURVE_WITH_KNOTS('',1,(#5910,#5911),.UNSPECIFIED.,.F.,
  .F.,(2,2),(-0.778786381914,0.259595460638),.PIECEWISE_BEZIER_KNOTS.);
#5910 = CARTESIAN_POINT('',(1.038381842552,-2.5));
#5911 = CARTESIAN_POINT('',(0.,-2.5));
#5912 = ( GEOMETRIC_REPRESENTATION_CONTEXT(2)
PARAMETRIC_REPRESENTATION_CONTEXT() REPRESENTATION_CONTEXT('2D SPACE',''
  ) );
#5913 = ORIENTED_EDGE('',*,*,#5914,.T.);
#5914 = EDGE_CURVE('',#5889,#5915,#5917,.T.);
#5915 = VERTEX_POINT('',#5916);
#5916 = CARTESIAN_POINT('',(194.4623186212,23.053629746284,
    301.97913243176));
#5917 = SURFACE_CURVE('',#5918,(#5922,#5928),.PCURVE_S1.);
#5918 = LINE('',#5919,#5920);
#5919 = CARTESIAN_POINT('',(194.37599893069,23.053629746284,
    302.22395627499));
#5920 = VECTOR('',#5921,1.);
#5921 = DIRECTION('',(0.332516178439,3.691671173636E-17,-0.943097551198)
  );
#5922 = PCURVE('',#100,#5923);
#5923 = DEFINITIONAL_REPRESENTATION('',(#5924),#5927);
#5924 = B_SPLINE_CURVE_WITH_KNOTS('',1,(#5925,#5926),.UNSPECIFIED.,.F.,
  .F.,(2,2),(-0.778786381914,0.259595460638),.PIECEWISE_BEZIER_KNOTS.);
#5925 = CARTESIAN_POINT('',(5.457765897223,-13.91816408191));
#5926 = CARTESIAN_POINT('',(4.478470524303,-14.26344284396));
#5927 = ( GEOMETRIC_REPRESENTATION_CONTEXT(2)
PARAMETRIC_REPRESENTATION_CONTEXT() REPRESENTATION_CONTEXT('2D SPACE',''
  ) );
#5928 = PCURVE('',#5929,#5934);
#5929 = PLANE('',#5930);
#5930 = AXIS2_PLACEMENT_3D('',#5931,#5932,#5933);
#5931 = CARTESIAN_POINT('',(194.4623186212,25.553629746284,
    301.97913243176));
#5932 = DIRECTION('',(-0.943097551198,-1.047048615808E-16,
    -0.332516178439));
#5933 = DIRECTION('',(-0.332516178439,-3.691671173636E-17,0.943097551198
    ));
#5934 = DEFINITIONAL_REPRESENTATION('',(#5935),#5938);
#5935 = B_SPLINE_CURVE_WITH_KNOTS('',1,(#5936,#5937),.UNSPECIFIED.,.F.,
  .F.,(2,2),(-0.778786381914,0.259595460638),.PIECEWISE_BEZIER_KNOTS.);
#5936 = CARTESIAN_POINT('',(1.038381842552,-2.5));
#5937 = CARTESIAN_POINT('',(0.,-2.5));
#5938 = ( GEOMETRIC_REPRESENTATION_CONTEXT(2)
PARAMETRIC_REPRESENTATION_CONTEXT() REPRESENTATION_CONTEXT('2D SPACE',''
  ) );
#5939 = ORIENTED_EDGE('',*,*,#5940,.T.);
#5940 = EDGE_CURVE('',#5915,#5941,#5943,.T.);
#5941 = VERTEX_POINT('',#5942);
#5942 = CARTESIAN_POINT('',(194.73878665542,23.053629746284,
    300.97823169892));
#5943 = SURFACE_CURVE('',#5944,(#5948,#5954),.PCURVE_S1.);
#5944 = LINE('',#5945,#5946);
#5945 = CARTESIAN_POINT('',(194.66966964687,23.053629746284,
    301.22845688213));
#5946 = VECTOR('',#5947,1.);
#5947 = DIRECTION('',(0.26624891046,2.955956706744E-17,-0.963904309399)
  );
#5948 = PCURVE('',#100,#5949);
#5949 = DEFINITIONAL_REPRESENTATION('',(#5950),#5953);
#5950 = B_SPLINE_CURVE_WITH_KNOTS('',1,(#5951,#5952),.UNSPECIFIED.,.F.,
  .F.,(2,2),(-0.778786381914,0.259595460638),.PIECEWISE_BEZIER_KNOTS.);
#5951 = CARTESIAN_POINT('',(4.478470524303,-14.26344284396));
#5952 = CARTESIAN_POINT('',(3.477569791465,-14.53991087818));
#5953 = ( GEOMETRIC_REPRESENTATION_CONTEXT(2)
PARAMETRIC_REPRESENTATION_CONTEXT() REPRESENTATION_CONTEXT('2D SPACE',''
  ) );
#5954 = PCURVE('',#5955,#5960);
#5955 = PLANE('',#5956);
#5956 = AXIS2_PLACEMENT_3D('',#5957,#5958,#5959);
#5957 = CARTESIAN_POINT('',(194.73878665542,25.553629746284,
    300.97823169892));
#5958 = DIRECTION('',(-0.963904309399,-1.070148757831E-16,-0.26624891046
    ));
#5959 = DIRECTION('',(-0.26624891046,-2.955956706744E-17,0.963904309399)
  );
#5960 = DEFINITIONAL_REPRESENTATION('',(#5961),#5964);
#5961 = B_SPLINE_CURVE_WITH_KNOTS('',1,(#5962,#5963),.UNSPECIFIED.,.F.,
  .F.,(2,2),(-0.778786381914,0.259595460638),.PIECEWISE_BEZIER_KNOTS.);
#5962 = CARTESIAN_POINT('',(1.038381842552,-2.5));
#5963 = CARTESIAN_POINT('',(0.,-2.5));
#5964 = ( GEOMETRIC_REPRESENTATION_CONTEXT(2)
PARAMETRIC_REPRESENTATION_CONTEXT() REPRESENTATION_CONTEXT('2D SPACE',''
  ) );
#5965 = ORIENTED_EDGE('',*,*,#5966,.T.);
#5966 = EDGE_CURVE('',#5941,#5967,#5969,.T.);
#5967 = VERTEX_POINT('',#5968);
#5968 = CARTESIAN_POINT('',(194.94511020483,23.053629746284,
    299.96055422354));
#5969 = SURFACE_CURVE('',#5970,(#5974,#5980),.PCURVE_S1.);
#5970 = LINE('',#5971,#5972);
#5971 = CARTESIAN_POINT('',(194.89352931748,23.053629746284,
    300.21497359238));
#5972 = VECTOR('',#5973,1.);
#5973 = DIRECTION('',(0.19869718532,2.205981900702E-17,-0.980060931037)
  );
#5974 = PCURVE('',#100,#5975);
#5975 = DEFINITIONAL_REPRESENTATION('',(#5976),#5979);
#5976 = B_SPLINE_CURVE_WITH_KNOTS('',1,(#5977,#5978),.UNSPECIFIED.,.F.,
  .F.,(2,2),(-0.778786381914,0.259595460638),.PIECEWISE_BEZIER_KNOTS.);
#5977 = CARTESIAN_POINT('',(3.477569791465,-14.53991087818));
#5978 = CARTESIAN_POINT('',(2.459892316081,-14.74623442758));
#5979 = ( GEOMETRIC_REPRESENTATION_CONTEXT(2)
PARAMETRIC_REPRESENTATION_CONTEXT() REPRESENTATION_CONTEXT('2D SPACE',''
  ) );
#5980 = PCURVE('',#5981,#5986);
#5981 = PLANE('',#5982);
#5982 = AXIS2_PLACEMENT_3D('',#5983,#5984,#5985);
#5983 = CARTESIAN_POINT('',(194.94511020483,25.553629746284,
    299.96055422354));
#5984 = DIRECTION('',(-0.980060931037,-1.088086211173E-16,-0.19869718532
    ));
#5985 = DIRECTION('',(-0.19869718532,-2.205981900702E-17,0.980060931037)
  );
#5986 = DEFINITIONAL_REPRESENTATION('',(#5987),#5990);
#5987 = B_SPLINE_CURVE_WITH_KNOTS('',1,(#5988,#5989),.UNSPECIFIED.,.F.,
  .F.,(2,2),(-0.778786381914,0.259595460638),.PIECEWISE_BEZIER_KNOTS.);
#5988 = CARTESIAN_POINT('',(1.038381842552,-2.5));
#5989 = CARTESIAN_POINT('',(0.,-2.5));
#5990 = ( GEOMETRIC_REPRESENTATION_CONTEXT(2)
PARAMETRIC_REPRESENTATION_CONTEXT() REPRESENTATION_CONTEXT('2D SPACE',''
  ) );
#5991 = ORIENTED_EDGE('',*,*,#5992,.T.);
#5992 = EDGE_CURVE('',#5967,#5993,#5995,.T.);
#5993 = VERTEX_POINT('',#5994);
#5994 = CARTESIAN_POINT('',(195.08029390849,23.053629746284,
    298.93100955855));
#5995 = SURFACE_CURVE('',#5996,(#6000,#6006),.PCURVE_S1.);
#5996 = LINE('',#5997,#5998);
#5997 = CARTESIAN_POINT('',(195.04649798257,23.053629746284,
    299.18839572479));
#5998 = VECTOR('',#5999,1.);
#5999 = DIRECTION('',(0.130186890913,1.445364837961E-17,-0.991489472175)
  );
#6000 = PCURVE('',#100,#6001);
#6001 = DEFINITIONAL_REPRESENTATION('',(#6002),#6005);
#6002 = B_SPLINE_CURVE_WITH_KNOTS('',1,(#6003,#6004),.UNSPECIFIED.,.F.,
  .F.,(2,2),(-0.778786381914,0.259595460638),.PIECEWISE_BEZIER_KNOTS.);
#6003 = CARTESIAN_POINT('',(2.459892316081,-14.74623442758));
#6004 = CARTESIAN_POINT('',(1.430347651092,-14.88141813124));
#6005 = ( GEOMETRIC_REPRESENTATION_CONTEXT(2)
PARAMETRIC_REPRESENTATION_CONTEXT() REPRESENTATION_CONTEXT('2D SPACE',''
  ) );
#6006 = PCURVE('',#6007,#6012);
#6007 = PLANE('',#6008);
#6008 = AXIS2_PLACEMENT_3D('',#6009,#6010,#6011);
#6009 = CARTESIAN_POINT('',(195.08029390849,25.553629746284,
    298.93100955855));
#6010 = DIRECTION('',(-0.991489472175,-1.100774440682E-16,
    -0.130186890913));
#6011 = DIRECTION('',(-0.130186890913,-1.445364837961E-17,0.991489472175
    ));
#6012 = DEFINITIONAL_REPRESENTATION('',(#6013),#6016);
#6013 = B_SPLINE_CURVE_WITH_KNOTS('',1,(#6014,#6015),.UNSPECIFIED.,.F.,
  .F.,(2,2),(-0.778786381914,0.259595460638),.PIECEWISE_BEZIER_KNOTS.);
#6014 = CARTESIAN_POINT('',(1.038381842552,-2.5));
#6015 = CARTESIAN_POINT('',(0.,-2.5));
#6016 = ( GEOMETRIC_REPRESENTATION_CONTEXT(2)
PARAMETRIC_REPRESENTATION_CONTEXT() REPRESENTATION_CONTEXT('2D SPACE',''
  ) );
#6017 = ORIENTED_EDGE('',*,*,#6018,.T.);
#6018 = EDGE_CURVE('',#5993,#6019,#6021,.T.);
#6019 = VERTEX_POINT('',#6020);
#6020 = CARTESIAN_POINT('',(195.14368560346,23.053629746284,
    297.89456450745));
#6021 = SURFACE_CURVE('',#6022,(#6026,#6033),.PCURVE_S1.);
#6022 = LINE('',#6023,#6024);
#6023 = CARTESIAN_POINT('',(195.08029390849,23.053629746284,
    298.93100955855));
#6024 = VECTOR('',#6025,1.);
#6025 = DIRECTION('',(6.104853953485E-02,0.,-0.998134798422));
#6026 = PCURVE('',#100,#6027);
#6027 = DEFINITIONAL_REPRESENTATION('',(#6028),#6032);
#6028 = LINE('',#6029,#6030);
#6029 = CARTESIAN_POINT('',(1.430347651092,-14.88141813124));
#6030 = VECTOR('',#6031,1.);
#6031 = DIRECTION('',(-0.998134798422,-6.104853953485E-02));
#6032 = ( GEOMETRIC_REPRESENTATION_CONTEXT(2)
PARAMETRIC_REPRESENTATION_CONTEXT() REPRESENTATION_CONTEXT('2D SPACE',''
  ) );
#6033 = PCURVE('',#6034,#6039);
#6034 = PLANE('',#6035);
#6035 = AXIS2_PLACEMENT_3D('',#6036,#6037,#6038);
#6036 = CARTESIAN_POINT('',(195.14368560346,25.553629746284,
    297.89456450745));
#6037 = DIRECTION('',(-0.998134798422,-1.108152234888E-16,
    -6.104853953486E-02));
#6038 = DIRECTION('',(-6.104853953486E-02,-6.777749421134E-18,
    0.998134798422));
#6039 = DEFINITIONAL_REPRESENTATION('',(#6040),#6044);
#6040 = LINE('',#6041,#6042);
#6041 = CARTESIAN_POINT('',(1.038381842552,-2.5));
#6042 = VECTOR('',#6043,1.);
#6043 = DIRECTION('',(-1.,-6.777749421133E-18));
#6044 = ( GEOMETRIC_REPRESENTATION_CONTEXT(2)
PARAMETRIC_REPRESENTATION_CONTEXT() REPRESENTATION_CONTEXT('2D SPACE',''
  ) );
#6045 = ORIENTED_EDGE('',*,*,#6046,.T.);
#6046 = EDGE_CURVE('',#6019,#6047,#6049,.T.);
#6047 = VERTEX_POINT('',#6048);
#6048 = CARTESIAN_POINT('',(195.13497947095,23.053629746284,
    296.85621916307));
#6049 = SURFACE_CURVE('',#6050,(#6054,#6061),.PCURVE_S1.);
#6050 = LINE('',#6051,#6052);
#6051 = CARTESIAN_POINT('',(195.13715600408,23.053629746284,
    297.11580549916));
#6052 = VECTOR('',#6053,1.);
#6053 = DIRECTION('',(-8.384326602831E-03,-9.30847244044E-19,
    -0.999964850916));
#6054 = PCURVE('',#100,#6055);
#6055 = DEFINITIONAL_REPRESENTATION('',(#6056),#6060);
#6056 = LINE('',#6057,#6058);
#6057 = CARTESIAN_POINT('',(-0.384856408295,-14.93828022683));
#6058 = VECTOR('',#6059,1.);
#6059 = DIRECTION('',(-0.999964850916,8.384326602831E-03));
#6060 = ( GEOMETRIC_REPRESENTATION_CONTEXT(2)
PARAMETRIC_REPRESENTATION_CONTEXT() REPRESENTATION_CONTEXT('2D SPACE',''
  ) );
#6061 = PCURVE('',#6062,#6067);
#6062 = PLANE('',#6063);
#6063 = AXIS2_PLACEMENT_3D('',#6064,#6065,#6066);
#6064 = CARTESIAN_POINT('',(195.13497947095,25.553629746284,
    296.85621916307));
#6065 = DIRECTION('',(-0.999964850916,-1.110184001303E-16,
    8.384326602831E-03));
#6066 = DIRECTION('',(8.384326602831E-03,9.30847244044E-19,
    0.999964850916));
#6067 = DEFINITIONAL_REPRESENTATION('',(#6068),#6072);
#6068 = LINE('',#6069,#6070);
#6069 = CARTESIAN_POINT('',(0.259595460638,-2.5));
#6070 = VECTOR('',#6071,1.);
#6071 = DIRECTION('',(-1.,0.));
#6072 = ( GEOMETRIC_REPRESENTATION_CONTEXT(2)
PARAMETRIC_REPRESENTATION_CONTEXT() REPRESENTATION_CONTEXT('2D SPACE',''
  ) );
#6073 = ORIENTED_EDGE('',*,*,#6074,.T.);
#6074 = EDGE_CURVE('',#6047,#6075,#6077,.T.);
#6075 = VERTEX_POINT('',#6076);
#6076 = CARTESIAN_POINT('',(195.05421751172,23.053629746284,
    295.82098278577));
#6077 = SURFACE_CURVE('',#6078,(#6082,#6089),.PCURVE_S1.);
#6078 = LINE('',#6079,#6080);
#6079 = CARTESIAN_POINT('',(195.07440800153,23.053629746284,
    296.07979188009));
#6080 = VECTOR('',#6081,1.);
#6081 = DIRECTION('',(-7.777674446852E-02,-8.634953248933E-18,
    -0.996970800987));
#6082 = PCURVE('',#100,#6083);
#6083 = DEFINITIONAL_REPRESENTATION('',(#6084),#6088);
#6084 = LINE('',#6085,#6086);
#6085 = CARTESIAN_POINT('',(-1.420870027365,-14.87553222428));
#6086 = VECTOR('',#6087,1.);
#6087 = DIRECTION('',(-0.996970800987,7.777674446852E-02));
#6088 = ( GEOMETRIC_REPRESENTATION_CONTEXT(2)
PARAMETRIC_REPRESENTATION_CONTEXT() REPRESENTATION_CONTEXT('2D SPACE',''
  ) );
#6089 = PCURVE('',#6090,#6095);
#6090 = PLANE('',#6091);
#6091 = AXIS2_PLACEMENT_3D('',#6092,#6093,#6094);
#6092 = CARTESIAN_POINT('',(195.05421751172,25.553629746284,
    295.82098278577));
#6093 = DIRECTION('',(-0.996970800987,-1.106859938134E-16,
    7.777674446852E-02));
#6094 = DIRECTION('',(7.777674446852E-02,8.634953248933E-18,
    0.996970800987));
#6095 = DEFINITIONAL_REPRESENTATION('',(#6096),#6100);
#6096 = LINE('',#6097,#6098);
#6097 = CARTESIAN_POINT('',(0.259595460638,-2.5));
#6098 = VECTOR('',#6099,1.);
#6099 = DIRECTION('',(-1.,0.));
#6100 = ( GEOMETRIC_REPRESENTATION_CONTEXT(2)
PARAMETRIC_REPRESENTATION_CONTEXT() REPRESENTATION_CONTEXT('2D SPACE',''
  ) );
#6101 = ORIENTED_EDGE('',*,*,#6102,.T.);
#6102 = EDGE_CURVE('',#6075,#6103,#6105,.T.);
#6103 = VERTEX_POINT('',#6104);
#6104 = CARTESIAN_POINT('',(194.90178934343,23.053629746284,
    294.79384963741));
#6105 = SURFACE_CURVE('',#6106,(#6110,#6117),.PCURVE_S1.);
#6106 = LINE('',#6107,#6108);
#6107 = CARTESIAN_POINT('',(194.9398963855,23.053629746284,
    295.0506329245));
#6108 = VECTOR('',#6109,1.);
#6109 = DIRECTION('',(-0.146793946164,-1.629740189071E-17,
    -0.989167092745));
#6110 = PCURVE('',#100,#6111);
#6111 = DEFINITIONAL_REPRESENTATION('',(#6112),#6116);
#6112 = LINE('',#6113,#6114);
#6113 = CARTESIAN_POINT('',(-2.450028982957,-14.74102060825));
#6114 = VECTOR('',#6115,1.);
#6115 = DIRECTION('',(-0.989167092745,0.146793946164));
#6116 = ( GEOMETRIC_REPRESENTATION_CONTEXT(2)
PARAMETRIC_REPRESENTATION_CONTEXT() REPRESENTATION_CONTEXT('2D SPACE',''
  ) );
#6117 = PCURVE('',#6118,#6123);
#6118 = PLANE('',#6119);
#6119 = AXIS2_PLACEMENT_3D('',#6120,#6121,#6122);
#6120 = CARTESIAN_POINT('',(194.90178934343,25.553629746284,
    294.79384963741));
#6121 = DIRECTION('',(-0.989167092745,-1.098196081567E-16,0.146793946164
    ));
#6122 = DIRECTION('',(0.146793946164,1.629740189071E-17,0.989167092745)
  );
#6123 = DEFINITIONAL_REPRESENTATION('',(#6124),#6128);
#6124 = LINE('',#6125,#6126);
#6125 = CARTESIAN_POINT('',(0.259595460638,-2.5));
#6126 = VECTOR('',#6127,1.);
#6127 = DIRECTION('',(-1.,0.));
#6128 = ( GEOMETRIC_REPRESENTATION_CONTEXT(2)
PARAMETRIC_REPRESENTATION_CONTEXT() REPRESENTATION_CONTEXT('2D SPACE',''
  ) );
#6129 = ORIENTED_EDGE('',*,*,#6130,.T.);
#6130 = EDGE_CURVE('',#6103,#6131,#6133,.T.);
#6131 = VERTEX_POINT('',#6132);
#6132 = CARTESIAN_POINT('',(194.67843032101,23.053629746284,
    293.77977488768));
#6133 = SURFACE_CURVE('',#6134,(#6138,#6145),.PCURVE_S1.);
#6134 = LINE('',#6135,#6136);
#6135 = CARTESIAN_POINT('',(194.73427007662,23.053629746284,
    294.03329357511));
#6136 = VECTOR('',#6137,1.);
#6137 = DIRECTION('',(-0.215102973937,-2.3881227433E-17,-0.976591373402)
  );
#6138 = PCURVE('',#100,#6139);
#6139 = DEFINITIONAL_REPRESENTATION('',(#6140),#6144);
#6140 = LINE('',#6141,#6142);
#6141 = CARTESIAN_POINT('',(-3.467368332347,-14.53539429937));
#6142 = VECTOR('',#6143,1.);
#6143 = DIRECTION('',(-0.976591373402,0.215102973937));
#6144 = ( GEOMETRIC_REPRESENTATION_CONTEXT(2)
PARAMETRIC_REPRESENTATION_CONTEXT() REPRESENTATION_CONTEXT('2D SPACE',''
  ) );
#6145 = PCURVE('',#6146,#6151);
#6146 = PLANE('',#6147);
#6147 = AXIS2_PLACEMENT_3D('',#6148,#6149,#6150);
#6148 = CARTESIAN_POINT('',(194.67843032101,25.553629746284,
    293.77977488768));
#6149 = DIRECTION('',(-0.976591373402,-1.084234228401E-16,0.215102973937
    ));
#6150 = DIRECTION('',(0.215102973937,2.3881227433E-17,0.976591373402));
#6151 = DEFINITIONAL_REPRESENTATION('',(#6152),#6156);
#6152 = LINE('',#6153,#6154);
#6153 = CARTESIAN_POINT('',(0.259595460638,-2.5));
#6154 = VECTOR('',#6155,1.);
#6155 = DIRECTION('',(-1.,0.));
#6156 = ( GEOMETRIC_REPRESENTATION_CONTEXT(2)
PARAMETRIC_REPRESENTATION_CONTEXT() REPRESENTATION_CONTEXT('2D SPACE',''
  ) );
#6157 = ORIENTED_EDGE('',*,*,#6158,.T.);
#6158 = EDGE_CURVE('',#6131,#6159,#6161,.T.);
#6159 = VERTEX_POINT('',#6160);
#6160 = CARTESIAN_POINT('',(194.38521798915,23.053629746284,
    292.78365070898));
#6161 = SURFACE_CURVE('',#6162,(#6166,#6173),.PCURVE_S1.);
#6162 = LINE('',#6163,#6164);
#6163 = CARTESIAN_POINT('',(194.45852107212,23.053629746284,
    293.03268175365));
#6164 = VECTOR('',#6165,1.);
#6165 = DIRECTION('',(-0.282374286457,-3.134984343864E-17,
    -0.959304311649));
#6166 = PCURVE('',#100,#6167);
#6167 = DEFINITIONAL_REPRESENTATION('',(#6168),#6172);
#6168 = LINE('',#6169,#6170);
#6169 = CARTESIAN_POINT('',(-4.467980153804,-14.25964529487));
#6170 = VECTOR('',#6171,1.);
#6171 = DIRECTION('',(-0.959304311649,0.282374286457));
#6172 = ( GEOMETRIC_REPRESENTATION_CONTEXT(2)
PARAMETRIC_REPRESENTATION_CONTEXT() REPRESENTATION_CONTEXT('2D SPACE',''
  ) );
#6173 = PCURVE('',#6174,#6179);
#6174 = PLANE('',#6175);
#6175 = AXIS2_PLACEMENT_3D('',#6176,#6177,#6178);
#6176 = CARTESIAN_POINT('',(194.38521798915,25.553629746284,
    292.78365070898));
#6177 = DIRECTION('',(-0.959304311649,-1.065041734415E-16,0.282374286457
    ));
#6178 = DIRECTION('',(0.282374286457,3.134984343864E-17,0.959304311649)
  );
#6179 = DEFINITIONAL_REPRESENTATION('',(#6180),#6184);
#6180 = LINE('',#6181,#6182);
#6181 = CARTESIAN_POINT('',(0.259595460638,-2.5));
#6182 = VECTOR('',#6183,1.);
#6183 = DIRECTION('',(-1.,0.));
#6184 = ( GEOMETRIC_REPRESENTATION_CONTEXT(2)
PARAMETRIC_REPRESENTATION_CONTEXT() REPRESENTATION_CONTEXT('2D SPACE',''
  ) );
#6185 = ORIENTED_EDGE('',*,*,#6186,.T.);
#6186 = EDGE_CURVE('',#6159,#6187,#6189,.T.);
#6187 = VERTEX_POINT('',#6188);
#6188 = CARTESIAN_POINT('',(194.02356688389,23.053629746284,
    291.81028267529));
#6189 = SURFACE_CURVE('',#6190,(#6194,#6201),.PCURVE_S1.);
#6190 = LINE('',#6191,#6192);
#6191 = CARTESIAN_POINT('',(194.1139796602,23.053629746284,
    292.05362468371));
#6192 = VECTOR('',#6193,1.);
#6193 = DIRECTION('',(-0.348283348615,-3.866721927262E-17,
    -0.937389304973));
#6194 = PCURVE('',#100,#6195);
#6195 = DEFINITIONAL_REPRESENTATION('',(#6196),#6200);
#6196 = LINE('',#6197,#6198);
#6197 = CARTESIAN_POINT('',(-5.447037223743,-13.91510388296));
#6198 = VECTOR('',#6199,1.);
#6199 = DIRECTION('',(-0.937389304973,0.348283348615));
#6200 = ( GEOMETRIC_REPRESENTATION_CONTEXT(2)
PARAMETRIC_REPRESENTATION_CONTEXT() REPRESENTATION_CONTEXT('2D SPACE',''
  ) );
#6201 = PCURVE('',#6202,#6207);
#6202 = PLANE('',#6203);
#6203 = AXIS2_PLACEMENT_3D('',#6204,#6205,#6206);
#6204 = CARTESIAN_POINT('',(194.02356688389,25.553629746284,
    291.81028267529));
#6205 = DIRECTION('',(-0.937389304973,-1.040711189418E-16,0.348283348615
    ));
#6206 = DIRECTION('',(0.348283348615,3.866721927262E-17,0.937389304973)
  );
#6207 = DEFINITIONAL_REPRESENTATION('',(#6208),#6212);
#6208 = LINE('',#6209,#6210);
#6209 = CARTESIAN_POINT('',(0.259595460638,-2.5));
#6210 = VECTOR('',#6211,1.);
#6211 = DIRECTION('',(-1.,0.));
#6212 = ( GEOMETRIC_REPRESENTATION_CONTEXT(2)
PARAMETRIC_REPRESENTATION_CONTEXT() REPRESENTATION_CONTEXT('2D SPACE',''
  ) );
#6213 = ORIENTED_EDGE('',*,*,#6214,.T.);
#6214 = EDGE_CURVE('',#6187,#6215,#6217,.T.);
#6215 = VERTEX_POINT('',#6216);
#6216 = CARTESIAN_POINT('',(193.59522170851,23.053629746284,
    290.86436657876));
#6217 = SURFACE_CURVE('',#6218,(#6222,#6229),.PCURVE_S1.);
#6218 = LINE('',#6219,#6220);
#6219 = CARTESIAN_POINT('',(193.70230800236,23.053629746284,
    291.10084560289));
#6220 = VECTOR('',#6221,1.);
#6221 = DIRECTION('',(-0.41251219717,-4.579805392365E-17,-0.910952077327
    ));
#6222 = PCURVE('',#100,#6223);
#6223 = DEFINITIONAL_REPRESENTATION('',(#6224),#6228);
#6224 = LINE('',#6225,#6226);
#6225 = CARTESIAN_POINT('',(-6.399816304564,-13.50343222511));
#6226 = VECTOR('',#6227,1.);
#6227 = DIRECTION('',(-0.910952077327,0.41251219717));
#6228 = ( GEOMETRIC_REPRESENTATION_CONTEXT(2)
PARAMETRIC_REPRESENTATION_CONTEXT() REPRESENTATION_CONTEXT('2D SPACE',''
  ) );
#6229 = PCURVE('',#6230,#6235);
#6230 = PLANE('',#6231);
#6231 = AXIS2_PLACEMENT_3D('',#6232,#6233,#6234);
#6232 = CARTESIAN_POINT('',(193.59522170851,25.553629746284,
    290.86436657876));
#6233 = DIRECTION('',(-0.910952077327,-1.011359970578E-16,0.41251219717)
  );
#6234 = DIRECTION('',(0.41251219717,4.579805392365E-17,0.910952077327));
#6235 = DEFINITIONAL_REPRESENTATION('',(#6236),#6240);
#6236 = LINE('',#6237,#6238);
#6237 = CARTESIAN_POINT('',(0.259595460638,-2.5));
#6238 = VECTOR('',#6239,1.);
#6239 = DIRECTION('',(-1.,0.));
#6240 = ( GEOMETRIC_REPRESENTATION_CONTEXT(2)
PARAMETRIC_REPRESENTATION_CONTEXT() REPRESENTATION_CONTEXT('2D SPACE',''
  ) );
#6241 = ORIENTED_EDGE('',*,*,#6242,.T.);
#6242 = EDGE_CURVE('',#6215,#6243,#6245,.T.);
#6243 = VERTEX_POINT('',#6244);
#6244 = CARTESIAN_POINT('',(193.10224891667,23.053629746284,
    289.95046577591));
#6245 = SURFACE_CURVE('',#6246,(#6250,#6257),.PCURVE_S1.);
#6246 = LINE('',#6247,#6248);
#6247 = CARTESIAN_POINT('',(193.22549211463,23.053629746284,
    290.17894097662));
#6248 = VECTOR('',#6249,1.);
#6249 = DIRECTION('',(-0.474750974685,-5.270794630584E-17,
    -0.880120169088));
#6250 = PCURVE('',#100,#6251);
#6251 = DEFINITIONAL_REPRESENTATION('',(#6252),#6256);
#6252 = LINE('',#6253,#6254);
#6253 = CARTESIAN_POINT('',(-7.32172093083,-13.02661633738));
#6254 = VECTOR('',#6255,1.);
#6255 = DIRECTION('',(-0.880120169088,0.474750974685));
#6256 = ( GEOMETRIC_REPRESENTATION_CONTEXT(2)
PARAMETRIC_REPRESENTATION_CONTEXT() REPRESENTATION_CONTEXT('2D SPACE',''
  ) );
#6257 = PCURVE('',#6258,#6263);
#6258 = PLANE('',#6259);
#6259 = AXIS2_PLACEMENT_3D('',#6260,#6261,#6262);
#6260 = CARTESIAN_POINT('',(193.10224891667,25.553629746284,
    289.95046577591));
#6261 = DIRECTION('',(-0.880120169088,-9.771296761587E-17,0.474750974685
    ));
#6262 = DIRECTION('',(0.474750974685,5.270794630584E-17,0.880120169088)
  );
#6263 = DEFINITIONAL_REPRESENTATION('',(#6264),#6268);
#6264 = LINE('',#6265,#6266);
#6265 = CARTESIAN_POINT('',(0.259595460638,-2.5));
#6266 = VECTOR('',#6267,1.);
#6267 = DIRECTION('',(-1.,0.));
#6268 = ( GEOMETRIC_REPRESENTATION_CONTEXT(2)
PARAMETRIC_REPRESENTATION_CONTEXT() REPRESENTATION_CONTEXT('2D SPACE',''
  ) );
#6269 = ORIENTED_EDGE('',*,*,#6270,.T.);
#6270 = EDGE_CURVE('',#6243,#6271,#6273,.T.);
#6271 = VERTEX_POINT('',#6272);
#6272 = CARTESIAN_POINT('',(192.54702674318,23.053629746284,
    289.0729891728));
#6273 = SURFACE_CURVE('',#6274,(#6278,#6285),.PCURVE_S1.);
#6274 = LINE('',#6275,#6276);
#6275 = CARTESIAN_POINT('',(192.68583228655,23.053629746284,
    289.29235832358));
#6276 = VECTOR('',#6277,1.);
#6277 = DIRECTION('',(-0.53469942437,-5.936356121889E-17,-0.845042321768
    ));
#6278 = PCURVE('',#100,#6279);
#6279 = DEFINITIONAL_REPRESENTATION('',(#6280),#6284);
#6280 = LINE('',#6281,#6282);
#6281 = CARTESIAN_POINT('',(-8.208303583876,-12.4869565093));
#6282 = VECTOR('',#6283,1.);
#6283 = DIRECTION('',(-0.845042321768,0.53469942437));
#6284 = ( GEOMETRIC_REPRESENTATION_CONTEXT(2)
PARAMETRIC_REPRESENTATION_CONTEXT() REPRESENTATION_CONTEXT('2D SPACE',''
  ) );
#6285 = PCURVE('',#6286,#6291);
#6286 = PLANE('',#6287);
#6287 = AXIS2_PLACEMENT_3D('',#6288,#6289,#6290);
#6288 = CARTESIAN_POINT('',(192.54702674318,25.553629746284,
    289.0729891728));
#6289 = DIRECTION('',(-0.845042321768,-9.381854424094E-17,0.53469942437)
  );
#6290 = DIRECTION('',(0.53469942437,5.936356121889E-17,0.845042321768));
#6291 = DEFINITIONAL_REPRESENTATION('',(#6292),#6296);
#6292 = LINE('',#6293,#6294);
#6293 = CARTESIAN_POINT('',(0.259595460638,-2.5));
#6294 = VECTOR('',#6295,1.);
#6295 = DIRECTION('',(-1.,0.));
#6296 = ( GEOMETRIC_REPRESENTATION_CONTEXT(2)
PARAMETRIC_REPRESENTATION_CONTEXT() REPRESENTATION_CONTEXT('2D SPACE',''
  ) );
#6297 = ORIENTED_EDGE('',*,*,#6298,.T.);
#6298 = EDGE_CURVE('',#6271,#6299,#6301,.T.);
#6299 = VERTEX_POINT('',#6300);
#6300 = CARTESIAN_POINT('',(191.93223373083,23.053629746284,
    288.23616995522));
#6301 = SURFACE_CURVE('',#6302,(#6306,#6313),.PCURVE_S1.);
#6302 = LINE('',#6303,#6304);
#6303 = CARTESIAN_POINT('',(192.08593198392,23.053629746284,
    288.44537475962));
#6304 = VECTOR('',#6305,1.);
#6305 = DIRECTION('',(-0.592068338597,-6.57327901662E-17,-0.805887760442
    ));
#6306 = PCURVE('',#100,#6307);
#6307 = DEFINITIONAL_REPRESENTATION('',(#6308),#6312);
#6308 = LINE('',#6309,#6310);
#6309 = CARTESIAN_POINT('',(-9.055287147838,-11.88705620667));
#6310 = VECTOR('',#6311,1.);
#6311 = DIRECTION('',(-0.805887760442,0.592068338597));
#6312 = ( GEOMETRIC_REPRESENTATION_CONTEXT(2)
PARAMETRIC_REPRESENTATION_CONTEXT() REPRESENTATION_CONTEXT('2D SPACE',''
  ) );
#6313 = PCURVE('',#6314,#6319);
#6314 = PLANE('',#6315);
#6315 = AXIS2_PLACEMENT_3D('',#6316,#6317,#6318);
#6316 = CARTESIAN_POINT('',(191.93223373083,25.553629746284,
    288.23616995522));
#6317 = DIRECTION('',(-0.805887760442,-8.947151469068E-17,0.592068338597
    ));
#6318 = DIRECTION('',(0.592068338597,6.57327901662E-17,0.805887760442));
#6319 = DEFINITIONAL_REPRESENTATION('',(#6320),#6324);
#6320 = LINE('',#6321,#6322);
#6321 = CARTESIAN_POINT('',(0.259595460638,-2.5));
#6322 = VECTOR('',#6323,1.);
#6323 = DIRECTION('',(-1.,0.));
#6324 = ( GEOMETRIC_REPRESENTATION_CONTEXT(2)
PARAMETRIC_REPRESENTATION_CONTEXT() REPRESENTATION_CONTEXT('2D SPACE',''
  ) );
#6325 = ORIENTED_EDGE('',*,*,#6326,.T.);
#6326 = EDGE_CURVE('',#6299,#6327,#6329,.T.);
#6327 = VERTEX_POINT('',#6328);
#6328 = CARTESIAN_POINT('',(191.26083580833,23.053629746284,
    287.44404516669));
#6329 = SURFACE_CURVE('',#6330,(#6334,#6341),.PCURVE_S1.);
#6330 = LINE('',#6331,#6332);
#6331 = CARTESIAN_POINT('',(191.42868528895,23.053629746284,
    287.64207636382));
#6332 = VECTOR('',#6333,1.);
#6333 = DIRECTION('',(-0.646580954121,-7.178490625494E-17,
    -0.762845377365));
#6334 = PCURVE('',#100,#6335);
#6335 = DEFINITIONAL_REPRESENTATION('',(#6336),#6340);
#6336 = LINE('',#6337,#6338);
#6337 = CARTESIAN_POINT('',(-9.858585543631,-11.22980951171));
#6338 = VECTOR('',#6339,1.);
#6339 = DIRECTION('',(-0.762845377365,0.646580954121));
#6340 = ( GEOMETRIC_REPRESENTATION_CONTEXT(2)
PARAMETRIC_REPRESENTATION_CONTEXT() REPRESENTATION_CONTEXT('2D SPACE',''
  ) );
#6341 = PCURVE('',#6342,#6347);
#6342 = PLANE('',#6343);
#6343 = AXIS2_PLACEMENT_3D('',#6344,#6345,#6346);
#6344 = CARTESIAN_POINT('',(191.26083580833,25.553629746284,
    287.44404516669));
#6345 = DIRECTION('',(-0.762845377365,-8.4692850218E-17,0.646580954121)
  );
#6346 = DIRECTION('',(0.646580954121,7.178490625494E-17,0.762845377365)
  );
#6347 = DEFINITIONAL_REPRESENTATION('',(#6348),#6352);
#6348 = LINE('',#6349,#6350);
#6349 = CARTESIAN_POINT('',(0.259595460638,-2.5));
#6350 = VECTOR('',#6351,1.);
#6351 = DIRECTION('',(-1.,0.));
#6352 = ( GEOMETRIC_REPRESENTATION_CONTEXT(2)
PARAMETRIC_REPRESENTATION_CONTEXT() REPRESENTATION_CONTEXT('2D SPACE',''
  ) );
#6353 = ORIENTED_EDGE('',*,*,#6354,.T.);
#6354 = EDGE_CURVE('',#6327,#6355,#6357,.T.);
#6355 = VERTEX_POINT('',#6356);
#6356 = CARTESIAN_POINT('',(190.53607198187,23.053629746284,
    286.70043623264));
#6357 = SURFACE_CURVE('',#6358,(#6362,#6369),.PCURVE_S1.);
#6358 = LINE('',#6359,#6360);
#6359 = CARTESIAN_POINT('',(190.71726293849,23.053629746284,
    286.88633846615));
#6360 = VECTOR('',#6361,1.);
#6361 = DIRECTION('',(-0.697974287258,-7.749071243097E-17,-0.7161228207)
  );
#6362 = PCURVE('',#100,#6363);
#6363 = DEFINITIONAL_REPRESENTATION('',(#6364),#6368);
#6364 = LINE('',#6365,#6366);
#6365 = CARTESIAN_POINT('',(-10.6143234413,-10.51838716124));
#6366 = VECTOR('',#6367,1.);
#6367 = DIRECTION('',(-0.7161228207,0.697974287258));
#6368 = ( GEOMETRIC_REPRESENTATION_CONTEXT(2)
PARAMETRIC_REPRESENTATION_CONTEXT() REPRESENTATION_CONTEXT('2D SPACE',''
  ) );
#6369 = PCURVE('',#6370,#6375);
#6370 = PLANE('',#6371);
#6371 = AXIS2_PLACEMENT_3D('',#6372,#6373,#6374);
#6372 = CARTESIAN_POINT('',(190.53607198187,25.553629746284,
    286.70043623264));
#6373 = DIRECTION('',(-0.7161228207,-7.950560440006E-17,0.697974287258)
  );
#6374 = DIRECTION('',(0.697974287258,7.749071243097E-17,0.7161228207));
#6375 = DEFINITIONAL_REPRESENTATION('',(#6376),#6380);
#6376 = LINE('',#6377,#6378);
#6377 = CARTESIAN_POINT('',(0.259595460638,-2.5));
#6378 = VECTOR('',#6379,1.);
#6379 = DIRECTION('',(-1.,0.));
#6380 = ( GEOMETRIC_REPRESENTATION_CONTEXT(2)
PARAMETRIC_REPRESENTATION_CONTEXT() REPRESENTATION_CONTEXT('2D SPACE',''
  ) );
#6381 = ORIENTED_EDGE('',*,*,#6382,.T.);
#6382 = EDGE_CURVE('',#6355,#6383,#6385,.T.);
#6383 = VERTEX_POINT('',#6384);
#6384 = CARTESIAN_POINT('',(189.76143870929,23.053629746284,
    286.00893052482));
#6385 = SURFACE_CURVE('',#6386,(#6390,#6397),.PCURVE_S1.);
#6386 = LINE('',#6387,#6388);
#6387 = CARTESIAN_POINT('',(189.95509702743,23.053629746284,
    286.18180695177));
#6388 = VECTOR('',#6389,1.);
#6389 = DIRECTION('',(-0.746000402589,-8.282268233336E-17,
    -0.665945492768));
#6390 = PCURVE('',#100,#6391);
#6391 = DEFINITIONAL_REPRESENTATION('',(#6392),#6396);
#6392 = LINE('',#6393,#6394);
#6393 = CARTESIAN_POINT('',(-11.31885495568,-9.756221250193));
#6394 = VECTOR('',#6395,1.);
#6395 = DIRECTION('',(-0.665945492768,0.746000402589));
#6396 = ( GEOMETRIC_REPRESENTATION_CONTEXT(2)
PARAMETRIC_REPRESENTATION_CONTEXT() REPRESENTATION_CONTEXT('2D SPACE',''
  ) );
#6397 = PCURVE('',#6398,#6403);
#6398 = PLANE('',#6399);
#6399 = AXIS2_PLACEMENT_3D('',#6400,#6401,#6402);
#6400 = CARTESIAN_POINT('',(189.76143870929,25.553629746284,
    286.00893052482));
#6401 = DIRECTION('',(-0.665945492768,-7.39348019216E-17,0.746000402589)
  );
#6402 = DIRECTION('',(0.746000402589,8.282268233336E-17,0.665945492768)
  );
#6403 = DEFINITIONAL_REPRESENTATION('',(#6404),#6408);
#6404 = LINE('',#6405,#6406);
#6405 = CARTESIAN_POINT('',(0.259595460638,-2.5));
#6406 = VECTOR('',#6407,1.);
#6407 = DIRECTION('',(-1.,0.));
#6408 = ( GEOMETRIC_REPRESENTATION_CONTEXT(2)
PARAMETRIC_REPRESENTATION_CONTEXT() REPRESENTATION_CONTEXT('2D SPACE',''
  ) );
#6409 = ORIENTED_EDGE('',*,*,#6410,.T.);
#6410 = EDGE_CURVE('',#6383,#6411,#6413,.T.);
#6411 = VERTEX_POINT('',#6412);
#6412 = CARTESIAN_POINT('',(188.94067303218,23.053629746284,
    285.37286405485));
#6413 = SURFACE_CURVE('',#6414,(#6418,#6425),.PCURVE_S1.);
#6414 = LINE('',#6415,#6416);
#6415 = CARTESIAN_POINT('',(189.14586445145,23.053629746284,
    285.53188067234));
#6416 = VECTOR('',#6417,1.);
#6417 = DIRECTION('',(-0.790427609071,-8.775509308904E-17,
    -0.612555462646));
#6418 = PCURVE('',#100,#6419);
#6419 = DEFINITIONAL_REPRESENTATION('',(#6420),#6424);
#6420 = LINE('',#6421,#6422);
#6421 = CARTESIAN_POINT('',(-11.96878123511,-8.946988674213));
#6422 = VECTOR('',#6423,1.);
#6423 = DIRECTION('',(-0.612555462646,0.790427609071));
#6424 = ( GEOMETRIC_REPRESENTATION_CONTEXT(2)
PARAMETRIC_REPRESENTATION_CONTEXT() REPRESENTATION_CONTEXT('2D SPACE',''
  ) );
#6425 = PCURVE('',#6426,#6431);
#6426 = PLANE('',#6427);
#6427 = AXIS2_PLACEMENT_3D('',#6428,#6429,#6430);
#6428 = CARTESIAN_POINT('',(188.94067303218,25.553629746284,
    285.37286405485));
#6429 = DIRECTION('',(-0.612555462646,-6.800731784898E-17,0.790427609071
    ));
#6430 = DIRECTION('',(0.790427609071,8.775509308904E-17,0.612555462646)
  );
#6431 = DEFINITIONAL_REPRESENTATION('',(#6432),#6436);
#6432 = LINE('',#6433,#6434);
#6433 = CARTESIAN_POINT('',(0.259595460638,-2.5));
#6434 = VECTOR('',#6435,1.);
#6435 = DIRECTION('',(-1.,0.));
#6436 = ( GEOMETRIC_REPRESENTATION_CONTEXT(2)
PARAMETRIC_REPRESENTATION_CONTEXT() REPRESENTATION_CONTEXT('2D SPACE',''
  ) );
#6437 = ORIENTED_EDGE('',*,*,#6438,.T.);
#6438 = EDGE_CURVE('',#6411,#6439,#6441,.T.);
#6439 = VERTEX_POINT('',#6440);
#6440 = CARTESIAN_POINT('',(188.07773454741,23.053629746284,
    284.79530538039));
#6441 = SURFACE_CURVE('',#6442,(#6446,#6453),.PCURVE_S1.);
#6442 = LINE('',#6443,#6444);
#6443 = CARTESIAN_POINT('',(188.2934691686,23.053629746284,
    284.93969504901));
#6444 = VECTOR('',#6445,1.);
#6445 = DIRECTION('',(-0.831041577778,-9.226414940697E-17,
    -0.556210298363));
#6446 = PCURVE('',#100,#6447);
#6447 = DEFINITIONAL_REPRESENTATION('',(#6448),#6452);
#6448 = LINE('',#6449,#6450);
#6449 = CARTESIAN_POINT('',(-12.56096685844,-8.094593391357));
#6450 = VECTOR('',#6451,1.);
#6451 = DIRECTION('',(-0.556210298363,0.831041577778));
#6452 = ( GEOMETRIC_REPRESENTATION_CONTEXT(2)
PARAMETRIC_REPRESENTATION_CONTEXT() REPRESENTATION_CONTEXT('2D SPACE',''
  ) );
#6453 = PCURVE('',#6454,#6459);
#6454 = PLANE('',#6455);
#6455 = AXIS2_PLACEMENT_3D('',#6456,#6457,#6458);
#6456 = CARTESIAN_POINT('',(188.07773454741,25.553629746284,
    284.79530538039));
#6457 = DIRECTION('',(-0.556210298363,-6.175174797758E-17,0.831041577778
    ));
#6458 = DIRECTION('',(0.831041577778,9.226414940697E-17,0.556210298363)
  );
#6459 = DEFINITIONAL_REPRESENTATION('',(#6460),#6464);
#6460 = LINE('',#6461,#6462);
#6461 = CARTESIAN_POINT('',(0.259595460638,-2.5));
#6462 = VECTOR('',#6463,1.);
#6463 = DIRECTION('',(-1.,0.));
#6464 = ( GEOMETRIC_REPRESENTATION_CONTEXT(2)
PARAMETRIC_REPRESENTATION_CONTEXT() REPRESENTATION_CONTEXT('2D SPACE',''
  ) );
#6465 = ORIENTED_EDGE('',*,*,#6466,.T.);
#6466 = EDGE_CURVE('',#6439,#6467,#6469,.T.);
#6467 = VERTEX_POINT('',#6468);
#6468 = CARTESIAN_POINT('',(187.17678630494,23.053629746284,
    284.27904080158));
#6469 = SURFACE_CURVE('',#6470,(#6474,#6481),.PCURVE_S1.);
#6470 = LINE('',#6471,#6472);
#6471 = CARTESIAN_POINT('',(187.40202336556,23.053629746284,
    284.40810694628));
#6472 = VECTOR('',#6473,1.);
#6473 = DIRECTION('',(-0.867646375876,-9.632809837302E-17,
    -0.497181824315));
#6474 = PCURVE('',#100,#6475);
#6475 = DEFINITIONAL_REPRESENTATION('',(#6476),#6480);
#6476 = LINE('',#6477,#6478);
#6477 = CARTESIAN_POINT('',(-13.09255496117,-7.203147588315));
#6478 = VECTOR('',#6479,1.);
#6479 = DIRECTION('',(-0.497181824315,0.867646375876));
#6480 = ( GEOMETRIC_REPRESENTATION_CONTEXT(2)
PARAMETRIC_REPRESENTATION_CONTEXT() REPRESENTATION_CONTEXT('2D SPACE',''
  ) );
#6481 = PCURVE('',#6482,#6487);
#6482 = PLANE('',#6483);
#6483 = AXIS2_PLACEMENT_3D('',#6484,#6485,#6486);
#6484 = CARTESIAN_POINT('',(187.17678630494,25.553629746284,
    284.27904080158));
#6485 = DIRECTION('',(-0.497181824315,-5.519827087796E-17,0.867646375876
    ));
#6486 = DIRECTION('',(0.867646375876,9.632809837302E-17,0.497181824315)
  );
#6487 = DEFINITIONAL_REPRESENTATION('',(#6488),#6492);
#6488 = LINE('',#6489,#6490);
#6489 = CARTESIAN_POINT('',(0.259595460638,-2.5));
#6490 = VECTOR('',#6491,1.);
#6491 = DIRECTION('',(-1.,0.));
#6492 = ( GEOMETRIC_REPRESENTATION_CONTEXT(2)
PARAMETRIC_REPRESENTATION_CONTEXT() REPRESENTATION_CONTEXT('2D SPACE',''
  ) );
#6493 = ORIENTED_EDGE('',*,*,#6494,.T.);
#6494 = EDGE_CURVE('',#6467,#6495,#6497,.T.);
#6495 = VERTEX_POINT('',#6496);
#6496 = CARTESIAN_POINT('',(186.24217472415,23.053629746284,
    283.82656091915));
#6497 = SURFACE_CURVE('',#6498,(#6502,#6509),.PCURVE_S1.);
#6498 = LINE('',#6499,#6500);
#6499 = CARTESIAN_POINT('',(186.47582761935,23.053629746284,
    283.93968088976));
#6500 = VECTOR('',#6501,1.);
#6501 = DIRECTION('',(-0.900065411864,-9.992733439203E-17,
    -0.435754809917));
#6502 = PCURVE('',#100,#6503);
#6503 = DEFINITIONAL_REPRESENTATION('',(#6504),#6508);
#6504 = LINE('',#6505,#6506);
#6505 = CARTESIAN_POINT('',(-13.56098101769,-6.276951842107));
#6506 = VECTOR('',#6507,1.);
#6507 = DIRECTION('',(-0.435754809917,0.900065411864));
#6508 = ( GEOMETRIC_REPRESENTATION_CONTEXT(2)
PARAMETRIC_REPRESENTATION_CONTEXT() REPRESENTATION_CONTEXT('2D SPACE',''
  ) );
#6509 = PCURVE('',#6510,#6515);
#6510 = PLANE('',#6511);
#6511 = AXIS2_PLACEMENT_3D('',#6512,#6513,#6514);
#6512 = CARTESIAN_POINT('',(186.24217472415,25.553629746284,
    283.82656091915));
#6513 = DIRECTION('',(-0.435754809917,-4.837850230611E-17,0.900065411864
    ));
#6514 = DIRECTION('',(0.900065411864,9.992733439203E-17,0.435754809917)
  );
#6515 = DEFINITIONAL_REPRESENTATION('',(#6516),#6520);
#6516 = LINE('',#6517,#6518);
#6517 = CARTESIAN_POINT('',(0.259595460638,-2.5));
#6518 = VECTOR('',#6519,1.);
#6519 = DIRECTION('',(-1.,0.));
#6520 = ( GEOMETRIC_REPRESENTATION_CONTEXT(2)
PARAMETRIC_REPRESENTATION_CONTEXT() REPRESENTATION_CONTEXT('2D SPACE',''
  ) );
#6521 = ORIENTED_EDGE('',*,*,#6522,.T.);
#6522 = EDGE_CURVE('',#6495,#6523,#6525,.T.);
#6523 = VERTEX_POINT('',#6524);
#6524 = CARTESIAN_POINT('',(185.27840862551,23.053629746284,
    283.44004861915));
#6525 = SURFACE_CURVE('',#6526,(#6530,#6537),.PCURVE_S1.);
#6526 = LINE('',#6527,#6528);
#6527 = CARTESIAN_POINT('',(185.51935015017,23.053629746284,
    283.53667669415));
#6528 = VECTOR('',#6529,1.);
#6529 = DIRECTION('',(-0.928142287495,-1.030444937705E-16,
    -0.372225595794));
#6530 = PCURVE('',#100,#6531);
#6531 = DEFINITIONAL_REPRESENTATION('',(#6532),#6536);
#6532 = LINE('',#6533,#6534);
#6533 = CARTESIAN_POINT('',(-13.9639852133,-5.32047437293));
#6534 = VECTOR('',#6535,1.);
#6535 = DIRECTION('',(-0.372225595794,0.928142287495));
#6536 = ( GEOMETRIC_REPRESENTATION_CONTEXT(2)
PARAMETRIC_REPRESENTATION_CONTEXT() REPRESENTATION_CONTEXT('2D SPACE',''
  ) );
#6537 = PCURVE('',#6538,#6543);
#6538 = PLANE('',#6539);
#6539 = AXIS2_PLACEMENT_3D('',#6540,#6541,#6542);
#6540 = CARTESIAN_POINT('',(185.27840862551,25.553629746284,
    283.44004861915));
#6541 = DIRECTION('',(-0.372225595794,-4.132534268056E-17,0.928142287495
    ));
#6542 = DIRECTION('',(0.928142287495,1.030444937705E-16,0.372225595794)
  );
#6543 = DEFINITIONAL_REPRESENTATION('',(#6544),#6548);
#6544 = LINE('',#6545,#6546);
#6545 = CARTESIAN_POINT('',(0.259595460638,-2.5));
#6546 = VECTOR('',#6547,1.);
#6547 = DIRECTION('',(-1.,0.));
#6548 = ( GEOMETRIC_REPRESENTATION_CONTEXT(2)
PARAMETRIC_REPRESENTATION_CONTEXT() REPRESENTATION_CONTEXT('2D SPACE',''
  ) );
#6549 = ORIENTED_EDGE('',*,*,#6550,.T.);
#6550 = EDGE_CURVE('',#6523,#6551,#6553,.T.);
#6551 = VERTEX_POINT('',#6552);
#6552 = CARTESIAN_POINT('',(184.29013747882,23.053629746284,
    283.12136854202));
#6553 = SURFACE_CURVE('',#6554,(#6558,#6565),.PCURVE_S1.);
#6554 = LINE('',#6555,#6556);
#6555 = CARTESIAN_POINT('',(184.53720526549,23.053629746284,
    283.2010385613));
#6556 = VECTOR('',#6557,1.);
#6557 = DIRECTION('',(-0.951741552283,-1.056645384837E-16,
    -0.306900664155));
#6558 = PCURVE('',#100,#6559);
#6559 = DEFINITIONAL_REPRESENTATION('',(#6560),#6564);
#6560 = LINE('',#6561,#6562);
#6561 = CARTESIAN_POINT('',(-14.29962334615,-4.338329488251));
#6562 = VECTOR('',#6563,1.);
#6563 = DIRECTION('',(-0.306900664155,0.951741552283));
#6564 = ( GEOMETRIC_REPRESENTATION_CONTEXT(2)
PARAMETRIC_REPRESENTATION_CONTEXT() REPRESENTATION_CONTEXT('2D SPACE',''
  ) );
#6565 = PCURVE('',#6566,#6571);
#6566 = PLANE('',#6567);
#6567 = AXIS2_PLACEMENT_3D('',#6568,#6569,#6570);
#6568 = CARTESIAN_POINT('',(184.29013747882,25.553629746284,
    283.12136854202));
#6569 = DIRECTION('',(-0.306900664155,-3.407281836175E-17,0.951741552283
    ));
#6570 = DIRECTION('',(0.951741552283,1.056645384837E-16,0.306900664155)
  );
#6571 = DEFINITIONAL_REPRESENTATION('',(#6572),#6576);
#6572 = LINE('',#6573,#6574);
#6573 = CARTESIAN_POINT('',(0.259595460638,-2.5));
#6574 = VECTOR('',#6575,1.);
#6575 = DIRECTION('',(-1.,0.));
#6576 = ( GEOMETRIC_REPRESENTATION_CONTEXT(2)
PARAMETRIC_REPRESENTATION_CONTEXT() REPRESENTATION_CONTEXT('2D SPACE',''
  ) );
#6577 = ORIENTED_EDGE('',*,*,#6578,.T.);
#6578 = EDGE_CURVE('',#6551,#6579,#6581,.T.);
#6579 = VERTEX_POINT('',#6580);
#6580 = CARTESIAN_POINT('',(183.28212897289,23.053629746284,
    282.87205808715));
#6581 = SURFACE_CURVE('',#6582,(#6586,#6593),.PCURVE_S1.);
#6582 = LINE('',#6583,#6584);
#6583 = CARTESIAN_POINT('',(183.53413109937,23.053629746284,
    282.93438570087));
#6584 = VECTOR('',#6585,1.);
#6585 = DIRECTION('',(-0.970749356956,-1.077748287233E-16,
    -0.240095160237));
#6586 = PCURVE('',#100,#6587);
#6587 = DEFINITIONAL_REPRESENTATION('',(#6588),#6592);
#6588 = LINE('',#6589,#6590);
#6589 = CARTESIAN_POINT('',(-14.56627620659,-3.335255322128));
#6590 = VECTOR('',#6591,1.);
#6591 = DIRECTION('',(-0.240095160237,0.970749356956));
#6592 = ( GEOMETRIC_REPRESENTATION_CONTEXT(2)
PARAMETRIC_REPRESENTATION_CONTEXT() REPRESENTATION_CONTEXT('2D SPACE',''
  ) );
#6593 = PCURVE('',#6594,#6599);
#6594 = PLANE('',#6595);
#6595 = AXIS2_PLACEMENT_3D('',#6596,#6597,#6598);
#6596 = CARTESIAN_POINT('',(183.28212897289,25.553629746284,
    282.87205808715));
#6597 = DIRECTION('',(-0.240095160237,-2.665591749963E-17,0.970749356956
    ));
#6598 = DIRECTION('',(0.970749356956,1.077748287233E-16,0.240095160237)
  );
#6599 = DEFINITIONAL_REPRESENTATION('',(#6600),#6604);
#6600 = LINE('',#6601,#6602);
#6601 = CARTESIAN_POINT('',(0.259595460638,-2.5));
#6602 = VECTOR('',#6603,1.);
#6603 = DIRECTION('',(-1.,0.));
#6604 = ( GEOMETRIC_REPRESENTATION_CONTEXT(2)
PARAMETRIC_REPRESENTATION_CONTEXT() REPRESENTATION_CONTEXT('2D SPACE',''
  ) );
#6605 = ORIENTED_EDGE('',*,*,#6606,.T.);
#6606 = EDGE_CURVE('',#6579,#6607,#6609,.T.);
#6607 = VERTEX_POINT('',#6608);
#6608 = CARTESIAN_POINT('',(182.25924601492,23.053629746284,
    282.69331999597));
#6609 = SURFACE_CURVE('',#6610,(#6614,#6621),.PCURVE_S1.);
#6610 = LINE('',#6611,#6612);
#6611 = CARTESIAN_POINT('',(182.51496675441,23.053629746284,
    282.73800451876));
#6612 = VECTOR('',#6613,1.);
#6613 = DIRECTION('',(-0.985074002695,-1.093651838752E-16,
    -0.172131371962));
#6614 = PCURVE('',#100,#6615);
#6615 = DEFINITIONAL_REPRESENTATION('',(#6616),#6620);
#6616 = LINE('',#6617,#6618);
#6617 = CARTESIAN_POINT('',(-14.76265738869,-2.316090977168));
#6618 = VECTOR('',#6619,1.);
#6619 = DIRECTION('',(-0.172131371962,0.985074002695));
#6620 = ( GEOMETRIC_REPRESENTATION_CONTEXT(2)
PARAMETRIC_REPRESENTATION_CONTEXT() REPRESENTATION_CONTEXT('2D SPACE',''
  ) );
#6621 = PCURVE('',#6622,#6627);
#6622 = PLANE('',#6623);
#6623 = AXIS2_PLACEMENT_3D('',#6624,#6625,#6626);
#6624 = CARTESIAN_POINT('',(182.25924601492,25.553629746284,
    282.69331999597));
#6625 = DIRECTION('',(-0.172131371962,-1.911042124128E-17,0.985074002695
    ));
#6626 = DIRECTION('',(0.985074002695,1.093651838752E-16,0.172131371962)
  );
#6627 = DEFINITIONAL_REPRESENTATION('',(#6628),#6632);
#6628 = LINE('',#6629,#6630);
#6629 = CARTESIAN_POINT('',(0.259595460638,-2.5));
#6630 = VECTOR('',#6631,1.);
#6631 = DIRECTION('',(-1.,0.));
#6632 = ( GEOMETRIC_REPRESENTATION_CONTEXT(2)
PARAMETRIC_REPRESENTATION_CONTEXT() REPRESENTATION_CONTEXT('2D SPACE',''
  ) );
#6633 = ORIENTED_EDGE('',*,*,#6634,.T.);
#6634 = EDGE_CURVE('',#6607,#6635,#6637,.T.);
#6635 = VERTEX_POINT('',#6636);
#6636 = CARTESIAN_POINT('',(181.22642327052,23.053629746284,
    282.58601654965));
#6637 = SURFACE_CURVE('',#6638,(#6642,#6649),.PCURVE_S1.);
#6638 = LINE('',#6639,#6640);
#6639 = CARTESIAN_POINT('',(181.48462895662,23.053629746284,
    282.61284241123));
#6640 = VECTOR('',#6641,1.);
#6641 = DIRECTION('',(-0.994646383513,-1.104279316337E-16,
    -0.103337175131));
#6642 = PCURVE('',#100,#6643);
#6643 = DEFINITIONAL_REPRESENTATION('',(#6644),#6648);
#6644 = LINE('',#6645,#6646);
#6645 = CARTESIAN_POINT('',(-14.88781949622,-1.285753179375));
#6646 = VECTOR('',#6647,1.);
#6647 = DIRECTION('',(-0.103337175131,0.994646383513));
#6648 = ( GEOMETRIC_REPRESENTATION_CONTEXT(2)
PARAMETRIC_REPRESENTATION_CONTEXT() REPRESENTATION_CONTEXT('2D SPACE',''
  ) );
#6649 = PCURVE('',#6650,#6655);
#6650 = PLANE('',#6651);
#6651 = AXIS2_PLACEMENT_3D('',#6652,#6653,#6654);
#6652 = CARTESIAN_POINT('',(181.22642327052,25.553629746284,
    282.58601654965));
#6653 = DIRECTION('',(-0.103337175131,-1.147273111297E-17,0.994646383513
    ));
#6654 = DIRECTION('',(0.994646383513,1.104279316337E-16,0.103337175131)
  );
#6655 = DEFINITIONAL_REPRESENTATION('',(#6656),#6660);
#6656 = LINE('',#6657,#6658);
#6657 = CARTESIAN_POINT('',(0.259595460638,-2.5));
#6658 = VECTOR('',#6659,1.);
#6659 = DIRECTION('',(-1.,0.));
#6660 = ( GEOMETRIC_REPRESENTATION_CONTEXT(2)
PARAMETRIC_REPRESENTATION_CONTEXT() REPRESENTATION_CONTEXT('2D SPACE',''
  ) );
#6661 = ORIENTED_EDGE('',*,*,#6662,.T.);
#6662 = EDGE_CURVE('',#6635,#6663,#6665,.T.);
#6663 = VERTEX_POINT('',#6664);
#6664 = CARTESIAN_POINT('',(180.18864335752,23.053629746284,
    282.55066540921));
#6665 = SURFACE_CURVE('',#6666,(#6670,#6677),.PCURVE_S1.);
#6666 = LINE('',#6667,#6668);
#6667 = CARTESIAN_POINT('',(180.44808833577,23.053629746284,
    282.55950319432));
#6668 = VECTOR('',#6669,1.);
#6669 = DIRECTION('',(-0.999420319641,-1.109579450144E-16,
    -3.40444516593E-02));
#6670 = PCURVE('',#100,#6671);
#6671 = DEFINITIONAL_REPRESENTATION('',(#6672),#6676);
#6672 = LINE('',#6673,#6674);
#6673 = CARTESIAN_POINT('',(-14.94115871313,-0.249212558531));
#6674 = VECTOR('',#6675,1.);
#6675 = DIRECTION('',(-3.40444516593E-02,0.999420319641));
#6676 = ( GEOMETRIC_REPRESENTATION_CONTEXT(2)
PARAMETRIC_REPRESENTATION_CONTEXT() REPRESENTATION_CONTEXT('2D SPACE',''
  ) );
#6677 = PCURVE('',#6678,#6683);
#6678 = PLANE('',#6679);
#6679 = AXIS2_PLACEMENT_3D('',#6680,#6681,#6682);
#6680 = CARTESIAN_POINT('',(180.18864335752,25.553629746284,
    282.55066540921));
#6681 = DIRECTION('',(-3.40444516593E-02,-3.779693409289E-18,
    0.999420319641));
#6682 = DIRECTION('',(0.999420319641,1.109579450144E-16,
    3.40444516593E-02));
#6683 = DEFINITIONAL_REPRESENTATION('',(#6684),#6688);
#6684 = LINE('',#6685,#6686);
#6685 = CARTESIAN_POINT('',(0.259595460638,-2.5));
#6686 = VECTOR('',#6687,1.);
#6687 = DIRECTION('',(-1.,0.));
#6688 = ( GEOMETRIC_REPRESENTATION_CONTEXT(2)
PARAMETRIC_REPRESENTATION_CONTEXT() REPRESENTATION_CONTEXT('2D SPACE',''
  ) );
#6689 = ORIENTED_EDGE('',*,*,#6690,.T.);
#6690 = EDGE_CURVE('',#6663,#6691,#6693,.T.);
#6691 = VERTEX_POINT('',#6692);
#6692 = CARTESIAN_POINT('',(179.15091280851,23.053629746284,
    282.58743711816));
#6693 = SURFACE_CURVE('',#6694,(#6698,#6705),.PCURVE_S1.);
#6694 = LINE('',#6695,#6696);
#6695 = CARTESIAN_POINT('',(179.41034544576,23.053629746284,
    282.57824419092));
#6696 = VECTOR('',#6697,1.);
#6697 = DIRECTION('',(-0.999372780312,-1.109526670886E-16,
    3.541251150666E-02));
#6698 = PCURVE('',#100,#6699);
#6699 = DEFINITIONAL_REPRESENTATION('',(#6700),#6704);
#6700 = LINE('',#6701,#6702);
#6701 = CARTESIAN_POINT('',(-14.92241771653,0.788530331481));
#6702 = VECTOR('',#6703,1.);
#6703 = DIRECTION('',(3.541251150666E-02,0.999372780312));
#6704 = ( GEOMETRIC_REPRESENTATION_CONTEXT(2)
PARAMETRIC_REPRESENTATION_CONTEXT() REPRESENTATION_CONTEXT('2D SPACE',''
  ) );
#6705 = PCURVE('',#6706,#6711);
#6706 = PLANE('',#6707);
#6707 = AXIS2_PLACEMENT_3D('',#6708,#6709,#6710);
#6708 = CARTESIAN_POINT('',(179.15091280851,25.553629746284,
    282.58743711816));
#6709 = DIRECTION('',(3.541251150666E-02,3.93157856345E-18,
    0.999372780312));
#6710 = DIRECTION('',(0.999372780312,1.109526670886E-16,
    -3.541251150666E-02));
#6711 = DEFINITIONAL_REPRESENTATION('',(#6712),#6716);
#6712 = LINE('',#6713,#6714);
#6713 = CARTESIAN_POINT('',(0.259595460638,-2.5));
#6714 = VECTOR('',#6715,1.);
#6715 = DIRECTION('',(-1.,0.));
#6716 = ( GEOMETRIC_REPRESENTATION_CONTEXT(2)
PARAMETRIC_REPRESENTATION_CONTEXT() REPRESENTATION_CONTEXT('2D SPACE',''
  ) );
#6717 = ORIENTED_EDGE('',*,*,#6718,.T.);
#6718 = EDGE_CURVE('',#6691,#6719,#6721,.T.);
#6719 = VERTEX_POINT('',#6720);
#6720 = CARTESIAN_POINT('',(178.11823791789,23.053629746284,
    282.69615427977));
#6721 = SURFACE_CURVE('',#6722,(#6726,#6733),.PCURVE_S1.);
#6722 = LINE('',#6723,#6724);
#6723 = CARTESIAN_POINT('',(178.37640664054,23.053629746284,
    282.66897498937));
#6724 = VECTOR('',#6725,1.);
#6725 = DIRECTION('',(-0.994503994869,-1.104121233186E-16,0.104698635085
    ));
#6726 = PCURVE('',#100,#6727);
#6727 = DEFINITIONAL_REPRESENTATION('',(#6728),#6732);
#6728 = LINE('',#6729,#6730);
#6729 = CARTESIAN_POINT('',(-14.83168691809,1.822469136698));
#6730 = VECTOR('',#6731,1.);
#6731 = DIRECTION('',(0.104698635085,0.994503994869));
#6732 = ( GEOMETRIC_REPRESENTATION_CONTEXT(2)
PARAMETRIC_REPRESENTATION_CONTEXT() REPRESENTATION_CONTEXT('2D SPACE',''
  ) );
#6733 = PCURVE('',#6734,#6739);
#6734 = PLANE('',#6735);
#6735 = AXIS2_PLACEMENT_3D('',#6736,#6737,#6738);
#6736 = CARTESIAN_POINT('',(178.11823791789,25.553629746284,
    282.69615427977));
#6737 = DIRECTION('',(0.104698635085,1.162388353184E-17,0.994503994869)
  );
#6738 = DIRECTION('',(0.994503994869,1.104121233186E-16,-0.104698635085)
  );
#6739 = DEFINITIONAL_REPRESENTATION('',(#6740),#6744);
#6740 = LINE('',#6741,#6742);
#6741 = CARTESIAN_POINT('',(0.259595460638,-2.5));
#6742 = VECTOR('',#6743,1.);
#6743 = DIRECTION('',(-1.,0.));
#6744 = ( GEOMETRIC_REPRESENTATION_CONTEXT(2)
PARAMETRIC_REPRESENTATION_CONTEXT() REPRESENTATION_CONTEXT('2D SPACE',''
  ) );
#6745 = ORIENTED_EDGE('',*,*,#6746,.T.);
#6746 = EDGE_CURVE('',#6719,#6747,#6749,.T.);
#6747 = VERTEX_POINT('',#6748);
#6748 = CARTESIAN_POINT('',(178.63317839144,23.053629746284,
    286.36014613411));
#6749 = SURFACE_CURVE('',#6750,(#6754,#6761),.PCURVE_S1.);
#6750 = LINE('',#6751,#6752);
#6751 = CARTESIAN_POINT('',(179.41602708434,23.053629746284,
    291.93040402078));
#6752 = VECTOR('',#6753,1.);
#6753 = DIRECTION('',(0.13917310096,1.545131810943E-17,0.990268068742));
#6754 = PCURVE('',#100,#6755);
#6755 = DEFINITIONAL_REPRESENTATION('',(#6756),#6760);
#6756 = LINE('',#6757,#6758);
#6757 = CARTESIAN_POINT('',(-5.570257886671,0.7828486929));
#6758 = VECTOR('',#6759,1.);
#6759 = DIRECTION('',(0.990268068742,-0.13917310096));
#6760 = ( GEOMETRIC_REPRESENTATION_CONTEXT(2)
PARAMETRIC_REPRESENTATION_CONTEXT() REPRESENTATION_CONTEXT('2D SPACE',''
  ) );
#6761 = PCURVE('',#6762,#6767);
#6762 = PLANE('',#6763);
#6763 = AXIS2_PLACEMENT_3D('',#6764,#6765,#6766);
#6764 = CARTESIAN_POINT('',(178.63317839144,25.553629746284,
    286.36014613411));
#6765 = DIRECTION('',(0.990268068742,1.099418410468E-16,-0.13917310096)
  );
#6766 = DIRECTION('',(-0.13917310096,-1.545131810943E-17,-0.990268068742
    ));
#6767 = DEFINITIONAL_REPRESENTATION('',(#6768),#6772);
#6768 = LINE('',#6769,#6770);
#6769 = CARTESIAN_POINT('',(-5.625,-2.5));
#6770 = VECTOR('',#6771,1.);
#6771 = DIRECTION('',(-1.,0.));
#6772 = ( GEOMETRIC_REPRESENTATION_CONTEXT(2)
PARAMETRIC_REPRESENTATION_CONTEXT() REPRESENTATION_CONTEXT('2D SPACE',''
  ) );
#6773 = ORIENTED_EDGE('',*,*,#6774,.T.);
#6774 = EDGE_CURVE('',#6747,#6775,#6777,.T.);
#6775 = VERTEX_POINT('',#6776);
#6776 = CARTESIAN_POINT('',(179.41027488104,23.053629746284,
    286.27833556099));
#6777 = SURFACE_CURVE('',#6778,(#6782,#6789),.PCURVE_S1.);
#6778 = LINE('',#6779,#6780);
#6779 = CARTESIAN_POINT('',(179.21600075864,23.053629746284,
    286.29878820427));
#6780 = VECTOR('',#6781,1.);
#6781 = DIRECTION('',(0.994503994869,1.104121233186E-16,-0.104698635085)
  );
#6782 = PCURVE('',#100,#6783);
#6783 = DEFINITIONAL_REPRESENTATION('',(#6784),#6788);
#6784 = LINE('',#6785,#6786);
#6785 = CARTESIAN_POINT('',(-11.20187370318,0.982875018604));
#6786 = VECTOR('',#6787,1.);
#6787 = DIRECTION('',(-0.104698635085,-0.994503994869));
#6788 = ( GEOMETRIC_REPRESENTATION_CONTEXT(2)
PARAMETRIC_REPRESENTATION_CONTEXT() REPRESENTATION_CONTEXT('2D SPACE',''
  ) );
#6789 = PCURVE('',#6790,#6795);
#6790 = PLANE('',#6791);
#6791 = AXIS2_PLACEMENT_3D('',#6792,#6793,#6794);
#6792 = CARTESIAN_POINT('',(179.41027488104,25.553629746284,
    286.27833556099));
#6793 = DIRECTION('',(-0.104698635085,-1.162388353184E-17,
    -0.994503994869));
#6794 = DIRECTION('',(-0.994503994869,-1.104121233186E-16,0.104698635085
    ));
#6795 = DEFINITIONAL_REPRESENTATION('',(#6796),#6800);
#6796 = LINE('',#6797,#6798);
#6797 = CARTESIAN_POINT('',(0.195347754661,-2.5));
#6798 = VECTOR('',#6799,1.);
#6799 = DIRECTION('',(-1.,0.));
#6800 = ( GEOMETRIC_REPRESENTATION_CONTEXT(2)
PARAMETRIC_REPRESENTATION_CONTEXT() REPRESENTATION_CONTEXT('2D SPACE',''
  ) );
#6801 = ORIENTED_EDGE('',*,*,#6802,.T.);
#6802 = EDGE_CURVE('',#6775,#6803,#6805,.T.);
#6803 = VERTEX_POINT('',#6804);
#6804 = CARTESIAN_POINT('',(180.19117579585,23.053629746284,
    286.25066454255));
#6805 = SURFACE_CURVE('',#6806,(#6810,#6817),.PCURVE_S1.);
#6806 = LINE('',#6807,#6808);
#6807 = CARTESIAN_POINT('',(179.99595056715,23.053629746284,
    286.25758229716));
#6808 = VECTOR('',#6809,1.);
#6809 = DIRECTION('',(0.999372780312,1.109526670886E-16,
    -3.541251150666E-02));
#6810 = PCURVE('',#100,#6811);
#6811 = DEFINITIONAL_REPRESENTATION('',(#6812),#6816);
#6812 = LINE('',#6813,#6814);
#6813 = CARTESIAN_POINT('',(-11.24307961029,0.202925210096));
#6814 = VECTOR('',#6815,1.);
#6815 = DIRECTION('',(-3.541251150666E-02,-0.999372780312));
#6816 = ( GEOMETRIC_REPRESENTATION_CONTEXT(2)
PARAMETRIC_REPRESENTATION_CONTEXT() REPRESENTATION_CONTEXT('2D SPACE',''
  ) );
#6817 = PCURVE('',#6818,#6823);
#6818 = PLANE('',#6819);
#6819 = AXIS2_PLACEMENT_3D('',#6820,#6821,#6822);
#6820 = CARTESIAN_POINT('',(180.19117579585,25.553629746284,
    286.25066454255));
#6821 = DIRECTION('',(-3.541251150666E-02,-3.93157856345E-18,
    -0.999372780312));
#6822 = DIRECTION('',(-0.999372780312,-1.109526670886E-16,
    3.541251150666E-02));
#6823 = DEFINITIONAL_REPRESENTATION('',(#6824),#6828);
#6824 = LINE('',#6825,#6826);
#6825 = CARTESIAN_POINT('',(0.195347754661,-2.5));
#6826 = VECTOR('',#6827,1.);
#6827 = DIRECTION('',(-1.,0.));
#6828 = ( GEOMETRIC_REPRESENTATION_CONTEXT(2)
PARAMETRIC_REPRESENTATION_CONTEXT() REPRESENTATION_CONTEXT('2D SPACE',''
  ) );
#6829 = ORIENTED_EDGE('',*,*,#6830,.T.);
#6830 = EDGE_CURVE('',#6803,#6831,#6833,.T.);
#6831 = VERTEX_POINT('',#6832);
#6832 = CARTESIAN_POINT('',(180.97211385747,23.053629746284,
    286.27726657132));
#6833 = SURFACE_CURVE('',#6834,(#6838,#6845),.PCURVE_S1.);
#6834 = LINE('',#6835,#6836);
#6835 = CARTESIAN_POINT('',(180.77687934206,23.053629746284,
    286.27061606412));
#6836 = VECTOR('',#6837,1.);
#6837 = DIRECTION('',(0.999420319641,1.109579450144E-16,
    3.404445165929E-02));
#6838 = PCURVE('',#100,#6839);
#6839 = DEFINITIONAL_REPRESENTATION('',(#6840),#6844);
#6840 = LINE('',#6841,#6842);
#6841 = CARTESIAN_POINT('',(-11.23004584333,-0.57800356482));
#6842 = VECTOR('',#6843,1.);
#6843 = DIRECTION('',(3.404445165929E-02,-0.999420319641));
#6844 = ( GEOMETRIC_REPRESENTATION_CONTEXT(2)
PARAMETRIC_REPRESENTATION_CONTEXT() REPRESENTATION_CONTEXT('2D SPACE',''
  ) );
#6845 = PCURVE('',#6846,#6851);
#6846 = PLANE('',#6847);
#6847 = AXIS2_PLACEMENT_3D('',#6848,#6849,#6850);
#6848 = CARTESIAN_POINT('',(180.97211385747,25.553629746284,
    286.27726657132));
#6849 = DIRECTION('',(3.404445165929E-02,3.779693409289E-18,
    -0.999420319641));
#6850 = DIRECTION('',(-0.999420319641,-1.109579450144E-16,
    -3.404445165929E-02));
#6851 = DEFINITIONAL_REPRESENTATION('',(#6852),#6856);
#6852 = LINE('',#6853,#6854);
#6853 = CARTESIAN_POINT('',(0.195347754661,-2.5));
#6854 = VECTOR('',#6855,1.);
#6855 = DIRECTION('',(-1.,0.));
#6856 = ( GEOMETRIC_REPRESENTATION_CONTEXT(2)
PARAMETRIC_REPRESENTATION_CONTEXT() REPRESENTATION_CONTEXT('2D SPACE',''
  ) );
#6857 = ORIENTED_EDGE('',*,*,#6858,.T.);
#6858 = EDGE_CURVE('',#6831,#6859,#6861,.T.);
#6859 = VERTEX_POINT('',#6860);
#6860 = CARTESIAN_POINT('',(181.74932160827,23.053629746284,
    286.35801331185));
#6861 = SURFACE_CURVE('',#6862,(#6866,#6873),.PCURVE_S1.);
#6862 = LINE('',#6863,#6864);
#6863 = CARTESIAN_POINT('',(181.55501967057,23.053629746284,
    286.33782662672));
#6864 = VECTOR('',#6865,1.);
#6865 = DIRECTION('',(0.994646383513,1.104279316337E-16,0.103337175131)
  );
#6866 = PCURVE('',#100,#6867);
#6867 = DEFINITIONAL_REPRESENTATION('',(#6868),#6872);
#6868 = LINE('',#6869,#6870);
#6869 = CARTESIAN_POINT('',(-11.16283528073,-1.356143893326));
#6870 = VECTOR('',#6871,1.);
#6871 = DIRECTION('',(0.103337175131,-0.994646383513));
#6872 = ( GEOMETRIC_REPRESENTATION_CONTEXT(2)
PARAMETRIC_REPRESENTATION_CONTEXT() REPRESENTATION_CONTEXT('2D SPACE',''
  ) );
#6873 = PCURVE('',#6874,#6879);
#6874 = PLANE('',#6875);
#6875 = AXIS2_PLACEMENT_3D('',#6876,#6877,#6878);
#6876 = CARTESIAN_POINT('',(181.74932160827,25.553629746284,
    286.35801331185));
#6877 = DIRECTION('',(0.103337175131,1.147273111297E-17,-0.994646383513)
  );
#6878 = DIRECTION('',(-0.994646383513,-1.104279316337E-16,
    -0.103337175131));
#6879 = DEFINITIONAL_REPRESENTATION('',(#6880),#6884);
#6880 = LINE('',#6881,#6882);
#6881 = CARTESIAN_POINT('',(0.195347754661,-2.5));
#6882 = VECTOR('',#6883,1.);
#6883 = DIRECTION('',(-1.,0.));
#6884 = ( GEOMETRIC_REPRESENTATION_CONTEXT(2)
PARAMETRIC_REPRESENTATION_CONTEXT() REPRESENTATION_CONTEXT('2D SPACE',''
  ) );
#6885 = ORIENTED_EDGE('',*,*,#6886,.T.);
#6886 = EDGE_CURVE('',#6859,#6887,#6889,.T.);
#6887 = VERTEX_POINT('',#6888);
#6888 = CARTESIAN_POINT('',(182.51904958667,23.053629746284,
    286.49251521993));
#6889 = SURFACE_CURVE('',#6890,(#6894,#6901),.PCURVE_S1.);
#6890 = LINE('',#6891,#6892);
#6891 = CARTESIAN_POINT('',(182.32661759207,23.053629746284,
    286.45888974291));
#6892 = VECTOR('',#6893,1.);
#6893 = DIRECTION('',(0.985074002695,1.093651838752E-16,0.172131371962)
  );
#6894 = PCURVE('',#100,#6895);
#6895 = DEFINITIONAL_REPRESENTATION('',(#6896),#6900);
#6896 = LINE('',#6897,#6898);
#6897 = CARTESIAN_POINT('',(-11.04177216454,-2.127741814831));
#6898 = VECTOR('',#6899,1.);
#6899 = DIRECTION('',(0.172131371962,-0.985074002695));
#6900 = ( GEOMETRIC_REPRESENTATION_CONTEXT(2)
PARAMETRIC_REPRESENTATION_CONTEXT() REPRESENTATION_CONTEXT('2D SPACE',''
  ) );
#6901 = PCURVE('',#6902,#6907);
#6902 = PLANE('',#6903);
#6903 = AXIS2_PLACEMENT_3D('',#6904,#6905,#6906);
#6904 = CARTESIAN_POINT('',(182.51904958667,25.553629746284,
    286.49251521993));
#6905 = DIRECTION('',(0.172131371962,1.911042124128E-17,-0.985074002695)
  );
#6906 = DIRECTION('',(-0.985074002695,-1.093651838752E-16,
    -0.172131371962));
#6907 = DEFINITIONAL_REPRESENTATION('',(#6908),#6912);
#6908 = LINE('',#6909,#6910);
#6909 = CARTESIAN_POINT('',(0.195347754661,-2.5));
#6910 = VECTOR('',#6911,1.);
#6911 = DIRECTION('',(-1.,0.));
#6912 = ( GEOMETRIC_REPRESENTATION_CONTEXT(2)
PARAMETRIC_REPRESENTATION_CONTEXT() REPRESENTATION_CONTEXT('2D SPACE',''
  ) );
#6913 = ORIENTED_EDGE('',*,*,#6914,.T.);
#6914 = EDGE_CURVE('',#6887,#6915,#6917,.T.);
#6915 = VERTEX_POINT('',#6916);
#6916 = CARTESIAN_POINT('',(183.27758441555,23.053629746284,
    286.68012342176));
#6917 = SURFACE_CURVE('',#6918,(#6922,#6929),.PCURVE_S1.);
#6918 = LINE('',#6919,#6920);
#6919 = CARTESIAN_POINT('',(183.08795070833,23.053629746284,
    286.6332213713));
#6920 = VECTOR('',#6921,1.);
#6921 = DIRECTION('',(0.970749356956,1.077748287233E-16,0.240095160237)
  );
#6922 = PCURVE('',#100,#6923);
#6923 = DEFINITIONAL_REPRESENTATION('',(#6924),#6928);
#6924 = LINE('',#6925,#6926);
#6925 = CARTESIAN_POINT('',(-10.86744053615,-2.889074931091));
#6926 = VECTOR('',#6927,1.);
#6927 = DIRECTION('',(0.240095160237,-0.970749356956));
#6928 = ( GEOMETRIC_REPRESENTATION_CONTEXT(2)
PARAMETRIC_REPRESENTATION_CONTEXT() REPRESENTATION_CONTEXT('2D SPACE',''
  ) );
#6929 = PCURVE('',#6930,#6935);
#6930 = PLANE('',#6931);
#6931 = AXIS2_PLACEMENT_3D('',#6932,#6933,#6934);
#6932 = CARTESIAN_POINT('',(183.27758441555,25.553629746284,
    286.68012342176));
#6933 = DIRECTION('',(0.240095160237,2.665591749963E-17,-0.970749356956)
  );
#6934 = DIRECTION('',(-0.970749356956,-1.077748287233E-16,
    -0.240095160237));
#6935 = DEFINITIONAL_REPRESENTATION('',(#6936),#6940);
#6936 = LINE('',#6937,#6938);
#6937 = CARTESIAN_POINT('',(0.195347754661,-2.5));
#6938 = VECTOR('',#6939,1.);
#6939 = DIRECTION('',(-1.,0.));
#6940 = ( GEOMETRIC_REPRESENTATION_CONTEXT(2)
PARAMETRIC_REPRESENTATION_CONTEXT() REPRESENTATION_CONTEXT('2D SPACE',''
  ) );
#6941 = ORIENTED_EDGE('',*,*,#6942,.T.);
#6942 = EDGE_CURVE('',#6915,#6943,#6945,.T.);
#6943 = VERTEX_POINT('',#6944);
#6944 = CARTESIAN_POINT('',(184.02126671658,23.053629746284,
    286.91993284435));
#6945 = SURFACE_CURVE('',#6946,(#6950,#6957),.PCURVE_S1.);
#6946 = LINE('',#6947,#6948);
#6947 = CARTESIAN_POINT('',(183.83534614132,23.053629746284,
    286.8599804887));
#6948 = VECTOR('',#6949,1.);
#6949 = DIRECTION('',(0.951741552283,1.056645384837E-16,0.306900664155)
  );
#6950 = PCURVE('',#100,#6951);
#6951 = DEFINITIONAL_REPRESENTATION('',(#6952),#6956);
#6952 = LINE('',#6953,#6954);
#6953 = CARTESIAN_POINT('',(-10.64068141875,-3.636470364078));
#6954 = VECTOR('',#6955,1.);
#6955 = DIRECTION('',(0.306900664155,-0.951741552283));
#6956 = ( GEOMETRIC_REPRESENTATION_CONTEXT(2)
PARAMETRIC_REPRESENTATION_CONTEXT() REPRESENTATION_CONTEXT('2D SPACE',''
  ) );
#6957 = PCURVE('',#6958,#6963);
#6958 = PLANE('',#6959);
#6959 = AXIS2_PLACEMENT_3D('',#6960,#6961,#6962);
#6960 = CARTESIAN_POINT('',(184.02126671658,25.553629746284,
    286.91993284435));
#6961 = DIRECTION('',(0.306900664155,3.407281836175E-17,-0.951741552283)
  );
#6962 = DIRECTION('',(-0.951741552283,-1.056645384837E-16,
    -0.306900664155));
#6963 = DEFINITIONAL_REPRESENTATION('',(#6964),#6968);
#6964 = LINE('',#6965,#6966);
#6965 = CARTESIAN_POINT('',(0.195347754661,-2.5));
#6966 = VECTOR('',#6967,1.);
#6967 = DIRECTION('',(-1.,0.));
#6968 = ( GEOMETRIC_REPRESENTATION_CONTEXT(2)
PARAMETRIC_REPRESENTATION_CONTEXT() REPRESENTATION_CONTEXT('2D SPACE',''
  ) );
#6969 = ORIENTED_EDGE('',*,*,#6970,.T.);
#6970 = EDGE_CURVE('',#6943,#6971,#6973,.T.);
#6971 = VERTEX_POINT('',#6972);
#6972 = CARTESIAN_POINT('',(184.74650876405,23.053629746284,
    287.21078658181));
#6973 = SURFACE_CURVE('',#6974,(#6978,#6985),.PCURVE_S1.);
#6974 = LINE('',#6975,#6976);
#6975 = CARTESIAN_POINT('',(184.56519825218,23.053629746284,
    287.13807314744));
#6976 = VECTOR('',#6977,1.);
#6977 = DIRECTION('',(0.928142287495,1.030444937705E-16,0.372225595794)
  );
#6978 = PCURVE('',#100,#6979);
#6979 = DEFINITIONAL_REPRESENTATION('',(#6980),#6984);
#6980 = LINE('',#6981,#6982);
#6981 = CARTESIAN_POINT('',(-10.36258876001,-4.366322474937));
#6982 = VECTOR('',#6983,1.);
#6983 = DIRECTION('',(0.372225595794,-0.928142287495));
#6984 = ( GEOMETRIC_REPRESENTATION_CONTEXT(2)
PARAMETRIC_REPRESENTATION_CONTEXT() REPRESENTATION_CONTEXT('2D SPACE',''
  ) );
#6985 = PCURVE('',#6986,#6991);
#6986 = PLANE('',#6987);
#6987 = AXIS2_PLACEMENT_3D('',#6988,#6989,#6990);
#6988 = CARTESIAN_POINT('',(184.74650876405,25.553629746284,
    287.21078658181));
#6989 = DIRECTION('',(0.372225595794,4.132534268056E-17,-0.928142287495)
  );
#6990 = DIRECTION('',(-0.928142287495,-1.030444937705E-16,
    -0.372225595794));
#6991 = DEFINITIONAL_REPRESENTATION('',(#6992),#6996);
#6992 = LINE('',#6993,#6994);
#6993 = CARTESIAN_POINT('',(0.195347754661,-2.5));
#6994 = VECTOR('',#6995,1.);
#6995 = DIRECTION('',(-1.,0.));
#6996 = ( GEOMETRIC_REPRESENTATION_CONTEXT(2)
PARAMETRIC_REPRESENTATION_CONTEXT() REPRESENTATION_CONTEXT('2D SPACE',''
  ) );
#6997 = ORIENTED_EDGE('',*,*,#6998,.T.);
#6998 = EDGE_CURVE('',#6971,#6999,#7001,.T.);
#6999 = VERTEX_POINT('',#7000);
#7000 = CARTESIAN_POINT('',(185.44981179307,23.053629746284,
    287.55128147661));
#7001 = SURFACE_CURVE('',#7002,(#7006,#7013),.PCURVE_S1.);
#7002 = LINE('',#7003,#7004);
#7003 = CARTESIAN_POINT('',(185.27398603581,23.053629746284,
    287.46615775291));
#7004 = VECTOR('',#7005,1.);
#7005 = DIRECTION('',(0.900065411864,9.992733439203E-17,0.435754809917)
  );
#7006 = PCURVE('',#100,#7007);
#7007 = DEFINITIONAL_REPRESENTATION('',(#7008),#7012);
#7008 = LINE('',#7009,#7010);
#7009 = CARTESIAN_POINT('',(-10.03450415454,-5.075110258571));
#7010 = VECTOR('',#7011,1.);
#7011 = DIRECTION('',(0.435754809917,-0.900065411864));
#7012 = ( GEOMETRIC_REPRESENTATION_CONTEXT(2)
PARAMETRIC_REPRESENTATION_CONTEXT() REPRESENTATION_CONTEXT('2D SPACE',''
  ) );
#7013 = PCURVE('',#7014,#7019);
#7014 = PLANE('',#7015);
#7015 = AXIS2_PLACEMENT_3D('',#7016,#7017,#7018);
#7016 = CARTESIAN_POINT('',(185.44981179307,25.553629746284,
    287.55128147661));
#7017 = DIRECTION('',(0.435754809917,4.837850230611E-17,-0.900065411864)
  );
#7018 = DIRECTION('',(-0.900065411864,-9.992733439203E-17,
    -0.435754809917));
#7019 = DEFINITIONAL_REPRESENTATION('',(#7020),#7024);
#7020 = LINE('',#7021,#7022);
#7021 = CARTESIAN_POINT('',(0.195347754661,-2.5));
#7022 = VECTOR('',#7023,1.);
#7023 = DIRECTION('',(-1.,0.));
#7024 = ( GEOMETRIC_REPRESENTATION_CONTEXT(2)
PARAMETRIC_REPRESENTATION_CONTEXT() REPRESENTATION_CONTEXT('2D SPACE',''
  ) );
#7025 = ORIENTED_EDGE('',*,*,#7026,.T.);
#7026 = EDGE_CURVE('',#6999,#7027,#7029,.T.);
#7027 = VERTEX_POINT('',#7028);
#7028 = CARTESIAN_POINT('',(186.12778287854,23.053629746284,
    287.93977488876));
#7029 = SURFACE_CURVE('',#7030,(#7034,#7041),.PCURVE_S1.);
#7030 = LINE('',#7031,#7032);
#7031 = CARTESIAN_POINT('',(185.95829010717,23.053629746284,
    287.84265153572));
#7032 = VECTOR('',#7033,1.);
#7033 = DIRECTION('',(0.867646375876,9.632809837302E-17,0.497181824315)
  );
#7034 = PCURVE('',#100,#7035);
#7035 = DEFINITIONAL_REPRESENTATION('',(#7036),#7040);
#7036 = LINE('',#7037,#7038);
#7037 = CARTESIAN_POINT('',(-9.658010371731,-5.759414329928));
#7038 = VECTOR('',#7039,1.);
#7039 = DIRECTION('',(0.497181824315,-0.867646375876));
#7040 = ( GEOMETRIC_REPRESENTATION_CONTEXT(2)
PARAMETRIC_REPRESENTATION_CONTEXT() REPRESENTATION_CONTEXT('2D SPACE',''
  ) );
#7041 = PCURVE('',#7042,#7047);
#7042 = PLANE('',#7043);
#7043 = AXIS2_PLACEMENT_3D('',#7044,#7045,#7046);
#7044 = CARTESIAN_POINT('',(186.12778287854,25.553629746284,
    287.93977488876));
#7045 = DIRECTION('',(0.497181824315,5.519827087796E-17,-0.867646375876)
  );
#7046 = DIRECTION('',(-0.867646375876,-9.632809837302E-17,
    -0.497181824315));
#7047 = DEFINITIONAL_REPRESENTATION('',(#7048),#7052);
#7048 = LINE('',#7049,#7050);
#7049 = CARTESIAN_POINT('',(0.195347754661,-2.5));
#7050 = VECTOR('',#7051,1.);
#7051 = DIRECTION('',(-1.,0.));
#7052 = ( GEOMETRIC_REPRESENTATION_CONTEXT(2)
PARAMETRIC_REPRESENTATION_CONTEXT() REPRESENTATION_CONTEXT('2D SPACE',''
  ) );
#7053 = ORIENTED_EDGE('',*,*,#7054,.T.);
#7054 = EDGE_CURVE('',#7027,#7055,#7057,.T.);
#7055 = VERTEX_POINT('',#7056);
#7056 = CARTESIAN_POINT('',(186.77715130353,23.053629746284,
    288.37439262038));
#7057 = SURFACE_CURVE('',#7058,(#7062,#7069),.PCURVE_S1.);
#7058 = LINE('',#7059,#7060);
#7059 = CARTESIAN_POINT('',(186.61480919728,23.053629746284,
    288.26573818747));
#7060 = VECTOR('',#7061,1.);
#7061 = DIRECTION('',(0.831041577778,9.226414940697E-17,0.556210298363)
  );
#7062 = PCURVE('',#100,#7063);
#7063 = DEFINITIONAL_REPRESENTATION('',(#7064),#7068);
#7064 = LINE('',#7065,#7066);
#7065 = CARTESIAN_POINT('',(-9.23492371998,-6.41593342004));
#7066 = VECTOR('',#7067,1.);
#7067 = DIRECTION('',(0.556210298363,-0.831041577778));
#7068 = ( GEOMETRIC_REPRESENTATION_CONTEXT(2)
PARAMETRIC_REPRESENTATION_CONTEXT() REPRESENTATION_CONTEXT('2D SPACE',''
  ) );
#7069 = PCURVE('',#7070,#7075);
#7070 = PLANE('',#7071);
#7071 = AXIS2_PLACEMENT_3D('',#7072,#7073,#7074);
#7072 = CARTESIAN_POINT('',(186.77715130353,25.553629746284,
    288.37439262038));
#7073 = DIRECTION('',(0.556210298363,6.175174797758E-17,-0.831041577778)
  );
#7074 = DIRECTION('',(-0.831041577778,-9.226414940697E-17,
    -0.556210298363));
#7075 = DEFINITIONAL_REPRESENTATION('',(#7076),#7080);
#7076 = LINE('',#7077,#7078);
#7077 = CARTESIAN_POINT('',(0.195347754661,-2.5));
#7078 = VECTOR('',#7079,1.);
#7079 = DIRECTION('',(-1.,0.));
#7080 = ( GEOMETRIC_REPRESENTATION_CONTEXT(2)
PARAMETRIC_REPRESENTATION_CONTEXT() REPRESENTATION_CONTEXT('2D SPACE',''
  ) );
#7081 = ORIENTED_EDGE('',*,*,#7082,.T.);
#7082 = EDGE_CURVE('',#7055,#7083,#7085,.T.);
#7083 = VERTEX_POINT('',#7084);
#7084 = CARTESIAN_POINT('',(187.39478433815,23.053629746284,
    288.85303795731));
#7085 = SURFACE_CURVE('',#7086,(#7090,#7097),.PCURVE_S1.);
#7086 = LINE('',#7087,#7088);
#7087 = CARTESIAN_POINT('',(187.24037607949,23.053629746284,
    288.73337662308));
#7088 = VECTOR('',#7089,1.);
#7089 = DIRECTION('',(0.790427609071,8.775509308904E-17,0.612555462646)
  );
#7090 = PCURVE('',#100,#7091);
#7091 = DEFINITIONAL_REPRESENTATION('',(#7092),#7096);
#7092 = LINE('',#7093,#7094);
#7093 = CARTESIAN_POINT('',(-8.767285284377,-7.041500302251));
#7094 = VECTOR('',#7095,1.);
#7095 = DIRECTION('',(0.612555462646,-0.790427609071));
#7096 = ( GEOMETRIC_REPRESENTATION_CONTEXT(2)
PARAMETRIC_REPRESENTATION_CONTEXT() REPRESENTATION_CONTEXT('2D SPACE',''
  ) );
#7097 = PCURVE('',#7098,#7103);
#7098 = PLANE('',#7099);
#7099 = AXIS2_PLACEMENT_3D('',#7100,#7101,#7102);
#7100 = CARTESIAN_POINT('',(187.39478433815,25.553629746284,
    288.85303795731));
#7101 = DIRECTION('',(0.612555462646,6.800731784898E-17,-0.790427609071)
  );
#7102 = DIRECTION('',(-0.790427609071,-8.775509308904E-17,
    -0.612555462646));
#7103 = DEFINITIONAL_REPRESENTATION('',(#7104),#7108);
#7104 = LINE('',#7105,#7106);
#7105 = CARTESIAN_POINT('',(0.195347754661,-2.5));
#7106 = VECTOR('',#7107,1.);
#7107 = DIRECTION('',(-1.,0.));
#7108 = ( GEOMETRIC_REPRESENTATION_CONTEXT(2)
PARAMETRIC_REPRESENTATION_CONTEXT() REPRESENTATION_CONTEXT('2D SPACE',''
  ) );
#7109 = ORIENTED_EDGE('',*,*,#7110,.T.);
#7110 = EDGE_CURVE('',#7083,#7111,#7113,.T.);
#7111 = VERTEX_POINT('',#7112);
#7112 = CARTESIAN_POINT('',(187.97770235263,23.053629746284,
    289.37340178427));
#7113 = SURFACE_CURVE('',#7114,(#7118,#7125),.PCURVE_S1.);
#7114 = LINE('',#7115,#7116);
#7115 = CARTESIAN_POINT('',(187.83197284901,23.053629746284,
    289.24331082753));
#7116 = VECTOR('',#7117,1.);
#7117 = DIRECTION('',(0.746000402589,8.282268233336E-17,0.665945492768)
  );
#7118 = PCURVE('',#100,#7119);
#7119 = DEFINITIONAL_REPRESENTATION('',(#7120),#7124);
#7120 = LINE('',#7121,#7122);
#7121 = CARTESIAN_POINT('',(-8.257351079928,-7.63309707177));
#7122 = VECTOR('',#7123,1.);
#7123 = DIRECTION('',(0.665945492768,-0.746000402589));
#7124 = ( GEOMETRIC_REPRESENTATION_CONTEXT(2)
PARAMETRIC_REPRESENTATION_CONTEXT() REPRESENTATION_CONTEXT('2D SPACE',''
  ) );
#7125 = PCURVE('',#7126,#7131);
#7126 = PLANE('',#7127);
#7127 = AXIS2_PLACEMENT_3D('',#7128,#7129,#7130);
#7128 = CARTESIAN_POINT('',(187.97770235263,25.553629746284,
    289.37340178427));
#7129 = DIRECTION('',(0.665945492768,7.39348019216E-17,-0.746000402589)
  );
#7130 = DIRECTION('',(-0.746000402589,-8.282268233336E-17,
    -0.665945492768));
#7131 = DEFINITIONAL_REPRESENTATION('',(#7132),#7136);
#7132 = LINE('',#7133,#7134);
#7133 = CARTESIAN_POINT('',(0.195347754661,-2.5));
#7134 = VECTOR('',#7135,1.);
#7135 = DIRECTION('',(-1.,0.));
#7136 = ( GEOMETRIC_REPRESENTATION_CONTEXT(2)
PARAMETRIC_REPRESENTATION_CONTEXT() REPRESENTATION_CONTEXT('2D SPACE',''
  ) );
#7137 = ORIENTED_EDGE('',*,*,#7138,.T.);
#7138 = EDGE_CURVE('',#7111,#7139,#7141,.T.);
#7139 = VERTEX_POINT('',#7140);
#7140 = CARTESIAN_POINT('',(188.52309319194,23.053629746284,
    289.93297372461));
#7141 = SURFACE_CURVE('',#7142,(#7146,#7153),.PCURVE_S1.);
#7142 = LINE('',#7143,#7144);
#7143 = CARTESIAN_POINT('',(188.38674548211,23.053629746284,
    289.79308073952));
#7144 = VECTOR('',#7145,1.);
#7145 = DIRECTION('',(0.697974287258,7.749071243097E-17,0.7161228207));
#7146 = PCURVE('',#100,#7147);
#7147 = DEFINITIONAL_REPRESENTATION('',(#7148),#7152);
#7148 = LINE('',#7149,#7150);
#7149 = CARTESIAN_POINT('',(-7.707581167934,-8.187869704872));
#7150 = VECTOR('',#7151,1.);
#7151 = DIRECTION('',(0.7161228207,-0.697974287258));
#7152 = ( GEOMETRIC_REPRESENTATION_CONTEXT(2)
PARAMETRIC_REPRESENTATION_CONTEXT() REPRESENTATION_CONTEXT('2D SPACE',''
  ) );
#7153 = PCURVE('',#7154,#7159);
#7154 = PLANE('',#7155);
#7155 = AXIS2_PLACEMENT_3D('',#7156,#7157,#7158);
#7156 = CARTESIAN_POINT('',(188.52309319194,25.553629746284,
    289.93297372461));
#7157 = DIRECTION('',(0.7161228207,7.950560440006E-17,-0.697974287258));
#7158 = DIRECTION('',(-0.697974287258,-7.749071243097E-17,-0.7161228207)
  );
#7159 = DEFINITIONAL_REPRESENTATION('',(#7160),#7164);
#7160 = LINE('',#7161,#7162);
#7161 = CARTESIAN_POINT('',(0.195347754661,-2.5));
#7162 = VECTOR('',#7163,1.);
#7163 = DIRECTION('',(-1.,0.));
#7164 = ( GEOMETRIC_REPRESENTATION_CONTEXT(2)
PARAMETRIC_REPRESENTATION_CONTEXT() REPRESENTATION_CONTEXT('2D SPACE',''
  ) );
#7165 = ORIENTED_EDGE('',*,*,#7166,.T.);
#7166 = EDGE_CURVE('',#7139,#7167,#7169,.T.);
#7167 = VERTEX_POINT('',#7168);
#7168 = CARTESIAN_POINT('',(189.02832574232,23.053629746284,
    290.52905425109));
#7169 = SURFACE_CURVE('',#7170,(#7174,#7181),.PCURVE_S1.);
#7170 = LINE('',#7171,#7172);
#7171 = CARTESIAN_POINT('',(188.90201760472,23.053629746284,
    290.38003411947));
#7172 = VECTOR('',#7173,1.);
#7173 = DIRECTION('',(0.646580954121,7.178490625494E-17,0.762845377365)
  );
#7174 = PCURVE('',#100,#7175);
#7175 = DEFINITIONAL_REPRESENTATION('',(#7176),#7180);
#7176 = LINE('',#7177,#7178);
#7177 = CARTESIAN_POINT('',(-7.120627787984,-8.703141827481));
#7178 = VECTOR('',#7179,1.);
#7179 = DIRECTION('',(0.762845377365,-0.646580954121));
#7180 = ( GEOMETRIC_REPRESENTATION_CONTEXT(2)
PARAMETRIC_REPRESENTATION_CONTEXT() REPRESENTATION_CONTEXT('2D SPACE',''
  ) );
#7181 = PCURVE('',#7182,#7187);
#7182 = PLANE('',#7183);
#7183 = AXIS2_PLACEMENT_3D('',#7184,#7185,#7186);
#7184 = CARTESIAN_POINT('',(189.02832574232,25.553629746284,
    290.52905425109));
#7185 = DIRECTION('',(0.762845377365,8.4692850218E-17,-0.646580954121));
#7186 = DIRECTION('',(-0.646580954121,-7.178490625494E-17,
    -0.762845377365));
#7187 = DEFINITIONAL_REPRESENTATION('',(#7188),#7192);
#7188 = LINE('',#7189,#7190);
#7189 = CARTESIAN_POINT('',(0.195347754661,-2.5));
#7190 = VECTOR('',#7191,1.);
#7191 = DIRECTION('',(-1.,0.));
#7192 = ( GEOMETRIC_REPRESENTATION_CONTEXT(2)
PARAMETRIC_REPRESENTATION_CONTEXT() REPRESENTATION_CONTEXT('2D SPACE',''
  ) );
#7193 = ORIENTED_EDGE('',*,*,#7194,.T.);
#7194 = EDGE_CURVE('',#7167,#7195,#7197,.T.);
#7195 = VERTEX_POINT('',#7196);
#7196 = CARTESIAN_POINT('',(189.49096262452,23.053629746284,
    291.15876770914));
#7197 = SURFACE_CURVE('',#7198,(#7202,#7209),.PCURVE_S1.);
#7198 = LINE('',#7199,#7200);
#7199 = CARTESIAN_POINT('',(189.37530340397,23.053629746284,
    291.00133934463));
#7200 = VECTOR('',#7201,1.);
#7201 = DIRECTION('',(0.592068338597,6.57327901662E-17,0.805887760442));
#7202 = PCURVE('',#100,#7203);
#7203 = DEFINITIONAL_REPRESENTATION('',(#7204),#7208);
#7204 = LINE('',#7205,#7206);
#7205 = CARTESIAN_POINT('',(-6.499322562829,-9.176427626727));
#7206 = VECTOR('',#7207,1.);
#7207 = DIRECTION('',(0.805887760442,-0.592068338597));
#7208 = ( GEOMETRIC_REPRESENTATION_CONTEXT(2)
PARAMETRIC_REPRESENTATION_CONTEXT() REPRESENTATION_CONTEXT('2D SPACE',''
  ) );
#7209 = PCURVE('',#7210,#7215);
#7210 = PLANE('',#7211);
#7211 = AXIS2_PLACEMENT_3D('',#7212,#7213,#7214);
#7212 = CARTESIAN_POINT('',(189.49096262452,25.553629746284,
    291.15876770914));
#7213 = DIRECTION('',(0.805887760442,8.947151469068E-17,-0.592068338597)
  );
#7214 = DIRECTION('',(-0.592068338597,-6.57327901662E-17,-0.805887760442
    ));
#7215 = DEFINITIONAL_REPRESENTATION('',(#7216),#7220);
#7216 = LINE('',#7217,#7218);
#7217 = CARTESIAN_POINT('',(0.195347754661,-2.5));
#7218 = VECTOR('',#7219,1.);
#7219 = DIRECTION('',(-1.,0.));
#7220 = ( GEOMETRIC_REPRESENTATION_CONTEXT(2)
PARAMETRIC_REPRESENTATION_CONTEXT() REPRESENTATION_CONTEXT('2D SPACE',''
  ) );
#7221 = ORIENTED_EDGE('',*,*,#7222,.T.);
#7222 = EDGE_CURVE('',#7195,#7223,#7225,.T.);
#7223 = VERTEX_POINT('',#7224);
#7224 = CARTESIAN_POINT('',(189.90877195239,23.053629746284,
    291.81907618974));
#7225 = SURFACE_CURVE('',#7226,(#7230,#7237),.PCURVE_S1.);
#7226 = LINE('',#7227,#7228);
#7227 = CARTESIAN_POINT('',(189.80431962043,23.053629746284,
    291.65399906959));
#7228 = VECTOR('',#7229,1.);
#7229 = DIRECTION('',(0.53469942437,5.936356121889E-17,0.845042321768));
#7230 = PCURVE('',#100,#7231);
#7231 = DEFINITIONAL_REPRESENTATION('',(#7232),#7236);
#7232 = LINE('',#7233,#7234);
#7233 = CARTESIAN_POINT('',(-5.846662837866,-9.605443843184));
#7234 = VECTOR('',#7235,1.);
#7235 = DIRECTION('',(0.845042321768,-0.53469942437));
#7236 = ( GEOMETRIC_REPRESENTATION_CONTEXT(2)
PARAMETRIC_REPRESENTATION_CONTEXT() REPRESENTATION_CONTEXT('2D SPACE',''
  ) );
#7237 = PCURVE('',#7238,#7243);
#7238 = PLANE('',#7239);
#7239 = AXIS2_PLACEMENT_3D('',#7240,#7241,#7242);
#7240 = CARTESIAN_POINT('',(189.90877195239,25.553629746284,
    291.81907618974));
#7241 = DIRECTION('',(0.845042321768,9.381854424094E-17,-0.53469942437)
  );
#7242 = DIRECTION('',(-0.53469942437,-5.936356121889E-17,-0.845042321768
    ));
#7243 = DEFINITIONAL_REPRESENTATION('',(#7244),#7248);
#7244 = LINE('',#7245,#7246);
#7245 = CARTESIAN_POINT('',(0.195347754661,-2.5));
#7246 = VECTOR('',#7247,1.);
#7247 = DIRECTION('',(-1.,0.));
#7248 = ( GEOMETRIC_REPRESENTATION_CONTEXT(2)
PARAMETRIC_REPRESENTATION_CONTEXT() REPRESENTATION_CONTEXT('2D SPACE',''
  ) );
#7249 = ORIENTED_EDGE('',*,*,#7250,.T.);
#7250 = EDGE_CURVE('',#7223,#7251,#7253,.T.);
#7251 = VERTEX_POINT('',#7252);
#7252 = CARTESIAN_POINT('',(190.27973810011,23.053629746284,
    292.50679418519));
#7253 = SURFACE_CURVE('',#7254,(#7258,#7265),.PCURVE_S1.);
#7254 = LINE('',#7255,#7256);
#7255 = CARTESIAN_POINT('',(190.18699656318,23.053629746284,
    292.33486468633));
#7256 = VECTOR('',#7257,1.);
#7257 = DIRECTION('',(0.474750974685,5.270794630584E-17,0.880120169088)
  );
#7258 = PCURVE('',#100,#7259);
#7259 = DEFINITIONAL_REPRESENTATION('',(#7260),#7264);
#7260 = LINE('',#7261,#7262);
#7261 = CARTESIAN_POINT('',(-5.165797221126,-9.988120785936));
#7262 = VECTOR('',#7263,1.);
#7263 = DIRECTION('',(0.880120169088,-0.474750974685));
#7264 = ( GEOMETRIC_REPRESENTATION_CONTEXT(2)
PARAMETRIC_REPRESENTATION_CONTEXT() REPRESENTATION_CONTEXT('2D SPACE',''
  ) );
#7265 = PCURVE('',#7266,#7271);
#7266 = PLANE('',#7267);
#7267 = AXIS2_PLACEMENT_3D('',#7268,#7269,#7270);
#7268 = CARTESIAN_POINT('',(190.27973810011,25.553629746284,
    292.50679418519));
#7269 = DIRECTION('',(0.880120169088,9.771296761587E-17,-0.474750974685)
  );
#7270 = DIRECTION('',(-0.474750974685,-5.270794630584E-17,
    -0.880120169088));
#7271 = DEFINITIONAL_REPRESENTATION('',(#7272),#7276);
#7272 = LINE('',#7273,#7274);
#7273 = CARTESIAN_POINT('',(0.195347754661,-2.5));
#7274 = VECTOR('',#7275,1.);
#7275 = DIRECTION('',(-1.,0.));
#7276 = ( GEOMETRIC_REPRESENTATION_CONTEXT(2)
PARAMETRIC_REPRESENTATION_CONTEXT() REPRESENTATION_CONTEXT('2D SPACE',''
  ) );
#7277 = ORIENTED_EDGE('',*,*,#7278,.T.);
#7278 = EDGE_CURVE('',#7251,#7279,#7281,.T.);
#7279 = VERTEX_POINT('',#7280);
#7280 = CARTESIAN_POINT('',(190.60207142605,23.053629746284,
    293.21860395683));
#7281 = SURFACE_CURVE('',#7282,(#7286,#7293),.PCURVE_S1.);
#7282 = LINE('',#7283,#7284);
#7283 = CARTESIAN_POINT('',(190.52148809457,23.053629746284,
    293.04065151392));
#7284 = VECTOR('',#7285,1.);
#7285 = DIRECTION('',(0.41251219717,4.579805392365E-17,0.910952077327));
#7286 = PCURVE('',#100,#7287);
#7287 = DEFINITIONAL_REPRESENTATION('',(#7288),#7292);
#7288 = LINE('',#7289,#7290);
#7289 = CARTESIAN_POINT('',(-4.460010393535,-10.32261231732));
#7290 = VECTOR('',#7291,1.);
#7291 = DIRECTION('',(0.910952077327,-0.41251219717));
#7292 = ( GEOMETRIC_REPRESENTATION_CONTEXT(2)
PARAMETRIC_REPRESENTATION_CONTEXT() REPRESENTATION_CONTEXT('2D SPACE',''
  ) );
#7293 = PCURVE('',#7294,#7299);
#7294 = PLANE('',#7295);
#7295 = AXIS2_PLACEMENT_3D('',#7296,#7297,#7298);
#7296 = CARTESIAN_POINT('',(190.60207142605,25.553629746284,
    293.21860395683));
#7297 = DIRECTION('',(0.910952077327,1.011359970578E-16,-0.41251219717)
  );
#7298 = DIRECTION('',(-0.41251219717,-4.579805392365E-17,-0.910952077327
    ));
#7299 = DEFINITIONAL_REPRESENTATION('',(#7300),#7304);
#7300 = LINE('',#7301,#7302);
#7301 = CARTESIAN_POINT('',(0.195347754661,-2.5));
#7302 = VECTOR('',#7303,1.);
#7303 = DIRECTION('',(-1.,0.));
#7304 = ( GEOMETRIC_REPRESENTATION_CONTEXT(2)
PARAMETRIC_REPRESENTATION_CONTEXT() REPRESENTATION_CONTEXT('2D SPACE',''
  ) );
#7305 = ORIENTED_EDGE('',*,*,#7306,.T.);
#7306 = EDGE_CURVE('',#7279,#7307,#7309,.T.);
#7307 = VERTEX_POINT('',#7308);
#7308 = CARTESIAN_POINT('',(190.87421690661,23.053629746284,
    293.95107154071));
#7309 = SURFACE_CURVE('',#7310,(#7314,#7321),.PCURVE_S1.);
#7310 = LINE('',#7311,#7312);
#7311 = CARTESIAN_POINT('',(190.80618053647,23.053629746284,
    293.76795464474));
#7312 = VECTOR('',#7313,1.);
#7313 = DIRECTION('',(0.348283348615,3.866721927262E-17,0.937389304973)
  );
#7314 = PCURVE('',#100,#7315);
#7315 = DEFINITIONAL_REPRESENTATION('',(#7316),#7320);
#7316 = LINE('',#7317,#7318);
#7317 = CARTESIAN_POINT('',(-3.732707262717,-10.60730475922));
#7318 = VECTOR('',#7319,1.);
#7319 = DIRECTION('',(0.937389304973,-0.348283348615));
#7320 = ( GEOMETRIC_REPRESENTATION_CONTEXT(2)
PARAMETRIC_REPRESENTATION_CONTEXT() REPRESENTATION_CONTEXT('2D SPACE',''
  ) );
#7321 = PCURVE('',#7322,#7327);
#7322 = PLANE('',#7323);
#7323 = AXIS2_PLACEMENT_3D('',#7324,#7325,#7326);
#7324 = CARTESIAN_POINT('',(190.87421690661,25.553629746284,
    293.95107154071));
#7325 = DIRECTION('',(0.937389304973,1.040711189418E-16,-0.348283348615)
  );
#7326 = DIRECTION('',(-0.348283348615,-3.866721927262E-17,
    -0.937389304973));
#7327 = DEFINITIONAL_REPRESENTATION('',(#7328),#7332);
#7328 = LINE('',#7329,#7330);
#7329 = CARTESIAN_POINT('',(0.195347754661,-2.5));
#7330 = VECTOR('',#7331,1.);
#7331 = DIRECTION('',(-1.,0.));
#7332 = ( GEOMETRIC_REPRESENTATION_CONTEXT(2)
PARAMETRIC_REPRESENTATION_CONTEXT() REPRESENTATION_CONTEXT('2D SPACE',''
  ) );
#7333 = ORIENTED_EDGE('',*,*,#7334,.T.);
#7334 = EDGE_CURVE('',#7307,#4507,#7335,.T.);
#7335 = SURFACE_CURVE('',#7336,(#7340,#7347),.PCURVE_S1.);
#7336 = LINE('',#7337,#7338);
#7337 = CARTESIAN_POINT('',(191.0397004551,23.053629746284,
    294.51326537066));
#7338 = VECTOR('',#7339,1.);
#7339 = DIRECTION('',(0.282374286457,3.134984343864E-17,0.959304311649)
  );
#7340 = PCURVE('',#100,#7341);
#7341 = DEFINITIONAL_REPRESENTATION('',(#7342),#7346);
#7342 = LINE('',#7343,#7344);
#7343 = CARTESIAN_POINT('',(-2.987396536797,-10.84082467786));
#7344 = VECTOR('',#7345,1.);
#7345 = DIRECTION('',(0.959304311649,-0.282374286457));
#7346 = ( GEOMETRIC_REPRESENTATION_CONTEXT(2)
PARAMETRIC_REPRESENTATION_CONTEXT() REPRESENTATION_CONTEXT('2D SPACE',''
  ) );
#7347 = PCURVE('',#7348,#7353);
#7348 = PLANE('',#7349);
#7349 = AXIS2_PLACEMENT_3D('',#7350,#7351,#7352);
#7350 = CARTESIAN_POINT('',(191.09486163794,25.553629746284,
    294.70066331398));
#7351 = DIRECTION('',(0.959304311649,1.065041734415E-16,-0.282374286457)
  );
#7352 = DIRECTION('',(-0.282374286457,-3.134984343864E-17,
    -0.959304311649));
#7353 = DEFINITIONAL_REPRESENTATION('',(#7354),#7358);
#7354 = LINE('',#7355,#7356);
#7355 = CARTESIAN_POINT('',(0.195347754661,-2.5));
#7356 = VECTOR('',#7357,1.);
#7357 = DIRECTION('',(-1.,0.));
#7358 = ( GEOMETRIC_REPRESENTATION_CONTEXT(2)
PARAMETRIC_REPRESENTATION_CONTEXT() REPRESENTATION_CONTEXT('2D SPACE',''
  ) );
#7359 = FACE_BOUND('',#7360,.T.);
#7360 = EDGE_LOOP('',(#7361));
#7361 = ORIENTED_EDGE('',*,*,#7362,.T.);
#7362 = EDGE_CURVE('',#7363,#7363,#7365,.T.);
#7363 = VERTEX_POINT('',#7364);
#7364 = CARTESIAN_POINT('',(185.09887577724,23.053629746284,
    297.50066190746));
#7365 = SURFACE_CURVE('',#7366,(#7371,#7382),.PCURVE_S1.);
#7366 = CIRCLE('',#7367,4.9);
#7367 = AXIS2_PLACEMENT_3D('',#7368,#7369,#7370);
#7368 = CARTESIAN_POINT('',(180.19887577724,23.053629746284,
    297.50066190746));
#7369 = DIRECTION('',(-0.,1.,0.));
#7370 = DIRECTION('',(1.,0.,0.));
#7371 = PCURVE('',#100,#7372);
#7372 = DEFINITIONAL_REPRESENTATION('',(#7373),#7381);
#7373 = ( BOUNDED_CURVE() B_SPLINE_CURVE(2,(#7374,#7375,#7376,#7377,
#7378,#7379,#7380),.UNSPECIFIED.,.T.,.F.) B_SPLINE_CURVE_WITH_KNOTS((1,2
    ,2,2,2,1),(-2.094395102393,0.,2.094395102393,4.188790204786,
6.28318530718,8.377580409573),.UNSPECIFIED.) CURVE()
GEOMETRIC_REPRESENTATION_ITEM() RATIONAL_B_SPLINE_CURVE((1.,0.5,1.,0.5,
1.,0.5,1.)) REPRESENTATION_ITEM('') );
#7374 = CARTESIAN_POINT('',(0.,-4.9));
#7375 = CARTESIAN_POINT('',(-8.487048957088,-4.9));
#7376 = CARTESIAN_POINT('',(-4.243524478544,2.45));
#7377 = CARTESIAN_POINT('',(-1.200153863164E-15,9.8));
#7378 = CARTESIAN_POINT('',(4.243524478544,2.45));
#7379 = CARTESIAN_POINT('',(8.487048957088,-4.9));
#7380 = CARTESIAN_POINT('',(0.,-4.9));
#7381 = ( GEOMETRIC_REPRESENTATION_CONTEXT(2)
PARAMETRIC_REPRESENTATION_CONTEXT() REPRESENTATION_CONTEXT('2D SPACE',''
  ) );
#7382 = PCURVE('',#7383,#7388);
#7383 = CYLINDRICAL_SURFACE('',#7384,4.9);
#7384 = AXIS2_PLACEMENT_3D('',#7385,#7386,#7387);
#7385 = CARTESIAN_POINT('',(180.19887577724,23.053629746284,
    297.50066190746));
#7386 = DIRECTION('',(-1.110223024625E-16,1.,-0.));
#7387 = DIRECTION('',(1.,1.110223024625E-16,0.));
#7388 = DEFINITIONAL_REPRESENTATION('',(#7389),#7393);
#7389 = LINE('',#7390,#7391);
#7390 = CARTESIAN_POINT('',(-6.28318530718,0.));
#7391 = VECTOR('',#7392,1.);
#7392 = DIRECTION('',(1.,-0.));
#7393 = ( GEOMETRIC_REPRESENTATION_CONTEXT(2)
PARAMETRIC_REPRESENTATION_CONTEXT() REPRESENTATION_CONTEXT('2D SPACE',''
  ) );
#7394 = ADVANCED_FACE('',(#7395,#7669,#7917),#7383,.T.);
#7395 = FACE_BOUND('',#7396,.F.);
#7396 = EDGE_LOOP('',(#7397,#7420,#7421,#7422,#7455,#7483,#7512,#7535,
    #7563,#7591,#7620,#7643));
#7397 = ORIENTED_EDGE('',*,*,#7398,.F.);
#7398 = EDGE_CURVE('',#7363,#7399,#7401,.T.);
#7399 = VERTEX_POINT('',#7400);
#7400 = CARTESIAN_POINT('',(185.09887577724,14.803629746284,
    297.50066190746));
#7401 = SEAM_CURVE('',#7402,(#7406,#7413),.PCURVE_S1.);
#7402 = LINE('',#7403,#7404);
#7403 = CARTESIAN_POINT('',(185.09887577724,23.053629746284,
    297.50066190746));
#7404 = VECTOR('',#7405,1.);
#7405 = DIRECTION('',(1.110223024625E-16,-1.,0.));
#7406 = PCURVE('',#7383,#7407);
#7407 = DEFINITIONAL_REPRESENTATION('',(#7408),#7412);
#7408 = LINE('',#7409,#7410);
#7409 = CARTESIAN_POINT('',(-6.28318530718,0.));
#7410 = VECTOR('',#7411,1.);
#7411 = DIRECTION('',(-0.,-1.));
#7412 = ( GEOMETRIC_REPRESENTATION_CONTEXT(2)
PARAMETRIC_REPRESENTATION_CONTEXT() REPRESENTATION_CONTEXT('2D SPACE',''
  ) );
#7413 = PCURVE('',#7383,#7414);
#7414 = DEFINITIONAL_REPRESENTATION('',(#7415),#7419);
#7415 = LINE('',#7416,#7417);
#7416 = CARTESIAN_POINT('',(-0.,0.));
#7417 = VECTOR('',#7418,1.);
#7418 = DIRECTION('',(-0.,-1.));
#7419 = ( GEOMETRIC_REPRESENTATION_CONTEXT(2)
PARAMETRIC_REPRESENTATION_CONTEXT() REPRESENTATION_CONTEXT('2D SPACE',''
  ) );
#7420 = ORIENTED_EDGE('',*,*,#7362,.T.);
#7421 = ORIENTED_EDGE('',*,*,#7398,.T.);
#7422 = ORIENTED_EDGE('',*,*,#7423,.F.);
#7423 = EDGE_CURVE('',#7424,#7399,#7426,.T.);
#7424 = VERTEX_POINT('',#7425);
#7425 = CARTESIAN_POINT('',(185.08040985988,14.803629746284,
    297.92566190746));
#7426 = SURFACE_CURVE('',#7427,(#7432,#7439),.PCURVE_S1.);
#7427 = CIRCLE('',#7428,4.9);
#7428 = AXIS2_PLACEMENT_3D('',#7429,#7430,#7431);
#7429 = CARTESIAN_POINT('',(180.19887577724,14.803629746284,
    297.50066190746));
#7430 = DIRECTION('',(-1.110223024625E-16,1.,0.));
#7431 = DIRECTION('',(1.,1.110223024625E-16,0.));
#7432 = PCURVE('',#7383,#7433);
#7433 = DEFINITIONAL_REPRESENTATION('',(#7434),#7438);
#7434 = LINE('',#7435,#7436);
#7435 = CARTESIAN_POINT('',(-6.28318530718,-8.25));
#7436 = VECTOR('',#7437,1.);
#7437 = DIRECTION('',(1.,-0.));
#7438 = ( GEOMETRIC_REPRESENTATION_CONTEXT(2)
PARAMETRIC_REPRESENTATION_CONTEXT() REPRESENTATION_CONTEXT('2D SPACE',''
  ) );
#7439 = PCURVE('',#7440,#7445);
#7440 = PLANE('',#7441);
#7441 = AXIS2_PLACEMENT_3D('',#7442,#7443,#7444);
#7442 = CARTESIAN_POINT('',(174.79887577724,14.803629746284,
    297.07566190746));
#7443 = DIRECTION('',(1.110223024625E-16,-1.,0.));
#7444 = DIRECTION('',(0.,0.,1.));
#7445 = DEFINITIONAL_REPRESENTATION('',(#7446),#7454);
#7446 = ( BOUNDED_CURVE() B_SPLINE_CURVE(2,(#7447,#7448,#7449,#7450,
#7451,#7452,#7453),.UNSPECIFIED.,.T.,.F.) B_SPLINE_CURVE_WITH_KNOTS((1,2
    ,2,2,2,1),(-2.094395102393,0.,2.094395102393,4.188790204786,
6.28318530718,8.377580409573),.UNSPECIFIED.) CURVE()
GEOMETRIC_REPRESENTATION_ITEM() RATIONAL_B_SPLINE_CURVE((1.,0.5,1.,0.5,
1.,0.5,1.)) REPRESENTATION_ITEM('') );
#7447 = CARTESIAN_POINT('',(0.425,-10.3));
#7448 = CARTESIAN_POINT('',(-8.062048957087,-10.3));
#7449 = CARTESIAN_POINT('',(-3.818524478544,-2.95));
#7450 = CARTESIAN_POINT('',(0.425,4.4));
#7451 = CARTESIAN_POINT('',(4.668524478544,-2.95));
#7452 = CARTESIAN_POINT('',(8.912048957088,-10.3));
#7453 = CARTESIAN_POINT('',(0.425,-10.3));
#7454 = ( GEOMETRIC_REPRESENTATION_CONTEXT(2)
PARAMETRIC_REPRESENTATION_CONTEXT() REPRESENTATION_CONTEXT('2D SPACE',''
  ) );
#7455 = ORIENTED_EDGE('',*,*,#7456,.F.);
#7456 = EDGE_CURVE('',#7457,#7424,#7459,.T.);
#7457 = VERTEX_POINT('',#7458);
#7458 = CARTESIAN_POINT('',(185.08040985988,9.553629746284,
    297.92566190746));
#7459 = SURFACE_CURVE('',#7460,(#7464,#7471),.PCURVE_S1.);
#7460 = LINE('',#7461,#7462);
#7461 = CARTESIAN_POINT('',(185.08040985988,23.053629746284,
    297.92566190746));
#7462 = VECTOR('',#7463,1.);
#7463 = DIRECTION('',(-1.110223024625E-16,1.,-0.));
#7464 = PCURVE('',#7383,#7465);
#7465 = DEFINITIONAL_REPRESENTATION('',(#7466),#7470);
#7466 = LINE('',#7467,#7468);
#7467 = CARTESIAN_POINT('',(-8.68438131929E-02,0.));
#7468 = VECTOR('',#7469,1.);
#7469 = DIRECTION('',(-0.,1.));
#7470 = ( GEOMETRIC_REPRESENTATION_CONTEXT(2)
PARAMETRIC_REPRESENTATION_CONTEXT() REPRESENTATION_CONTEXT('2D SPACE',''
  ) );
#7471 = PCURVE('',#7472,#7477);
#7472 = PLANE('',#7473);
#7473 = AXIS2_PLACEMENT_3D('',#7474,#7475,#7476);
#7474 = CARTESIAN_POINT('',(174.79887577724,14.803629746284,
    297.92566190746));
#7475 = DIRECTION('',(0.,0.,1.));
#7476 = DIRECTION('',(1.110223024625E-16,-1.,0.));
#7477 = DEFINITIONAL_REPRESENTATION('',(#7478),#7482);
#7478 = LINE('',#7479,#7480);
#7479 = CARTESIAN_POINT('',(-8.25,10.281534082642));
#7480 = VECTOR('',#7481,1.);
#7481 = DIRECTION('',(-1.,0.));
#7482 = ( GEOMETRIC_REPRESENTATION_CONTEXT(2)
PARAMETRIC_REPRESENTATION_CONTEXT() REPRESENTATION_CONTEXT('2D SPACE',''
  ) );
#7483 = ORIENTED_EDGE('',*,*,#7484,.T.);
#7484 = EDGE_CURVE('',#7457,#7485,#7487,.T.);
#7485 = VERTEX_POINT('',#7486);
#7486 = CARTESIAN_POINT('',(175.3173416946,9.553629746284,
    297.92566190746));
#7487 = SURFACE_CURVE('',#7488,(#7493,#7500),.PCURVE_S1.);
#7488 = CIRCLE('',#7489,4.9);
#7489 = AXIS2_PLACEMENT_3D('',#7490,#7491,#7492);
#7490 = CARTESIAN_POINT('',(180.19887577724,9.553629746284,
    297.50066190746));
#7491 = DIRECTION('',(1.110223024625E-16,-1.,0.));
#7492 = DIRECTION('',(1.,1.110223024625E-16,0.));
#7493 = PCURVE('',#7383,#7494);
#7494 = DEFINITIONAL_REPRESENTATION('',(#7495),#7499);
#7495 = LINE('',#7496,#7497);
#7496 = CARTESIAN_POINT('',(-0.,-13.5));
#7497 = VECTOR('',#7498,1.);
#7498 = DIRECTION('',(-1.,0.));
#7499 = ( GEOMETRIC_REPRESENTATION_CONTEXT(2)
PARAMETRIC_REPRESENTATION_CONTEXT() REPRESENTATION_CONTEXT('2D SPACE',''
  ) );
#7500 = PCURVE('',#7501,#7506);
#7501 = PLANE('',#7502);
#7502 = AXIS2_PLACEMENT_3D('',#7503,#7504,#7505);
#7503 = CARTESIAN_POINT('',(180.19887577724,9.553629746284,
    297.50066190746));
#7504 = DIRECTION('',(1.110223024625E-16,-1.,0.));
#7505 = DIRECTION('',(0.,0.,1.));
#7506 = DEFINITIONAL_REPRESENTATION('',(#7507),#7511);
#7507 = CIRCLE('',#7508,4.9);
#7508 = AXIS2_PLACEMENT_2D('',#7509,#7510);
#7509 = CARTESIAN_POINT('',(0.,0.));
#7510 = DIRECTION('',(0.,-1.));
#7511 = ( GEOMETRIC_REPRESENTATION_CONTEXT(2)
PARAMETRIC_REPRESENTATION_CONTEXT() REPRESENTATION_CONTEXT('2D SPACE',''
  ) );
#7512 = ORIENTED_EDGE('',*,*,#7513,.T.);
#7513 = EDGE_CURVE('',#7485,#7514,#7516,.T.);
#7514 = VERTEX_POINT('',#7515);
#7515 = CARTESIAN_POINT('',(175.3173416946,14.803629746284,
    297.92566190746));
#7516 = SURFACE_CURVE('',#7517,(#7521,#7528),.PCURVE_S1.);
#7517 = LINE('',#7518,#7519);
#7518 = CARTESIAN_POINT('',(175.3173416946,23.053629746284,
    297.92566190746));
#7519 = VECTOR('',#7520,1.);
#7520 = DIRECTION('',(-1.110223024625E-16,1.,-0.));
#7521 = PCURVE('',#7383,#7522);
#7522 = DEFINITIONAL_REPRESENTATION('',(#7523),#7527);
#7523 = LINE('',#7524,#7525);
#7524 = CARTESIAN_POINT('',(-3.054748840397,0.));
#7525 = VECTOR('',#7526,1.);
#7526 = DIRECTION('',(-0.,1.));
#7527 = ( GEOMETRIC_REPRESENTATION_CONTEXT(2)
PARAMETRIC_REPRESENTATION_CONTEXT() REPRESENTATION_CONTEXT('2D SPACE',''
  ) );
#7528 = PCURVE('',#7472,#7529);
#7529 = DEFINITIONAL_REPRESENTATION('',(#7530),#7534);
#7530 = LINE('',#7531,#7532);
#7531 = CARTESIAN_POINT('',(-8.25,0.518465917358));
#7532 = VECTOR('',#7533,1.);
#7533 = DIRECTION('',(-1.,0.));
#7534 = ( GEOMETRIC_REPRESENTATION_CONTEXT(2)
PARAMETRIC_REPRESENTATION_CONTEXT() REPRESENTATION_CONTEXT('2D SPACE',''
  ) );
#7535 = ORIENTED_EDGE('',*,*,#7536,.F.);
#7536 = EDGE_CURVE('',#7537,#7514,#7539,.T.);
#7537 = VERTEX_POINT('',#7538);
#7538 = CARTESIAN_POINT('',(175.3173416946,14.803629746284,
    297.07566190746));
#7539 = SURFACE_CURVE('',#7540,(#7545,#7552),.PCURVE_S1.);
#7540 = CIRCLE('',#7541,4.9);
#7541 = AXIS2_PLACEMENT_3D('',#7542,#7543,#7544);
#7542 = CARTESIAN_POINT('',(180.19887577724,14.803629746284,
    297.50066190746));
#7543 = DIRECTION('',(-1.110223024625E-16,1.,0.));
#7544 = DIRECTION('',(1.,1.110223024625E-16,0.));
#7545 = PCURVE('',#7383,#7546);
#7546 = DEFINITIONAL_REPRESENTATION('',(#7547),#7551);
#7547 = LINE('',#7548,#7549);
#7548 = CARTESIAN_POINT('',(-6.28318530718,-8.25));
#7549 = VECTOR('',#7550,1.);
#7550 = DIRECTION('',(1.,-0.));
#7551 = ( GEOMETRIC_REPRESENTATION_CONTEXT(2)
PARAMETRIC_REPRESENTATION_CONTEXT() REPRESENTATION_CONTEXT('2D SPACE',''
  ) );
#7552 = PCURVE('',#7440,#7553);
#7553 = DEFINITIONAL_REPRESENTATION('',(#7554),#7562);
#7554 = ( BOUNDED_CURVE() B_SPLINE_CURVE(2,(#7555,#7556,#7557,#7558,
#7559,#7560,#7561),.UNSPECIFIED.,.T.,.F.) B_SPLINE_CURVE_WITH_KNOTS((1,2
    ,2,2,2,1),(-2.094395102393,0.,2.094395102393,4.188790204786,
6.28318530718,8.377580409573),.UNSPECIFIED.) CURVE()
GEOMETRIC_REPRESENTATION_ITEM() RATIONAL_B_SPLINE_CURVE((1.,0.5,1.,0.5,
1.,0.5,1.)) REPRESENTATION_ITEM('') );
#7555 = CARTESIAN_POINT('',(0.425,-10.3));
#7556 = CARTESIAN_POINT('',(-8.062048957087,-10.3));
#7557 = CARTESIAN_POINT('',(-3.818524478544,-2.95));
#7558 = CARTESIAN_POINT('',(0.425,4.4));
#7559 = CARTESIAN_POINT('',(4.668524478544,-2.95));
#7560 = CARTESIAN_POINT('',(8.912048957088,-10.3));
#7561 = CARTESIAN_POINT('',(0.425,-10.3));
#7562 = ( GEOMETRIC_REPRESENTATION_CONTEXT(2)
PARAMETRIC_REPRESENTATION_CONTEXT() REPRESENTATION_CONTEXT('2D SPACE',''
  ) );
#7563 = ORIENTED_EDGE('',*,*,#7564,.F.);
#7564 = EDGE_CURVE('',#7565,#7537,#7567,.T.);
#7565 = VERTEX_POINT('',#7566);
#7566 = CARTESIAN_POINT('',(175.3173416946,9.553629746284,
    297.07566190746));
#7567 = SURFACE_CURVE('',#7568,(#7572,#7579),.PCURVE_S1.);
#7568 = LINE('',#7569,#7570);
#7569 = CARTESIAN_POINT('',(175.3173416946,23.053629746284,
    297.07566190746));
#7570 = VECTOR('',#7571,1.);
#7571 = DIRECTION('',(-1.110223024625E-16,1.,-0.));
#7572 = PCURVE('',#7383,#7573);
#7573 = DEFINITIONAL_REPRESENTATION('',(#7574),#7578);
#7574 = LINE('',#7575,#7576);
#7575 = CARTESIAN_POINT('',(-3.228436466783,0.));
#7576 = VECTOR('',#7577,1.);
#7577 = DIRECTION('',(-0.,1.));
#7578 = ( GEOMETRIC_REPRESENTATION_CONTEXT(2)
PARAMETRIC_REPRESENTATION_CONTEXT() REPRESENTATION_CONTEXT('2D SPACE',''
  ) );
#7579 = PCURVE('',#7580,#7585);
#7580 = PLANE('',#7581);
#7581 = AXIS2_PLACEMENT_3D('',#7582,#7583,#7584);
#7582 = CARTESIAN_POINT('',(174.79887577724,14.803629746284,
    297.07566190746));
#7583 = DIRECTION('',(0.,0.,1.));
#7584 = DIRECTION('',(1.110223024625E-16,-1.,0.));
#7585 = DEFINITIONAL_REPRESENTATION('',(#7586),#7590);
#7586 = LINE('',#7587,#7588);
#7587 = CARTESIAN_POINT('',(-8.25,0.518465917358));
#7588 = VECTOR('',#7589,1.);
#7589 = DIRECTION('',(-1.,0.));
#7590 = ( GEOMETRIC_REPRESENTATION_CONTEXT(2)
PARAMETRIC_REPRESENTATION_CONTEXT() REPRESENTATION_CONTEXT('2D SPACE',''
  ) );
#7591 = ORIENTED_EDGE('',*,*,#7592,.T.);
#7592 = EDGE_CURVE('',#7565,#7593,#7595,.T.);
#7593 = VERTEX_POINT('',#7594);
#7594 = CARTESIAN_POINT('',(185.08040985988,9.553629746284,
    297.07566190746));
#7595 = SURFACE_CURVE('',#7596,(#7601,#7608),.PCURVE_S1.);
#7596 = CIRCLE('',#7597,4.9);
#7597 = AXIS2_PLACEMENT_3D('',#7598,#7599,#7600);
#7598 = CARTESIAN_POINT('',(180.19887577724,9.553629746284,
    297.50066190746));
#7599 = DIRECTION('',(1.110223024625E-16,-1.,0.));
#7600 = DIRECTION('',(1.,1.110223024625E-16,0.));
#7601 = PCURVE('',#7383,#7602);
#7602 = DEFINITIONAL_REPRESENTATION('',(#7603),#7607);
#7603 = LINE('',#7604,#7605);
#7604 = CARTESIAN_POINT('',(-0.,-13.5));
#7605 = VECTOR('',#7606,1.);
#7606 = DIRECTION('',(-1.,0.));
#7607 = ( GEOMETRIC_REPRESENTATION_CONTEXT(2)
PARAMETRIC_REPRESENTATION_CONTEXT() REPRESENTATION_CONTEXT('2D SPACE',''
  ) );
#7608 = PCURVE('',#7609,#7614);
#7609 = PLANE('',#7610);
#7610 = AXIS2_PLACEMENT_3D('',#7611,#7612,#7613);
#7611 = CARTESIAN_POINT('',(180.19887577724,9.553629746284,
    297.50066190746));
#7612 = DIRECTION('',(1.110223024625E-16,-1.,0.));
#7613 = DIRECTION('',(0.,0.,1.));
#7614 = DEFINITIONAL_REPRESENTATION('',(#7615),#7619);
#7615 = CIRCLE('',#7616,4.9);
#7616 = AXIS2_PLACEMENT_2D('',#7617,#7618);
#7617 = CARTESIAN_POINT('',(0.,0.));
#7618 = DIRECTION('',(0.,-1.));
#7619 = ( GEOMETRIC_REPRESENTATION_CONTEXT(2)
PARAMETRIC_REPRESENTATION_CONTEXT() REPRESENTATION_CONTEXT('2D SPACE',''
  ) );
#7620 = ORIENTED_EDGE('',*,*,#7621,.T.);
#7621 = EDGE_CURVE('',#7593,#7622,#7624,.T.);
#7622 = VERTEX_POINT('',#7623);
#7623 = CARTESIAN_POINT('',(185.08040985988,14.803629746284,
    297.07566190746));
#7624 = SURFACE_CURVE('',#7625,(#7629,#7636),.PCURVE_S1.);
#7625 = LINE('',#7626,#7627);
#7626 = CARTESIAN_POINT('',(185.08040985988,23.053629746284,
    297.07566190746));
#7627 = VECTOR('',#7628,1.);
#7628 = DIRECTION('',(-1.110223024625E-16,1.,-0.));
#7629 = PCURVE('',#7383,#7630);
#7630 = DEFINITIONAL_REPRESENTATION('',(#7631),#7635);
#7631 = LINE('',#7632,#7633);
#7632 = CARTESIAN_POINT('',(-6.196341493987,0.));
#7633 = VECTOR('',#7634,1.);
#7634 = DIRECTION('',(-0.,1.));
#7635 = ( GEOMETRIC_REPRESENTATION_CONTEXT(2)
PARAMETRIC_REPRESENTATION_CONTEXT() REPRESENTATION_CONTEXT('2D SPACE',''
  ) );
#7636 = PCURVE('',#7580,#7637);
#7637 = DEFINITIONAL_REPRESENTATION('',(#7638),#7642);
#7638 = LINE('',#7639,#7640);
#7639 = CARTESIAN_POINT('',(-8.25,10.281534082642));
#7640 = VECTOR('',#7641,1.);
#7641 = DIRECTION('',(-1.,0.));
#7642 = ( GEOMETRIC_REPRESENTATION_CONTEXT(2)
PARAMETRIC_REPRESENTATION_CONTEXT() REPRESENTATION_CONTEXT('2D SPACE',''
  ) );
#7643 = ORIENTED_EDGE('',*,*,#7644,.F.);
#7644 = EDGE_CURVE('',#7399,#7622,#7645,.T.);
#7645 = SURFACE_CURVE('',#7646,(#7651,#7658),.PCURVE_S1.);
#7646 = CIRCLE('',#7647,4.9);
#7647 = AXIS2_PLACEMENT_3D('',#7648,#7649,#7650);
#7648 = CARTESIAN_POINT('',(180.19887577724,14.803629746284,
    297.50066190746));
#7649 = DIRECTION('',(-1.110223024625E-16,1.,0.));
#7650 = DIRECTION('',(1.,1.110223024625E-16,0.));
#7651 = PCURVE('',#7383,#7652);
#7652 = DEFINITIONAL_REPRESENTATION('',(#7653),#7657);
#7653 = LINE('',#7654,#7655);
#7654 = CARTESIAN_POINT('',(-6.28318530718,-8.25));
#7655 = VECTOR('',#7656,1.);
#7656 = DIRECTION('',(1.,-0.));
#7657 = ( GEOMETRIC_REPRESENTATION_CONTEXT(2)
PARAMETRIC_REPRESENTATION_CONTEXT() REPRESENTATION_CONTEXT('2D SPACE',''
  ) );
#7658 = PCURVE('',#7440,#7659);
#7659 = DEFINITIONAL_REPRESENTATION('',(#7660),#7668);
#7660 = ( BOUNDED_CURVE() B_SPLINE_CURVE(2,(#7661,#7662,#7663,#7664,
#7665,#7666,#7667),.UNSPECIFIED.,.T.,.F.) B_SPLINE_CURVE_WITH_KNOTS((1,2
    ,2,2,2,1),(-2.094395102393,0.,2.094395102393,4.188790204786,
6.28318530718,8.377580409573),.UNSPECIFIED.) CURVE()
GEOMETRIC_REPRESENTATION_ITEM() RATIONAL_B_SPLINE_CURVE((1.,0.5,1.,0.5,
1.,0.5,1.)) REPRESENTATION_ITEM('') );
#7661 = CARTESIAN_POINT('',(0.425,-10.3));
#7662 = CARTESIAN_POINT('',(-8.062048957087,-10.3));
#7663 = CARTESIAN_POINT('',(-3.818524478544,-2.95));
#7664 = CARTESIAN_POINT('',(0.425,4.4));
#7665 = CARTESIAN_POINT('',(4.668524478544,-2.95));
#7666 = CARTESIAN_POINT('',(8.912048957088,-10.3));
#7667 = CARTESIAN_POINT('',(0.425,-10.3));
#7668 = ( GEOMETRIC_REPRESENTATION_CONTEXT(2)
PARAMETRIC_REPRESENTATION_CONTEXT() REPRESENTATION_CONTEXT('2D SPACE',''
  ) );
#7669 = FACE_BOUND('',#7670,.F.);
#7670 = EDGE_LOOP('',(#7671,#7702,#7730,#7763,#7796,#7829,#7857,#7886));
#7671 = ORIENTED_EDGE('',*,*,#7672,.F.);
#7672 = EDGE_CURVE('',#7673,#7675,#7677,.T.);
#7673 = VERTEX_POINT('',#7674);
#7674 = CARTESIAN_POINT('',(177.19887577724,15.903629746284,
    301.37493603302));
#7675 = VERTEX_POINT('',#7676);
#7676 = CARTESIAN_POINT('',(178.14765662756,15.903629746284,
    301.95066190746));
#7677 = SURFACE_CURVE('',#7678,(#7683,#7690),.PCURVE_S1.);
#7678 = CIRCLE('',#7679,4.9);
#7679 = AXIS2_PLACEMENT_3D('',#7680,#7681,#7682);
#7680 = CARTESIAN_POINT('',(180.19887577724,15.903629746284,
    297.50066190746));
#7681 = DIRECTION('',(-1.110223024625E-16,1.,0.));
#7682 = DIRECTION('',(1.,1.110223024625E-16,0.));
#7683 = PCURVE('',#7383,#7684);
#7684 = DEFINITIONAL_REPRESENTATION('',(#7685),#7689);
#7685 = LINE('',#7686,#7687);
#7686 = CARTESIAN_POINT('',(-6.28318530718,-7.15));
#7687 = VECTOR('',#7688,1.);
#7688 = DIRECTION('',(1.,-0.));
#7689 = ( GEOMETRIC_REPRESENTATION_CONTEXT(2)
PARAMETRIC_REPRESENTATION_CONTEXT() REPRESENTATION_CONTEXT('2D SPACE',''
  ) );
#7690 = PCURVE('',#7691,#7696);
#7691 = PLANE('',#7692);
#7692 = AXIS2_PLACEMENT_3D('',#7693,#7694,#7695);
#7693 = CARTESIAN_POINT('',(183.19887577724,15.903629746284,
    300.70066190746));
#7694 = DIRECTION('',(-1.110223024625E-16,1.,0.));
#7695 = DIRECTION('',(0.,0.,1.));
#7696 = DEFINITIONAL_REPRESENTATION('',(#7697),#7701);
#7697 = CIRCLE('',#7698,4.9);
#7698 = AXIS2_PLACEMENT_2D('',#7699,#7700);
#7699 = CARTESIAN_POINT('',(-3.2,-3.));
#7700 = DIRECTION('',(0.,1.));
#7701 = ( GEOMETRIC_REPRESENTATION_CONTEXT(2)
PARAMETRIC_REPRESENTATION_CONTEXT() REPRESENTATION_CONTEXT('2D SPACE',''
  ) );
#7702 = ORIENTED_EDGE('',*,*,#7703,.F.);
#7703 = EDGE_CURVE('',#7704,#7673,#7706,.T.);
#7704 = VERTEX_POINT('',#7705);
#7705 = CARTESIAN_POINT('',(177.19887577724,11.303629746284,
    301.37493603302));
#7706 = SURFACE_CURVE('',#7707,(#7711,#7718),.PCURVE_S1.);
#7707 = LINE('',#7708,#7709);
#7708 = CARTESIAN_POINT('',(177.19887577724,23.053629746284,
    301.37493603302));
#7709 = VECTOR('',#7710,1.);
#7710 = DIRECTION('',(-1.110223024625E-16,1.,-0.));
#7711 = PCURVE('',#7383,#7712);
#7712 = DEFINITIONAL_REPRESENTATION('',(#7713),#7717);
#7713 = LINE('',#7714,#7715);
#7714 = CARTESIAN_POINT('',(-2.229693048805,0.));
#7715 = VECTOR('',#7716,1.);
#7716 = DIRECTION('',(-0.,1.));
#7717 = ( GEOMETRIC_REPRESENTATION_CONTEXT(2)
PARAMETRIC_REPRESENTATION_CONTEXT() REPRESENTATION_CONTEXT('2D SPACE',''
  ) );
#7718 = PCURVE('',#7719,#7724);
#7719 = PLANE('',#7720);
#7720 = AXIS2_PLACEMENT_3D('',#7721,#7722,#7723);
#7721 = CARTESIAN_POINT('',(177.19887577724,13.581418703462,
    301.63626865036));
#7722 = DIRECTION('',(1.,1.110223024625E-16,0.));
#7723 = DIRECTION('',(0.,0.,1.));
#7724 = DEFINITIONAL_REPRESENTATION('',(#7725),#7729);
#7725 = LINE('',#7726,#7727);
#7726 = CARTESIAN_POINT('',(-0.261332617347,-9.472211042822));
#7727 = VECTOR('',#7728,1.);
#7728 = DIRECTION('',(0.,-1.));
#7729 = ( GEOMETRIC_REPRESENTATION_CONTEXT(2)
PARAMETRIC_REPRESENTATION_CONTEXT() REPRESENTATION_CONTEXT('2D SPACE',''
  ) );
#7730 = ORIENTED_EDGE('',*,*,#7731,.T.);
#7731 = EDGE_CURVE('',#7704,#7732,#7734,.T.);
#7732 = VERTEX_POINT('',#7733);
#7733 = CARTESIAN_POINT('',(178.14765662756,11.303629746284,
    301.95066190746));
#7734 = SURFACE_CURVE('',#7735,(#7740,#7747),.PCURVE_S1.);
#7735 = CIRCLE('',#7736,4.9);
#7736 = AXIS2_PLACEMENT_3D('',#7737,#7738,#7739);
#7737 = CARTESIAN_POINT('',(180.19887577724,11.303629746284,
    297.50066190746));
#7738 = DIRECTION('',(-1.110223024625E-16,1.,0.));
#7739 = DIRECTION('',(1.,1.110223024625E-16,0.));
#7740 = PCURVE('',#7383,#7741);
#7741 = DEFINITIONAL_REPRESENTATION('',(#7742),#7746);
#7742 = LINE('',#7743,#7744);
#7743 = CARTESIAN_POINT('',(-6.28318530718,-11.75));
#7744 = VECTOR('',#7745,1.);
#7745 = DIRECTION('',(1.,-0.));
#7746 = ( GEOMETRIC_REPRESENTATION_CONTEXT(2)
PARAMETRIC_REPRESENTATION_CONTEXT() REPRESENTATION_CONTEXT('2D SPACE',''
  ) );
#7747 = PCURVE('',#7748,#7753);
#7748 = PLANE('',#7749);
#7749 = AXIS2_PLACEMENT_3D('',#7750,#7751,#7752);
#7750 = CARTESIAN_POINT('',(183.19887577724,11.303629746284,
    301.95066190746));
#7751 = DIRECTION('',(1.110223024625E-16,-1.,0.));
#7752 = DIRECTION('',(0.,0.,-1.));
#7753 = DEFINITIONAL_REPRESENTATION('',(#7754),#7762);
#7754 = ( BOUNDED_CURVE() B_SPLINE_CURVE(2,(#7755,#7756,#7757,#7758,
#7759,#7760,#7761),.UNSPECIFIED.,.T.,.F.) B_SPLINE_CURVE_WITH_KNOTS((1,2
    ,2,2,2,1),(-2.094395102393,0.,2.094395102393,4.188790204786,
6.28318530718,8.377580409573),.UNSPECIFIED.) CURVE()
GEOMETRIC_REPRESENTATION_ITEM() RATIONAL_B_SPLINE_CURVE((1.,0.5,1.,0.5,
1.,0.5,1.)) REPRESENTATION_ITEM('') );
#7755 = CARTESIAN_POINT('',(4.45,1.9));
#7756 = CARTESIAN_POINT('',(12.937048957087,1.9));
#7757 = CARTESIAN_POINT('',(8.693524478544,-5.45));
#7758 = CARTESIAN_POINT('',(4.45,-12.8));
#7759 = CARTESIAN_POINT('',(0.206475521456,-5.45));
#7760 = CARTESIAN_POINT('',(-4.037048957088,1.9));
#7761 = CARTESIAN_POINT('',(4.45,1.9));
#7762 = ( GEOMETRIC_REPRESENTATION_CONTEXT(2)
PARAMETRIC_REPRESENTATION_CONTEXT() REPRESENTATION_CONTEXT('2D SPACE',''
  ) );
#7763 = ORIENTED_EDGE('',*,*,#7764,.F.);
#7764 = EDGE_CURVE('',#7765,#7732,#7767,.T.);
#7765 = VERTEX_POINT('',#7766);
#7766 = CARTESIAN_POINT('',(182.25009492692,11.303629746284,
    301.95066190746));
#7767 = SURFACE_CURVE('',#7768,(#7773,#7784),.PCURVE_S1.);
#7768 = ELLIPSE('',#7769,6.534746098694,4.9);
#7769 = AXIS2_PLACEMENT_3D('',#7770,#7771,#7772);
#7770 = CARTESIAN_POINT('',(180.19887577724,7.377159158049,
    297.50066190746));
#7771 = DIRECTION('',(8.324872517619E-17,-0.749837855365,0.661621637087)
  );
#7772 = DIRECTION('',(-7.34547575084E-17,0.661621637087,0.749837855365)
  );
#7773 = PCURVE('',#7383,#7774);
#7774 = DEFINITIONAL_REPRESENTATION('',(#7775),#7783);
#7775 = B_SPLINE_CURVE_WITH_KNOTS('',6,(#7776,#7777,#7778,#7779,#7780,
    #7781,#7782),.UNSPECIFIED.,.F.,.F.,(7,7),(5.811527634883,
    6.754842979476),.PIECEWISE_BEZIER_KNOTS.);
#7776 = CARTESIAN_POINT('',(-1.099138654499,-11.825));
#7777 = CARTESIAN_POINT('',(-1.256357878597,-11.51615001175));
#7778 = CARTESIAN_POINT('',(-1.413577102696,-11.32154040984));
#7779 = CARTESIAN_POINT('',(-1.570796326795,-11.25491116567));
#7780 = CARTESIAN_POINT('',(-1.728015550894,-11.32154040984));
#7781 = CARTESIAN_POINT('',(-1.885234774992,-11.51615001175));
#7782 = CARTESIAN_POINT('',(-2.042453999091,-11.825));
#7783 = ( GEOMETRIC_REPRESENTATION_CONTEXT(2)
PARAMETRIC_REPRESENTATION_CONTEXT() REPRESENTATION_CONTEXT('2D SPACE',''
  ) );
#7784 = PCURVE('',#7785,#7790);
#7785 = PLANE('',#7786);
#7786 = AXIS2_PLACEMENT_3D('',#7787,#7788,#7789);
#7787 = CARTESIAN_POINT('',(183.19887577724,12.053629746284,
    302.80066190746));
#7788 = DIRECTION('',(8.324872517619E-17,-0.749837855365,0.661621637087)
  );
#7789 = DIRECTION('',(7.34547575084E-17,-0.661621637087,-0.749837855365)
  );
#7790 = DEFINITIONAL_REPRESENTATION('',(#7791),#7795);
#7791 = ELLIPSE('',#7792,6.534746098694,4.9);
#7792 = AXIS2_PLACEMENT_2D('',#7793,#7794);
#7793 = CARTESIAN_POINT('',(7.068194759812,-3.));
#7794 = DIRECTION('',(-1.,0.));
#7795 = ( GEOMETRIC_REPRESENTATION_CONTEXT(2)
PARAMETRIC_REPRESENTATION_CONTEXT() REPRESENTATION_CONTEXT('2D SPACE',''
  ) );
#7796 = ORIENTED_EDGE('',*,*,#7797,.T.);
#7797 = EDGE_CURVE('',#7765,#7798,#7800,.T.);
#7798 = VERTEX_POINT('',#7799);
#7799 = CARTESIAN_POINT('',(183.19887577724,11.303629746284,
    301.37493603302));
#7800 = SURFACE_CURVE('',#7801,(#7806,#7813),.PCURVE_S1.);
#7801 = CIRCLE('',#7802,4.9);
#7802 = AXIS2_PLACEMENT_3D('',#7803,#7804,#7805);
#7803 = CARTESIAN_POINT('',(180.19887577724,11.303629746284,
    297.50066190746));
#7804 = DIRECTION('',(-1.110223024625E-16,1.,0.));
#7805 = DIRECTION('',(1.,1.110223024625E-16,0.));
#7806 = PCURVE('',#7383,#7807);
#7807 = DEFINITIONAL_REPRESENTATION('',(#7808),#7812);
#7808 = LINE('',#7809,#7810);
#7809 = CARTESIAN_POINT('',(-6.28318530718,-11.75));
#7810 = VECTOR('',#7811,1.);
#7811 = DIRECTION('',(1.,-0.));
#7812 = ( GEOMETRIC_REPRESENTATION_CONTEXT(2)
PARAMETRIC_REPRESENTATION_CONTEXT() REPRESENTATION_CONTEXT('2D SPACE',''
  ) );
#7813 = PCURVE('',#7814,#7819);
#7814 = PLANE('',#7815);
#7815 = AXIS2_PLACEMENT_3D('',#7816,#7817,#7818);
#7816 = CARTESIAN_POINT('',(183.19887577724,11.303629746284,
    301.95066190746));
#7817 = DIRECTION('',(1.110223024625E-16,-1.,0.));
#7818 = DIRECTION('',(0.,0.,-1.));
#7819 = DEFINITIONAL_REPRESENTATION('',(#7820),#7828);
#7820 = ( BOUNDED_CURVE() B_SPLINE_CURVE(2,(#7821,#7822,#7823,#7824,
#7825,#7826,#7827),.UNSPECIFIED.,.T.,.F.) B_SPLINE_CURVE_WITH_KNOTS((1,2
    ,2,2,2,1),(-2.094395102393,0.,2.094395102393,4.188790204786,
6.28318530718,8.377580409573),.UNSPECIFIED.) CURVE()
GEOMETRIC_REPRESENTATION_ITEM() RATIONAL_B_SPLINE_CURVE((1.,0.5,1.,0.5,
1.,0.5,1.)) REPRESENTATION_ITEM('') );
#7821 = CARTESIAN_POINT('',(4.45,1.9));
#7822 = CARTESIAN_POINT('',(12.937048957087,1.9));
#7823 = CARTESIAN_POINT('',(8.693524478544,-5.45));
#7824 = CARTESIAN_POINT('',(4.45,-12.8));
#7825 = CARTESIAN_POINT('',(0.206475521456,-5.45));
#7826 = CARTESIAN_POINT('',(-4.037048957088,1.9));
#7827 = CARTESIAN_POINT('',(4.45,1.9));
#7828 = ( GEOMETRIC_REPRESENTATION_CONTEXT(2)
PARAMETRIC_REPRESENTATION_CONTEXT() REPRESENTATION_CONTEXT('2D SPACE',''
  ) );
#7829 = ORIENTED_EDGE('',*,*,#7830,.T.);
#7830 = EDGE_CURVE('',#7798,#7831,#7833,.T.);
#7831 = VERTEX_POINT('',#7832);
#7832 = CARTESIAN_POINT('',(183.19887577724,15.903629746284,
    301.37493603302));
#7833 = SURFACE_CURVE('',#7834,(#7838,#7845),.PCURVE_S1.);
#7834 = LINE('',#7835,#7836);
#7835 = CARTESIAN_POINT('',(183.19887577724,23.053629746284,
    301.37493603302));
#7836 = VECTOR('',#7837,1.);
#7837 = DIRECTION('',(-1.110223024625E-16,1.,-0.));
#7838 = PCURVE('',#7383,#7839);
#7839 = DEFINITIONAL_REPRESENTATION('',(#7840),#7844);
#7840 = LINE('',#7841,#7842);
#7841 = CARTESIAN_POINT('',(-0.911899604785,0.));
#7842 = VECTOR('',#7843,1.);
#7843 = DIRECTION('',(-0.,1.));
#7844 = ( GEOMETRIC_REPRESENTATION_CONTEXT(2)
PARAMETRIC_REPRESENTATION_CONTEXT() REPRESENTATION_CONTEXT('2D SPACE',''
  ) );
#7845 = PCURVE('',#7846,#7851);
#7846 = PLANE('',#7847);
#7847 = AXIS2_PLACEMENT_3D('',#7848,#7849,#7850);
#7848 = CARTESIAN_POINT('',(183.19887577724,13.581418703462,
    301.63626865036));
#7849 = DIRECTION('',(1.,1.110223024625E-16,0.));
#7850 = DIRECTION('',(0.,0.,1.));
#7851 = DEFINITIONAL_REPRESENTATION('',(#7852),#7856);
#7852 = LINE('',#7853,#7854);
#7853 = CARTESIAN_POINT('',(-0.261332617347,-9.472211042822));
#7854 = VECTOR('',#7855,1.);
#7855 = DIRECTION('',(0.,-1.));
#7856 = ( GEOMETRIC_REPRESENTATION_CONTEXT(2)
PARAMETRIC_REPRESENTATION_CONTEXT() REPRESENTATION_CONTEXT('2D SPACE',''
  ) );
#7857 = ORIENTED_EDGE('',*,*,#7858,.F.);
#7858 = EDGE_CURVE('',#7859,#7831,#7861,.T.);
#7859 = VERTEX_POINT('',#7860);
#7860 = CARTESIAN_POINT('',(182.25009492692,15.903629746284,
    301.95066190746));
#7861 = SURFACE_CURVE('',#7862,(#7867,#7874),.PCURVE_S1.);
#7862 = CIRCLE('',#7863,4.9);
#7863 = AXIS2_PLACEMENT_3D('',#7864,#7865,#7866);
#7864 = CARTESIAN_POINT('',(180.19887577724,15.903629746284,
    297.50066190746));
#7865 = DIRECTION('',(-1.110223024625E-16,1.,0.));
#7866 = DIRECTION('',(1.,1.110223024625E-16,0.));
#7867 = PCURVE('',#7383,#7868);
#7868 = DEFINITIONAL_REPRESENTATION('',(#7869),#7873);
#7869 = LINE('',#7870,#7871);
#7870 = CARTESIAN_POINT('',(-6.28318530718,-7.15));
#7871 = VECTOR('',#7872,1.);
#7872 = DIRECTION('',(1.,-0.));
#7873 = ( GEOMETRIC_REPRESENTATION_CONTEXT(2)
PARAMETRIC_REPRESENTATION_CONTEXT() REPRESENTATION_CONTEXT('2D SPACE',''
  ) );
#7874 = PCURVE('',#7875,#7880);
#7875 = PLANE('',#7876);
#7876 = AXIS2_PLACEMENT_3D('',#7877,#7878,#7879);
#7877 = CARTESIAN_POINT('',(183.19887577724,15.903629746284,
    300.70066190746));
#7878 = DIRECTION('',(-1.110223024625E-16,1.,0.));
#7879 = DIRECTION('',(0.,0.,1.));
#7880 = DEFINITIONAL_REPRESENTATION('',(#7881),#7885);
#7881 = CIRCLE('',#7882,4.9);
#7882 = AXIS2_PLACEMENT_2D('',#7883,#7884);
#7883 = CARTESIAN_POINT('',(-3.2,-3.));
#7884 = DIRECTION('',(0.,1.));
#7885 = ( GEOMETRIC_REPRESENTATION_CONTEXT(2)
PARAMETRIC_REPRESENTATION_CONTEXT() REPRESENTATION_CONTEXT('2D SPACE',''
  ) );
#7886 = ORIENTED_EDGE('',*,*,#7887,.F.);
#7887 = EDGE_CURVE('',#7675,#7859,#7888,.T.);
#7888 = SURFACE_CURVE('',#7889,(#7894,#7905),.PCURVE_S1.);
#7889 = ELLIPSE('',#7890,8.608422519347,4.9);
#7890 = AXIS2_PLACEMENT_3D('',#7891,#7892,#7893);
#7891 = CARTESIAN_POINT('',(180.19887577724,22.331407524062,
    297.50066190746));
#7892 = DIRECTION('',(-6.319500243438E-17,0.56920997883,0.822192191644)
  );
#7893 = DIRECTION('',(-9.128167018299E-17,0.822192191644,-0.56920997883)
  );
#7894 = PCURVE('',#7383,#7895);
#7895 = DEFINITIONAL_REPRESENTATION('',(#7896),#7904);
#7896 = B_SPLINE_CURVE_WITH_KNOTS('',6,(#7897,#7898,#7899,#7900,#7901,
    #7902,#7903),.UNSPECIFIED.,.F.,.F.,(7,7),(2.667694105463,
    3.615491201717),.PIECEWISE_BEZIER_KNOTS.);
#7897 = CARTESIAN_POINT('',(-2.044694874922,-7.02));
#7898 = CARTESIAN_POINT('',(-1.886728692213,-7.530231585248));
#7899 = CARTESIAN_POINT('',(-1.728762509504,-7.851882413314));
#7900 = CARTESIAN_POINT('',(-1.570796326795,-7.962037390142));
#7901 = CARTESIAN_POINT('',(-1.412830144086,-7.851882413314));
#7902 = CARTESIAN_POINT('',(-1.254863961377,-7.530231585248));
#7903 = CARTESIAN_POINT('',(-1.096897778668,-7.02));
#7904 = ( GEOMETRIC_REPRESENTATION_CONTEXT(2)
PARAMETRIC_REPRESENTATION_CONTEXT() REPRESENTATION_CONTEXT('2D SPACE',''
  ) );
#7905 = PCURVE('',#7906,#7911);
#7906 = PLANE('',#7907);
#7907 = AXIS2_PLACEMENT_3D('',#7908,#7909,#7910);
#7908 = CARTESIAN_POINT('',(183.19887577724,15.903629746284,
    301.95066190746));
#7909 = DIRECTION('',(-6.319500243438E-17,0.56920997883,0.822192191644)
  );
#7910 = DIRECTION('',(9.128167018299E-17,-0.822192191644,0.56920997883)
  );
#7911 = DEFINITIONAL_REPRESENTATION('',(#7912),#7916);
#7912 = ELLIPSE('',#7913,8.608422519347,4.9);
#7913 = AXIS2_PLACEMENT_2D('',#7914,#7915);
#7914 = CARTESIAN_POINT('',(-7.817853104305,-3.));
#7915 = DIRECTION('',(-1.,0.));
#7916 = ( GEOMETRIC_REPRESENTATION_CONTEXT(2)
PARAMETRIC_REPRESENTATION_CONTEXT() REPRESENTATION_CONTEXT('2D SPACE',''
  ) );
#7917 = FACE_BOUND('',#7918,.F.);
#7918 = EDGE_LOOP('',(#7919,#7949,#7982,#8015,#8048,#8076,#8105,#8138));
#7919 = ORIENTED_EDGE('',*,*,#7920,.F.);
#7920 = EDGE_CURVE('',#7921,#7923,#7925,.T.);
#7921 = VERTEX_POINT('',#7922);
#7922 = CARTESIAN_POINT('',(183.19887577724,11.303629746284,
    293.62638778189));
#7923 = VERTEX_POINT('',#7924);
#7924 = CARTESIAN_POINT('',(183.19887577724,15.903629746284,
    293.62638778189));
#7925 = SURFACE_CURVE('',#7926,(#7930,#7937),.PCURVE_S1.);
#7926 = LINE('',#7927,#7928);
#7927 = CARTESIAN_POINT('',(183.19887577724,23.053629746284,
    293.62638778189));
#7928 = VECTOR('',#7929,1.);
#7929 = DIRECTION('',(-1.110223024625E-16,1.,-0.));
#7930 = PCURVE('',#7383,#7931);
#7931 = DEFINITIONAL_REPRESENTATION('',(#7932),#7936);
#7932 = LINE('',#7933,#7934);
#7933 = CARTESIAN_POINT('',(-5.371285702395,0.));
#7934 = VECTOR('',#7935,1.);
#7935 = DIRECTION('',(-0.,1.));
#7936 = ( GEOMETRIC_REPRESENTATION_CONTEXT(2)
PARAMETRIC_REPRESENTATION_CONTEXT() REPRESENTATION_CONTEXT('2D SPACE',''
  ) );
#7937 = PCURVE('',#7938,#7943);
#7938 = PLANE('',#7939);
#7939 = AXIS2_PLACEMENT_3D('',#7940,#7941,#7942);
#7940 = CARTESIAN_POINT('',(183.19887577724,13.581418703462,
    293.36505516455));
#7941 = DIRECTION('',(1.,1.110223024625E-16,0.));
#7942 = DIRECTION('',(0.,0.,1.));
#7943 = DEFINITIONAL_REPRESENTATION('',(#7944),#7948);
#7944 = LINE('',#7945,#7946);
#7945 = CARTESIAN_POINT('',(0.261332617347,-9.472211042822));
#7946 = VECTOR('',#7947,1.);
#7947 = DIRECTION('',(0.,-1.));
#7948 = ( GEOMETRIC_REPRESENTATION_CONTEXT(2)
PARAMETRIC_REPRESENTATION_CONTEXT() REPRESENTATION_CONTEXT('2D SPACE',''
  ) );
#7949 = ORIENTED_EDGE('',*,*,#7950,.T.);
#7950 = EDGE_CURVE('',#7921,#7951,#7953,.T.);
#7951 = VERTEX_POINT('',#7952);
#7952 = CARTESIAN_POINT('',(182.25009492692,11.303629746284,
    293.05066190746));
#7953 = SURFACE_CURVE('',#7954,(#7959,#7966),.PCURVE_S1.);
#7954 = CIRCLE('',#7955,4.9);
#7955 = AXIS2_PLACEMENT_3D('',#7956,#7957,#7958);
#7956 = CARTESIAN_POINT('',(180.19887577724,11.303629746284,
    297.50066190746));
#7957 = DIRECTION('',(-1.110223024625E-16,1.,0.));
#7958 = DIRECTION('',(1.,1.110223024625E-16,0.));
#7959 = PCURVE('',#7383,#7960);
#7960 = DEFINITIONAL_REPRESENTATION('',(#7961),#7965);
#7961 = LINE('',#7962,#7963);
#7962 = CARTESIAN_POINT('',(-6.28318530718,-11.75));
#7963 = VECTOR('',#7964,1.);
#7964 = DIRECTION('',(1.,-0.));
#7965 = ( GEOMETRIC_REPRESENTATION_CONTEXT(2)
PARAMETRIC_REPRESENTATION_CONTEXT() REPRESENTATION_CONTEXT('2D SPACE',''
  ) );
#7966 = PCURVE('',#7967,#7972);
#7967 = PLANE('',#7968);
#7968 = AXIS2_PLACEMENT_3D('',#7969,#7970,#7971);
#7969 = CARTESIAN_POINT('',(183.19887577724,11.303629746284,
    294.30066190746));
#7970 = DIRECTION('',(1.110223024625E-16,-1.,0.));
#7971 = DIRECTION('',(0.,0.,-1.));
#7972 = DEFINITIONAL_REPRESENTATION('',(#7973),#7981);
#7973 = ( BOUNDED_CURVE() B_SPLINE_CURVE(2,(#7974,#7975,#7976,#7977,
#7978,#7979,#7980),.UNSPECIFIED.,.T.,.F.) B_SPLINE_CURVE_WITH_KNOTS((1,2
    ,2,2,2,1),(-2.094395102393,0.,2.094395102393,4.188790204786,
6.28318530718,8.377580409573),.UNSPECIFIED.) CURVE()
GEOMETRIC_REPRESENTATION_ITEM() RATIONAL_B_SPLINE_CURVE((1.,0.5,1.,0.5,
1.,0.5,1.)) REPRESENTATION_ITEM('') );
#7974 = CARTESIAN_POINT('',(-3.2,1.9));
#7975 = CARTESIAN_POINT('',(5.287048957088,1.9));
#7976 = CARTESIAN_POINT('',(1.043524478544,-5.45));
#7977 = CARTESIAN_POINT('',(-3.2,-12.8));
#7978 = CARTESIAN_POINT('',(-7.443524478544,-5.45));
#7979 = CARTESIAN_POINT('',(-11.68704895708,1.9));
#7980 = CARTESIAN_POINT('',(-3.2,1.9));
#7981 = ( GEOMETRIC_REPRESENTATION_CONTEXT(2)
PARAMETRIC_REPRESENTATION_CONTEXT() REPRESENTATION_CONTEXT('2D SPACE',''
  ) );
#7982 = ORIENTED_EDGE('',*,*,#7983,.F.);
#7983 = EDGE_CURVE('',#7984,#7951,#7986,.T.);
#7984 = VERTEX_POINT('',#7985);
#7985 = CARTESIAN_POINT('',(178.14765662756,11.303629746284,
    293.05066190746));
#7986 = SURFACE_CURVE('',#7987,(#7992,#8003),.PCURVE_S1.);
#7987 = ELLIPSE('',#7988,6.534746098694,4.9);
#7988 = AXIS2_PLACEMENT_3D('',#7989,#7990,#7991);
#7989 = CARTESIAN_POINT('',(180.19887577724,7.377159158049,
    297.50066190746));
#7990 = DIRECTION('',(8.324872517619E-17,-0.749837855365,-0.661621637087
    ));
#7991 = DIRECTION('',(-7.34547575084E-17,0.661621637087,-0.749837855365)
  );
#7992 = PCURVE('',#7383,#7993);
#7993 = DEFINITIONAL_REPRESENTATION('',(#7994),#8002);
#7994 = B_SPLINE_CURVE_WITH_KNOTS('',6,(#7995,#7996,#7997,#7998,#7999,
    #8000,#8001),.UNSPECIFIED.,.F.,.F.,(7,7),(5.811527634883,
    6.754842979476),.PIECEWISE_BEZIER_KNOTS.);
#7995 = CARTESIAN_POINT('',(-4.240731308088,-11.825));
#7996 = CARTESIAN_POINT('',(-4.397950532187,-11.51615001175));
#7997 = CARTESIAN_POINT('',(-4.555169756286,-11.32154040984));
#7998 = CARTESIAN_POINT('',(-4.712388980384,-11.25491116567));
#7999 = CARTESIAN_POINT('',(-4.869608204484,-11.32154040984));
#8000 = CARTESIAN_POINT('',(-5.026827428582,-11.51615001175));
#8001 = CARTESIAN_POINT('',(-5.184046652681,-11.825));
#8002 = ( GEOMETRIC_REPRESENTATION_CONTEXT(2)
PARAMETRIC_REPRESENTATION_CONTEXT() REPRESENTATION_CONTEXT('2D SPACE',''
  ) );
#8003 = PCURVE('',#8004,#8009);
#8004 = PLANE('',#8005);
#8005 = AXIS2_PLACEMENT_3D('',#8006,#8007,#8008);
#8006 = CARTESIAN_POINT('',(183.19887577724,11.303629746284,
    293.05066190746));
#8007 = DIRECTION('',(8.324872517619E-17,-0.749837855365,-0.661621637087
    ));
#8008 = DIRECTION('',(-7.34547575084E-17,0.661621637087,-0.749837855365)
  );
#8009 = DEFINITIONAL_REPRESENTATION('',(#8010),#8014);
#8010 = ELLIPSE('',#8011,6.534746098694,4.9);
#8011 = AXIS2_PLACEMENT_2D('',#8012,#8013);
#8012 = CARTESIAN_POINT('',(-5.934616354936,-3.));
#8013 = DIRECTION('',(1.,0.));
#8014 = ( GEOMETRIC_REPRESENTATION_CONTEXT(2)
PARAMETRIC_REPRESENTATION_CONTEXT() REPRESENTATION_CONTEXT('2D SPACE',''
  ) );
#8015 = ORIENTED_EDGE('',*,*,#8016,.T.);
#8016 = EDGE_CURVE('',#7984,#8017,#8019,.T.);
#8017 = VERTEX_POINT('',#8018);
#8018 = CARTESIAN_POINT('',(177.19887577724,11.303629746284,
    293.62638778189));
#8019 = SURFACE_CURVE('',#8020,(#8025,#8032),.PCURVE_S1.);
#8020 = CIRCLE('',#8021,4.9);
#8021 = AXIS2_PLACEMENT_3D('',#8022,#8023,#8024);
#8022 = CARTESIAN_POINT('',(180.19887577724,11.303629746284,
    297.50066190746));
#8023 = DIRECTION('',(-1.110223024625E-16,1.,0.));
#8024 = DIRECTION('',(1.,1.110223024625E-16,0.));
#8025 = PCURVE('',#7383,#8026);
#8026 = DEFINITIONAL_REPRESENTATION('',(#8027),#8031);
#8027 = LINE('',#8028,#8029);
#8028 = CARTESIAN_POINT('',(-6.28318530718,-11.75));
#8029 = VECTOR('',#8030,1.);
#8030 = DIRECTION('',(1.,-0.));
#8031 = ( GEOMETRIC_REPRESENTATION_CONTEXT(2)
PARAMETRIC_REPRESENTATION_CONTEXT() REPRESENTATION_CONTEXT('2D SPACE',''
  ) );
#8032 = PCURVE('',#8033,#8038);
#8033 = PLANE('',#8034);
#8034 = AXIS2_PLACEMENT_3D('',#8035,#8036,#8037);
#8035 = CARTESIAN_POINT('',(183.19887577724,11.303629746284,
    294.30066190746));
#8036 = DIRECTION('',(1.110223024625E-16,-1.,0.));
#8037 = DIRECTION('',(0.,0.,-1.));
#8038 = DEFINITIONAL_REPRESENTATION('',(#8039),#8047);
#8039 = ( BOUNDED_CURVE() B_SPLINE_CURVE(2,(#8040,#8041,#8042,#8043,
#8044,#8045,#8046),.UNSPECIFIED.,.T.,.F.) B_SPLINE_CURVE_WITH_KNOTS((1,2
    ,2,2,2,1),(-2.094395102393,0.,2.094395102393,4.188790204786,
6.28318530718,8.377580409573),.UNSPECIFIED.) CURVE()
GEOMETRIC_REPRESENTATION_ITEM() RATIONAL_B_SPLINE_CURVE((1.,0.5,1.,0.5,
1.,0.5,1.)) REPRESENTATION_ITEM('') );
#8040 = CARTESIAN_POINT('',(-3.2,1.9));
#8041 = CARTESIAN_POINT('',(5.287048957088,1.9));
#8042 = CARTESIAN_POINT('',(1.043524478544,-5.45));
#8043 = CARTESIAN_POINT('',(-3.2,-12.8));
#8044 = CARTESIAN_POINT('',(-7.443524478544,-5.45));
#8045 = CARTESIAN_POINT('',(-11.68704895708,1.9));
#8046 = CARTESIAN_POINT('',(-3.2,1.9));
#8047 = ( GEOMETRIC_REPRESENTATION_CONTEXT(2)
PARAMETRIC_REPRESENTATION_CONTEXT() REPRESENTATION_CONTEXT('2D SPACE',''
  ) );
#8048 = ORIENTED_EDGE('',*,*,#8049,.T.);
#8049 = EDGE_CURVE('',#8017,#8050,#8052,.T.);
#8050 = VERTEX_POINT('',#8051);
#8051 = CARTESIAN_POINT('',(177.19887577724,15.903629746284,
    293.62638778189));
#8052 = SURFACE_CURVE('',#8053,(#8057,#8064),.PCURVE_S1.);
#8053 = LINE('',#8054,#8055);
#8054 = CARTESIAN_POINT('',(177.19887577724,23.053629746284,
    293.62638778189));
#8055 = VECTOR('',#8056,1.);
#8056 = DIRECTION('',(-1.110223024625E-16,1.,-0.));
#8057 = PCURVE('',#7383,#8058);
#8058 = DEFINITIONAL_REPRESENTATION('',(#8059),#8063);
#8059 = LINE('',#8060,#8061);
#8060 = CARTESIAN_POINT('',(-4.053492258375,0.));
#8061 = VECTOR('',#8062,1.);
#8062 = DIRECTION('',(-0.,1.));
#8063 = ( GEOMETRIC_REPRESENTATION_CONTEXT(2)
PARAMETRIC_REPRESENTATION_CONTEXT() REPRESENTATION_CONTEXT('2D SPACE',''
  ) );
#8064 = PCURVE('',#8065,#8070);
#8065 = PLANE('',#8066);
#8066 = AXIS2_PLACEMENT_3D('',#8067,#8068,#8069);
#8067 = CARTESIAN_POINT('',(177.19887577724,13.581418703462,
    293.36505516455));
#8068 = DIRECTION('',(1.,1.110223024625E-16,0.));
#8069 = DIRECTION('',(0.,0.,1.));
#8070 = DEFINITIONAL_REPRESENTATION('',(#8071),#8075);
#8071 = LINE('',#8072,#8073);
#8072 = CARTESIAN_POINT('',(0.261332617347,-9.472211042822));
#8073 = VECTOR('',#8074,1.);
#8074 = DIRECTION('',(0.,-1.));
#8075 = ( GEOMETRIC_REPRESENTATION_CONTEXT(2)
PARAMETRIC_REPRESENTATION_CONTEXT() REPRESENTATION_CONTEXT('2D SPACE',''
  ) );
#8076 = ORIENTED_EDGE('',*,*,#8077,.F.);
#8077 = EDGE_CURVE('',#8078,#8050,#8080,.T.);
#8078 = VERTEX_POINT('',#8079);
#8079 = CARTESIAN_POINT('',(178.14765662756,15.903629746284,
    293.05066190746));
#8080 = SURFACE_CURVE('',#8081,(#8086,#8093),.PCURVE_S1.);
#8081 = CIRCLE('',#8082,4.9);
#8082 = AXIS2_PLACEMENT_3D('',#8083,#8084,#8085);
#8083 = CARTESIAN_POINT('',(180.19887577724,15.903629746284,
    297.50066190746));
#8084 = DIRECTION('',(-1.110223024625E-16,1.,0.));
#8085 = DIRECTION('',(1.,1.110223024625E-16,0.));
#8086 = PCURVE('',#7383,#8087);
#8087 = DEFINITIONAL_REPRESENTATION('',(#8088),#8092);
#8088 = LINE('',#8089,#8090);
#8089 = CARTESIAN_POINT('',(-6.28318530718,-7.15));
#8090 = VECTOR('',#8091,1.);
#8091 = DIRECTION('',(1.,-0.));
#8092 = ( GEOMETRIC_REPRESENTATION_CONTEXT(2)
PARAMETRIC_REPRESENTATION_CONTEXT() REPRESENTATION_CONTEXT('2D SPACE',''
  ) );
#8093 = PCURVE('',#8094,#8099);
#8094 = PLANE('',#8095);
#8095 = AXIS2_PLACEMENT_3D('',#8096,#8097,#8098);
#8096 = CARTESIAN_POINT('',(183.19887577724,15.903629746284,
    293.05066190746));
#8097 = DIRECTION('',(-1.110223024625E-16,1.,0.));
#8098 = DIRECTION('',(0.,0.,1.));
#8099 = DEFINITIONAL_REPRESENTATION('',(#8100),#8104);
#8100 = CIRCLE('',#8101,4.9);
#8101 = AXIS2_PLACEMENT_2D('',#8102,#8103);
#8102 = CARTESIAN_POINT('',(4.45,-3.));
#8103 = DIRECTION('',(0.,1.));
#8104 = ( GEOMETRIC_REPRESENTATION_CONTEXT(2)
PARAMETRIC_REPRESENTATION_CONTEXT() REPRESENTATION_CONTEXT('2D SPACE',''
  ) );
#8105 = ORIENTED_EDGE('',*,*,#8106,.F.);
#8106 = EDGE_CURVE('',#8107,#8078,#8109,.T.);
#8107 = VERTEX_POINT('',#8108);
#8108 = CARTESIAN_POINT('',(182.25009492692,15.903629746284,
    293.05066190746));
#8109 = SURFACE_CURVE('',#8110,(#8115,#8126),.PCURVE_S1.);
#8110 = ELLIPSE('',#8111,8.608422519347,4.9);
#8111 = AXIS2_PLACEMENT_3D('',#8112,#8113,#8114);
#8112 = CARTESIAN_POINT('',(180.19887577724,22.331407524062,
    297.50066190746));
#8113 = DIRECTION('',(-6.319500243438E-17,0.56920997883,-0.822192191644)
  );
#8114 = DIRECTION('',(-9.128167018299E-17,0.822192191644,0.56920997883)
  );
#8115 = PCURVE('',#7383,#8116);
#8116 = DEFINITIONAL_REPRESENTATION('',(#8117),#8125);
#8117 = B_SPLINE_CURVE_WITH_KNOTS('',6,(#8118,#8119,#8120,#8121,#8122,
    #8123,#8124),.UNSPECIFIED.,.F.,.F.,(7,7),(2.667694105463,
    3.615491201717),.PIECEWISE_BEZIER_KNOTS.);
#8118 = CARTESIAN_POINT('',(-5.186287528512,-7.02));
#8119 = CARTESIAN_POINT('',(-5.028321345803,-7.530231585248));
#8120 = CARTESIAN_POINT('',(-4.870355163094,-7.851882413314));
#8121 = CARTESIAN_POINT('',(-4.712388980385,-7.962037390142));
#8122 = CARTESIAN_POINT('',(-4.554422797676,-7.851882413314));
#8123 = CARTESIAN_POINT('',(-4.396456614967,-7.530231585248));
#8124 = CARTESIAN_POINT('',(-4.238490432258,-7.02));
#8125 = ( GEOMETRIC_REPRESENTATION_CONTEXT(2)
PARAMETRIC_REPRESENTATION_CONTEXT() REPRESENTATION_CONTEXT('2D SPACE',''
  ) );
#8126 = PCURVE('',#8127,#8132);
#8127 = PLANE('',#8128);
#8128 = AXIS2_PLACEMENT_3D('',#8129,#8130,#8131);
#8129 = CARTESIAN_POINT('',(183.19887577724,14.603629746284,
    292.15066190746));
#8130 = DIRECTION('',(-6.319500243438E-17,0.56920997883,-0.822192191644)
  );
#8131 = DIRECTION('',(-9.128167018299E-17,0.822192191644,0.56920997883)
  );
#8132 = DEFINITIONAL_REPRESENTATION('',(#8133),#8137);
#8133 = ELLIPSE('',#8134,8.608422519347,4.9);
#8134 = AXIS2_PLACEMENT_2D('',#8135,#8136);
#8135 = CARTESIAN_POINT('',(9.398991934389,-3.));
#8136 = DIRECTION('',(1.,0.));
#8137 = ( GEOMETRIC_REPRESENTATION_CONTEXT(2)
PARAMETRIC_REPRESENTATION_CONTEXT() REPRESENTATION_CONTEXT('2D SPACE',''
  ) );
#8138 = ORIENTED_EDGE('',*,*,#8139,.F.);
#8139 = EDGE_CURVE('',#7923,#8107,#8140,.T.);
#8140 = SURFACE_CURVE('',#8141,(#8146,#8153),.PCURVE_S1.);
#8141 = CIRCLE('',#8142,4.9);
#8142 = AXIS2_PLACEMENT_3D('',#8143,#8144,#8145);
#8143 = CARTESIAN_POINT('',(180.19887577724,15.903629746284,
    297.50066190746));
#8144 = DIRECTION('',(-1.110223024625E-16,1.,0.));
#8145 = DIRECTION('',(1.,1.110223024625E-16,0.));
#8146 = PCURVE('',#7383,#8147);
#8147 = DEFINITIONAL_REPRESENTATION('',(#8148),#8152);
#8148 = LINE('',#8149,#8150);
#8149 = CARTESIAN_POINT('',(-6.28318530718,-7.15));
#8150 = VECTOR('',#8151,1.);
#8151 = DIRECTION('',(1.,-0.));
#8152 = ( GEOMETRIC_REPRESENTATION_CONTEXT(2)
PARAMETRIC_REPRESENTATION_CONTEXT() REPRESENTATION_CONTEXT('2D SPACE',''
  ) );
#8153 = PCURVE('',#8154,#8159);
#8154 = PLANE('',#8155);
#8155 = AXIS2_PLACEMENT_3D('',#8156,#8157,#8158);
#8156 = CARTESIAN_POINT('',(183.19887577724,15.903629746284,
    293.05066190746));
#8157 = DIRECTION('',(-1.110223024625E-16,1.,0.));
#8158 = DIRECTION('',(0.,0.,1.));
#8159 = DEFINITIONAL_REPRESENTATION('',(#8160),#8164);
#8160 = CIRCLE('',#8161,4.9);
#8161 = AXIS2_PLACEMENT_2D('',#8162,#8163);
#8162 = CARTESIAN_POINT('',(4.45,-3.));
#8163 = DIRECTION('',(0.,1.));
#8164 = ( GEOMETRIC_REPRESENTATION_CONTEXT(2)
PARAMETRIC_REPRESENTATION_CONTEXT() REPRESENTATION_CONTEXT('2D SPACE',''
  ) );
#8165 = ADVANCED_FACE('',(#8166),#8154,.T.);
#8166 = FACE_BOUND('',#8167,.T.);
#8167 = EDGE_LOOP('',(#8168,#8191,#8212));
#8168 = ORIENTED_EDGE('',*,*,#8169,.F.);
#8169 = EDGE_CURVE('',#8170,#7923,#8172,.T.);
#8170 = VERTEX_POINT('',#8171);
#8171 = CARTESIAN_POINT('',(183.19887577724,15.903629746284,
    293.05066190746));
#8172 = SURFACE_CURVE('',#8173,(#8177,#8184),.PCURVE_S1.);
#8173 = LINE('',#8174,#8175);
#8174 = CARTESIAN_POINT('',(183.19887577724,15.903629746284,
    293.05066190746));
#8175 = VECTOR('',#8176,1.);
#8176 = DIRECTION('',(0.,0.,1.));
#8177 = PCURVE('',#8154,#8178);
#8178 = DEFINITIONAL_REPRESENTATION('',(#8179),#8183);
#8179 = LINE('',#8180,#8181);
#8180 = CARTESIAN_POINT('',(0.,0.));
#8181 = VECTOR('',#8182,1.);
#8182 = DIRECTION('',(1.,0.));
#8183 = ( GEOMETRIC_REPRESENTATION_CONTEXT(2)
PARAMETRIC_REPRESENTATION_CONTEXT() REPRESENTATION_CONTEXT('2D SPACE',''
  ) );
#8184 = PCURVE('',#7938,#8185);
#8185 = DEFINITIONAL_REPRESENTATION('',(#8186),#8190);
#8186 = LINE('',#8187,#8188);
#8187 = CARTESIAN_POINT('',(-0.314393257091,-2.322211042822));
#8188 = VECTOR('',#8189,1.);
#8189 = DIRECTION('',(1.,0.));
#8190 = ( GEOMETRIC_REPRESENTATION_CONTEXT(2)
PARAMETRIC_REPRESENTATION_CONTEXT() REPRESENTATION_CONTEXT('2D SPACE',''
  ) );
#8191 = ORIENTED_EDGE('',*,*,#8192,.T.);
#8192 = EDGE_CURVE('',#8170,#8107,#8193,.T.);
#8193 = SURFACE_CURVE('',#8194,(#8198,#8205),.PCURVE_S1.);
#8194 = LINE('',#8195,#8196);
#8195 = CARTESIAN_POINT('',(183.19887577724,15.903629746284,
    293.05066190746));
#8196 = VECTOR('',#8197,1.);
#8197 = DIRECTION('',(-1.,-1.110223024625E-16,0.));
#8198 = PCURVE('',#8154,#8199);
#8199 = DEFINITIONAL_REPRESENTATION('',(#8200),#8204);
#8200 = LINE('',#8201,#8202);
#8201 = CARTESIAN_POINT('',(0.,0.));
#8202 = VECTOR('',#8203,1.);
#8203 = DIRECTION('',(0.,-1.));
#8204 = ( GEOMETRIC_REPRESENTATION_CONTEXT(2)
PARAMETRIC_REPRESENTATION_CONTEXT() REPRESENTATION_CONTEXT('2D SPACE',''
  ) );
#8205 = PCURVE('',#8127,#8206);
#8206 = DEFINITIONAL_REPRESENTATION('',(#8207),#8211);
#8207 = LINE('',#8208,#8209);
#8208 = CARTESIAN_POINT('',(1.581138830084,1.443289932013E-16));
#8209 = VECTOR('',#8210,1.);
#8210 = DIRECTION('',(0.,-1.));
#8211 = ( GEOMETRIC_REPRESENTATION_CONTEXT(2)
PARAMETRIC_REPRESENTATION_CONTEXT() REPRESENTATION_CONTEXT('2D SPACE',''
  ) );
#8212 = ORIENTED_EDGE('',*,*,#8139,.F.);
#8213 = ADVANCED_FACE('',(#8214),#8127,.T.);
#8214 = FACE_BOUND('',#8215,.T.);
#8215 = EDGE_LOOP('',(#8216,#8239,#8267,#8290,#8311,#8312));
#8216 = ORIENTED_EDGE('',*,*,#8217,.F.);
#8217 = EDGE_CURVE('',#8218,#8170,#8220,.T.);
#8218 = VERTEX_POINT('',#8219);
#8219 = CARTESIAN_POINT('',(183.19887577724,14.603629746284,
    292.15066190746));
#8220 = SURFACE_CURVE('',#8221,(#8225,#8232),.PCURVE_S1.);
#8221 = LINE('',#8222,#8223);
#8222 = CARTESIAN_POINT('',(183.19887577724,14.603629746284,
    292.15066190746));
#8223 = VECTOR('',#8224,1.);
#8224 = DIRECTION('',(-9.128167018299E-17,0.822192191644,0.56920997883)
  );
#8225 = PCURVE('',#8127,#8226);
#8226 = DEFINITIONAL_REPRESENTATION('',(#8227),#8231);
#8227 = LINE('',#8228,#8229);
#8228 = CARTESIAN_POINT('',(0.,0.));
#8229 = VECTOR('',#8230,1.);
#8230 = DIRECTION('',(1.,0.));
#8231 = ( GEOMETRIC_REPRESENTATION_CONTEXT(2)
PARAMETRIC_REPRESENTATION_CONTEXT() REPRESENTATION_CONTEXT('2D SPACE',''
  ) );
#8232 = PCURVE('',#7938,#8233);
#8233 = DEFINITIONAL_REPRESENTATION('',(#8234),#8238);
#8234 = LINE('',#8235,#8236);
#8235 = CARTESIAN_POINT('',(-1.214393257091,-1.022211042822));
#8236 = VECTOR('',#8237,1.);
#8237 = DIRECTION('',(0.56920997883,-0.822192191644));
#8238 = ( GEOMETRIC_REPRESENTATION_CONTEXT(2)
PARAMETRIC_REPRESENTATION_CONTEXT() REPRESENTATION_CONTEXT('2D SPACE',''
  ) );
#8239 = ORIENTED_EDGE('',*,*,#8240,.T.);
#8240 = EDGE_CURVE('',#8218,#8241,#8243,.T.);
#8241 = VERTEX_POINT('',#8242);
#8242 = CARTESIAN_POINT('',(177.19887577724,14.603629746284,
    292.15066190746));
#8243 = SURFACE_CURVE('',#8244,(#8248,#8255),.PCURVE_S1.);
#8244 = LINE('',#8245,#8246);
#8245 = CARTESIAN_POINT('',(183.19887577724,14.603629746284,
    292.15066190746));
#8246 = VECTOR('',#8247,1.);
#8247 = DIRECTION('',(-1.,-1.110223024625E-16,0.));
#8248 = PCURVE('',#8127,#8249);
#8249 = DEFINITIONAL_REPRESENTATION('',(#8250),#8254);
#8250 = LINE('',#8251,#8252);
#8251 = CARTESIAN_POINT('',(0.,0.));
#8252 = VECTOR('',#8253,1.);
#8253 = DIRECTION('',(0.,-1.));
#8254 = ( GEOMETRIC_REPRESENTATION_CONTEXT(2)
PARAMETRIC_REPRESENTATION_CONTEXT() REPRESENTATION_CONTEXT('2D SPACE',''
  ) );
#8255 = PCURVE('',#8256,#8261);
#8256 = PLANE('',#8257);
#8257 = AXIS2_PLACEMENT_3D('',#8258,#8259,#8260);
#8258 = CARTESIAN_POINT('',(183.19887577724,12.053629746284,
    292.20066190746));
#8259 = DIRECTION('',(2.17648953687E-18,-1.960407493445E-02,
    -0.999807821657));
#8260 = DIRECTION('',(-1.110009663804E-16,0.999807821657,
    -1.960407493445E-02));
#8261 = DEFINITIONAL_REPRESENTATION('',(#8262),#8266);
#8262 = LINE('',#8263,#8264);
#8263 = CARTESIAN_POINT('',(2.550490148971,2.831068712794E-16));
#8264 = VECTOR('',#8265,1.);
#8265 = DIRECTION('',(0.,-1.));
#8266 = ( GEOMETRIC_REPRESENTATION_CONTEXT(2)
PARAMETRIC_REPRESENTATION_CONTEXT() REPRESENTATION_CONTEXT('2D SPACE',''
  ) );
#8267 = ORIENTED_EDGE('',*,*,#8268,.T.);
#8268 = EDGE_CURVE('',#8241,#8269,#8271,.T.);
#8269 = VERTEX_POINT('',#8270);
#8270 = CARTESIAN_POINT('',(177.19887577724,15.903629746284,
    293.05066190746));
#8271 = SURFACE_CURVE('',#8272,(#8276,#8283),.PCURVE_S1.);
#8272 = LINE('',#8273,#8274);
#8273 = CARTESIAN_POINT('',(177.19887577724,14.603629746284,
    292.15066190746));
#8274 = VECTOR('',#8275,1.);
#8275 = DIRECTION('',(-9.128167018299E-17,0.822192191644,0.56920997883)
  );
#8276 = PCURVE('',#8127,#8277);
#8277 = DEFINITIONAL_REPRESENTATION('',(#8278),#8282);
#8278 = LINE('',#8279,#8280);
#8279 = CARTESIAN_POINT('',(5.47690021098E-16,-6.));
#8280 = VECTOR('',#8281,1.);
#8281 = DIRECTION('',(1.,0.));
#8282 = ( GEOMETRIC_REPRESENTATION_CONTEXT(2)
PARAMETRIC_REPRESENTATION_CONTEXT() REPRESENTATION_CONTEXT('2D SPACE',''
  ) );
#8283 = PCURVE('',#8065,#8284);
#8284 = DEFINITIONAL_REPRESENTATION('',(#8285),#8289);
#8285 = LINE('',#8286,#8287);
#8286 = CARTESIAN_POINT('',(-1.214393257091,-1.022211042822));
#8287 = VECTOR('',#8288,1.);
#8288 = DIRECTION('',(0.56920997883,-0.822192191644));
#8289 = ( GEOMETRIC_REPRESENTATION_CONTEXT(2)
PARAMETRIC_REPRESENTATION_CONTEXT() REPRESENTATION_CONTEXT('2D SPACE',''
  ) );
#8290 = ORIENTED_EDGE('',*,*,#8291,.F.);
#8291 = EDGE_CURVE('',#8078,#8269,#8292,.T.);
#8292 = SURFACE_CURVE('',#8293,(#8297,#8304),.PCURVE_S1.);
#8293 = LINE('',#8294,#8295);
#8294 = CARTESIAN_POINT('',(183.19887577724,15.903629746284,
    293.05066190746));
#8295 = VECTOR('',#8296,1.);
#8296 = DIRECTION('',(-1.,-1.110223024625E-16,0.));
#8297 = PCURVE('',#8127,#8298);
#8298 = DEFINITIONAL_REPRESENTATION('',(#8299),#8303);
#8299 = LINE('',#8300,#8301);
#8300 = CARTESIAN_POINT('',(1.581138830084,1.443289932013E-16));
#8301 = VECTOR('',#8302,1.);
#8302 = DIRECTION('',(0.,-1.));
#8303 = ( GEOMETRIC_REPRESENTATION_CONTEXT(2)
PARAMETRIC_REPRESENTATION_CONTEXT() REPRESENTATION_CONTEXT('2D SPACE',''
  ) );
#8304 = PCURVE('',#8094,#8305);
#8305 = DEFINITIONAL_REPRESENTATION('',(#8306),#8310);
#8306 = LINE('',#8307,#8308);
#8307 = CARTESIAN_POINT('',(0.,0.));
#8308 = VECTOR('',#8309,1.);
#8309 = DIRECTION('',(0.,-1.));
#8310 = ( GEOMETRIC_REPRESENTATION_CONTEXT(2)
PARAMETRIC_REPRESENTATION_CONTEXT() REPRESENTATION_CONTEXT('2D SPACE',''
  ) );
#8311 = ORIENTED_EDGE('',*,*,#8106,.F.);
#8312 = ORIENTED_EDGE('',*,*,#8192,.F.);
#8313 = ADVANCED_FACE('',(#8314),#8256,.T.);
#8314 = FACE_BOUND('',#8315,.T.);
#8315 = EDGE_LOOP('',(#8316,#8341,#8362,#8363));
#8316 = ORIENTED_EDGE('',*,*,#8317,.T.);
#8317 = EDGE_CURVE('',#8318,#8320,#8322,.T.);
#8318 = VERTEX_POINT('',#8319);
#8319 = CARTESIAN_POINT('',(183.19887577724,12.053629746284,
    292.20066190746));
#8320 = VERTEX_POINT('',#8321);
#8321 = CARTESIAN_POINT('',(177.19887577724,12.053629746284,
    292.20066190746));
#8322 = SURFACE_CURVE('',#8323,(#8327,#8334),.PCURVE_S1.);
#8323 = LINE('',#8324,#8325);
#8324 = CARTESIAN_POINT('',(183.19887577724,12.053629746284,
    292.20066190746));
#8325 = VECTOR('',#8326,1.);
#8326 = DIRECTION('',(-1.,-1.110223024625E-16,0.));
#8327 = PCURVE('',#8256,#8328);
#8328 = DEFINITIONAL_REPRESENTATION('',(#8329),#8333);
#8329 = LINE('',#8330,#8331);
#8330 = CARTESIAN_POINT('',(0.,0.));
#8331 = VECTOR('',#8332,1.);
#8332 = DIRECTION('',(0.,-1.));
#8333 = ( GEOMETRIC_REPRESENTATION_CONTEXT(2)
PARAMETRIC_REPRESENTATION_CONTEXT() REPRESENTATION_CONTEXT('2D SPACE',''
  ) );
#8334 = PCURVE('',#8004,#8335);
#8335 = DEFINITIONAL_REPRESENTATION('',(#8336),#8340);
#8336 = LINE('',#8337,#8338);
#8337 = CARTESIAN_POINT('',(1.133578404875,8.326672684689E-17));
#8338 = VECTOR('',#8339,1.);
#8339 = DIRECTION('',(0.,-1.));
#8340 = ( GEOMETRIC_REPRESENTATION_CONTEXT(2)
PARAMETRIC_REPRESENTATION_CONTEXT() REPRESENTATION_CONTEXT('2D SPACE',''
  ) );
#8341 = ORIENTED_EDGE('',*,*,#8342,.T.);
#8342 = EDGE_CURVE('',#8320,#8241,#8343,.T.);
#8343 = SURFACE_CURVE('',#8344,(#8348,#8355),.PCURVE_S1.);
#8344 = LINE('',#8345,#8346);
#8345 = CARTESIAN_POINT('',(177.19887577724,12.053629746284,
    292.20066190746));
#8346 = VECTOR('',#8347,1.);
#8347 = DIRECTION('',(-1.110009663804E-16,0.999807821657,
    -1.960407493445E-02));
#8348 = PCURVE('',#8256,#8349);
#8349 = DEFINITIONAL_REPRESENTATION('',(#8350),#8354);
#8350 = LINE('',#8351,#8352);
#8351 = CARTESIAN_POINT('',(6.660057982822E-16,-6.));
#8352 = VECTOR('',#8353,1.);
#8353 = DIRECTION('',(1.,0.));
#8354 = ( GEOMETRIC_REPRESENTATION_CONTEXT(2)
PARAMETRIC_REPRESENTATION_CONTEXT() REPRESENTATION_CONTEXT('2D SPACE',''
  ) );
#8355 = PCURVE('',#8065,#8356);
#8356 = DEFINITIONAL_REPRESENTATION('',(#8357),#8361);
#8357 = LINE('',#8358,#8359);
#8358 = CARTESIAN_POINT('',(-1.164393257091,1.527788957178));
#8359 = VECTOR('',#8360,1.);
#8360 = DIRECTION('',(-1.960407493445E-02,-0.999807821657));
#8361 = ( GEOMETRIC_REPRESENTATION_CONTEXT(2)
PARAMETRIC_REPRESENTATION_CONTEXT() REPRESENTATION_CONTEXT('2D SPACE',''
  ) );
#8362 = ORIENTED_EDGE('',*,*,#8240,.F.);
#8363 = ORIENTED_EDGE('',*,*,#8364,.F.);
#8364 = EDGE_CURVE('',#8318,#8218,#8365,.T.);
#8365 = SURFACE_CURVE('',#8366,(#8370,#8377),.PCURVE_S1.);
#8366 = LINE('',#8367,#8368);
#8367 = CARTESIAN_POINT('',(183.19887577724,12.053629746284,
    292.20066190746));
#8368 = VECTOR('',#8369,1.);
#8369 = DIRECTION('',(-1.110009663804E-16,0.999807821657,
    -1.960407493445E-02));
#8370 = PCURVE('',#8256,#8371);
#8371 = DEFINITIONAL_REPRESENTATION('',(#8372),#8376);
#8372 = LINE('',#8373,#8374);
#8373 = CARTESIAN_POINT('',(0.,0.));
#8374 = VECTOR('',#8375,1.);
#8375 = DIRECTION('',(1.,0.));
#8376 = ( GEOMETRIC_REPRESENTATION_CONTEXT(2)
PARAMETRIC_REPRESENTATION_CONTEXT() REPRESENTATION_CONTEXT('2D SPACE',''
  ) );
#8377 = PCURVE('',#7938,#8378);
#8378 = DEFINITIONAL_REPRESENTATION('',(#8379),#8383);
#8379 = LINE('',#8380,#8381);
#8380 = CARTESIAN_POINT('',(-1.164393257091,1.527788957178));
#8381 = VECTOR('',#8382,1.);
#8382 = DIRECTION('',(-1.960407493445E-02,-0.999807821657));
#8383 = ( GEOMETRIC_REPRESENTATION_CONTEXT(2)
PARAMETRIC_REPRESENTATION_CONTEXT() REPRESENTATION_CONTEXT('2D SPACE',''
  ) );
#8384 = ADVANCED_FACE('',(#8385),#8094,.T.);
#8385 = FACE_BOUND('',#8386,.T.);
#8386 = EDGE_LOOP('',(#8387,#8388,#8389));
#8387 = ORIENTED_EDGE('',*,*,#8077,.F.);
#8388 = ORIENTED_EDGE('',*,*,#8291,.T.);
#8389 = ORIENTED_EDGE('',*,*,#8390,.T.);
#8390 = EDGE_CURVE('',#8269,#8050,#8391,.T.);
#8391 = SURFACE_CURVE('',#8392,(#8396,#8403),.PCURVE_S1.);
#8392 = LINE('',#8393,#8394);
#8393 = CARTESIAN_POINT('',(177.19887577724,15.903629746284,
    293.05066190746));
#8394 = VECTOR('',#8395,1.);
#8395 = DIRECTION('',(0.,0.,1.));
#8396 = PCURVE('',#8094,#8397);
#8397 = DEFINITIONAL_REPRESENTATION('',(#8398),#8402);
#8398 = LINE('',#8399,#8400);
#8399 = CARTESIAN_POINT('',(0.,-6.));
#8400 = VECTOR('',#8401,1.);
#8401 = DIRECTION('',(1.,0.));
#8402 = ( GEOMETRIC_REPRESENTATION_CONTEXT(2)
PARAMETRIC_REPRESENTATION_CONTEXT() REPRESENTATION_CONTEXT('2D SPACE',''
  ) );
#8403 = PCURVE('',#8065,#8404);
#8404 = DEFINITIONAL_REPRESENTATION('',(#8405),#8409);
#8405 = LINE('',#8406,#8407);
#8406 = CARTESIAN_POINT('',(-0.314393257091,-2.322211042822));
#8407 = VECTOR('',#8408,1.);
#8408 = DIRECTION('',(1.,0.));
#8409 = ( GEOMETRIC_REPRESENTATION_CONTEXT(2)
PARAMETRIC_REPRESENTATION_CONTEXT() REPRESENTATION_CONTEXT('2D SPACE',''
  ) );
#8410 = ADVANCED_FACE('',(#8411),#8065,.F.);
#8411 = FACE_BOUND('',#8412,.F.);
#8412 = EDGE_LOOP('',(#8413,#8414,#8437,#8458,#8459,#8460));
#8413 = ORIENTED_EDGE('',*,*,#8049,.F.);
#8414 = ORIENTED_EDGE('',*,*,#8415,.T.);
#8415 = EDGE_CURVE('',#8017,#8416,#8418,.T.);
#8416 = VERTEX_POINT('',#8417);
#8417 = CARTESIAN_POINT('',(177.19887577724,11.303629746284,
    293.05066190746));
#8418 = SURFACE_CURVE('',#8419,(#8423,#8430),.PCURVE_S1.);
#8419 = LINE('',#8420,#8421);
#8420 = CARTESIAN_POINT('',(177.19887577724,11.303629746284,
    294.30066190746));
#8421 = VECTOR('',#8422,1.);
#8422 = DIRECTION('',(0.,0.,-1.));
#8423 = PCURVE('',#8065,#8424);
#8424 = DEFINITIONAL_REPRESENTATION('',(#8425),#8429);
#8425 = LINE('',#8426,#8427);
#8426 = CARTESIAN_POINT('',(0.935606742909,2.277788957178));
#8427 = VECTOR('',#8428,1.);
#8428 = DIRECTION('',(-1.,0.));
#8429 = ( GEOMETRIC_REPRESENTATION_CONTEXT(2)
PARAMETRIC_REPRESENTATION_CONTEXT() REPRESENTATION_CONTEXT('2D SPACE',''
  ) );
#8430 = PCURVE('',#8033,#8431);
#8431 = DEFINITIONAL_REPRESENTATION('',(#8432),#8436);
#8432 = LINE('',#8433,#8434);
#8433 = CARTESIAN_POINT('',(0.,-6.));
#8434 = VECTOR('',#8435,1.);
#8435 = DIRECTION('',(1.,0.));
#8436 = ( GEOMETRIC_REPRESENTATION_CONTEXT(2)
PARAMETRIC_REPRESENTATION_CONTEXT() REPRESENTATION_CONTEXT('2D SPACE',''
  ) );
#8437 = ORIENTED_EDGE('',*,*,#8438,.T.);
#8438 = EDGE_CURVE('',#8416,#8320,#8439,.T.);
#8439 = SURFACE_CURVE('',#8440,(#8444,#8451),.PCURVE_S1.);
#8440 = LINE('',#8441,#8442);
#8441 = CARTESIAN_POINT('',(177.19887577724,11.303629746284,
    293.05066190746));
#8442 = VECTOR('',#8443,1.);
#8443 = DIRECTION('',(-7.34547575084E-17,0.661621637087,-0.749837855365)
  );
#8444 = PCURVE('',#8065,#8445);
#8445 = DEFINITIONAL_REPRESENTATION('',(#8446),#8450);
#8446 = LINE('',#8447,#8448);
#8447 = CARTESIAN_POINT('',(-0.314393257091,2.277788957178));
#8448 = VECTOR('',#8449,1.);
#8449 = DIRECTION('',(-0.749837855365,-0.661621637087));
#8450 = ( GEOMETRIC_REPRESENTATION_CONTEXT(2)
PARAMETRIC_REPRESENTATION_CONTEXT() REPRESENTATION_CONTEXT('2D SPACE',''
  ) );
#8451 = PCURVE('',#8004,#8452);
#8452 = DEFINITIONAL_REPRESENTATION('',(#8453),#8457);
#8453 = LINE('',#8454,#8455);
#8454 = CARTESIAN_POINT('',(4.407285450504E-16,-6.));
#8455 = VECTOR('',#8456,1.);
#8456 = DIRECTION('',(1.,0.));
#8457 = ( GEOMETRIC_REPRESENTATION_CONTEXT(2)
PARAMETRIC_REPRESENTATION_CONTEXT() REPRESENTATION_CONTEXT('2D SPACE',''
  ) );
#8458 = ORIENTED_EDGE('',*,*,#8342,.T.);
#8459 = ORIENTED_EDGE('',*,*,#8268,.T.);
#8460 = ORIENTED_EDGE('',*,*,#8390,.T.);
#8461 = ADVANCED_FACE('',(#8462),#8033,.T.);
#8462 = FACE_BOUND('',#8463,.T.);
#8463 = EDGE_LOOP('',(#8464,#8465,#8466));
#8464 = ORIENTED_EDGE('',*,*,#8016,.T.);
#8465 = ORIENTED_EDGE('',*,*,#8415,.T.);
#8466 = ORIENTED_EDGE('',*,*,#8467,.F.);
#8467 = EDGE_CURVE('',#7984,#8416,#8468,.T.);
#8468 = SURFACE_CURVE('',#8469,(#8473,#8480),.PCURVE_S1.);
#8469 = LINE('',#8470,#8471);
#8470 = CARTESIAN_POINT('',(183.19887577724,11.303629746284,
    293.05066190746));
#8471 = VECTOR('',#8472,1.);
#8472 = DIRECTION('',(-1.,-1.110223024625E-16,0.));
#8473 = PCURVE('',#8033,#8474);
#8474 = DEFINITIONAL_REPRESENTATION('',(#8475),#8479);
#8475 = LINE('',#8476,#8477);
#8476 = CARTESIAN_POINT('',(1.25,0.));
#8477 = VECTOR('',#8478,1.);
#8478 = DIRECTION('',(-0.,-1.));
#8479 = ( GEOMETRIC_REPRESENTATION_CONTEXT(2)
PARAMETRIC_REPRESENTATION_CONTEXT() REPRESENTATION_CONTEXT('2D SPACE',''
  ) );
#8480 = PCURVE('',#8004,#8481);
#8481 = DEFINITIONAL_REPRESENTATION('',(#8482),#8486);
#8482 = LINE('',#8483,#8484);
#8483 = CARTESIAN_POINT('',(0.,0.));
#8484 = VECTOR('',#8485,1.);
#8485 = DIRECTION('',(0.,-1.));
#8486 = ( GEOMETRIC_REPRESENTATION_CONTEXT(2)
PARAMETRIC_REPRESENTATION_CONTEXT() REPRESENTATION_CONTEXT('2D SPACE',''
  ) );
#8487 = ADVANCED_FACE('',(#8488),#8004,.T.);
#8488 = FACE_BOUND('',#8489,.T.);
#8489 = EDGE_LOOP('',(#8490,#8513,#8534,#8535,#8536,#8537));
#8490 = ORIENTED_EDGE('',*,*,#8491,.F.);
#8491 = EDGE_CURVE('',#8492,#8318,#8494,.T.);
#8492 = VERTEX_POINT('',#8493);
#8493 = CARTESIAN_POINT('',(183.19887577724,11.303629746284,
    293.05066190746));
#8494 = SURFACE_CURVE('',#8495,(#8499,#8506),.PCURVE_S1.);
#8495 = LINE('',#8496,#8497);
#8496 = CARTESIAN_POINT('',(183.19887577724,11.303629746284,
    293.05066190746));
#8497 = VECTOR('',#8498,1.);
#8498 = DIRECTION('',(-7.34547575084E-17,0.661621637087,-0.749837855365)
  );
#8499 = PCURVE('',#8004,#8500);
#8500 = DEFINITIONAL_REPRESENTATION('',(#8501),#8505);
#8501 = LINE('',#8502,#8503);
#8502 = CARTESIAN_POINT('',(0.,0.));
#8503 = VECTOR('',#8504,1.);
#8504 = DIRECTION('',(1.,0.));
#8505 = ( GEOMETRIC_REPRESENTATION_CONTEXT(2)
PARAMETRIC_REPRESENTATION_CONTEXT() REPRESENTATION_CONTEXT('2D SPACE',''
  ) );
#8506 = PCURVE('',#7938,#8507);
#8507 = DEFINITIONAL_REPRESENTATION('',(#8508),#8512);
#8508 = LINE('',#8509,#8510);
#8509 = CARTESIAN_POINT('',(-0.314393257091,2.277788957178));
#8510 = VECTOR('',#8511,1.);
#8511 = DIRECTION('',(-0.749837855365,-0.661621637087));
#8512 = ( GEOMETRIC_REPRESENTATION_CONTEXT(2)
PARAMETRIC_REPRESENTATION_CONTEXT() REPRESENTATION_CONTEXT('2D SPACE',''
  ) );
#8513 = ORIENTED_EDGE('',*,*,#8514,.T.);
#8514 = EDGE_CURVE('',#8492,#7951,#8515,.T.);
#8515 = SURFACE_CURVE('',#8516,(#8520,#8527),.PCURVE_S1.);
#8516 = LINE('',#8517,#8518);
#8517 = CARTESIAN_POINT('',(183.19887577724,11.303629746284,
    293.05066190746));
#8518 = VECTOR('',#8519,1.);
#8519 = DIRECTION('',(-1.,-1.110223024625E-16,0.));
#8520 = PCURVE('',#8004,#8521);
#8521 = DEFINITIONAL_REPRESENTATION('',(#8522),#8526);
#8522 = LINE('',#8523,#8524);
#8523 = CARTESIAN_POINT('',(0.,0.));
#8524 = VECTOR('',#8525,1.);
#8525 = DIRECTION('',(0.,-1.));
#8526 = ( GEOMETRIC_REPRESENTATION_CONTEXT(2)
PARAMETRIC_REPRESENTATION_CONTEXT() REPRESENTATION_CONTEXT('2D SPACE',''
  ) );
#8527 = PCURVE('',#7967,#8528);
#8528 = DEFINITIONAL_REPRESENTATION('',(#8529),#8533);
#8529 = LINE('',#8530,#8531);
#8530 = CARTESIAN_POINT('',(1.25,0.));
#8531 = VECTOR('',#8532,1.);
#8532 = DIRECTION('',(-0.,-1.));
#8533 = ( GEOMETRIC_REPRESENTATION_CONTEXT(2)
PARAMETRIC_REPRESENTATION_CONTEXT() REPRESENTATION_CONTEXT('2D SPACE',''
  ) );
#8534 = ORIENTED_EDGE('',*,*,#7983,.F.);
#8535 = ORIENTED_EDGE('',*,*,#8467,.T.);
#8536 = ORIENTED_EDGE('',*,*,#8438,.T.);
#8537 = ORIENTED_EDGE('',*,*,#8317,.F.);
#8538 = ADVANCED_FACE('',(#8539),#7967,.T.);
#8539 = FACE_BOUND('',#8540,.T.);
#8540 = EDGE_LOOP('',(#8541,#8562,#8563));
#8541 = ORIENTED_EDGE('',*,*,#8542,.F.);
#8542 = EDGE_CURVE('',#7921,#8492,#8543,.T.);
#8543 = SURFACE_CURVE('',#8544,(#8548,#8555),.PCURVE_S1.);
#8544 = LINE('',#8545,#8546);
#8545 = CARTESIAN_POINT('',(183.19887577724,11.303629746284,
    294.30066190746));
#8546 = VECTOR('',#8547,1.);
#8547 = DIRECTION('',(0.,0.,-1.));
#8548 = PCURVE('',#7967,#8549);
#8549 = DEFINITIONAL_REPRESENTATION('',(#8550),#8554);
#8550 = LINE('',#8551,#8552);
#8551 = CARTESIAN_POINT('',(0.,0.));
#8552 = VECTOR('',#8553,1.);
#8553 = DIRECTION('',(1.,0.));
#8554 = ( GEOMETRIC_REPRESENTATION_CONTEXT(2)
PARAMETRIC_REPRESENTATION_CONTEXT() REPRESENTATION_CONTEXT('2D SPACE',''
  ) );
#8555 = PCURVE('',#7938,#8556);
#8556 = DEFINITIONAL_REPRESENTATION('',(#8557),#8561);
#8557 = LINE('',#8558,#8559);
#8558 = CARTESIAN_POINT('',(0.935606742909,2.277788957178));
#8559 = VECTOR('',#8560,1.);
#8560 = DIRECTION('',(-1.,0.));
#8561 = ( GEOMETRIC_REPRESENTATION_CONTEXT(2)
PARAMETRIC_REPRESENTATION_CONTEXT() REPRESENTATION_CONTEXT('2D SPACE',''
  ) );
#8562 = ORIENTED_EDGE('',*,*,#7950,.T.);
#8563 = ORIENTED_EDGE('',*,*,#8514,.F.);
#8564 = ADVANCED_FACE('',(#8565),#7938,.T.);
#8565 = FACE_BOUND('',#8566,.T.);
#8566 = EDGE_LOOP('',(#8567,#8568,#8569,#8570,#8571,#8572));
#8567 = ORIENTED_EDGE('',*,*,#7920,.F.);
#8568 = ORIENTED_EDGE('',*,*,#8542,.T.);
#8569 = ORIENTED_EDGE('',*,*,#8491,.T.);
#8570 = ORIENTED_EDGE('',*,*,#8364,.T.);
#8571 = ORIENTED_EDGE('',*,*,#8217,.T.);
#8572 = ORIENTED_EDGE('',*,*,#8169,.T.);
#8573 = ADVANCED_FACE('',(#8574),#7906,.T.);
#8574 = FACE_BOUND('',#8575,.T.);
#8575 = EDGE_LOOP('',(#8576,#8601,#8622,#8623,#8646,#8669));
#8576 = ORIENTED_EDGE('',*,*,#8577,.F.);
#8577 = EDGE_CURVE('',#8578,#8580,#8582,.T.);
#8578 = VERTEX_POINT('',#8579);
#8579 = CARTESIAN_POINT('',(183.19887577724,15.903629746284,
    301.95066190746));
#8580 = VERTEX_POINT('',#8581);
#8581 = CARTESIAN_POINT('',(183.19887577724,14.603629746284,
    302.85066190746));
#8582 = SURFACE_CURVE('',#8583,(#8587,#8594),.PCURVE_S1.);
#8583 = LINE('',#8584,#8585);
#8584 = CARTESIAN_POINT('',(183.19887577724,15.903629746284,
    301.95066190746));
#8585 = VECTOR('',#8586,1.);
#8586 = DIRECTION('',(9.128167018299E-17,-0.822192191644,0.56920997883)
  );
#8587 = PCURVE('',#7906,#8588);
#8588 = DEFINITIONAL_REPRESENTATION('',(#8589),#8593);
#8589 = LINE('',#8590,#8591);
#8590 = CARTESIAN_POINT('',(0.,0.));
#8591 = VECTOR('',#8592,1.);
#8592 = DIRECTION('',(1.,0.));
#8593 = ( GEOMETRIC_REPRESENTATION_CONTEXT(2)
PARAMETRIC_REPRESENTATION_CONTEXT() REPRESENTATION_CONTEXT('2D SPACE',''
  ) );
#8594 = PCURVE('',#7846,#8595);
#8595 = DEFINITIONAL_REPRESENTATION('',(#8596),#8600);
#8596 = LINE('',#8597,#8598);
#8597 = CARTESIAN_POINT('',(0.314393257091,-2.322211042822));
#8598 = VECTOR('',#8599,1.);
#8599 = DIRECTION('',(0.56920997883,0.822192191644));
#8600 = ( GEOMETRIC_REPRESENTATION_CONTEXT(2)
PARAMETRIC_REPRESENTATION_CONTEXT() REPRESENTATION_CONTEXT('2D SPACE',''
  ) );
#8601 = ORIENTED_EDGE('',*,*,#8602,.T.);
#8602 = EDGE_CURVE('',#8578,#7859,#8603,.T.);
#8603 = SURFACE_CURVE('',#8604,(#8608,#8615),.PCURVE_S1.);
#8604 = LINE('',#8605,#8606);
#8605 = CARTESIAN_POINT('',(183.19887577724,15.903629746284,
    301.95066190746));
#8606 = VECTOR('',#8607,1.);
#8607 = DIRECTION('',(-1.,-1.110223024625E-16,0.));
#8608 = PCURVE('',#7906,#8609);
#8609 = DEFINITIONAL_REPRESENTATION('',(#8610),#8614);
#8610 = LINE('',#8611,#8612);
#8611 = CARTESIAN_POINT('',(0.,0.));
#8612 = VECTOR('',#8613,1.);
#8613 = DIRECTION('',(0.,-1.));
#8614 = ( GEOMETRIC_REPRESENTATION_CONTEXT(2)
PARAMETRIC_REPRESENTATION_CONTEXT() REPRESENTATION_CONTEXT('2D SPACE',''
  ) );
#8615 = PCURVE('',#7875,#8616);
#8616 = DEFINITIONAL_REPRESENTATION('',(#8617),#8621);
#8617 = LINE('',#8618,#8619);
#8618 = CARTESIAN_POINT('',(1.25,0.));
#8619 = VECTOR('',#8620,1.);
#8620 = DIRECTION('',(0.,-1.));
#8621 = ( GEOMETRIC_REPRESENTATION_CONTEXT(2)
PARAMETRIC_REPRESENTATION_CONTEXT() REPRESENTATION_CONTEXT('2D SPACE',''
  ) );
#8622 = ORIENTED_EDGE('',*,*,#7887,.F.);
#8623 = ORIENTED_EDGE('',*,*,#8624,.T.);
#8624 = EDGE_CURVE('',#7675,#8625,#8627,.T.);
#8625 = VERTEX_POINT('',#8626);
#8626 = CARTESIAN_POINT('',(177.19887577724,15.903629746284,
    301.95066190746));
#8627 = SURFACE_CURVE('',#8628,(#8632,#8639),.PCURVE_S1.);
#8628 = LINE('',#8629,#8630);
#8629 = CARTESIAN_POINT('',(183.19887577724,15.903629746284,
    301.95066190746));
#8630 = VECTOR('',#8631,1.);
#8631 = DIRECTION('',(-1.,-1.110223024625E-16,0.));
#8632 = PCURVE('',#7906,#8633);
#8633 = DEFINITIONAL_REPRESENTATION('',(#8634),#8638);
#8634 = LINE('',#8635,#8636);
#8635 = CARTESIAN_POINT('',(0.,0.));
#8636 = VECTOR('',#8637,1.);
#8637 = DIRECTION('',(0.,-1.));
#8638 = ( GEOMETRIC_REPRESENTATION_CONTEXT(2)
PARAMETRIC_REPRESENTATION_CONTEXT() REPRESENTATION_CONTEXT('2D SPACE',''
  ) );
#8639 = PCURVE('',#7691,#8640);
#8640 = DEFINITIONAL_REPRESENTATION('',(#8641),#8645);
#8641 = LINE('',#8642,#8643);
#8642 = CARTESIAN_POINT('',(1.25,0.));
#8643 = VECTOR('',#8644,1.);
#8644 = DIRECTION('',(0.,-1.));
#8645 = ( GEOMETRIC_REPRESENTATION_CONTEXT(2)
PARAMETRIC_REPRESENTATION_CONTEXT() REPRESENTATION_CONTEXT('2D SPACE',''
  ) );
#8646 = ORIENTED_EDGE('',*,*,#8647,.T.);
#8647 = EDGE_CURVE('',#8625,#8648,#8650,.T.);
#8648 = VERTEX_POINT('',#8649);
#8649 = CARTESIAN_POINT('',(177.19887577724,14.603629746284,
    302.85066190746));
#8650 = SURFACE_CURVE('',#8651,(#8655,#8662),.PCURVE_S1.);
#8651 = LINE('',#8652,#8653);
#8652 = CARTESIAN_POINT('',(177.19887577724,15.903629746284,
    301.95066190746));
#8653 = VECTOR('',#8654,1.);
#8654 = DIRECTION('',(9.128167018299E-17,-0.822192191644,0.56920997883)
  );
#8655 = PCURVE('',#7906,#8656);
#8656 = DEFINITIONAL_REPRESENTATION('',(#8657),#8661);
#8657 = LINE('',#8658,#8659);
#8658 = CARTESIAN_POINT('',(-5.47690021098E-16,-6.));
#8659 = VECTOR('',#8660,1.);
#8660 = DIRECTION('',(1.,0.));
#8661 = ( GEOMETRIC_REPRESENTATION_CONTEXT(2)
PARAMETRIC_REPRESENTATION_CONTEXT() REPRESENTATION_CONTEXT('2D SPACE',''
  ) );
#8662 = PCURVE('',#7719,#8663);
#8663 = DEFINITIONAL_REPRESENTATION('',(#8664),#8668);
#8664 = LINE('',#8665,#8666);
#8665 = CARTESIAN_POINT('',(0.314393257091,-2.322211042822));
#8666 = VECTOR('',#8667,1.);
#8667 = DIRECTION('',(0.56920997883,0.822192191644));
#8668 = ( GEOMETRIC_REPRESENTATION_CONTEXT(2)
PARAMETRIC_REPRESENTATION_CONTEXT() REPRESENTATION_CONTEXT('2D SPACE',''
  ) );
#8669 = ORIENTED_EDGE('',*,*,#8670,.F.);
#8670 = EDGE_CURVE('',#8580,#8648,#8671,.T.);
#8671 = SURFACE_CURVE('',#8672,(#8676,#8683),.PCURVE_S1.);
#8672 = LINE('',#8673,#8674);
#8673 = CARTESIAN_POINT('',(183.19887577724,14.603629746284,
    302.85066190746));
#8674 = VECTOR('',#8675,1.);
#8675 = DIRECTION('',(-1.,-1.110223024625E-16,0.));
#8676 = PCURVE('',#7906,#8677);
#8677 = DEFINITIONAL_REPRESENTATION('',(#8678),#8682);
#8678 = LINE('',#8679,#8680);
#8679 = CARTESIAN_POINT('',(1.581138830084,-1.443289932013E-16));
#8680 = VECTOR('',#8681,1.);
#8681 = DIRECTION('',(0.,-1.));
#8682 = ( GEOMETRIC_REPRESENTATION_CONTEXT(2)
PARAMETRIC_REPRESENTATION_CONTEXT() REPRESENTATION_CONTEXT('2D SPACE',''
  ) );
#8683 = PCURVE('',#8684,#8689);
#8684 = PLANE('',#8685);
#8685 = AXIS2_PLACEMENT_3D('',#8686,#8687,#8688);
#8686 = CARTESIAN_POINT('',(183.19887577724,14.603629746284,
    302.85066190746));
#8687 = DIRECTION('',(2.17648953687E-18,-1.960407493445E-02,
    0.999807821657));
#8688 = DIRECTION('',(1.110009663804E-16,-0.999807821657,
    -1.960407493445E-02));
#8689 = DEFINITIONAL_REPRESENTATION('',(#8690),#8694);
#8690 = LINE('',#8691,#8692);
#8691 = CARTESIAN_POINT('',(0.,0.));
#8692 = VECTOR('',#8693,1.);
#8693 = DIRECTION('',(0.,-1.));
#8694 = ( GEOMETRIC_REPRESENTATION_CONTEXT(2)
PARAMETRIC_REPRESENTATION_CONTEXT() REPRESENTATION_CONTEXT('2D SPACE',''
  ) );
#8695 = ADVANCED_FACE('',(#8696),#8684,.T.);
#8696 = FACE_BOUND('',#8697,.T.);
#8697 = EDGE_LOOP('',(#8698,#8699,#8722,#8745));
#8698 = ORIENTED_EDGE('',*,*,#8670,.T.);
#8699 = ORIENTED_EDGE('',*,*,#8700,.T.);
#8700 = EDGE_CURVE('',#8648,#8701,#8703,.T.);
#8701 = VERTEX_POINT('',#8702);
#8702 = CARTESIAN_POINT('',(177.19887577724,12.053629746284,
    302.80066190746));
#8703 = SURFACE_CURVE('',#8704,(#8708,#8715),.PCURVE_S1.);
#8704 = LINE('',#8705,#8706);
#8705 = CARTESIAN_POINT('',(177.19887577724,14.603629746284,
    302.85066190746));
#8706 = VECTOR('',#8707,1.);
#8707 = DIRECTION('',(1.110009663804E-16,-0.999807821657,
    -1.960407493445E-02));
#8708 = PCURVE('',#8684,#8709);
#8709 = DEFINITIONAL_REPRESENTATION('',(#8710),#8714);
#8710 = LINE('',#8711,#8712);
#8711 = CARTESIAN_POINT('',(-6.660057982822E-16,-6.));
#8712 = VECTOR('',#8713,1.);
#8713 = DIRECTION('',(1.,0.));
#8714 = ( GEOMETRIC_REPRESENTATION_CONTEXT(2)
PARAMETRIC_REPRESENTATION_CONTEXT() REPRESENTATION_CONTEXT('2D SPACE',''
  ) );
#8715 = PCURVE('',#7719,#8716);
#8716 = DEFINITIONAL_REPRESENTATION('',(#8717),#8721);
#8717 = LINE('',#8718,#8719);
#8718 = CARTESIAN_POINT('',(1.214393257091,-1.022211042822));
#8719 = VECTOR('',#8720,1.);
#8720 = DIRECTION('',(-1.960407493445E-02,0.999807821657));
#8721 = ( GEOMETRIC_REPRESENTATION_CONTEXT(2)
PARAMETRIC_REPRESENTATION_CONTEXT() REPRESENTATION_CONTEXT('2D SPACE',''
  ) );
#8722 = ORIENTED_EDGE('',*,*,#8723,.F.);
#8723 = EDGE_CURVE('',#8724,#8701,#8726,.T.);
#8724 = VERTEX_POINT('',#8725);
#8725 = CARTESIAN_POINT('',(183.19887577724,12.053629746284,
    302.80066190746));
#8726 = SURFACE_CURVE('',#8727,(#8731,#8738),.PCURVE_S1.);
#8727 = LINE('',#8728,#8729);
#8728 = CARTESIAN_POINT('',(183.19887577724,12.053629746284,
    302.80066190746));
#8729 = VECTOR('',#8730,1.);
#8730 = DIRECTION('',(-1.,-1.110223024625E-16,0.));
#8731 = PCURVE('',#8684,#8732);
#8732 = DEFINITIONAL_REPRESENTATION('',(#8733),#8737);
#8733 = LINE('',#8734,#8735);
#8734 = CARTESIAN_POINT('',(2.550490148971,-2.831068712794E-16));
#8735 = VECTOR('',#8736,1.);
#8736 = DIRECTION('',(0.,-1.));
#8737 = ( GEOMETRIC_REPRESENTATION_CONTEXT(2)
PARAMETRIC_REPRESENTATION_CONTEXT() REPRESENTATION_CONTEXT('2D SPACE',''
  ) );
#8738 = PCURVE('',#7785,#8739);
#8739 = DEFINITIONAL_REPRESENTATION('',(#8740),#8744);
#8740 = LINE('',#8741,#8742);
#8741 = CARTESIAN_POINT('',(0.,0.));
#8742 = VECTOR('',#8743,1.);
#8743 = DIRECTION('',(0.,-1.));
#8744 = ( GEOMETRIC_REPRESENTATION_CONTEXT(2)
PARAMETRIC_REPRESENTATION_CONTEXT() REPRESENTATION_CONTEXT('2D SPACE',''
  ) );
#8745 = ORIENTED_EDGE('',*,*,#8746,.F.);
#8746 = EDGE_CURVE('',#8580,#8724,#8747,.T.);
#8747 = SURFACE_CURVE('',#8748,(#8752,#8759),.PCURVE_S1.);
#8748 = LINE('',#8749,#8750);
#8749 = CARTESIAN_POINT('',(183.19887577724,14.603629746284,
    302.85066190746));
#8750 = VECTOR('',#8751,1.);
#8751 = DIRECTION('',(1.110009663804E-16,-0.999807821657,
    -1.960407493445E-02));
#8752 = PCURVE('',#8684,#8753);
#8753 = DEFINITIONAL_REPRESENTATION('',(#8754),#8758);
#8754 = LINE('',#8755,#8756);
#8755 = CARTESIAN_POINT('',(0.,0.));
#8756 = VECTOR('',#8757,1.);
#8757 = DIRECTION('',(1.,0.));
#8758 = ( GEOMETRIC_REPRESENTATION_CONTEXT(2)
PARAMETRIC_REPRESENTATION_CONTEXT() REPRESENTATION_CONTEXT('2D SPACE',''
  ) );
#8759 = PCURVE('',#7846,#8760);
#8760 = DEFINITIONAL_REPRESENTATION('',(#8761),#8765);
#8761 = LINE('',#8762,#8763);
#8762 = CARTESIAN_POINT('',(1.214393257091,-1.022211042822));
#8763 = VECTOR('',#8764,1.);
#8764 = DIRECTION('',(-1.960407493445E-02,0.999807821657));
#8765 = ( GEOMETRIC_REPRESENTATION_CONTEXT(2)
PARAMETRIC_REPRESENTATION_CONTEXT() REPRESENTATION_CONTEXT('2D SPACE',''
  ) );
#8766 = ADVANCED_FACE('',(#8767),#7875,.T.);
#8767 = FACE_BOUND('',#8768,.T.);
#8768 = EDGE_LOOP('',(#8769,#8790,#8791));
#8769 = ORIENTED_EDGE('',*,*,#8770,.F.);
#8770 = EDGE_CURVE('',#7831,#8578,#8771,.T.);
#8771 = SURFACE_CURVE('',#8772,(#8776,#8783),.PCURVE_S1.);
#8772 = LINE('',#8773,#8774);
#8773 = CARTESIAN_POINT('',(183.19887577724,15.903629746284,
    300.70066190746));
#8774 = VECTOR('',#8775,1.);
#8775 = DIRECTION('',(0.,0.,1.));
#8776 = PCURVE('',#7875,#8777);
#8777 = DEFINITIONAL_REPRESENTATION('',(#8778),#8782);
#8778 = LINE('',#8779,#8780);
#8779 = CARTESIAN_POINT('',(0.,0.));
#8780 = VECTOR('',#8781,1.);
#8781 = DIRECTION('',(1.,0.));
#8782 = ( GEOMETRIC_REPRESENTATION_CONTEXT(2)
PARAMETRIC_REPRESENTATION_CONTEXT() REPRESENTATION_CONTEXT('2D SPACE',''
  ) );
#8783 = PCURVE('',#7846,#8784);
#8784 = DEFINITIONAL_REPRESENTATION('',(#8785),#8789);
#8785 = LINE('',#8786,#8787);
#8786 = CARTESIAN_POINT('',(-0.935606742909,-2.322211042822));
#8787 = VECTOR('',#8788,1.);
#8788 = DIRECTION('',(1.,0.));
#8789 = ( GEOMETRIC_REPRESENTATION_CONTEXT(2)
PARAMETRIC_REPRESENTATION_CONTEXT() REPRESENTATION_CONTEXT('2D SPACE',''
  ) );
#8790 = ORIENTED_EDGE('',*,*,#7858,.F.);
#8791 = ORIENTED_EDGE('',*,*,#8602,.F.);
#8792 = ADVANCED_FACE('',(#8793),#7846,.T.);
#8793 = FACE_BOUND('',#8794,.T.);
#8794 = EDGE_LOOP('',(#8795,#8796,#8797,#8798,#8799,#8822));
#8795 = ORIENTED_EDGE('',*,*,#7830,.T.);
#8796 = ORIENTED_EDGE('',*,*,#8770,.T.);
#8797 = ORIENTED_EDGE('',*,*,#8577,.T.);
#8798 = ORIENTED_EDGE('',*,*,#8746,.T.);
#8799 = ORIENTED_EDGE('',*,*,#8800,.T.);
#8800 = EDGE_CURVE('',#8724,#8801,#8803,.T.);
#8801 = VERTEX_POINT('',#8802);
#8802 = CARTESIAN_POINT('',(183.19887577724,11.303629746284,
    301.95066190746));
#8803 = SURFACE_CURVE('',#8804,(#8808,#8815),.PCURVE_S1.);
#8804 = LINE('',#8805,#8806);
#8805 = CARTESIAN_POINT('',(183.19887577724,12.053629746284,
    302.80066190746));
#8806 = VECTOR('',#8807,1.);
#8807 = DIRECTION('',(7.34547575084E-17,-0.661621637087,-0.749837855365)
  );
#8808 = PCURVE('',#7846,#8809);
#8809 = DEFINITIONAL_REPRESENTATION('',(#8810),#8814);
#8810 = LINE('',#8811,#8812);
#8811 = CARTESIAN_POINT('',(1.164393257091,1.527788957178));
#8812 = VECTOR('',#8813,1.);
#8813 = DIRECTION('',(-0.749837855365,0.661621637087));
#8814 = ( GEOMETRIC_REPRESENTATION_CONTEXT(2)
PARAMETRIC_REPRESENTATION_CONTEXT() REPRESENTATION_CONTEXT('2D SPACE',''
  ) );
#8815 = PCURVE('',#7785,#8816);
#8816 = DEFINITIONAL_REPRESENTATION('',(#8817),#8821);
#8817 = LINE('',#8818,#8819);
#8818 = CARTESIAN_POINT('',(0.,0.));
#8819 = VECTOR('',#8820,1.);
#8820 = DIRECTION('',(1.,0.));
#8821 = ( GEOMETRIC_REPRESENTATION_CONTEXT(2)
PARAMETRIC_REPRESENTATION_CONTEXT() REPRESENTATION_CONTEXT('2D SPACE',''
  ) );
#8822 = ORIENTED_EDGE('',*,*,#8823,.T.);
#8823 = EDGE_CURVE('',#8801,#7798,#8824,.T.);
#8824 = SURFACE_CURVE('',#8825,(#8829,#8836),.PCURVE_S1.);
#8825 = LINE('',#8826,#8827);
#8826 = CARTESIAN_POINT('',(183.19887577724,11.303629746284,
    301.95066190746));
#8827 = VECTOR('',#8828,1.);
#8828 = DIRECTION('',(0.,0.,-1.));
#8829 = PCURVE('',#7846,#8830);
#8830 = DEFINITIONAL_REPRESENTATION('',(#8831),#8835);
#8831 = LINE('',#8832,#8833);
#8832 = CARTESIAN_POINT('',(0.314393257091,2.277788957178));
#8833 = VECTOR('',#8834,1.);
#8834 = DIRECTION('',(-1.,0.));
#8835 = ( GEOMETRIC_REPRESENTATION_CONTEXT(2)
PARAMETRIC_REPRESENTATION_CONTEXT() REPRESENTATION_CONTEXT('2D SPACE',''
  ) );
#8836 = PCURVE('',#7814,#8837);
#8837 = DEFINITIONAL_REPRESENTATION('',(#8838),#8842);
#8838 = LINE('',#8839,#8840);
#8839 = CARTESIAN_POINT('',(0.,0.));
#8840 = VECTOR('',#8841,1.);
#8841 = DIRECTION('',(1.,0.));
#8842 = ( GEOMETRIC_REPRESENTATION_CONTEXT(2)
PARAMETRIC_REPRESENTATION_CONTEXT() REPRESENTATION_CONTEXT('2D SPACE',''
  ) );
#8843 = ADVANCED_FACE('',(#8844),#7814,.T.);
#8844 = FACE_BOUND('',#8845,.T.);
#8845 = EDGE_LOOP('',(#8846,#8847,#8868));
#8846 = ORIENTED_EDGE('',*,*,#8823,.F.);
#8847 = ORIENTED_EDGE('',*,*,#8848,.T.);
#8848 = EDGE_CURVE('',#8801,#7765,#8849,.T.);
#8849 = SURFACE_CURVE('',#8850,(#8854,#8861),.PCURVE_S1.);
#8850 = LINE('',#8851,#8852);
#8851 = CARTESIAN_POINT('',(183.19887577724,11.303629746284,
    301.95066190746));
#8852 = VECTOR('',#8853,1.);
#8853 = DIRECTION('',(-1.,-1.110223024625E-16,0.));
#8854 = PCURVE('',#7814,#8855);
#8855 = DEFINITIONAL_REPRESENTATION('',(#8856),#8860);
#8856 = LINE('',#8857,#8858);
#8857 = CARTESIAN_POINT('',(0.,0.));
#8858 = VECTOR('',#8859,1.);
#8859 = DIRECTION('',(-0.,-1.));
#8860 = ( GEOMETRIC_REPRESENTATION_CONTEXT(2)
PARAMETRIC_REPRESENTATION_CONTEXT() REPRESENTATION_CONTEXT('2D SPACE',''
  ) );
#8861 = PCURVE('',#7785,#8862);
#8862 = DEFINITIONAL_REPRESENTATION('',(#8863),#8867);
#8863 = LINE('',#8864,#8865);
#8864 = CARTESIAN_POINT('',(1.133578404875,-8.326672684689E-17));
#8865 = VECTOR('',#8866,1.);
#8866 = DIRECTION('',(0.,-1.));
#8867 = ( GEOMETRIC_REPRESENTATION_CONTEXT(2)
PARAMETRIC_REPRESENTATION_CONTEXT() REPRESENTATION_CONTEXT('2D SPACE',''
  ) );
#8868 = ORIENTED_EDGE('',*,*,#7797,.T.);
#8869 = ADVANCED_FACE('',(#8870),#7785,.T.);
#8870 = FACE_BOUND('',#8871,.T.);
#8871 = EDGE_LOOP('',(#8872,#8873,#8874,#8897,#8918,#8919));
#8872 = ORIENTED_EDGE('',*,*,#8800,.F.);
#8873 = ORIENTED_EDGE('',*,*,#8723,.T.);
#8874 = ORIENTED_EDGE('',*,*,#8875,.T.);
#8875 = EDGE_CURVE('',#8701,#8876,#8878,.T.);
#8876 = VERTEX_POINT('',#8877);
#8877 = CARTESIAN_POINT('',(177.19887577724,11.303629746284,
    301.95066190746));
#8878 = SURFACE_CURVE('',#8879,(#8883,#8890),.PCURVE_S1.);
#8879 = LINE('',#8880,#8881);
#8880 = CARTESIAN_POINT('',(177.19887577724,12.053629746284,
    302.80066190746));
#8881 = VECTOR('',#8882,1.);
#8882 = DIRECTION('',(7.34547575084E-17,-0.661621637087,-0.749837855365)
  );
#8883 = PCURVE('',#7785,#8884);
#8884 = DEFINITIONAL_REPRESENTATION('',(#8885),#8889);
#8885 = LINE('',#8886,#8887);
#8886 = CARTESIAN_POINT('',(-4.407285450504E-16,-6.));
#8887 = VECTOR('',#8888,1.);
#8888 = DIRECTION('',(1.,0.));
#8889 = ( GEOMETRIC_REPRESENTATION_CONTEXT(2)
PARAMETRIC_REPRESENTATION_CONTEXT() REPRESENTATION_CONTEXT('2D SPACE',''
  ) );
#8890 = PCURVE('',#7719,#8891);
#8891 = DEFINITIONAL_REPRESENTATION('',(#8892),#8896);
#8892 = LINE('',#8893,#8894);
#8893 = CARTESIAN_POINT('',(1.164393257091,1.527788957178));
#8894 = VECTOR('',#8895,1.);
#8895 = DIRECTION('',(-0.749837855365,0.661621637087));
#8896 = ( GEOMETRIC_REPRESENTATION_CONTEXT(2)
PARAMETRIC_REPRESENTATION_CONTEXT() REPRESENTATION_CONTEXT('2D SPACE',''
  ) );
#8897 = ORIENTED_EDGE('',*,*,#8898,.F.);
#8898 = EDGE_CURVE('',#7732,#8876,#8899,.T.);
#8899 = SURFACE_CURVE('',#8900,(#8904,#8911),.PCURVE_S1.);
#8900 = LINE('',#8901,#8902);
#8901 = CARTESIAN_POINT('',(183.19887577724,11.303629746284,
    301.95066190746));
#8902 = VECTOR('',#8903,1.);
#8903 = DIRECTION('',(-1.,-1.110223024625E-16,0.));
#8904 = PCURVE('',#7785,#8905);
#8905 = DEFINITIONAL_REPRESENTATION('',(#8906),#8910);
#8906 = LINE('',#8907,#8908);
#8907 = CARTESIAN_POINT('',(1.133578404875,-8.326672684689E-17));
#8908 = VECTOR('',#8909,1.);
#8909 = DIRECTION('',(0.,-1.));
#8910 = ( GEOMETRIC_REPRESENTATION_CONTEXT(2)
PARAMETRIC_REPRESENTATION_CONTEXT() REPRESENTATION_CONTEXT('2D SPACE',''
  ) );
#8911 = PCURVE('',#7748,#8912);
#8912 = DEFINITIONAL_REPRESENTATION('',(#8913),#8917);
#8913 = LINE('',#8914,#8915);
#8914 = CARTESIAN_POINT('',(0.,0.));
#8915 = VECTOR('',#8916,1.);
#8916 = DIRECTION('',(-0.,-1.));
#8917 = ( GEOMETRIC_REPRESENTATION_CONTEXT(2)
PARAMETRIC_REPRESENTATION_CONTEXT() REPRESENTATION_CONTEXT('2D SPACE',''
  ) );
#8918 = ORIENTED_EDGE('',*,*,#7764,.F.);
#8919 = ORIENTED_EDGE('',*,*,#8848,.F.);
#8920 = ADVANCED_FACE('',(#8921),#7748,.T.);
#8921 = FACE_BOUND('',#8922,.T.);
#8922 = EDGE_LOOP('',(#8923,#8924,#8925));
#8923 = ORIENTED_EDGE('',*,*,#7731,.T.);
#8924 = ORIENTED_EDGE('',*,*,#8898,.T.);
#8925 = ORIENTED_EDGE('',*,*,#8926,.T.);
#8926 = EDGE_CURVE('',#8876,#7704,#8927,.T.);
#8927 = SURFACE_CURVE('',#8928,(#8932,#8939),.PCURVE_S1.);
#8928 = LINE('',#8929,#8930);
#8929 = CARTESIAN_POINT('',(177.19887577724,11.303629746284,
    301.95066190746));
#8930 = VECTOR('',#8931,1.);
#8931 = DIRECTION('',(0.,0.,-1.));
#8932 = PCURVE('',#7748,#8933);
#8933 = DEFINITIONAL_REPRESENTATION('',(#8934),#8938);
#8934 = LINE('',#8935,#8936);
#8935 = CARTESIAN_POINT('',(0.,-6.));
#8936 = VECTOR('',#8937,1.);
#8937 = DIRECTION('',(1.,0.));
#8938 = ( GEOMETRIC_REPRESENTATION_CONTEXT(2)
PARAMETRIC_REPRESENTATION_CONTEXT() REPRESENTATION_CONTEXT('2D SPACE',''
  ) );
#8939 = PCURVE('',#7719,#8940);
#8940 = DEFINITIONAL_REPRESENTATION('',(#8941),#8945);
#8941 = LINE('',#8942,#8943);
#8942 = CARTESIAN_POINT('',(0.314393257091,2.277788957178));
#8943 = VECTOR('',#8944,1.);
#8944 = DIRECTION('',(-1.,0.));
#8945 = ( GEOMETRIC_REPRESENTATION_CONTEXT(2)
PARAMETRIC_REPRESENTATION_CONTEXT() REPRESENTATION_CONTEXT('2D SPACE',''
  ) );
#8946 = ADVANCED_FACE('',(#8947),#7719,.F.);
#8947 = FACE_BOUND('',#8948,.F.);
#8948 = EDGE_LOOP('',(#8949,#8950,#8971,#8972,#8973,#8974));
#8949 = ORIENTED_EDGE('',*,*,#7703,.T.);
#8950 = ORIENTED_EDGE('',*,*,#8951,.T.);
#8951 = EDGE_CURVE('',#7673,#8625,#8952,.T.);
#8952 = SURFACE_CURVE('',#8953,(#8957,#8964),.PCURVE_S1.);
#8953 = LINE('',#8954,#8955);
#8954 = CARTESIAN_POINT('',(177.19887577724,15.903629746284,
    300.70066190746));
#8955 = VECTOR('',#8956,1.);
#8956 = DIRECTION('',(0.,0.,1.));
#8957 = PCURVE('',#7719,#8958);
#8958 = DEFINITIONAL_REPRESENTATION('',(#8959),#8963);
#8959 = LINE('',#8960,#8961);
#8960 = CARTESIAN_POINT('',(-0.935606742909,-2.322211042822));
#8961 = VECTOR('',#8962,1.);
#8962 = DIRECTION('',(1.,0.));
#8963 = ( GEOMETRIC_REPRESENTATION_CONTEXT(2)
PARAMETRIC_REPRESENTATION_CONTEXT() REPRESENTATION_CONTEXT('2D SPACE',''
  ) );
#8964 = PCURVE('',#7691,#8965);
#8965 = DEFINITIONAL_REPRESENTATION('',(#8966),#8970);
#8966 = LINE('',#8967,#8968);
#8967 = CARTESIAN_POINT('',(0.,-6.));
#8968 = VECTOR('',#8969,1.);
#8969 = DIRECTION('',(1.,0.));
#8970 = ( GEOMETRIC_REPRESENTATION_CONTEXT(2)
PARAMETRIC_REPRESENTATION_CONTEXT() REPRESENTATION_CONTEXT('2D SPACE',''
  ) );
#8971 = ORIENTED_EDGE('',*,*,#8647,.T.);
#8972 = ORIENTED_EDGE('',*,*,#8700,.T.);
#8973 = ORIENTED_EDGE('',*,*,#8875,.T.);
#8974 = ORIENTED_EDGE('',*,*,#8926,.T.);
#8975 = ADVANCED_FACE('',(#8976),#7691,.T.);
#8976 = FACE_BOUND('',#8977,.T.);
#8977 = EDGE_LOOP('',(#8978,#8979,#8980));
#8978 = ORIENTED_EDGE('',*,*,#7672,.F.);
#8979 = ORIENTED_EDGE('',*,*,#8951,.T.);
#8980 = ORIENTED_EDGE('',*,*,#8624,.F.);
#8981 = ADVANCED_FACE('',(#8982),#7609,.T.);
#8982 = FACE_BOUND('',#8983,.T.);
#8983 = EDGE_LOOP('',(#8984,#8985,#9008,#9041));
#8984 = ORIENTED_EDGE('',*,*,#7592,.T.);
#8985 = ORIENTED_EDGE('',*,*,#8986,.T.);
#8986 = EDGE_CURVE('',#7593,#8987,#8989,.T.);
#8987 = VERTEX_POINT('',#8988);
#8988 = CARTESIAN_POINT('',(183.09283500294,9.553629746284,
    297.07566190746));
#8989 = SURFACE_CURVE('',#8990,(#8994,#9001),.PCURVE_S1.);
#8990 = LINE('',#8991,#8992);
#8991 = CARTESIAN_POINT('',(177.49887577724,9.553629746284,
    297.07566190746));
#8992 = VECTOR('',#8993,1.);
#8993 = DIRECTION('',(-1.,-1.110223024625E-16,0.));
#8994 = PCURVE('',#7609,#8995);
#8995 = DEFINITIONAL_REPRESENTATION('',(#8996),#9000);
#8996 = LINE('',#8997,#8998);
#8997 = CARTESIAN_POINT('',(-0.425,2.7));
#8998 = VECTOR('',#8999,1.);
#8999 = DIRECTION('',(0.,1.));
#9000 = ( GEOMETRIC_REPRESENTATION_CONTEXT(2)
PARAMETRIC_REPRESENTATION_CONTEXT() REPRESENTATION_CONTEXT('2D SPACE',''
  ) );
#9001 = PCURVE('',#7580,#9002);
#9002 = DEFINITIONAL_REPRESENTATION('',(#9003),#9007);
#9003 = LINE('',#9004,#9005);
#9004 = CARTESIAN_POINT('',(5.25,2.7));
#9005 = VECTOR('',#9006,1.);
#9006 = DIRECTION('',(0.,-1.));
#9007 = ( GEOMETRIC_REPRESENTATION_CONTEXT(2)
PARAMETRIC_REPRESENTATION_CONTEXT() REPRESENTATION_CONTEXT('2D SPACE',''
  ) );
#9008 = ORIENTED_EDGE('',*,*,#9009,.T.);
#9009 = EDGE_CURVE('',#8987,#9010,#9012,.T.);
#9010 = VERTEX_POINT('',#9011);
#9011 = CARTESIAN_POINT('',(177.30491655154,9.553629746284,
    297.07566190746));
#9012 = SURFACE_CURVE('',#9013,(#9018,#9029),.PCURVE_S1.);
#9013 = CIRCLE('',#9014,2.925);
#9014 = AXIS2_PLACEMENT_3D('',#9015,#9016,#9017);
#9015 = CARTESIAN_POINT('',(180.19887577724,9.553629746284,
    297.50066190746));
#9016 = DIRECTION('',(-1.110223024625E-16,1.,0.));
#9017 = DIRECTION('',(1.,1.110223024625E-16,0.));
#9018 = PCURVE('',#7609,#9019);
#9019 = DEFINITIONAL_REPRESENTATION('',(#9020),#9028);
#9020 = ( BOUNDED_CURVE() B_SPLINE_CURVE(2,(#9021,#9022,#9023,#9024,
#9025,#9026,#9027),.UNSPECIFIED.,.T.,.F.) B_SPLINE_CURVE_WITH_KNOTS((1,2
    ,2,2,2,1),(-2.094395102393,0.,2.094395102393,4.188790204786,
6.28318530718,8.377580409573),.UNSPECIFIED.) CURVE()
GEOMETRIC_REPRESENTATION_ITEM() RATIONAL_B_SPLINE_CURVE((1.,0.5,1.,0.5,
1.,0.5,1.)) REPRESENTATION_ITEM('') );
#9021 = CARTESIAN_POINT('',(0.,-2.925));
#9022 = CARTESIAN_POINT('',(-5.066248612139,-2.925));
#9023 = CARTESIAN_POINT('',(-2.533124306069,1.4625));
#9024 = CARTESIAN_POINT('',(-7.164183775012E-16,5.85));
#9025 = CARTESIAN_POINT('',(2.533124306069,1.4625));
#9026 = CARTESIAN_POINT('',(5.066248612139,-2.925));
#9027 = CARTESIAN_POINT('',(0.,-2.925));
#9028 = ( GEOMETRIC_REPRESENTATION_CONTEXT(2)
PARAMETRIC_REPRESENTATION_CONTEXT() REPRESENTATION_CONTEXT('2D SPACE',''
  ) );
#9029 = PCURVE('',#9030,#9035);
#9030 = CYLINDRICAL_SURFACE('',#9031,2.925);
#9031 = AXIS2_PLACEMENT_3D('',#9032,#9033,#9034);
#9032 = CARTESIAN_POINT('',(180.19887577724,14.603629746284,
    297.50066190746));
#9033 = DIRECTION('',(-1.110223024625E-16,1.,-0.));
#9034 = DIRECTION('',(1.,1.110223024625E-16,0.));
#9035 = DEFINITIONAL_REPRESENTATION('',(#9036),#9040);
#9036 = LINE('',#9037,#9038);
#9037 = CARTESIAN_POINT('',(-6.28318530718,-5.05));
#9038 = VECTOR('',#9039,1.);
#9039 = DIRECTION('',(1.,-0.));
#9040 = ( GEOMETRIC_REPRESENTATION_CONTEXT(2)
PARAMETRIC_REPRESENTATION_CONTEXT() REPRESENTATION_CONTEXT('2D SPACE',''
  ) );
#9041 = ORIENTED_EDGE('',*,*,#9042,.T.);
#9042 = EDGE_CURVE('',#9010,#7565,#9043,.T.);
#9043 = SURFACE_CURVE('',#9044,(#9048,#9055),.PCURVE_S1.);
#9044 = LINE('',#9045,#9046);
#9045 = CARTESIAN_POINT('',(177.49887577724,9.553629746284,
    297.07566190746));
#9046 = VECTOR('',#9047,1.);
#9047 = DIRECTION('',(-1.,-1.110223024625E-16,0.));
#9048 = PCURVE('',#7609,#9049);
#9049 = DEFINITIONAL_REPRESENTATION('',(#9050),#9054);
#9050 = LINE('',#9051,#9052);
#9051 = CARTESIAN_POINT('',(-0.425,2.7));
#9052 = VECTOR('',#9053,1.);
#9053 = DIRECTION('',(0.,1.));
#9054 = ( GEOMETRIC_REPRESENTATION_CONTEXT(2)
PARAMETRIC_REPRESENTATION_CONTEXT() REPRESENTATION_CONTEXT('2D SPACE',''
  ) );
#9055 = PCURVE('',#7580,#9056);
#9056 = DEFINITIONAL_REPRESENTATION('',(#9057),#9061);
#9057 = LINE('',#9058,#9059);
#9058 = CARTESIAN_POINT('',(5.25,2.7));
#9059 = VECTOR('',#9060,1.);
#9060 = DIRECTION('',(0.,-1.));
#9061 = ( GEOMETRIC_REPRESENTATION_CONTEXT(2)
PARAMETRIC_REPRESENTATION_CONTEXT() REPRESENTATION_CONTEXT('2D SPACE',''
  ) );
#9062 = ADVANCED_FACE('',(#9063),#9030,.F.);
#9063 = FACE_BOUND('',#9064,.T.);
#9064 = EDGE_LOOP('',(#9065,#9088,#9117,#9138));
#9065 = ORIENTED_EDGE('',*,*,#9066,.T.);
#9066 = EDGE_CURVE('',#8987,#9067,#9069,.T.);
#9067 = VERTEX_POINT('',#9068);
#9068 = CARTESIAN_POINT('',(183.09283500294,14.603629746284,
    297.07566190746));
#9069 = SURFACE_CURVE('',#9070,(#9074,#9081),.PCURVE_S1.);
#9070 = LINE('',#9071,#9072);
#9071 = CARTESIAN_POINT('',(183.09283500294,14.603629746284,
    297.07566190746));
#9072 = VECTOR('',#9073,1.);
#9073 = DIRECTION('',(-1.110223024625E-16,1.,-0.));
#9074 = PCURVE('',#9030,#9075);
#9075 = DEFINITIONAL_REPRESENTATION('',(#9076),#9080);
#9076 = LINE('',#9077,#9078);
#9077 = CARTESIAN_POINT('',(-6.137369987434,0.));
#9078 = VECTOR('',#9079,1.);
#9079 = DIRECTION('',(-0.,1.));
#9080 = ( GEOMETRIC_REPRESENTATION_CONTEXT(2)
PARAMETRIC_REPRESENTATION_CONTEXT() REPRESENTATION_CONTEXT('2D SPACE',''
  ) );
#9081 = PCURVE('',#7580,#9082);
#9082 = DEFINITIONAL_REPRESENTATION('',(#9083),#9087);
#9083 = LINE('',#9084,#9085);
#9084 = CARTESIAN_POINT('',(0.2,8.293959225698));
#9085 = VECTOR('',#9086,1.);
#9086 = DIRECTION('',(-1.,0.));
#9087 = ( GEOMETRIC_REPRESENTATION_CONTEXT(2)
PARAMETRIC_REPRESENTATION_CONTEXT() REPRESENTATION_CONTEXT('2D SPACE',''
  ) );
#9088 = ORIENTED_EDGE('',*,*,#9089,.F.);
#9089 = EDGE_CURVE('',#9090,#9067,#9092,.T.);
#9090 = VERTEX_POINT('',#9091);
#9091 = CARTESIAN_POINT('',(177.30491655154,14.603629746284,
    297.07566190746));
#9092 = SURFACE_CURVE('',#9093,(#9098,#9105),.PCURVE_S1.);
#9093 = CIRCLE('',#9094,2.925);
#9094 = AXIS2_PLACEMENT_3D('',#9095,#9096,#9097);
#9095 = CARTESIAN_POINT('',(180.19887577724,14.603629746284,
    297.50066190746));
#9096 = DIRECTION('',(1.110223024625E-16,-1.,0.));
#9097 = DIRECTION('',(1.,1.110223024625E-16,0.));
#9098 = PCURVE('',#9030,#9099);
#9099 = DEFINITIONAL_REPRESENTATION('',(#9100),#9104);
#9100 = LINE('',#9101,#9102);
#9101 = CARTESIAN_POINT('',(-0.,0.));
#9102 = VECTOR('',#9103,1.);
#9103 = DIRECTION('',(-1.,0.));
#9104 = ( GEOMETRIC_REPRESENTATION_CONTEXT(2)
PARAMETRIC_REPRESENTATION_CONTEXT() REPRESENTATION_CONTEXT('2D SPACE',''
  ) );
#9105 = PCURVE('',#9106,#9111);
#9106 = PLANE('',#9107);
#9107 = AXIS2_PLACEMENT_3D('',#9108,#9109,#9110);
#9108 = CARTESIAN_POINT('',(180.19887577724,14.603629746284,
    297.50066190746));
#9109 = DIRECTION('',(1.110223024625E-16,-1.,0.));
#9110 = DIRECTION('',(0.,0.,1.));
#9111 = DEFINITIONAL_REPRESENTATION('',(#9112),#9116);
#9112 = CIRCLE('',#9113,2.925);
#9113 = AXIS2_PLACEMENT_2D('',#9114,#9115);
#9114 = CARTESIAN_POINT('',(0.,0.));
#9115 = DIRECTION('',(0.,-1.));
#9116 = ( GEOMETRIC_REPRESENTATION_CONTEXT(2)
PARAMETRIC_REPRESENTATION_CONTEXT() REPRESENTATION_CONTEXT('2D SPACE',''
  ) );
#9117 = ORIENTED_EDGE('',*,*,#9118,.F.);
#9118 = EDGE_CURVE('',#9010,#9090,#9119,.T.);
#9119 = SURFACE_CURVE('',#9120,(#9124,#9131),.PCURVE_S1.);
#9120 = LINE('',#9121,#9122);
#9121 = CARTESIAN_POINT('',(177.30491655154,14.603629746284,
    297.07566190746));
#9122 = VECTOR('',#9123,1.);
#9123 = DIRECTION('',(-1.110223024625E-16,1.,-0.));
#9124 = PCURVE('',#9030,#9125);
#9125 = DEFINITIONAL_REPRESENTATION('',(#9126),#9130);
#9126 = LINE('',#9127,#9128);
#9127 = CARTESIAN_POINT('',(-3.287407973335,0.));
#9128 = VECTOR('',#9129,1.);
#9129 = DIRECTION('',(-0.,1.));
#9130 = ( GEOMETRIC_REPRESENTATION_CONTEXT(2)
PARAMETRIC_REPRESENTATION_CONTEXT() REPRESENTATION_CONTEXT('2D SPACE',''
  ) );
#9131 = PCURVE('',#7580,#9132);
#9132 = DEFINITIONAL_REPRESENTATION('',(#9133),#9137);
#9133 = LINE('',#9134,#9135);
#9134 = CARTESIAN_POINT('',(0.2,2.506040774302));
#9135 = VECTOR('',#9136,1.);
#9136 = DIRECTION('',(-1.,0.));
#9137 = ( GEOMETRIC_REPRESENTATION_CONTEXT(2)
PARAMETRIC_REPRESENTATION_CONTEXT() REPRESENTATION_CONTEXT('2D SPACE',''
  ) );
#9138 = ORIENTED_EDGE('',*,*,#9009,.F.);
#9139 = ADVANCED_FACE('',(#9140),#9106,.T.);
#9140 = FACE_BOUND('',#9141,.T.);
#9141 = EDGE_LOOP('',(#9142,#9143));
#9142 = ORIENTED_EDGE('',*,*,#9089,.T.);
#9143 = ORIENTED_EDGE('',*,*,#9144,.T.);
#9144 = EDGE_CURVE('',#9067,#9090,#9145,.T.);
#9145 = SURFACE_CURVE('',#9146,(#9150,#9157),.PCURVE_S1.);
#9146 = LINE('',#9147,#9148);
#9147 = CARTESIAN_POINT('',(177.49887577724,14.603629746284,
    297.07566190746));
#9148 = VECTOR('',#9149,1.);
#9149 = DIRECTION('',(-1.,-1.110223024625E-16,0.));
#9150 = PCURVE('',#9106,#9151);
#9151 = DEFINITIONAL_REPRESENTATION('',(#9152),#9156);
#9152 = LINE('',#9153,#9154);
#9153 = CARTESIAN_POINT('',(-0.425,2.7));
#9154 = VECTOR('',#9155,1.);
#9155 = DIRECTION('',(0.,1.));
#9156 = ( GEOMETRIC_REPRESENTATION_CONTEXT(2)
PARAMETRIC_REPRESENTATION_CONTEXT() REPRESENTATION_CONTEXT('2D SPACE',''
  ) );
#9157 = PCURVE('',#7580,#9158);
#9158 = DEFINITIONAL_REPRESENTATION('',(#9159),#9163);
#9159 = LINE('',#9160,#9161);
#9160 = CARTESIAN_POINT('',(0.2,2.7));
#9161 = VECTOR('',#9162,1.);
#9162 = DIRECTION('',(0.,-1.));
#9163 = ( GEOMETRIC_REPRESENTATION_CONTEXT(2)
PARAMETRIC_REPRESENTATION_CONTEXT() REPRESENTATION_CONTEXT('2D SPACE',''
  ) );
#9164 = ADVANCED_FACE('',(#9165),#7580,.T.);
#9165 = FACE_BOUND('',#9166,.T.);
#9166 = EDGE_LOOP('',(#9167,#9188,#9189,#9190,#9191,#9192,#9193,#9194));
#9167 = ORIENTED_EDGE('',*,*,#9168,.F.);
#9168 = EDGE_CURVE('',#7537,#7622,#9169,.T.);
#9169 = SURFACE_CURVE('',#9170,(#9174,#9181),.PCURVE_S1.);
#9170 = LINE('',#9171,#9172);
#9171 = CARTESIAN_POINT('',(174.79887577724,14.803629746284,
    297.07566190746));
#9172 = VECTOR('',#9173,1.);
#9173 = DIRECTION('',(1.,1.110223024625E-16,0.));
#9174 = PCURVE('',#7580,#9175);
#9175 = DEFINITIONAL_REPRESENTATION('',(#9176),#9180);
#9176 = LINE('',#9177,#9178);
#9177 = CARTESIAN_POINT('',(0.,0.));
#9178 = VECTOR('',#9179,1.);
#9179 = DIRECTION('',(0.,1.));
#9180 = ( GEOMETRIC_REPRESENTATION_CONTEXT(2)
PARAMETRIC_REPRESENTATION_CONTEXT() REPRESENTATION_CONTEXT('2D SPACE',''
  ) );
#9181 = PCURVE('',#7440,#9182);
#9182 = DEFINITIONAL_REPRESENTATION('',(#9183),#9187);
#9183 = LINE('',#9184,#9185);
#9184 = CARTESIAN_POINT('',(0.,0.));
#9185 = VECTOR('',#9186,1.);
#9186 = DIRECTION('',(0.,-1.));
#9187 = ( GEOMETRIC_REPRESENTATION_CONTEXT(2)
PARAMETRIC_REPRESENTATION_CONTEXT() REPRESENTATION_CONTEXT('2D SPACE',''
  ) );
#9188 = ORIENTED_EDGE('',*,*,#7564,.F.);
#9189 = ORIENTED_EDGE('',*,*,#9042,.F.);
#9190 = ORIENTED_EDGE('',*,*,#9118,.T.);
#9191 = ORIENTED_EDGE('',*,*,#9144,.F.);
#9192 = ORIENTED_EDGE('',*,*,#9066,.F.);
#9193 = ORIENTED_EDGE('',*,*,#8986,.F.);
#9194 = ORIENTED_EDGE('',*,*,#7621,.T.);
#9195 = ADVANCED_FACE('',(#9196),#7501,.T.);
#9196 = FACE_BOUND('',#9197,.T.);
#9197 = EDGE_LOOP('',(#9198,#9221,#9222,#9245));
#9198 = ORIENTED_EDGE('',*,*,#9199,.F.);
#9199 = EDGE_CURVE('',#7457,#9200,#9202,.T.);
#9200 = VERTEX_POINT('',#9201);
#9201 = CARTESIAN_POINT('',(183.09283500294,9.553629746284,
    297.92566190746));
#9202 = SURFACE_CURVE('',#9203,(#9207,#9214),.PCURVE_S1.);
#9203 = LINE('',#9204,#9205);
#9204 = CARTESIAN_POINT('',(177.49887577724,9.553629746284,
    297.92566190746));
#9205 = VECTOR('',#9206,1.);
#9206 = DIRECTION('',(-1.,-1.110223024625E-16,0.));
#9207 = PCURVE('',#7501,#9208);
#9208 = DEFINITIONAL_REPRESENTATION('',(#9209),#9213);
#9209 = LINE('',#9210,#9211);
#9210 = CARTESIAN_POINT('',(0.425,2.7));
#9211 = VECTOR('',#9212,1.);
#9212 = DIRECTION('',(0.,1.));
#9213 = ( GEOMETRIC_REPRESENTATION_CONTEXT(2)
PARAMETRIC_REPRESENTATION_CONTEXT() REPRESENTATION_CONTEXT('2D SPACE',''
  ) );
#9214 = PCURVE('',#7472,#9215);
#9215 = DEFINITIONAL_REPRESENTATION('',(#9216),#9220);
#9216 = LINE('',#9217,#9218);
#9217 = CARTESIAN_POINT('',(5.25,2.7));
#9218 = VECTOR('',#9219,1.);
#9219 = DIRECTION('',(0.,-1.));
#9220 = ( GEOMETRIC_REPRESENTATION_CONTEXT(2)
PARAMETRIC_REPRESENTATION_CONTEXT() REPRESENTATION_CONTEXT('2D SPACE',''
  ) );
#9221 = ORIENTED_EDGE('',*,*,#7484,.T.);
#9222 = ORIENTED_EDGE('',*,*,#9223,.F.);
#9223 = EDGE_CURVE('',#9224,#7485,#9226,.T.);
#9224 = VERTEX_POINT('',#9225);
#9225 = CARTESIAN_POINT('',(177.30491655154,9.553629746284,
    297.92566190746));
#9226 = SURFACE_CURVE('',#9227,(#9231,#9238),.PCURVE_S1.);
#9227 = LINE('',#9228,#9229);
#9228 = CARTESIAN_POINT('',(177.49887577724,9.553629746284,
    297.92566190746));
#9229 = VECTOR('',#9230,1.);
#9230 = DIRECTION('',(-1.,-1.110223024625E-16,0.));
#9231 = PCURVE('',#7501,#9232);
#9232 = DEFINITIONAL_REPRESENTATION('',(#9233),#9237);
#9233 = LINE('',#9234,#9235);
#9234 = CARTESIAN_POINT('',(0.425,2.7));
#9235 = VECTOR('',#9236,1.);
#9236 = DIRECTION('',(0.,1.));
#9237 = ( GEOMETRIC_REPRESENTATION_CONTEXT(2)
PARAMETRIC_REPRESENTATION_CONTEXT() REPRESENTATION_CONTEXT('2D SPACE',''
  ) );
#9238 = PCURVE('',#7472,#9239);
#9239 = DEFINITIONAL_REPRESENTATION('',(#9240),#9244);
#9240 = LINE('',#9241,#9242);
#9241 = CARTESIAN_POINT('',(5.25,2.7));
#9242 = VECTOR('',#9243,1.);
#9243 = DIRECTION('',(0.,-1.));
#9244 = ( GEOMETRIC_REPRESENTATION_CONTEXT(2)
PARAMETRIC_REPRESENTATION_CONTEXT() REPRESENTATION_CONTEXT('2D SPACE',''
  ) );
#9245 = ORIENTED_EDGE('',*,*,#9246,.T.);
#9246 = EDGE_CURVE('',#9224,#9200,#9247,.T.);
#9247 = SURFACE_CURVE('',#9248,(#9253,#9264),.PCURVE_S1.);
#9248 = CIRCLE('',#9249,2.925);
#9249 = AXIS2_PLACEMENT_3D('',#9250,#9251,#9252);
#9250 = CARTESIAN_POINT('',(180.19887577724,9.553629746284,
    297.50066190746));
#9251 = DIRECTION('',(-1.110223024625E-16,1.,0.));
#9252 = DIRECTION('',(1.,1.110223024625E-16,0.));
#9253 = PCURVE('',#7501,#9254);
#9254 = DEFINITIONAL_REPRESENTATION('',(#9255),#9263);
#9255 = ( BOUNDED_CURVE() B_SPLINE_CURVE(2,(#9256,#9257,#9258,#9259,
#9260,#9261,#9262),.UNSPECIFIED.,.T.,.F.) B_SPLINE_CURVE_WITH_KNOTS((1,2
    ,2,2,2,1),(-2.094395102393,0.,2.094395102393,4.188790204786,
6.28318530718,8.377580409573),.UNSPECIFIED.) CURVE()
GEOMETRIC_REPRESENTATION_ITEM() RATIONAL_B_SPLINE_CURVE((1.,0.5,1.,0.5,
1.,0.5,1.)) REPRESENTATION_ITEM('') );
#9256 = CARTESIAN_POINT('',(0.,-2.925));
#9257 = CARTESIAN_POINT('',(-5.066248612139,-2.925));
#9258 = CARTESIAN_POINT('',(-2.533124306069,1.4625));
#9259 = CARTESIAN_POINT('',(-7.164183775012E-16,5.85));
#9260 = CARTESIAN_POINT('',(2.533124306069,1.4625));
#9261 = CARTESIAN_POINT('',(5.066248612139,-2.925));
#9262 = CARTESIAN_POINT('',(0.,-2.925));
#9263 = ( GEOMETRIC_REPRESENTATION_CONTEXT(2)
PARAMETRIC_REPRESENTATION_CONTEXT() REPRESENTATION_CONTEXT('2D SPACE',''
  ) );
#9264 = PCURVE('',#9265,#9270);
#9265 = CYLINDRICAL_SURFACE('',#9266,2.925);
#9266 = AXIS2_PLACEMENT_3D('',#9267,#9268,#9269);
#9267 = CARTESIAN_POINT('',(180.19887577724,14.603629746284,
    297.50066190746));
#9268 = DIRECTION('',(-1.110223024625E-16,1.,-0.));
#9269 = DIRECTION('',(1.,1.110223024625E-16,0.));
#9270 = DEFINITIONAL_REPRESENTATION('',(#9271),#9275);
#9271 = LINE('',#9272,#9273);
#9272 = CARTESIAN_POINT('',(-6.28318530718,-5.05));
#9273 = VECTOR('',#9274,1.);
#9274 = DIRECTION('',(1.,-0.));
#9275 = ( GEOMETRIC_REPRESENTATION_CONTEXT(2)
PARAMETRIC_REPRESENTATION_CONTEXT() REPRESENTATION_CONTEXT('2D SPACE',''
  ) );
#9276 = ADVANCED_FACE('',(#9277),#9265,.F.);
#9277 = FACE_BOUND('',#9278,.T.);
#9278 = EDGE_LOOP('',(#9279,#9310,#9331,#9332));
#9279 = ORIENTED_EDGE('',*,*,#9280,.F.);
#9280 = EDGE_CURVE('',#9281,#9283,#9285,.T.);
#9281 = VERTEX_POINT('',#9282);
#9282 = CARTESIAN_POINT('',(183.09283500294,14.603629746284,
    297.92566190746));
#9283 = VERTEX_POINT('',#9284);
#9284 = CARTESIAN_POINT('',(177.30491655154,14.603629746284,
    297.92566190746));
#9285 = SURFACE_CURVE('',#9286,(#9291,#9298),.PCURVE_S1.);
#9286 = CIRCLE('',#9287,2.925);
#9287 = AXIS2_PLACEMENT_3D('',#9288,#9289,#9290);
#9288 = CARTESIAN_POINT('',(180.19887577724,14.603629746284,
    297.50066190746));
#9289 = DIRECTION('',(1.110223024625E-16,-1.,0.));
#9290 = DIRECTION('',(1.,1.110223024625E-16,0.));
#9291 = PCURVE('',#9265,#9292);
#9292 = DEFINITIONAL_REPRESENTATION('',(#9293),#9297);
#9293 = LINE('',#9294,#9295);
#9294 = CARTESIAN_POINT('',(-0.,0.));
#9295 = VECTOR('',#9296,1.);
#9296 = DIRECTION('',(-1.,0.));
#9297 = ( GEOMETRIC_REPRESENTATION_CONTEXT(2)
PARAMETRIC_REPRESENTATION_CONTEXT() REPRESENTATION_CONTEXT('2D SPACE',''
  ) );
#9298 = PCURVE('',#9299,#9304);
#9299 = PLANE('',#9300);
#9300 = AXIS2_PLACEMENT_3D('',#9301,#9302,#9303);
#9301 = CARTESIAN_POINT('',(180.19887577724,14.603629746284,
    297.50066190746));
#9302 = DIRECTION('',(1.110223024625E-16,-1.,0.));
#9303 = DIRECTION('',(0.,0.,1.));
#9304 = DEFINITIONAL_REPRESENTATION('',(#9305),#9309);
#9305 = CIRCLE('',#9306,2.925);
#9306 = AXIS2_PLACEMENT_2D('',#9307,#9308);
#9307 = CARTESIAN_POINT('',(0.,0.));
#9308 = DIRECTION('',(0.,-1.));
#9309 = ( GEOMETRIC_REPRESENTATION_CONTEXT(2)
PARAMETRIC_REPRESENTATION_CONTEXT() REPRESENTATION_CONTEXT('2D SPACE',''
  ) );
#9310 = ORIENTED_EDGE('',*,*,#9311,.F.);
#9311 = EDGE_CURVE('',#9200,#9281,#9312,.T.);
#9312 = SURFACE_CURVE('',#9313,(#9317,#9324),.PCURVE_S1.);
#9313 = LINE('',#9314,#9315);
#9314 = CARTESIAN_POINT('',(183.09283500294,14.603629746284,
    297.92566190746));
#9315 = VECTOR('',#9316,1.);
#9316 = DIRECTION('',(-1.110223024625E-16,1.,-0.));
#9317 = PCURVE('',#9265,#9318);
#9318 = DEFINITIONAL_REPRESENTATION('',(#9319),#9323);
#9319 = LINE('',#9320,#9321);
#9320 = CARTESIAN_POINT('',(-0.145815319746,0.));
#9321 = VECTOR('',#9322,1.);
#9322 = DIRECTION('',(-0.,1.));
#9323 = ( GEOMETRIC_REPRESENTATION_CONTEXT(2)
PARAMETRIC_REPRESENTATION_CONTEXT() REPRESENTATION_CONTEXT('2D SPACE',''
  ) );
#9324 = PCURVE('',#7472,#9325);
#9325 = DEFINITIONAL_REPRESENTATION('',(#9326),#9330);
#9326 = LINE('',#9327,#9328);
#9327 = CARTESIAN_POINT('',(0.2,8.293959225698));
#9328 = VECTOR('',#9329,1.);
#9329 = DIRECTION('',(-1.,0.));
#9330 = ( GEOMETRIC_REPRESENTATION_CONTEXT(2)
PARAMETRIC_REPRESENTATION_CONTEXT() REPRESENTATION_CONTEXT('2D SPACE',''
  ) );
#9331 = ORIENTED_EDGE('',*,*,#9246,.F.);
#9332 = ORIENTED_EDGE('',*,*,#9333,.T.);
#9333 = EDGE_CURVE('',#9224,#9283,#9334,.T.);
#9334 = SURFACE_CURVE('',#9335,(#9339,#9346),.PCURVE_S1.);
#9335 = LINE('',#9336,#9337);
#9336 = CARTESIAN_POINT('',(177.30491655154,14.603629746284,
    297.92566190746));
#9337 = VECTOR('',#9338,1.);
#9338 = DIRECTION('',(-1.110223024625E-16,1.,-0.));
#9339 = PCURVE('',#9265,#9340);
#9340 = DEFINITIONAL_REPRESENTATION('',(#9341),#9345);
#9341 = LINE('',#9342,#9343);
#9342 = CARTESIAN_POINT('',(-2.995777333844,0.));
#9343 = VECTOR('',#9344,1.);
#9344 = DIRECTION('',(-0.,1.));
#9345 = ( GEOMETRIC_REPRESENTATION_CONTEXT(2)
PARAMETRIC_REPRESENTATION_CONTEXT() REPRESENTATION_CONTEXT('2D SPACE',''
  ) );
#9346 = PCURVE('',#7472,#9347);
#9347 = DEFINITIONAL_REPRESENTATION('',(#9348),#9352);
#9348 = LINE('',#9349,#9350);
#9349 = CARTESIAN_POINT('',(0.2,2.506040774302));
#9350 = VECTOR('',#9351,1.);
#9351 = DIRECTION('',(-1.,0.));
#9352 = ( GEOMETRIC_REPRESENTATION_CONTEXT(2)
PARAMETRIC_REPRESENTATION_CONTEXT() REPRESENTATION_CONTEXT('2D SPACE',''
  ) );
#9353 = ADVANCED_FACE('',(#9354),#9299,.T.);
#9354 = FACE_BOUND('',#9355,.T.);
#9355 = EDGE_LOOP('',(#9356,#9377));
#9356 = ORIENTED_EDGE('',*,*,#9357,.F.);
#9357 = EDGE_CURVE('',#9281,#9283,#9358,.T.);
#9358 = SURFACE_CURVE('',#9359,(#9363,#9370),.PCURVE_S1.);
#9359 = LINE('',#9360,#9361);
#9360 = CARTESIAN_POINT('',(177.49887577724,14.603629746284,
    297.92566190746));
#9361 = VECTOR('',#9362,1.);
#9362 = DIRECTION('',(-1.,-1.110223024625E-16,0.));
#9363 = PCURVE('',#9299,#9364);
#9364 = DEFINITIONAL_REPRESENTATION('',(#9365),#9369);
#9365 = LINE('',#9366,#9367);
#9366 = CARTESIAN_POINT('',(0.425,2.7));
#9367 = VECTOR('',#9368,1.);
#9368 = DIRECTION('',(0.,1.));
#9369 = ( GEOMETRIC_REPRESENTATION_CONTEXT(2)
PARAMETRIC_REPRESENTATION_CONTEXT() REPRESENTATION_CONTEXT('2D SPACE',''
  ) );
#9370 = PCURVE('',#7472,#9371);
#9371 = DEFINITIONAL_REPRESENTATION('',(#9372),#9376);
#9372 = LINE('',#9373,#9374);
#9373 = CARTESIAN_POINT('',(0.2,2.7));
#9374 = VECTOR('',#9375,1.);
#9375 = DIRECTION('',(0.,-1.));
#9376 = ( GEOMETRIC_REPRESENTATION_CONTEXT(2)
PARAMETRIC_REPRESENTATION_CONTEXT() REPRESENTATION_CONTEXT('2D SPACE',''
  ) );
#9377 = ORIENTED_EDGE('',*,*,#9280,.T.);
#9378 = ADVANCED_FACE('',(#9379),#7472,.F.);
#9379 = FACE_BOUND('',#9380,.F.);
#9380 = EDGE_LOOP('',(#9381,#9402,#9403,#9404,#9405,#9406,#9407,#9408));
#9381 = ORIENTED_EDGE('',*,*,#9382,.F.);
#9382 = EDGE_CURVE('',#7514,#7424,#9383,.T.);
#9383 = SURFACE_CURVE('',#9384,(#9388,#9395),.PCURVE_S1.);
#9384 = LINE('',#9385,#9386);
#9385 = CARTESIAN_POINT('',(174.79887577724,14.803629746284,
    297.92566190746));
#9386 = VECTOR('',#9387,1.);
#9387 = DIRECTION('',(1.,1.110223024625E-16,0.));
#9388 = PCURVE('',#7472,#9389);
#9389 = DEFINITIONAL_REPRESENTATION('',(#9390),#9394);
#9390 = LINE('',#9391,#9392);
#9391 = CARTESIAN_POINT('',(0.,0.));
#9392 = VECTOR('',#9393,1.);
#9393 = DIRECTION('',(0.,1.));
#9394 = ( GEOMETRIC_REPRESENTATION_CONTEXT(2)
PARAMETRIC_REPRESENTATION_CONTEXT() REPRESENTATION_CONTEXT('2D SPACE',''
  ) );
#9395 = PCURVE('',#7440,#9396);
#9396 = DEFINITIONAL_REPRESENTATION('',(#9397),#9401);
#9397 = LINE('',#9398,#9399);
#9398 = CARTESIAN_POINT('',(0.85,0.));
#9399 = VECTOR('',#9400,1.);
#9400 = DIRECTION('',(0.,-1.));
#9401 = ( GEOMETRIC_REPRESENTATION_CONTEXT(2)
PARAMETRIC_REPRESENTATION_CONTEXT() REPRESENTATION_CONTEXT('2D SPACE',''
  ) );
#9402 = ORIENTED_EDGE('',*,*,#7513,.F.);
#9403 = ORIENTED_EDGE('',*,*,#9223,.F.);
#9404 = ORIENTED_EDGE('',*,*,#9333,.T.);
#9405 = ORIENTED_EDGE('',*,*,#9357,.F.);
#9406 = ORIENTED_EDGE('',*,*,#9311,.F.);
#9407 = ORIENTED_EDGE('',*,*,#9199,.F.);
#9408 = ORIENTED_EDGE('',*,*,#7456,.T.);
#9409 = ADVANCED_FACE('',(#9410),#7440,.T.);
#9410 = FACE_BOUND('',#9411,.T.);
#9411 = EDGE_LOOP('',(#9412,#9413,#9414,#9415,#9416));
#9412 = ORIENTED_EDGE('',*,*,#9382,.F.);
#9413 = ORIENTED_EDGE('',*,*,#7536,.F.);
#9414 = ORIENTED_EDGE('',*,*,#9168,.T.);
#9415 = ORIENTED_EDGE('',*,*,#7644,.F.);
#9416 = ORIENTED_EDGE('',*,*,#7423,.F.);
#9417 = ADVANCED_FACE('',(#9418),#7348,.T.);
#9418 = FACE_BOUND('',#9419,.T.);
#9419 = EDGE_LOOP('',(#9420,#9450,#9471,#9472));
#9420 = ORIENTED_EDGE('',*,*,#9421,.F.);
#9421 = EDGE_CURVE('',#9422,#9424,#9426,.T.);
#9422 = VERTEX_POINT('',#9423);
#9423 = CARTESIAN_POINT('',(191.09486163794,25.553629746284,
    294.70066331398));
#9424 = VERTEX_POINT('',#9425);
#9425 = CARTESIAN_POINT('',(190.87421690661,25.553629746284,
    293.95107154071));
#9426 = SURFACE_CURVE('',#9427,(#9431,#9438),.PCURVE_S1.);
#9427 = LINE('',#9428,#9429);
#9428 = CARTESIAN_POINT('',(191.09486163794,25.553629746284,
    294.70066331398));
#9429 = VECTOR('',#9430,1.);
#9430 = DIRECTION('',(-0.282374286457,-3.134984343864E-17,
    -0.959304311649));
#9431 = PCURVE('',#7348,#9432);
#9432 = DEFINITIONAL_REPRESENTATION('',(#9433),#9437);
#9433 = LINE('',#9434,#9435);
#9434 = CARTESIAN_POINT('',(-0.,0.));
#9435 = VECTOR('',#9436,1.);
#9436 = DIRECTION('',(1.,0.));
#9437 = ( GEOMETRIC_REPRESENTATION_CONTEXT(2)
PARAMETRIC_REPRESENTATION_CONTEXT() REPRESENTATION_CONTEXT('2D SPACE',''
  ) );
#9438 = PCURVE('',#9439,#9444);
#9439 = PLANE('',#9440);
#9440 = AXIS2_PLACEMENT_3D('',#9441,#9442,#9443);
#9441 = CARTESIAN_POINT('',(186.83595561896,25.553629746284,
    297.90660310072));
#9442 = DIRECTION('',(1.110223024625E-16,-1.,0.));
#9443 = DIRECTION('',(0.,0.,1.));
#9444 = DEFINITIONAL_REPRESENTATION('',(#9445),#9449);
#9445 = LINE('',#9446,#9447);
#9446 = CARTESIAN_POINT('',(-3.205939786747,-4.258906018981));
#9447 = VECTOR('',#9448,1.);
#9448 = DIRECTION('',(-0.959304311649,0.282374286457));
#9449 = ( GEOMETRIC_REPRESENTATION_CONTEXT(2)
PARAMETRIC_REPRESENTATION_CONTEXT() REPRESENTATION_CONTEXT('2D SPACE',''
  ) );
#9450 = ORIENTED_EDGE('',*,*,#9451,.T.);
#9451 = EDGE_CURVE('',#9422,#4507,#9452,.T.);
#9452 = SURFACE_CURVE('',#9453,(#9457,#9464),.PCURVE_S1.);
#9453 = LINE('',#9454,#9455);
#9454 = CARTESIAN_POINT('',(191.09486163794,25.553629746284,
    294.70066331398));
#9455 = VECTOR('',#9456,1.);
#9456 = DIRECTION('',(1.110223024625E-16,-1.,0.));
#9457 = PCURVE('',#7348,#9458);
#9458 = DEFINITIONAL_REPRESENTATION('',(#9459),#9463);
#9459 = LINE('',#9460,#9461);
#9460 = CARTESIAN_POINT('',(-0.,0.));
#9461 = VECTOR('',#9462,1.);
#9462 = DIRECTION('',(0.,-1.));
#9463 = ( GEOMETRIC_REPRESENTATION_CONTEXT(2)
PARAMETRIC_REPRESENTATION_CONTEXT() REPRESENTATION_CONTEXT('2D SPACE',''
  ) );
#9464 = PCURVE('',#4524,#9465);
#9465 = DEFINITIONAL_REPRESENTATION('',(#9466),#9470);
#9466 = LINE('',#9467,#9468);
#9467 = CARTESIAN_POINT('',(0.781391018643,1.866057663032E-17));
#9468 = VECTOR('',#9469,1.);
#9469 = DIRECTION('',(0.,-1.));
#9470 = ( GEOMETRIC_REPRESENTATION_CONTEXT(2)
PARAMETRIC_REPRESENTATION_CONTEXT() REPRESENTATION_CONTEXT('2D SPACE',''
  ) );
#9471 = ORIENTED_EDGE('',*,*,#7334,.F.);
#9472 = ORIENTED_EDGE('',*,*,#9473,.F.);
#9473 = EDGE_CURVE('',#9424,#7307,#9474,.T.);
#9474 = SURFACE_CURVE('',#9475,(#9479,#9486),.PCURVE_S1.);
#9475 = LINE('',#9476,#9477);
#9476 = CARTESIAN_POINT('',(190.87421690661,25.553629746284,
    293.95107154071));
#9477 = VECTOR('',#9478,1.);
#9478 = DIRECTION('',(1.110223024625E-16,-1.,0.));
#9479 = PCURVE('',#7348,#9480);
#9480 = DEFINITIONAL_REPRESENTATION('',(#9481),#9485);
#9481 = LINE('',#9482,#9483);
#9482 = CARTESIAN_POINT('',(0.781391018643,2.449648609882E-17));
#9483 = VECTOR('',#9484,1.);
#9484 = DIRECTION('',(0.,-1.));
#9485 = ( GEOMETRIC_REPRESENTATION_CONTEXT(2)
PARAMETRIC_REPRESENTATION_CONTEXT() REPRESENTATION_CONTEXT('2D SPACE',''
  ) );
#9486 = PCURVE('',#7322,#9487);
#9487 = DEFINITIONAL_REPRESENTATION('',(#9488),#9492);
#9488 = LINE('',#9489,#9490);
#9489 = CARTESIAN_POINT('',(-0.,0.));
#9490 = VECTOR('',#9491,1.);
#9491 = DIRECTION('',(0.,-1.));
#9492 = ( GEOMETRIC_REPRESENTATION_CONTEXT(2)
PARAMETRIC_REPRESENTATION_CONTEXT() REPRESENTATION_CONTEXT('2D SPACE',''
  ) );
#9493 = ADVANCED_FACE('',(#9494),#9439,.T.);
#9494 = FACE_BOUND('',#9495,.T.);
#9495 = EDGE_LOOP('',(#9496,#9521,#9544,#9567,#9590,#9613,#9636,#9659,
    #9682,#9705,#9728,#9751,#9774,#9797,#9820,#9843,#9866,#9889,#9912,
    #9935,#9958,#9981,#10004,#10027,#10050,#10073,#10096,#10119,#10142,
    #10165,#10188,#10211,#10234,#10257,#10280,#10303,#10326,#10349,
    #10372,#10395,#10418,#10441,#10464,#10487,#10510,#10533,#10556,
    #10579,#10602,#10625,#10648,#10671,#10694,#10717,#10740,#10763,
    #10786,#10809,#10832,#10855,#10878,#10901,#10924,#10947,#10970,
    #10993,#11016,#11039,#11062,#11085,#11108,#11131,#11154,#11177,
    #11200,#11223,#11246,#11269,#11292,#11315,#11338,#11361,#11384,
    #11405,#11406,#11429,#11452,#11475,#11498,#11521,#11544,#11567,
    #11590,#11613,#11636,#11659,#11682,#11705,#11728,#11751,#11774,
    #11797,#11820,#11843));
#9496 = ORIENTED_EDGE('',*,*,#9497,.T.);
#9497 = EDGE_CURVE('',#9498,#9500,#9502,.T.);
#9498 = VERTEX_POINT('',#9499);
#9499 = CARTESIAN_POINT('',(178.63317839144,25.553629746284,
    286.36014613411));
#9500 = VERTEX_POINT('',#9501);
#9501 = CARTESIAN_POINT('',(178.11823791789,25.553629746284,
    282.69615427977));
#9502 = SURFACE_CURVE('',#9503,(#9507,#9514),.PCURVE_S1.);
#9503 = LINE('',#9504,#9505);
#9504 = CARTESIAN_POINT('',(178.63317839144,25.553629746284,
    286.36014613411));
#9505 = VECTOR('',#9506,1.);
#9506 = DIRECTION('',(-0.13917310096,-1.545131810943E-17,-0.990268068742
    ));
#9507 = PCURVE('',#9439,#9508);
#9508 = DEFINITIONAL_REPRESENTATION('',(#9509),#9513);
#9509 = LINE('',#9510,#9511);
#9510 = CARTESIAN_POINT('',(-11.54645696661,8.202777227517));
#9511 = VECTOR('',#9512,1.);
#9512 = DIRECTION('',(-0.990268068742,0.13917310096));
#9513 = ( GEOMETRIC_REPRESENTATION_CONTEXT(2)
PARAMETRIC_REPRESENTATION_CONTEXT() REPRESENTATION_CONTEXT('2D SPACE',''
  ) );
#9514 = PCURVE('',#6762,#9515);
#9515 = DEFINITIONAL_REPRESENTATION('',(#9516),#9520);
#9516 = LINE('',#9517,#9518);
#9517 = CARTESIAN_POINT('',(-0.,0.));
#9518 = VECTOR('',#9519,1.);
#9519 = DIRECTION('',(1.,0.));
#9520 = ( GEOMETRIC_REPRESENTATION_CONTEXT(2)
PARAMETRIC_REPRESENTATION_CONTEXT() REPRESENTATION_CONTEXT('2D SPACE',''
  ) );
#9521 = ORIENTED_EDGE('',*,*,#9522,.T.);
#9522 = EDGE_CURVE('',#9500,#9523,#9525,.T.);
#9523 = VERTEX_POINT('',#9524);
#9524 = CARTESIAN_POINT('',(179.15091280851,25.553629746284,
    282.58743711816));
#9525 = SURFACE_CURVE('',#9526,(#9530,#9537),.PCURVE_S1.);
#9526 = LINE('',#9527,#9528);
#9527 = CARTESIAN_POINT('',(178.11823791789,25.553629746284,
    282.69615427977));
#9528 = VECTOR('',#9529,1.);
#9529 = DIRECTION('',(0.994503994869,1.104121233186E-16,-0.104698635085)
  );
#9530 = PCURVE('',#9439,#9531);
#9531 = DEFINITIONAL_REPRESENTATION('',(#9532),#9536);
#9532 = LINE('',#9533,#9534);
#9533 = CARTESIAN_POINT('',(-15.21044882095,8.717717701069));
#9534 = VECTOR('',#9535,1.);
#9535 = DIRECTION('',(-0.104698635085,-0.994503994869));
#9536 = ( GEOMETRIC_REPRESENTATION_CONTEXT(2)
PARAMETRIC_REPRESENTATION_CONTEXT() REPRESENTATION_CONTEXT('2D SPACE',''
  ) );
#9537 = PCURVE('',#6734,#9538);
#9538 = DEFINITIONAL_REPRESENTATION('',(#9539),#9543);
#9539 = LINE('',#9540,#9541);
#9540 = CARTESIAN_POINT('',(0.,0.));
#9541 = VECTOR('',#9542,1.);
#9542 = DIRECTION('',(1.,0.));
#9543 = ( GEOMETRIC_REPRESENTATION_CONTEXT(2)
PARAMETRIC_REPRESENTATION_CONTEXT() REPRESENTATION_CONTEXT('2D SPACE',''
  ) );
#9544 = ORIENTED_EDGE('',*,*,#9545,.T.);
#9545 = EDGE_CURVE('',#9523,#9546,#9548,.T.);
#9546 = VERTEX_POINT('',#9547);
#9547 = CARTESIAN_POINT('',(180.18864335752,25.553629746284,
    282.55066540921));
#9548 = SURFACE_CURVE('',#9549,(#9553,#9560),.PCURVE_S1.);
#9549 = LINE('',#9550,#9551);
#9550 = CARTESIAN_POINT('',(179.15091280851,25.553629746284,
    282.58743711816));
#9551 = VECTOR('',#9552,1.);
#9552 = DIRECTION('',(0.999372780312,1.109526670886E-16,
    -3.541251150666E-02));
#9553 = PCURVE('',#9439,#9554);
#9554 = DEFINITIONAL_REPRESENTATION('',(#9555),#9559);
#9555 = LINE('',#9556,#9557);
#9556 = CARTESIAN_POINT('',(-15.31916598256,7.685042810451));
#9557 = VECTOR('',#9558,1.);
#9558 = DIRECTION('',(-3.541251150666E-02,-0.999372780312));
#9559 = ( GEOMETRIC_REPRESENTATION_CONTEXT(2)
PARAMETRIC_REPRESENTATION_CONTEXT() REPRESENTATION_CONTEXT('2D SPACE',''
  ) );
#9560 = PCURVE('',#6706,#9561);
#9561 = DEFINITIONAL_REPRESENTATION('',(#9562),#9566);
#9562 = LINE('',#9563,#9564);
#9563 = CARTESIAN_POINT('',(0.,0.));
#9564 = VECTOR('',#9565,1.);
#9565 = DIRECTION('',(1.,0.));
#9566 = ( GEOMETRIC_REPRESENTATION_CONTEXT(2)
PARAMETRIC_REPRESENTATION_CONTEXT() REPRESENTATION_CONTEXT('2D SPACE',''
  ) );
#9567 = ORIENTED_EDGE('',*,*,#9568,.T.);
#9568 = EDGE_CURVE('',#9546,#9569,#9571,.T.);
#9569 = VERTEX_POINT('',#9570);
#9570 = CARTESIAN_POINT('',(181.22642327052,25.553629746284,
    282.58601654965));
#9571 = SURFACE_CURVE('',#9572,(#9576,#9583),.PCURVE_S1.);
#9572 = LINE('',#9573,#9574);
#9573 = CARTESIAN_POINT('',(180.18864335752,25.553629746284,
    282.55066540921));
#9574 = VECTOR('',#9575,1.);
#9575 = DIRECTION('',(0.999420319641,1.109579450144E-16,
    3.40444516593E-02));
#9576 = PCURVE('',#9439,#9577);
#9577 = DEFINITIONAL_REPRESENTATION('',(#9578),#9582);
#9578 = LINE('',#9579,#9580);
#9579 = CARTESIAN_POINT('',(-15.35593769151,6.647312261434));
#9580 = VECTOR('',#9581,1.);
#9581 = DIRECTION('',(3.40444516593E-02,-0.999420319641));
#9582 = ( GEOMETRIC_REPRESENTATION_CONTEXT(2)
PARAMETRIC_REPRESENTATION_CONTEXT() REPRESENTATION_CONTEXT('2D SPACE',''
  ) );
#9583 = PCURVE('',#6678,#9584);
#9584 = DEFINITIONAL_REPRESENTATION('',(#9585),#9589);
#9585 = LINE('',#9586,#9587);
#9586 = CARTESIAN_POINT('',(0.,0.));
#9587 = VECTOR('',#9588,1.);
#9588 = DIRECTION('',(1.,0.));
#9589 = ( GEOMETRIC_REPRESENTATION_CONTEXT(2)
PARAMETRIC_REPRESENTATION_CONTEXT() REPRESENTATION_CONTEXT('2D SPACE',''
  ) );
#9590 = ORIENTED_EDGE('',*,*,#9591,.T.);
#9591 = EDGE_CURVE('',#9569,#9592,#9594,.T.);
#9592 = VERTEX_POINT('',#9593);
#9593 = CARTESIAN_POINT('',(182.25924601492,25.553629746284,
    282.69331999597));
#9594 = SURFACE_CURVE('',#9595,(#9599,#9606),.PCURVE_S1.);
#9595 = LINE('',#9596,#9597);
#9596 = CARTESIAN_POINT('',(181.22642327052,25.553629746284,
    282.58601654965));
#9597 = VECTOR('',#9598,1.);
#9598 = DIRECTION('',(0.994646383513,1.104279316337E-16,0.103337175131)
  );
#9599 = PCURVE('',#9439,#9600);
#9600 = DEFINITIONAL_REPRESENTATION('',(#9601),#9605);
#9601 = LINE('',#9602,#9603);
#9602 = CARTESIAN_POINT('',(-15.32058655107,5.609532348441));
#9603 = VECTOR('',#9604,1.);
#9604 = DIRECTION('',(0.103337175131,-0.994646383513));
#9605 = ( GEOMETRIC_REPRESENTATION_CONTEXT(2)
PARAMETRIC_REPRESENTATION_CONTEXT() REPRESENTATION_CONTEXT('2D SPACE',''
  ) );
#9606 = PCURVE('',#6650,#9607);
#9607 = DEFINITIONAL_REPRESENTATION('',(#9608),#9612);
#9608 = LINE('',#9609,#9610);
#9609 = CARTESIAN_POINT('',(0.,0.));
#9610 = VECTOR('',#9611,1.);
#9611 = DIRECTION('',(1.,0.));
#9612 = ( GEOMETRIC_REPRESENTATION_CONTEXT(2)
PARAMETRIC_REPRESENTATION_CONTEXT() REPRESENTATION_CONTEXT('2D SPACE',''
  ) );
#9613 = ORIENTED_EDGE('',*,*,#9614,.T.);
#9614 = EDGE_CURVE('',#9592,#9615,#9617,.T.);
#9615 = VERTEX_POINT('',#9616);
#9616 = CARTESIAN_POINT('',(183.28212897289,25.553629746284,
    282.87205808715));
#9617 = SURFACE_CURVE('',#9618,(#9622,#9629),.PCURVE_S1.);
#9618 = LINE('',#9619,#9620);
#9619 = CARTESIAN_POINT('',(182.25924601492,25.553629746284,
    282.69331999597));
#9620 = VECTOR('',#9621,1.);
#9621 = DIRECTION('',(0.985074002695,1.093651838752E-16,0.172131371962)
  );
#9622 = PCURVE('',#9439,#9623);
#9623 = DEFINITIONAL_REPRESENTATION('',(#9624),#9628);
#9624 = LINE('',#9625,#9626);
#9625 = CARTESIAN_POINT('',(-15.21328310475,4.57670960404));
#9626 = VECTOR('',#9627,1.);
#9627 = DIRECTION('',(0.172131371962,-0.985074002695));
#9628 = ( GEOMETRIC_REPRESENTATION_CONTEXT(2)
PARAMETRIC_REPRESENTATION_CONTEXT() REPRESENTATION_CONTEXT('2D SPACE',''
  ) );
#9629 = PCURVE('',#6622,#9630);
#9630 = DEFINITIONAL_REPRESENTATION('',(#9631),#9635);
#9631 = LINE('',#9632,#9633);
#9632 = CARTESIAN_POINT('',(0.,0.));
#9633 = VECTOR('',#9634,1.);
#9634 = DIRECTION('',(1.,0.));
#9635 = ( GEOMETRIC_REPRESENTATION_CONTEXT(2)
PARAMETRIC_REPRESENTATION_CONTEXT() REPRESENTATION_CONTEXT('2D SPACE',''
  ) );
#9636 = ORIENTED_EDGE('',*,*,#9637,.T.);
#9637 = EDGE_CURVE('',#9615,#9638,#9640,.T.);
#9638 = VERTEX_POINT('',#9639);
#9639 = CARTESIAN_POINT('',(184.29013747882,25.553629746284,
    283.12136854202));
#9640 = SURFACE_CURVE('',#9641,(#9645,#9652),.PCURVE_S1.);
#9641 = LINE('',#9642,#9643);
#9642 = CARTESIAN_POINT('',(183.28212897289,25.553629746284,
    282.87205808715));
#9643 = VECTOR('',#9644,1.);
#9644 = DIRECTION('',(0.970749356956,1.077748287233E-16,0.240095160237)
  );
#9645 = PCURVE('',#9439,#9646);
#9646 = DEFINITIONAL_REPRESENTATION('',(#9647),#9651);
#9647 = LINE('',#9648,#9649);
#9648 = CARTESIAN_POINT('',(-15.03454501357,3.553826646071));
#9649 = VECTOR('',#9650,1.);
#9650 = DIRECTION('',(0.240095160237,-0.970749356956));
#9651 = ( GEOMETRIC_REPRESENTATION_CONTEXT(2)
PARAMETRIC_REPRESENTATION_CONTEXT() REPRESENTATION_CONTEXT('2D SPACE',''
  ) );
#9652 = PCURVE('',#6594,#9653);
#9653 = DEFINITIONAL_REPRESENTATION('',(#9654),#9658);
#9654 = LINE('',#9655,#9656);
#9655 = CARTESIAN_POINT('',(0.,0.));
#9656 = VECTOR('',#9657,1.);
#9657 = DIRECTION('',(1.,0.));
#9658 = ( GEOMETRIC_REPRESENTATION_CONTEXT(2)
PARAMETRIC_REPRESENTATION_CONTEXT() REPRESENTATION_CONTEXT('2D SPACE',''
  ) );
#9659 = ORIENTED_EDGE('',*,*,#9660,.T.);
#9660 = EDGE_CURVE('',#9638,#9661,#9663,.T.);
#9661 = VERTEX_POINT('',#9662);
#9662 = CARTESIAN_POINT('',(185.27840862551,25.553629746284,
    283.44004861915));
#9663 = SURFACE_CURVE('',#9664,(#9668,#9675),.PCURVE_S1.);
#9664 = LINE('',#9665,#9666);
#9665 = CARTESIAN_POINT('',(184.29013747882,25.553629746284,
    283.12136854202));
#9666 = VECTOR('',#9667,1.);
#9667 = DIRECTION('',(0.951741552283,1.056645384837E-16,0.306900664155)
  );
#9668 = PCURVE('',#9439,#9669);
#9669 = DEFINITIONAL_REPRESENTATION('',(#9670),#9674);
#9670 = LINE('',#9671,#9672);
#9671 = CARTESIAN_POINT('',(-14.7852345587,2.545818140138));
#9672 = VECTOR('',#9673,1.);
#9673 = DIRECTION('',(0.306900664155,-0.951741552283));
#9674 = ( GEOMETRIC_REPRESENTATION_CONTEXT(2)
PARAMETRIC_REPRESENTATION_CONTEXT() REPRESENTATION_CONTEXT('2D SPACE',''
  ) );
#9675 = PCURVE('',#6566,#9676);
#9676 = DEFINITIONAL_REPRESENTATION('',(#9677),#9681);
#9677 = LINE('',#9678,#9679);
#9678 = CARTESIAN_POINT('',(0.,0.));
#9679 = VECTOR('',#9680,1.);
#9680 = DIRECTION('',(1.,0.));
#9681 = ( GEOMETRIC_REPRESENTATION_CONTEXT(2)
PARAMETRIC_REPRESENTATION_CONTEXT() REPRESENTATION_CONTEXT('2D SPACE',''
  ) );
#9682 = ORIENTED_EDGE('',*,*,#9683,.T.);
#9683 = EDGE_CURVE('',#9661,#9684,#9686,.T.);
#9684 = VERTEX_POINT('',#9685);
#9685 = CARTESIAN_POINT('',(186.24217472415,25.553629746284,
    283.82656091915));
#9686 = SURFACE_CURVE('',#9687,(#9691,#9698),.PCURVE_S1.);
#9687 = LINE('',#9688,#9689);
#9688 = CARTESIAN_POINT('',(185.27840862551,25.553629746284,
    283.44004861915));
#9689 = VECTOR('',#9690,1.);
#9690 = DIRECTION('',(0.928142287495,1.030444937705E-16,0.372225595794)
  );
#9691 = PCURVE('',#9439,#9692);
#9692 = DEFINITIONAL_REPRESENTATION('',(#9693),#9697);
#9693 = LINE('',#9694,#9695);
#9694 = CARTESIAN_POINT('',(-14.46655448157,1.557546993446));
#9695 = VECTOR('',#9696,1.);
#9696 = DIRECTION('',(0.372225595794,-0.928142287495));
#9697 = ( GEOMETRIC_REPRESENTATION_CONTEXT(2)
PARAMETRIC_REPRESENTATION_CONTEXT() REPRESENTATION_CONTEXT('2D SPACE',''
  ) );
#9698 = PCURVE('',#6538,#9699);
#9699 = DEFINITIONAL_REPRESENTATION('',(#9700),#9704);
#9700 = LINE('',#9701,#9702);
#9701 = CARTESIAN_POINT('',(0.,0.));
#9702 = VECTOR('',#9703,1.);
#9703 = DIRECTION('',(1.,0.));
#9704 = ( GEOMETRIC_REPRESENTATION_CONTEXT(2)
PARAMETRIC_REPRESENTATION_CONTEXT() REPRESENTATION_CONTEXT('2D SPACE',''
  ) );
#9705 = ORIENTED_EDGE('',*,*,#9706,.T.);
#9706 = EDGE_CURVE('',#9684,#9707,#9709,.T.);
#9707 = VERTEX_POINT('',#9708);
#9708 = CARTESIAN_POINT('',(187.17678630494,25.553629746284,
    284.27904080158));
#9709 = SURFACE_CURVE('',#9710,(#9714,#9721),.PCURVE_S1.);
#9710 = LINE('',#9711,#9712);
#9711 = CARTESIAN_POINT('',(186.24217472415,25.553629746284,
    283.82656091915));
#9712 = VECTOR('',#9713,1.);
#9713 = DIRECTION('',(0.900065411864,9.992733439203E-17,0.435754809917)
  );
#9714 = PCURVE('',#9439,#9715);
#9715 = DEFINITIONAL_REPRESENTATION('',(#9716),#9720);
#9716 = LINE('',#9717,#9718);
#9717 = CARTESIAN_POINT('',(-14.08004218156,0.593780894806));
#9718 = VECTOR('',#9719,1.);
#9719 = DIRECTION('',(0.435754809917,-0.900065411864));
#9720 = ( GEOMETRIC_REPRESENTATION_CONTEXT(2)
PARAMETRIC_REPRESENTATION_CONTEXT() REPRESENTATION_CONTEXT('2D SPACE',''
  ) );
#9721 = PCURVE('',#6510,#9722);
#9722 = DEFINITIONAL_REPRESENTATION('',(#9723),#9727);
#9723 = LINE('',#9724,#9725);
#9724 = CARTESIAN_POINT('',(0.,0.));
#9725 = VECTOR('',#9726,1.);
#9726 = DIRECTION('',(1.,0.));
#9727 = ( GEOMETRIC_REPRESENTATION_CONTEXT(2)
PARAMETRIC_REPRESENTATION_CONTEXT() REPRESENTATION_CONTEXT('2D SPACE',''
  ) );
#9728 = ORIENTED_EDGE('',*,*,#9729,.T.);
#9729 = EDGE_CURVE('',#9707,#9730,#9732,.T.);
#9730 = VERTEX_POINT('',#9731);
#9731 = CARTESIAN_POINT('',(188.07773454741,25.553629746284,
    284.79530538039));
#9732 = SURFACE_CURVE('',#9733,(#9737,#9744),.PCURVE_S1.);
#9733 = LINE('',#9734,#9735);
#9734 = CARTESIAN_POINT('',(187.17678630494,25.553629746284,
    284.27904080158));
#9735 = VECTOR('',#9736,1.);
#9736 = DIRECTION('',(0.867646375876,9.632809837302E-17,0.497181824315)
  );
#9737 = PCURVE('',#9439,#9738);
#9738 = DEFINITIONAL_REPRESENTATION('',(#9739),#9743);
#9739 = LINE('',#9740,#9741);
#9740 = CARTESIAN_POINT('',(-13.62756229914,-0.340830685983));
#9741 = VECTOR('',#9742,1.);
#9742 = DIRECTION('',(0.497181824315,-0.867646375876));
#9743 = ( GEOMETRIC_REPRESENTATION_CONTEXT(2)
PARAMETRIC_REPRESENTATION_CONTEXT() REPRESENTATION_CONTEXT('2D SPACE',''
  ) );
#9744 = PCURVE('',#6482,#9745);
#9745 = DEFINITIONAL_REPRESENTATION('',(#9746),#9750);
#9746 = LINE('',#9747,#9748);
#9747 = CARTESIAN_POINT('',(0.,0.));
#9748 = VECTOR('',#9749,1.);
#9749 = DIRECTION('',(1.,0.));
#9750 = ( GEOMETRIC_REPRESENTATION_CONTEXT(2)
PARAMETRIC_REPRESENTATION_CONTEXT() REPRESENTATION_CONTEXT('2D SPACE',''
  ) );
#9751 = ORIENTED_EDGE('',*,*,#9752,.T.);
#9752 = EDGE_CURVE('',#9730,#9753,#9755,.T.);
#9753 = VERTEX_POINT('',#9754);
#9754 = CARTESIAN_POINT('',(188.94067303218,25.553629746284,
    285.37286405485));
#9755 = SURFACE_CURVE('',#9756,(#9760,#9767),.PCURVE_S1.);
#9756 = LINE('',#9757,#9758);
#9757 = CARTESIAN_POINT('',(188.07773454741,25.553629746284,
    284.79530538039));
#9758 = VECTOR('',#9759,1.);
#9759 = DIRECTION('',(0.831041577778,9.226414940697E-17,0.556210298363)
  );
#9760 = PCURVE('',#9439,#9761);
#9761 = DEFINITIONAL_REPRESENTATION('',(#9762),#9766);
#9762 = LINE('',#9763,#9764);
#9763 = CARTESIAN_POINT('',(-13.11129772033,-1.241778928449));
#9764 = VECTOR('',#9765,1.);
#9765 = DIRECTION('',(0.556210298363,-0.831041577778));
#9766 = ( GEOMETRIC_REPRESENTATION_CONTEXT(2)
PARAMETRIC_REPRESENTATION_CONTEXT() REPRESENTATION_CONTEXT('2D SPACE',''
  ) );
#9767 = PCURVE('',#6454,#9768);
#9768 = DEFINITIONAL_REPRESENTATION('',(#9769),#9773);
#9769 = LINE('',#9770,#9771);
#9770 = CARTESIAN_POINT('',(0.,0.));
#9771 = VECTOR('',#9772,1.);
#9772 = DIRECTION('',(1.,0.));
#9773 = ( GEOMETRIC_REPRESENTATION_CONTEXT(2)
PARAMETRIC_REPRESENTATION_CONTEXT() REPRESENTATION_CONTEXT('2D SPACE',''
  ) );
#9774 = ORIENTED_EDGE('',*,*,#9775,.T.);
#9775 = EDGE_CURVE('',#9753,#9776,#9778,.T.);
#9776 = VERTEX_POINT('',#9777);
#9777 = CARTESIAN_POINT('',(189.76143870929,25.553629746284,
    286.00893052482));
#9778 = SURFACE_CURVE('',#9779,(#9783,#9790),.PCURVE_S1.);
#9779 = LINE('',#9780,#9781);
#9780 = CARTESIAN_POINT('',(188.94067303218,25.553629746284,
    285.37286405485));
#9781 = VECTOR('',#9782,1.);
#9782 = DIRECTION('',(0.790427609071,8.775509308904E-17,0.612555462646)
  );
#9783 = PCURVE('',#9439,#9784);
#9784 = DEFINITIONAL_REPRESENTATION('',(#9785),#9789);
#9785 = LINE('',#9786,#9787);
#9786 = CARTESIAN_POINT('',(-12.53373904587,-2.104717413219));
#9787 = VECTOR('',#9788,1.);
#9788 = DIRECTION('',(0.612555462646,-0.790427609071));
#9789 = ( GEOMETRIC_REPRESENTATION_CONTEXT(2)
PARAMETRIC_REPRESENTATION_CONTEXT() REPRESENTATION_CONTEXT('2D SPACE',''
  ) );
#9790 = PCURVE('',#6426,#9791);
#9791 = DEFINITIONAL_REPRESENTATION('',(#9792),#9796);
#9792 = LINE('',#9793,#9794);
#9793 = CARTESIAN_POINT('',(0.,0.));
#9794 = VECTOR('',#9795,1.);
#9795 = DIRECTION('',(1.,0.));
#9796 = ( GEOMETRIC_REPRESENTATION_CONTEXT(2)
PARAMETRIC_REPRESENTATION_CONTEXT() REPRESENTATION_CONTEXT('2D SPACE',''
  ) );
#9797 = ORIENTED_EDGE('',*,*,#9798,.T.);
#9798 = EDGE_CURVE('',#9776,#9799,#9801,.T.);
#9799 = VERTEX_POINT('',#9800);
#9800 = CARTESIAN_POINT('',(190.53607198187,25.553629746284,
    286.70043623264));
#9801 = SURFACE_CURVE('',#9802,(#9806,#9813),.PCURVE_S1.);
#9802 = LINE('',#9803,#9804);
#9803 = CARTESIAN_POINT('',(189.76143870929,25.553629746284,
    286.00893052482));
#9804 = VECTOR('',#9805,1.);
#9805 = DIRECTION('',(0.746000402589,8.282268233336E-17,0.665945492768)
  );
#9806 = PCURVE('',#9439,#9807);
#9807 = DEFINITIONAL_REPRESENTATION('',(#9808),#9812);
#9808 = LINE('',#9809,#9810);
#9809 = CARTESIAN_POINT('',(-11.8976725759,-2.925483090331));
#9810 = VECTOR('',#9811,1.);
#9811 = DIRECTION('',(0.665945492768,-0.746000402589));
#9812 = ( GEOMETRIC_REPRESENTATION_CONTEXT(2)
PARAMETRIC_REPRESENTATION_CONTEXT() REPRESENTATION_CONTEXT('2D SPACE',''
  ) );
#9813 = PCURVE('',#6398,#9814);
#9814 = DEFINITIONAL_REPRESENTATION('',(#9815),#9819);
#9815 = LINE('',#9816,#9817);
#9816 = CARTESIAN_POINT('',(0.,0.));
#9817 = VECTOR('',#9818,1.);
#9818 = DIRECTION('',(1.,0.));
#9819 = ( GEOMETRIC_REPRESENTATION_CONTEXT(2)
PARAMETRIC_REPRESENTATION_CONTEXT() REPRESENTATION_CONTEXT('2D SPACE',''
  ) );
#9820 = ORIENTED_EDGE('',*,*,#9821,.T.);
#9821 = EDGE_CURVE('',#9799,#9822,#9824,.T.);
#9822 = VERTEX_POINT('',#9823);
#9823 = CARTESIAN_POINT('',(191.26083580833,25.553629746284,
    287.44404516669));
#9824 = SURFACE_CURVE('',#9825,(#9829,#9836),.PCURVE_S1.);
#9825 = LINE('',#9826,#9827);
#9826 = CARTESIAN_POINT('',(190.53607198187,25.553629746284,
    286.70043623264));
#9827 = VECTOR('',#9828,1.);
#9828 = DIRECTION('',(0.697974287258,7.749071243097E-17,0.7161228207));
#9829 = PCURVE('',#9439,#9830);
#9830 = DEFINITIONAL_REPRESENTATION('',(#9831),#9835);
#9831 = LINE('',#9832,#9833);
#9832 = CARTESIAN_POINT('',(-11.20616686808,-3.700116362916));
#9833 = VECTOR('',#9834,1.);
#9834 = DIRECTION('',(0.7161228207,-0.697974287258));
#9835 = ( GEOMETRIC_REPRESENTATION_CONTEXT(2)
PARAMETRIC_REPRESENTATION_CONTEXT() REPRESENTATION_CONTEXT('2D SPACE',''
  ) );
#9836 = PCURVE('',#6370,#9837);
#9837 = DEFINITIONAL_REPRESENTATION('',(#9838),#9842);
#9838 = LINE('',#9839,#9840);
#9839 = CARTESIAN_POINT('',(0.,0.));
#9840 = VECTOR('',#9841,1.);
#9841 = DIRECTION('',(1.,0.));
#9842 = ( GEOMETRIC_REPRESENTATION_CONTEXT(2)
PARAMETRIC_REPRESENTATION_CONTEXT() REPRESENTATION_CONTEXT('2D SPACE',''
  ) );
#9843 = ORIENTED_EDGE('',*,*,#9844,.T.);
#9844 = EDGE_CURVE('',#9822,#9845,#9847,.T.);
#9845 = VERTEX_POINT('',#9846);
#9846 = CARTESIAN_POINT('',(191.93223373083,25.553629746284,
    288.23616995522));
#9847 = SURFACE_CURVE('',#9848,(#9852,#9859),.PCURVE_S1.);
#9848 = LINE('',#9849,#9850);
#9849 = CARTESIAN_POINT('',(191.26083580833,25.553629746284,
    287.44404516669));
#9850 = VECTOR('',#9851,1.);
#9851 = DIRECTION('',(0.646580954121,7.178490625494E-17,0.762845377365)
  );
#9852 = PCURVE('',#9439,#9853);
#9853 = DEFINITIONAL_REPRESENTATION('',(#9854),#9858);
#9854 = LINE('',#9855,#9856);
#9855 = CARTESIAN_POINT('',(-10.46255793403,-4.424880189372));
#9856 = VECTOR('',#9857,1.);
#9857 = DIRECTION('',(0.762845377365,-0.646580954121));
#9858 = ( GEOMETRIC_REPRESENTATION_CONTEXT(2)
PARAMETRIC_REPRESENTATION_CONTEXT() REPRESENTATION_CONTEXT('2D SPACE',''
  ) );
#9859 = PCURVE('',#6342,#9860);
#9860 = DEFINITIONAL_REPRESENTATION('',(#9861),#9865);
#9861 = LINE('',#9862,#9863);
#9862 = CARTESIAN_POINT('',(0.,0.));
#9863 = VECTOR('',#9864,1.);
#9864 = DIRECTION('',(1.,0.));
#9865 = ( GEOMETRIC_REPRESENTATION_CONTEXT(2)
PARAMETRIC_REPRESENTATION_CONTEXT() REPRESENTATION_CONTEXT('2D SPACE',''
  ) );
#9866 = ORIENTED_EDGE('',*,*,#9867,.T.);
#9867 = EDGE_CURVE('',#9845,#9868,#9870,.T.);
#9868 = VERTEX_POINT('',#9869);
#9869 = CARTESIAN_POINT('',(192.54702674318,25.553629746284,
    289.0729891728));
#9870 = SURFACE_CURVE('',#9871,(#9875,#9882),.PCURVE_S1.);
#9871 = LINE('',#9872,#9873);
#9872 = CARTESIAN_POINT('',(191.93223373083,25.553629746284,
    288.23616995522));
#9873 = VECTOR('',#9874,1.);
#9874 = DIRECTION('',(0.592068338597,6.57327901662E-17,0.805887760442));
#9875 = PCURVE('',#9439,#9876);
#9876 = DEFINITIONAL_REPRESENTATION('',(#9877),#9881);
#9877 = LINE('',#9878,#9879);
#9878 = CARTESIAN_POINT('',(-9.6704331455,-5.096278111872));
#9879 = VECTOR('',#9880,1.);
#9880 = DIRECTION('',(0.805887760442,-0.592068338597));
#9881 = ( GEOMETRIC_REPRESENTATION_CONTEXT(2)
PARAMETRIC_REPRESENTATION_CONTEXT() REPRESENTATION_CONTEXT('2D SPACE',''
  ) );
#9882 = PCURVE('',#6314,#9883);
#9883 = DEFINITIONAL_REPRESENTATION('',(#9884),#9888);
#9884 = LINE('',#9885,#9886);
#9885 = CARTESIAN_POINT('',(0.,0.));
#9886 = VECTOR('',#9887,1.);
#9887 = DIRECTION('',(1.,0.));
#9888 = ( GEOMETRIC_REPRESENTATION_CONTEXT(2)
PARAMETRIC_REPRESENTATION_CONTEXT() REPRESENTATION_CONTEXT('2D SPACE',''
  ) );
#9889 = ORIENTED_EDGE('',*,*,#9890,.T.);
#9890 = EDGE_CURVE('',#9868,#9891,#9893,.T.);
#9891 = VERTEX_POINT('',#9892);
#9892 = CARTESIAN_POINT('',(193.10224891667,25.553629746284,
    289.95046577591));
#9893 = SURFACE_CURVE('',#9894,(#9898,#9905),.PCURVE_S1.);
#9894 = LINE('',#9895,#9896);
#9895 = CARTESIAN_POINT('',(192.54702674318,25.553629746284,
    289.0729891728));
#9896 = VECTOR('',#9897,1.);
#9897 = DIRECTION('',(0.53469942437,5.936356121889E-17,0.845042321768));
#9898 = PCURVE('',#9439,#9899);
#9899 = DEFINITIONAL_REPRESENTATION('',(#9900),#9904);
#9900 = LINE('',#9901,#9902);
#9901 = CARTESIAN_POINT('',(-8.833613927921,-5.711071124221));
#9902 = VECTOR('',#9903,1.);
#9903 = DIRECTION('',(0.845042321768,-0.53469942437));
#9904 = ( GEOMETRIC_REPRESENTATION_CONTEXT(2)
PARAMETRIC_REPRESENTATION_CONTEXT() REPRESENTATION_CONTEXT('2D SPACE',''
  ) );
#9905 = PCURVE('',#6286,#9906);
#9906 = DEFINITIONAL_REPRESENTATION('',(#9907),#9911);
#9907 = LINE('',#9908,#9909);
#9908 = CARTESIAN_POINT('',(0.,0.));
#9909 = VECTOR('',#9910,1.);
#9910 = DIRECTION('',(1.,0.));
#9911 = ( GEOMETRIC_REPRESENTATION_CONTEXT(2)
PARAMETRIC_REPRESENTATION_CONTEXT() REPRESENTATION_CONTEXT('2D SPACE',''
  ) );
#9912 = ORIENTED_EDGE('',*,*,#9913,.T.);
#9913 = EDGE_CURVE('',#9891,#9914,#9916,.T.);
#9914 = VERTEX_POINT('',#9915);
#9915 = CARTESIAN_POINT('',(193.59522170851,25.553629746284,
    290.86436657876));
#9916 = SURFACE_CURVE('',#9917,(#9921,#9928),.PCURVE_S1.);
#9917 = LINE('',#9918,#9919);
#9918 = CARTESIAN_POINT('',(193.10224891667,25.553629746284,
    289.95046577591));
#9919 = VECTOR('',#9920,1.);
#9920 = DIRECTION('',(0.474750974685,5.270794630584E-17,0.880120169088)
  );
#9921 = PCURVE('',#9439,#9922);
#9922 = DEFINITIONAL_REPRESENTATION('',(#9923),#9927);
#9923 = LINE('',#9924,#9925);
#9924 = CARTESIAN_POINT('',(-7.956137324809,-6.26629329771));
#9925 = VECTOR('',#9926,1.);
#9926 = DIRECTION('',(0.880120169088,-0.474750974685));
#9927 = ( GEOMETRIC_REPRESENTATION_CONTEXT(2)
PARAMETRIC_REPRESENTATION_CONTEXT() REPRESENTATION_CONTEXT('2D SPACE',''
  ) );
#9928 = PCURVE('',#6258,#9929);
#9929 = DEFINITIONAL_REPRESENTATION('',(#9930),#9934);
#9930 = LINE('',#9931,#9932);
#9931 = CARTESIAN_POINT('',(0.,0.));
#9932 = VECTOR('',#9933,1.);
#9933 = DIRECTION('',(1.,0.));
#9934 = ( GEOMETRIC_REPRESENTATION_CONTEXT(2)
PARAMETRIC_REPRESENTATION_CONTEXT() REPRESENTATION_CONTEXT('2D SPACE',''
  ) );
#9935 = ORIENTED_EDGE('',*,*,#9936,.T.);
#9936 = EDGE_CURVE('',#9914,#9937,#9939,.T.);
#9937 = VERTEX_POINT('',#9938);
#9938 = CARTESIAN_POINT('',(194.02356688389,25.553629746284,
    291.81028267529));
#9939 = SURFACE_CURVE('',#9940,(#9944,#9951),.PCURVE_S1.);
#9940 = LINE('',#9941,#9942);
#9941 = CARTESIAN_POINT('',(193.59522170851,25.553629746284,
    290.86436657876));
#9942 = VECTOR('',#9943,1.);
#9943 = DIRECTION('',(0.41251219717,4.579805392365E-17,0.910952077327));
#9944 = PCURVE('',#9439,#9945);
#9945 = DEFINITIONAL_REPRESENTATION('',(#9946),#9950);
#9946 = LINE('',#9947,#9948);
#9947 = CARTESIAN_POINT('',(-7.042236521964,-6.759266089556));
#9948 = VECTOR('',#9949,1.);
#9949 = DIRECTION('',(0.910952077327,-0.41251219717));
#9950 = ( GEOMETRIC_REPRESENTATION_CONTEXT(2)
PARAMETRIC_REPRESENTATION_CONTEXT() REPRESENTATION_CONTEXT('2D SPACE',''
  ) );
#9951 = PCURVE('',#6230,#9952);
#9952 = DEFINITIONAL_REPRESENTATION('',(#9953),#9957);
#9953 = LINE('',#9954,#9955);
#9954 = CARTESIAN_POINT('',(0.,0.));
#9955 = VECTOR('',#9956,1.);
#9956 = DIRECTION('',(1.,0.));
#9957 = ( GEOMETRIC_REPRESENTATION_CONTEXT(2)
PARAMETRIC_REPRESENTATION_CONTEXT() REPRESENTATION_CONTEXT('2D SPACE',''
  ) );
#9958 = ORIENTED_EDGE('',*,*,#9959,.T.);
#9959 = EDGE_CURVE('',#9937,#9960,#9962,.T.);
#9960 = VERTEX_POINT('',#9961);
#9961 = CARTESIAN_POINT('',(194.38521798915,25.553629746284,
    292.78365070898));
#9962 = SURFACE_CURVE('',#9963,(#9967,#9974),.PCURVE_S1.);
#9963 = LINE('',#9964,#9965);
#9964 = CARTESIAN_POINT('',(194.02356688389,25.553629746284,
    291.81028267529));
#9965 = VECTOR('',#9966,1.);
#9966 = DIRECTION('',(0.348283348615,3.866721927262E-17,0.937389304973)
  );
#9967 = PCURVE('',#9439,#9968);
#9968 = DEFINITIONAL_REPRESENTATION('',(#9969),#9973);
#9969 = LINE('',#9970,#9971);
#9970 = CARTESIAN_POINT('',(-6.096320425432,-7.187611264929));
#9971 = VECTOR('',#9972,1.);
#9972 = DIRECTION('',(0.937389304973,-0.348283348615));
#9973 = ( GEOMETRIC_REPRESENTATION_CONTEXT(2)
PARAMETRIC_REPRESENTATION_CONTEXT() REPRESENTATION_CONTEXT('2D SPACE',''
  ) );
#9974 = PCURVE('',#6202,#9975);
#9975 = DEFINITIONAL_REPRESENTATION('',(#9976),#9980);
#9976 = LINE('',#9977,#9978);
#9977 = CARTESIAN_POINT('',(0.,0.));
#9978 = VECTOR('',#9979,1.);
#9979 = DIRECTION('',(1.,0.));
#9980 = ( GEOMETRIC_REPRESENTATION_CONTEXT(2)
PARAMETRIC_REPRESENTATION_CONTEXT() REPRESENTATION_CONTEXT('2D SPACE',''
  ) );
#9981 = ORIENTED_EDGE('',*,*,#9982,.T.);
#9982 = EDGE_CURVE('',#9960,#9983,#9985,.T.);
#9983 = VERTEX_POINT('',#9984);
#9984 = CARTESIAN_POINT('',(194.67843032101,25.553629746284,
    293.77977488768));
#9985 = SURFACE_CURVE('',#9986,(#9990,#9997),.PCURVE_S1.);
#9986 = LINE('',#9987,#9988);
#9987 = CARTESIAN_POINT('',(194.38521798915,25.553629746284,
    292.78365070898));
#9988 = VECTOR('',#9989,1.);
#9989 = DIRECTION('',(0.282374286457,3.134984343864E-17,0.959304311649)
  );
#9990 = PCURVE('',#9439,#9991);
#9991 = DEFINITIONAL_REPRESENTATION('',(#9992),#9996);
#9992 = LINE('',#9993,#9994);
#9993 = CARTESIAN_POINT('',(-5.122952391746,-7.549262370194));
#9994 = VECTOR('',#9995,1.);
#9995 = DIRECTION('',(0.959304311649,-0.282374286457));
#9996 = ( GEOMETRIC_REPRESENTATION_CONTEXT(2)
PARAMETRIC_REPRESENTATION_CONTEXT() REPRESENTATION_CONTEXT('2D SPACE',''
  ) );
#9997 = PCURVE('',#6174,#9998);
#9998 = DEFINITIONAL_REPRESENTATION('',(#9999),#10003);
#9999 = LINE('',#10000,#10001);
#10000 = CARTESIAN_POINT('',(0.,0.));
#10001 = VECTOR('',#10002,1.);
#10002 = DIRECTION('',(1.,0.));
#10003 = ( GEOMETRIC_REPRESENTATION_CONTEXT(2)
PARAMETRIC_REPRESENTATION_CONTEXT() REPRESENTATION_CONTEXT('2D SPACE',''
  ) );
#10004 = ORIENTED_EDGE('',*,*,#10005,.T.);
#10005 = EDGE_CURVE('',#9983,#10006,#10008,.T.);
#10006 = VERTEX_POINT('',#10007);
#10007 = CARTESIAN_POINT('',(194.90178934343,25.553629746284,
    294.79384963741));
#10008 = SURFACE_CURVE('',#10009,(#10013,#10020),.PCURVE_S1.);
#10009 = LINE('',#10010,#10011);
#10010 = CARTESIAN_POINT('',(194.67843032101,25.553629746284,
    293.77977488768));
#10011 = VECTOR('',#10012,1.);
#10012 = DIRECTION('',(0.215102973937,2.3881227433E-17,0.976591373402));
#10013 = PCURVE('',#9439,#10014);
#10014 = DEFINITIONAL_REPRESENTATION('',(#10015),#10019);
#10015 = LINE('',#10016,#10017);
#10016 = CARTESIAN_POINT('',(-4.126828213047,-7.842474702055));
#10017 = VECTOR('',#10018,1.);
#10018 = DIRECTION('',(0.976591373402,-0.215102973937));
#10019 = ( GEOMETRIC_REPRESENTATION_CONTEXT(2)
PARAMETRIC_REPRESENTATION_CONTEXT() REPRESENTATION_CONTEXT('2D SPACE',''
  ) );
#10020 = PCURVE('',#6146,#10021);
#10021 = DEFINITIONAL_REPRESENTATION('',(#10022),#10026);
#10022 = LINE('',#10023,#10024);
#10023 = CARTESIAN_POINT('',(0.,0.));
#10024 = VECTOR('',#10025,1.);
#10025 = DIRECTION('',(1.,0.));
#10026 = ( GEOMETRIC_REPRESENTATION_CONTEXT(2)
PARAMETRIC_REPRESENTATION_CONTEXT() REPRESENTATION_CONTEXT('2D SPACE',''
  ) );
#10027 = ORIENTED_EDGE('',*,*,#10028,.T.);
#10028 = EDGE_CURVE('',#10006,#10029,#10031,.T.);
#10029 = VERTEX_POINT('',#10030);
#10030 = CARTESIAN_POINT('',(195.05421751172,25.553629746284,
    295.82098278577));
#10031 = SURFACE_CURVE('',#10032,(#10036,#10043),.PCURVE_S1.);
#10032 = LINE('',#10033,#10034);
#10033 = CARTESIAN_POINT('',(194.90178934343,25.553629746284,
    294.79384963741));
#10034 = VECTOR('',#10035,1.);
#10035 = DIRECTION('',(0.146793946164,1.629740189071E-17,0.989167092745)
  );
#10036 = PCURVE('',#9439,#10037);
#10037 = DEFINITIONAL_REPRESENTATION('',(#10038),#10042);
#10038 = LINE('',#10039,#10040);
#10039 = CARTESIAN_POINT('',(-3.112753463313,-8.06583372447));
#10040 = VECTOR('',#10041,1.);
#10041 = DIRECTION('',(0.989167092745,-0.146793946164));
#10042 = ( GEOMETRIC_REPRESENTATION_CONTEXT(2)
PARAMETRIC_REPRESENTATION_CONTEXT() REPRESENTATION_CONTEXT('2D SPACE',''
  ) );
#10043 = PCURVE('',#6118,#10044);
#10044 = DEFINITIONAL_REPRESENTATION('',(#10045),#10049);
#10045 = LINE('',#10046,#10047);
#10046 = CARTESIAN_POINT('',(0.,0.));
#10047 = VECTOR('',#10048,1.);
#10048 = DIRECTION('',(1.,0.));
#10049 = ( GEOMETRIC_REPRESENTATION_CONTEXT(2)
PARAMETRIC_REPRESENTATION_CONTEXT() REPRESENTATION_CONTEXT('2D SPACE',''
  ) );
#10050 = ORIENTED_EDGE('',*,*,#10051,.T.);
#10051 = EDGE_CURVE('',#10029,#10052,#10054,.T.);
#10052 = VERTEX_POINT('',#10053);
#10053 = CARTESIAN_POINT('',(195.13497947095,25.553629746284,
    296.85621916307));
#10054 = SURFACE_CURVE('',#10055,(#10059,#10066),.PCURVE_S1.);
#10055 = LINE('',#10056,#10057);
#10056 = CARTESIAN_POINT('',(195.05421751172,25.553629746284,
    295.82098278577));
#10057 = VECTOR('',#10058,1.);
#10058 = DIRECTION('',(7.777674446852E-02,8.634953248933E-18,
    0.996970800987));
#10059 = PCURVE('',#9439,#10060);
#10060 = DEFINITIONAL_REPRESENTATION('',(#10061),#10065);
#10061 = LINE('',#10062,#10063);
#10062 = CARTESIAN_POINT('',(-2.085620314957,-8.218261892763));
#10063 = VECTOR('',#10064,1.);
#10064 = DIRECTION('',(0.996970800987,-7.777674446852E-02));
#10065 = ( GEOMETRIC_REPRESENTATION_CONTEXT(2)
PARAMETRIC_REPRESENTATION_CONTEXT() REPRESENTATION_CONTEXT('2D SPACE',''
  ) );
#10066 = PCURVE('',#6090,#10067);
#10067 = DEFINITIONAL_REPRESENTATION('',(#10068),#10072);
#10068 = LINE('',#10069,#10070);
#10069 = CARTESIAN_POINT('',(0.,0.));
#10070 = VECTOR('',#10071,1.);
#10071 = DIRECTION('',(1.,0.));
#10072 = ( GEOMETRIC_REPRESENTATION_CONTEXT(2)
PARAMETRIC_REPRESENTATION_CONTEXT() REPRESENTATION_CONTEXT('2D SPACE',''
  ) );
#10073 = ORIENTED_EDGE('',*,*,#10074,.T.);
#10074 = EDGE_CURVE('',#10052,#10075,#10077,.T.);
#10075 = VERTEX_POINT('',#10076);
#10076 = CARTESIAN_POINT('',(195.14368560346,25.553629746284,
    297.89456450745));
#10077 = SURFACE_CURVE('',#10078,(#10082,#10089),.PCURVE_S1.);
#10078 = LINE('',#10079,#10080);
#10079 = CARTESIAN_POINT('',(195.13497947095,25.553629746284,
    296.85621916307));
#10080 = VECTOR('',#10081,1.);
#10081 = DIRECTION('',(8.384326602831E-03,9.30847244044E-19,
    0.999964850916));
#10082 = PCURVE('',#9439,#10083);
#10083 = DEFINITIONAL_REPRESENTATION('',(#10084),#10088);
#10084 = LINE('',#10085,#10086);
#10085 = CARTESIAN_POINT('',(-1.050383937657,-8.299023851992));
#10086 = VECTOR('',#10087,1.);
#10087 = DIRECTION('',(0.999964850916,-8.384326602831E-03));
#10088 = ( GEOMETRIC_REPRESENTATION_CONTEXT(2)
PARAMETRIC_REPRESENTATION_CONTEXT() REPRESENTATION_CONTEXT('2D SPACE',''
  ) );
#10089 = PCURVE('',#6062,#10090);
#10090 = DEFINITIONAL_REPRESENTATION('',(#10091),#10095);
#10091 = LINE('',#10092,#10093);
#10092 = CARTESIAN_POINT('',(0.,0.));
#10093 = VECTOR('',#10094,1.);
#10094 = DIRECTION('',(1.,0.));
#10095 = ( GEOMETRIC_REPRESENTATION_CONTEXT(2)
PARAMETRIC_REPRESENTATION_CONTEXT() REPRESENTATION_CONTEXT('2D SPACE',''
  ) );
#10096 = ORIENTED_EDGE('',*,*,#10097,.F.);
#10097 = EDGE_CURVE('',#10098,#10075,#10100,.T.);
#10098 = VERTEX_POINT('',#10099);
#10099 = CARTESIAN_POINT('',(195.08029390849,25.553629746284,
    298.93100955855));
#10100 = SURFACE_CURVE('',#10101,(#10105,#10112),.PCURVE_S1.);
#10101 = LINE('',#10102,#10103);
#10102 = CARTESIAN_POINT('',(195.08029390849,25.553629746284,
    298.93100955855));
#10103 = VECTOR('',#10104,1.);
#10104 = DIRECTION('',(6.104853953485E-02,0.,-0.998134798422));
#10105 = PCURVE('',#9439,#10106);
#10106 = DEFINITIONAL_REPRESENTATION('',(#10107),#10111);
#10107 = LINE('',#10108,#10109);
#10108 = CARTESIAN_POINT('',(1.024406457825,-8.244338289531));
#10109 = VECTOR('',#10110,1.);
#10110 = DIRECTION('',(-0.998134798422,-6.104853953485E-02));
#10111 = ( GEOMETRIC_REPRESENTATION_CONTEXT(2)
PARAMETRIC_REPRESENTATION_CONTEXT() REPRESENTATION_CONTEXT('2D SPACE',''
  ) );
#10112 = PCURVE('',#6034,#10113);
#10113 = DEFINITIONAL_REPRESENTATION('',(#10114),#10118);
#10114 = LINE('',#10115,#10116);
#10115 = CARTESIAN_POINT('',(1.038381842552,7.037891932274E-18));
#10116 = VECTOR('',#10117,1.);
#10117 = DIRECTION('',(-1.,-6.777749421133E-18));
#10118 = ( GEOMETRIC_REPRESENTATION_CONTEXT(2)
PARAMETRIC_REPRESENTATION_CONTEXT() REPRESENTATION_CONTEXT('2D SPACE',''
  ) );
#10119 = ORIENTED_EDGE('',*,*,#10120,.T.);
#10120 = EDGE_CURVE('',#10098,#10121,#10123,.T.);
#10121 = VERTEX_POINT('',#10122);
#10122 = CARTESIAN_POINT('',(194.94511020483,25.553629746284,
    299.96055422354));
#10123 = SURFACE_CURVE('',#10124,(#10128,#10135),.PCURVE_S1.);
#10124 = LINE('',#10125,#10126);
#10125 = CARTESIAN_POINT('',(195.08029390849,25.553629746284,
    298.93100955855));
#10126 = VECTOR('',#10127,1.);
#10127 = DIRECTION('',(-0.130186890913,-1.445364837961E-17,
    0.991489472175));
#10128 = PCURVE('',#9439,#10129);
#10129 = DEFINITIONAL_REPRESENTATION('',(#10130),#10134);
#10130 = LINE('',#10131,#10132);
#10131 = CARTESIAN_POINT('',(1.024406457825,-8.244338289531));
#10132 = VECTOR('',#10133,1.);
#10133 = DIRECTION('',(0.991489472175,0.130186890913));
#10134 = ( GEOMETRIC_REPRESENTATION_CONTEXT(2)
PARAMETRIC_REPRESENTATION_CONTEXT() REPRESENTATION_CONTEXT('2D SPACE',''
  ) );
#10135 = PCURVE('',#6007,#10136);
#10136 = DEFINITIONAL_REPRESENTATION('',(#10137),#10141);
#10137 = LINE('',#10138,#10139);
#10138 = CARTESIAN_POINT('',(0.,0.));
#10139 = VECTOR('',#10140,1.);
#10140 = DIRECTION('',(1.,0.));
#10141 = ( GEOMETRIC_REPRESENTATION_CONTEXT(2)
PARAMETRIC_REPRESENTATION_CONTEXT() REPRESENTATION_CONTEXT('2D SPACE',''
  ) );
#10142 = ORIENTED_EDGE('',*,*,#10143,.T.);
#10143 = EDGE_CURVE('',#10121,#10144,#10146,.T.);
#10144 = VERTEX_POINT('',#10145);
#10145 = CARTESIAN_POINT('',(194.73878665542,25.553629746284,
    300.97823169892));
#10146 = SURFACE_CURVE('',#10147,(#10151,#10158),.PCURVE_S1.);
#10147 = LINE('',#10148,#10149);
#10148 = CARTESIAN_POINT('',(194.94511020483,25.553629746284,
    299.96055422354));
#10149 = VECTOR('',#10150,1.);
#10150 = DIRECTION('',(-0.19869718532,-2.205981900702E-17,0.980060931037
    ));
#10151 = PCURVE('',#9439,#10152);
#10152 = DEFINITIONAL_REPRESENTATION('',(#10153),#10157);
#10153 = LINE('',#10154,#10155);
#10154 = CARTESIAN_POINT('',(2.053951122814,-8.109154585869));
#10155 = VECTOR('',#10156,1.);
#10156 = DIRECTION('',(0.980060931037,0.19869718532));
#10157 = ( GEOMETRIC_REPRESENTATION_CONTEXT(2)
PARAMETRIC_REPRESENTATION_CONTEXT() REPRESENTATION_CONTEXT('2D SPACE',''
  ) );
#10158 = PCURVE('',#5981,#10159);
#10159 = DEFINITIONAL_REPRESENTATION('',(#10160),#10164);
#10160 = LINE('',#10161,#10162);
#10161 = CARTESIAN_POINT('',(0.,0.));
#10162 = VECTOR('',#10163,1.);
#10163 = DIRECTION('',(1.,0.));
#10164 = ( GEOMETRIC_REPRESENTATION_CONTEXT(2)
PARAMETRIC_REPRESENTATION_CONTEXT() REPRESENTATION_CONTEXT('2D SPACE',''
  ) );
#10165 = ORIENTED_EDGE('',*,*,#10166,.T.);
#10166 = EDGE_CURVE('',#10144,#10167,#10169,.T.);
#10167 = VERTEX_POINT('',#10168);
#10168 = CARTESIAN_POINT('',(194.4623186212,25.553629746284,
    301.97913243176));
#10169 = SURFACE_CURVE('',#10170,(#10174,#10181),.PCURVE_S1.);
#10170 = LINE('',#10171,#10172);
#10171 = CARTESIAN_POINT('',(194.73878665542,25.553629746284,
    300.97823169892));
#10172 = VECTOR('',#10173,1.);
#10173 = DIRECTION('',(-0.26624891046,-2.955956706744E-17,0.963904309399
    ));
#10174 = PCURVE('',#9439,#10175);
#10175 = DEFINITIONAL_REPRESENTATION('',(#10176),#10180);
#10176 = LINE('',#10177,#10178);
#10177 = CARTESIAN_POINT('',(3.071628598198,-7.902831036466));
#10178 = VECTOR('',#10179,1.);
#10179 = DIRECTION('',(0.963904309399,0.26624891046));
#10180 = ( GEOMETRIC_REPRESENTATION_CONTEXT(2)
PARAMETRIC_REPRESENTATION_CONTEXT() REPRESENTATION_CONTEXT('2D SPACE',''
  ) );
#10181 = PCURVE('',#5955,#10182);
#10182 = DEFINITIONAL_REPRESENTATION('',(#10183),#10187);
#10183 = LINE('',#10184,#10185);
#10184 = CARTESIAN_POINT('',(0.,0.));
#10185 = VECTOR('',#10186,1.);
#10186 = DIRECTION('',(1.,0.));
#10187 = ( GEOMETRIC_REPRESENTATION_CONTEXT(2)
PARAMETRIC_REPRESENTATION_CONTEXT() REPRESENTATION_CONTEXT('2D SPACE',''
  ) );
#10188 = ORIENTED_EDGE('',*,*,#10189,.T.);
#10189 = EDGE_CURVE('',#10167,#10190,#10192,.T.);
#10190 = VERTEX_POINT('',#10191);
#10191 = CARTESIAN_POINT('',(194.11703985916,25.553629746284,
    302.95842780468));
#10192 = SURFACE_CURVE('',#10193,(#10197,#10204),.PCURVE_S1.);
#10193 = LINE('',#10194,#10195);
#10194 = CARTESIAN_POINT('',(194.4623186212,25.553629746284,
    301.97913243176));
#10195 = VECTOR('',#10196,1.);
#10196 = DIRECTION('',(-0.332516178439,-3.691671173636E-17,
    0.943097551198));
#10197 = PCURVE('',#9439,#10198);
#10198 = DEFINITIONAL_REPRESENTATION('',(#10199),#10203);
#10199 = LINE('',#10200,#10201);
#10200 = CARTESIAN_POINT('',(4.072529331036,-7.626363002245));
#10201 = VECTOR('',#10202,1.);
#10202 = DIRECTION('',(0.943097551198,0.332516178439));
#10203 = ( GEOMETRIC_REPRESENTATION_CONTEXT(2)
PARAMETRIC_REPRESENTATION_CONTEXT() REPRESENTATION_CONTEXT('2D SPACE',''
  ) );
#10204 = PCURVE('',#5929,#10205);
#10205 = DEFINITIONAL_REPRESENTATION('',(#10206),#10210);
#10206 = LINE('',#10207,#10208);
#10207 = CARTESIAN_POINT('',(0.,0.));
#10208 = VECTOR('',#10209,1.);
#10209 = DIRECTION('',(1.,0.));
#10210 = ( GEOMETRIC_REPRESENTATION_CONTEXT(2)
PARAMETRIC_REPRESENTATION_CONTEXT() REPRESENTATION_CONTEXT('2D SPACE',''
  ) );
#10211 = ORIENTED_EDGE('',*,*,#10212,.T.);
#10212 = EDGE_CURVE('',#10190,#10213,#10215,.T.);
#10213 = VERTEX_POINT('',#10214);
#10214 = CARTESIAN_POINT('',(193.70461608795,25.553629746284,
    303.91139343044));
#10215 = SURFACE_CURVE('',#10216,(#10220,#10227),.PCURVE_S1.);
#10216 = LINE('',#10217,#10218);
#10217 = CARTESIAN_POINT('',(194.11703985916,25.553629746284,
    302.95842780468));
#10218 = VECTOR('',#10219,1.);
#10219 = DIRECTION('',(-0.397179297932,-4.40957601468E-17,0.917741033895
    ));
#10220 = PCURVE('',#9439,#10221);
#10221 = DEFINITIONAL_REPRESENTATION('',(#10222),#10226);
#10222 = LINE('',#10223,#10224);
#10223 = CARTESIAN_POINT('',(5.051824703956,-7.281084240199));
#10224 = VECTOR('',#10225,1.);
#10225 = DIRECTION('',(0.917741033895,0.397179297932));
#10226 = ( GEOMETRIC_REPRESENTATION_CONTEXT(2)
PARAMETRIC_REPRESENTATION_CONTEXT() REPRESENTATION_CONTEXT('2D SPACE',''
  ) );
#10227 = PCURVE('',#5903,#10228);
#10228 = DEFINITIONAL_REPRESENTATION('',(#10229),#10233);
#10229 = LINE('',#10230,#10231);
#10230 = CARTESIAN_POINT('',(0.,0.));
#10231 = VECTOR('',#10232,1.);
#10232 = DIRECTION('',(1.,0.));
#10233 = ( GEOMETRIC_REPRESENTATION_CONTEXT(2)
PARAMETRIC_REPRESENTATION_CONTEXT() REPRESENTATION_CONTEXT('2D SPACE',''
  ) );
#10234 = ORIENTED_EDGE('',*,*,#10235,.T.);
#10235 = EDGE_CURVE('',#10213,#10236,#10238,.T.);
#10236 = VERTEX_POINT('',#10237);
#10237 = CARTESIAN_POINT('',(193.22703695202,25.553629746284,
    304.83343194367));
#10238 = SURFACE_CURVE('',#10239,(#10243,#10250),.PCURVE_S1.);
#10239 = LINE('',#10240,#10241);
#10240 = CARTESIAN_POINT('',(193.70461608795,25.553629746284,
    303.91139343044));
#10241 = VECTOR('',#10242,1.);
#10242 = DIRECTION('',(-0.459926316461,-5.106207861659E-17,
    0.887957084226));
#10243 = PCURVE('',#9439,#10244);
#10244 = DEFINITIONAL_REPRESENTATION('',(#10245),#10249);
#10245 = LINE('',#10246,#10247);
#10246 = CARTESIAN_POINT('',(6.004790329718,-6.868660468989));
#10247 = VECTOR('',#10248,1.);
#10248 = DIRECTION('',(0.887957084226,0.459926316461));
#10249 = ( GEOMETRIC_REPRESENTATION_CONTEXT(2)
PARAMETRIC_REPRESENTATION_CONTEXT() REPRESENTATION_CONTEXT('2D SPACE',''
  ) );
#10250 = PCURVE('',#5877,#10251);
#10251 = DEFINITIONAL_REPRESENTATION('',(#10252),#10256);
#10252 = LINE('',#10253,#10254);
#10253 = CARTESIAN_POINT('',(0.,0.));
#10254 = VECTOR('',#10255,1.);
#10255 = DIRECTION('',(1.,0.));
#10256 = ( GEOMETRIC_REPRESENTATION_CONTEXT(2)
PARAMETRIC_REPRESENTATION_CONTEXT() REPRESENTATION_CONTEXT('2D SPACE',''
  ) );
#10257 = ORIENTED_EDGE('',*,*,#10258,.T.);
#10258 = EDGE_CURVE('',#10236,#10259,#10261,.T.);
#10259 = VERTEX_POINT('',#10260);
#10260 = CARTESIAN_POINT('',(192.68660642303,25.553629746284,
    305.72009517978));
#10261 = SURFACE_CURVE('',#10262,(#10266,#10273),.PCURVE_S1.);
#10262 = LINE('',#10263,#10264);
#10263 = CARTESIAN_POINT('',(193.22703695202,25.553629746284,
    304.83343194367));
#10264 = VECTOR('',#10265,1.);
#10265 = DIRECTION('',(-0.520454525343,-5.778205973065E-17,
    0.853889388065));
#10266 = PCURVE('',#9439,#10267);
#10267 = DEFINITIONAL_REPRESENTATION('',(#10268),#10272);
#10268 = LINE('',#10269,#10270);
#10269 = CARTESIAN_POINT('',(6.926828842943,-6.391081333064));
#10270 = VECTOR('',#10271,1.);
#10271 = DIRECTION('',(0.853889388065,0.520454525343));
#10272 = ( GEOMETRIC_REPRESENTATION_CONTEXT(2)
PARAMETRIC_REPRESENTATION_CONTEXT() REPRESENTATION_CONTEXT('2D SPACE',''
  ) );
#10273 = PCURVE('',#5851,#10274);
#10274 = DEFINITIONAL_REPRESENTATION('',(#10275),#10279);
#10275 = LINE('',#10276,#10277);
#10276 = CARTESIAN_POINT('',(0.,0.));
#10277 = VECTOR('',#10278,1.);
#10278 = DIRECTION('',(1.,0.));
#10279 = ( GEOMETRIC_REPRESENTATION_CONTEXT(2)
PARAMETRIC_REPRESENTATION_CONTEXT() REPRESENTATION_CONTEXT('2D SPACE',''
  ) );
#10280 = ORIENTED_EDGE('',*,*,#10281,.T.);
#10281 = EDGE_CURVE('',#10259,#10282,#10284,.T.);
#10282 = VERTEX_POINT('',#10283);
#10283 = CARTESIAN_POINT('',(192.08593168484,25.553629746284,
    306.56710563417));
#10284 = SURFACE_CURVE('',#10285,(#10289,#10296),.PCURVE_S1.);
#10285 = LINE('',#10286,#10287);
#10286 = CARTESIAN_POINT('',(192.68660642303,25.553629746284,
    305.72009517978));
#10287 = VECTOR('',#10288,1.);
#10288 = DIRECTION('',(-0.578471920036,-6.422328447229E-17,
    0.815702297245));
#10289 = PCURVE('',#9439,#10290);
#10290 = DEFINITIONAL_REPRESENTATION('',(#10291),#10295);
#10291 = LINE('',#10292,#10293);
#10292 = CARTESIAN_POINT('',(7.813492079058,-5.850650804073));
#10293 = VECTOR('',#10294,1.);
#10294 = DIRECTION('',(0.815702297245,0.578471920036));
#10295 = ( GEOMETRIC_REPRESENTATION_CONTEXT(2)
PARAMETRIC_REPRESENTATION_CONTEXT() REPRESENTATION_CONTEXT('2D SPACE',''
  ) );
#10296 = PCURVE('',#5825,#10297);
#10297 = DEFINITIONAL_REPRESENTATION('',(#10298),#10302);
#10298 = LINE('',#10299,#10300);
#10299 = CARTESIAN_POINT('',(0.,0.));
#10300 = VECTOR('',#10301,1.);
#10301 = DIRECTION('',(1.,0.));
#10302 = ( GEOMETRIC_REPRESENTATION_CONTEXT(2)
PARAMETRIC_REPRESENTATION_CONTEXT() REPRESENTATION_CONTEXT('2D SPACE',''
  ) );
#10303 = ORIENTED_EDGE('',*,*,#10304,.T.);
#10304 = EDGE_CURVE('',#10282,#10305,#10307,.T.);
#10305 = VERTEX_POINT('',#10306);
#10306 = CARTESIAN_POINT('',(191.42791055576,25.553629746284,
    307.37037709801));
#10307 = SURFACE_CURVE('',#10308,(#10312,#10319),.PCURVE_S1.);
#10308 = LINE('',#10309,#10310);
#10309 = CARTESIAN_POINT('',(192.08593168484,25.553629746284,
    306.56710563417));
#10310 = VECTOR('',#10311,1.);
#10311 = DIRECTION('',(-0.633698608846,-7.035467862141E-17,
    0.773580036678));
#10312 = PCURVE('',#9439,#10313);
#10313 = DEFINITIONAL_REPRESENTATION('',(#10314),#10318);
#10314 = LINE('',#10315,#10316);
#10315 = CARTESIAN_POINT('',(8.660502533445,-5.249976065882));
#10316 = VECTOR('',#10317,1.);
#10317 = DIRECTION('',(0.773580036678,0.633698608846));
#10318 = ( GEOMETRIC_REPRESENTATION_CONTEXT(2)
PARAMETRIC_REPRESENTATION_CONTEXT() REPRESENTATION_CONTEXT('2D SPACE',''
  ) );
#10319 = PCURVE('',#5799,#10320);
#10320 = DEFINITIONAL_REPRESENTATION('',(#10321),#10325);
#10321 = LINE('',#10322,#10323);
#10322 = CARTESIAN_POINT('',(0.,0.));
#10323 = VECTOR('',#10324,1.);
#10324 = DIRECTION('',(1.,0.));
#10325 = ( GEOMETRIC_REPRESENTATION_CONTEXT(2)
PARAMETRIC_REPRESENTATION_CONTEXT() REPRESENTATION_CONTEXT('2D SPACE',''
  ) );
#10326 = ORIENTED_EDGE('',*,*,#10327,.T.);
#10327 = EDGE_CURVE('',#10305,#10328,#10330,.T.);
#10328 = VERTEX_POINT('',#10329);
#10329 = CARTESIAN_POINT('',(190.7157175087,25.553629746284,
    308.1260343713));
#10330 = SURFACE_CURVE('',#10331,(#10335,#10342),.PCURVE_S1.);
#10331 = LINE('',#10332,#10333);
#10332 = CARTESIAN_POINT('',(191.42791055576,25.553629746284,
    307.37037709801));
#10333 = VECTOR('',#10334,1.);
#10334 = DIRECTION('',(-0.685868163207,-7.614666266493E-17,
    0.727725815606));
#10335 = PCURVE('',#9439,#10336);
#10336 = DEFINITIONAL_REPRESENTATION('',(#10337),#10341);
#10337 = LINE('',#10338,#10339);
#10338 = CARTESIAN_POINT('',(9.463773997292,-4.591954936805));
#10339 = VECTOR('',#10340,1.);
#10340 = DIRECTION('',(0.727725815606,0.685868163207));
#10341 = ( GEOMETRIC_REPRESENTATION_CONTEXT(2)
PARAMETRIC_REPRESENTATION_CONTEXT() REPRESENTATION_CONTEXT('2D SPACE',''
  ) );
#10342 = PCURVE('',#5773,#10343);
#10343 = DEFINITIONAL_REPRESENTATION('',(#10344),#10348);
#10344 = LINE('',#10345,#10346);
#10345 = CARTESIAN_POINT('',(0.,0.));
#10346 = VECTOR('',#10347,1.);
#10347 = DIRECTION('',(1.,0.));
#10348 = ( GEOMETRIC_REPRESENTATION_CONTEXT(2)
PARAMETRIC_REPRESENTATION_CONTEXT() REPRESENTATION_CONTEXT('2D SPACE',''
  ) );
#10349 = ORIENTED_EDGE('',*,*,#10350,.T.);
#10350 = EDGE_CURVE('',#10328,#10351,#10353,.T.);
#10351 = VERTEX_POINT('',#10352);
#10352 = CARTESIAN_POINT('',(189.95278835663,25.553629746284,
    308.83043195779));
#10353 = SURFACE_CURVE('',#10354,(#10358,#10365),.PCURVE_S1.);
#10354 = LINE('',#10355,#10356);
#10355 = CARTESIAN_POINT('',(190.7157175087,25.553629746284,
    308.1260343713));
#10356 = VECTOR('',#10357,1.);
#10357 = DIRECTION('',(-0.734728902997,-8.157129449645E-17,
    0.678360847264));
#10358 = PCURVE('',#9439,#10359);
#10359 = DEFINITIONAL_REPRESENTATION('',(#10360),#10364);
#10360 = LINE('',#10361,#10362);
#10361 = CARTESIAN_POINT('',(10.219431270574,-3.879761889747));
#10362 = VECTOR('',#10363,1.);
#10363 = DIRECTION('',(0.678360847264,0.734728902997));
#10364 = ( GEOMETRIC_REPRESENTATION_CONTEXT(2)
PARAMETRIC_REPRESENTATION_CONTEXT() REPRESENTATION_CONTEXT('2D SPACE',''
  ) );
#10365 = PCURVE('',#5747,#10366);
#10366 = DEFINITIONAL_REPRESENTATION('',(#10367),#10371);
#10367 = LINE('',#10368,#10369);
#10368 = CARTESIAN_POINT('',(0.,0.));
#10369 = VECTOR('',#10370,1.);
#10370 = DIRECTION('',(1.,0.));
#10371 = ( GEOMETRIC_REPRESENTATION_CONTEXT(2)
PARAMETRIC_REPRESENTATION_CONTEXT() REPRESENTATION_CONTEXT('2D SPACE',''
  ) );
#10372 = ORIENTED_EDGE('',*,*,#10373,.T.);
#10373 = EDGE_CURVE('',#10351,#10374,#10376,.T.);
#10374 = VERTEX_POINT('',#10375);
#10375 = CARTESIAN_POINT('',(189.14280367729,25.553629746284,
    309.48017165196));
#10376 = SURFACE_CURVE('',#10377,(#10381,#10388),.PCURVE_S1.);
#10377 = LINE('',#10378,#10379);
#10378 = CARTESIAN_POINT('',(189.95278835663,25.553629746284,
    308.83043195779));
#10379 = VECTOR('',#10380,1.);
#10380 = DIRECTION('',(-0.780045110718,-8.660240421657E-17,
    0.625723281687));
#10381 = PCURVE('',#9439,#10382);
#10382 = DEFINITIONAL_REPRESENTATION('',(#10383),#10387);
#10383 = LINE('',#10384,#10385);
#10384 = CARTESIAN_POINT('',(10.923828857072,-3.116832737677));
#10385 = VECTOR('',#10386,1.);
#10386 = DIRECTION('',(0.625723281687,0.780045110718));
#10387 = ( GEOMETRIC_REPRESENTATION_CONTEXT(2)
PARAMETRIC_REPRESENTATION_CONTEXT() REPRESENTATION_CONTEXT('2D SPACE',''
  ) );
#10388 = PCURVE('',#5721,#10389);
#10389 = DEFINITIONAL_REPRESENTATION('',(#10390),#10394);
#10390 = LINE('',#10391,#10392);
#10391 = CARTESIAN_POINT('',(0.,0.));
#10392 = VECTOR('',#10393,1.);
#10393 = DIRECTION('',(1.,0.));
#10394 = ( GEOMETRIC_REPRESENTATION_CONTEXT(2)
PARAMETRIC_REPRESENTATION_CONTEXT() REPRESENTATION_CONTEXT('2D SPACE',''
  ) );
#10395 = ORIENTED_EDGE('',*,*,#10396,.F.);
#10396 = EDGE_CURVE('',#10397,#10374,#10399,.T.);
#10397 = VERTEX_POINT('',#10398);
#10398 = CARTESIAN_POINT('',(188.28967105708,25.553629746284,
    310.07211893278));
#10399 = SURFACE_CURVE('',#10400,(#10404,#10411),.PCURVE_S1.);
#10400 = LINE('',#10401,#10402);
#10401 = CARTESIAN_POINT('',(188.28967105708,25.553629746284,
    310.07211893278));
#10402 = VECTOR('',#10403,1.);
#10403 = DIRECTION('',(0.821598168659,0.,-0.570067056806));
#10404 = PCURVE('',#9439,#10405);
#10405 = DEFINITIONAL_REPRESENTATION('',(#10406),#10410);
#10406 = LINE('',#10407,#10408);
#10407 = CARTESIAN_POINT('',(12.165515832062,-1.453715438125));
#10408 = VECTOR('',#10409,1.);
#10409 = DIRECTION('',(-0.570067056806,-0.821598168659));
#10410 = ( GEOMETRIC_REPRESENTATION_CONTEXT(2)
PARAMETRIC_REPRESENTATION_CONTEXT() REPRESENTATION_CONTEXT('2D SPACE',''
  ) );
#10411 = PCURVE('',#5694,#10412);
#10412 = DEFINITIONAL_REPRESENTATION('',(#10413),#10417);
#10413 = LINE('',#10414,#10415);
#10414 = CARTESIAN_POINT('',(1.038381842552,9.471674780162E-17));
#10415 = VECTOR('',#10416,1.);
#10416 = DIRECTION('',(-1.,-9.121572038356E-17));
#10417 = ( GEOMETRIC_REPRESENTATION_CONTEXT(2)
PARAMETRIC_REPRESENTATION_CONTEXT() REPRESENTATION_CONTEXT('2D SPACE',''
  ) );
#10418 = ORIENTED_EDGE('',*,*,#10419,.T.);
#10419 = EDGE_CURVE('',#10397,#10420,#10422,.T.);
#10420 = VERTEX_POINT('',#10421);
#10421 = CARTESIAN_POINT('',(187.39750623981,25.553629746284,
    310.60341808558));
#10422 = SURFACE_CURVE('',#10423,(#10427,#10434),.PCURVE_S1.);
#10423 = LINE('',#10424,#10425);
#10424 = CARTESIAN_POINT('',(188.28967105708,25.553629746284,
    310.07211893278));
#10425 = VECTOR('',#10426,1.);
#10426 = DIRECTION('',(-0.859187613567,-9.538898710546E-17,0.51166067339
    ));
#10427 = PCURVE('',#9439,#10428);
#10428 = DEFINITIONAL_REPRESENTATION('',(#10429),#10433);
#10429 = LINE('',#10430,#10431);
#10430 = CARTESIAN_POINT('',(12.165515832062,-1.453715438125));
#10431 = VECTOR('',#10432,1.);
#10432 = DIRECTION('',(0.51166067339,0.859187613567));
#10433 = ( GEOMETRIC_REPRESENTATION_CONTEXT(2)
PARAMETRIC_REPRESENTATION_CONTEXT() REPRESENTATION_CONTEXT('2D SPACE',''
  ) );
#10434 = PCURVE('',#5666,#10435);
#10435 = DEFINITIONAL_REPRESENTATION('',(#10436),#10440);
#10436 = LINE('',#10437,#10438);
#10437 = CARTESIAN_POINT('',(0.,0.));
#10438 = VECTOR('',#10439,1.);
#10439 = DIRECTION('',(1.,0.));
#10440 = ( GEOMETRIC_REPRESENTATION_CONTEXT(2)
PARAMETRIC_REPRESENTATION_CONTEXT() REPRESENTATION_CONTEXT('2D SPACE',''
  ) );
#10441 = ORIENTED_EDGE('',*,*,#10442,.T.);
#10442 = EDGE_CURVE('',#10420,#10443,#10445,.T.);
#10443 = VERTEX_POINT('',#10444);
#10444 = CARTESIAN_POINT('',(186.47061327121,25.553629746284,
    311.07150597873));
#10445 = SURFACE_CURVE('',#10446,(#10450,#10457),.PCURVE_S1.);
#10446 = LINE('',#10447,#10448);
#10447 = CARTESIAN_POINT('',(187.39750623981,25.553629746284,
    310.60341808558));
#10448 = VECTOR('',#10449,1.);
#10449 = DIRECTION('',(-0.892632103734,-9.910207140849E-17,
    0.450785899717));
#10450 = PCURVE('',#9439,#10451);
#10451 = DEFINITIONAL_REPRESENTATION('',(#10452),#10456);
#10452 = LINE('',#10453,#10454);
#10453 = CARTESIAN_POINT('',(12.696814984858,-0.561550620851));
#10454 = VECTOR('',#10455,1.);
#10455 = DIRECTION('',(0.450785899717,0.892632103734));
#10456 = ( GEOMETRIC_REPRESENTATION_CONTEXT(2)
PARAMETRIC_REPRESENTATION_CONTEXT() REPRESENTATION_CONTEXT('2D SPACE',''
  ) );
#10457 = PCURVE('',#5638,#10458);
#10458 = DEFINITIONAL_REPRESENTATION('',(#10459),#10463);
#10459 = LINE('',#10460,#10461);
#10460 = CARTESIAN_POINT('',(0.,0.));
#10461 = VECTOR('',#10462,1.);
#10462 = DIRECTION('',(1.,0.));
#10463 = ( GEOMETRIC_REPRESENTATION_CONTEXT(2)
PARAMETRIC_REPRESENTATION_CONTEXT() REPRESENTATION_CONTEXT('2D SPACE',''
  ) );
#10464 = ORIENTED_EDGE('',*,*,#10465,.T.);
#10465 = EDGE_CURVE('',#10443,#10466,#10468,.T.);
#10466 = VERTEX_POINT('',#10467);
#10467 = CARTESIAN_POINT('',(185.51346373508,25.553629746284,
    311.47412442891));
#10468 = SURFACE_CURVE('',#10469,(#10473,#10480),.PCURVE_S1.);
#10469 = LINE('',#10470,#10471);
#10470 = CARTESIAN_POINT('',(186.47061327121,25.553629746284,
    311.07150597873));
#10471 = VECTOR('',#10472,1.);
#10472 = DIRECTION('',(-0.921770293844,-1.023370603641E-16,
    0.387736412254));
#10473 = PCURVE('',#9439,#10474);
#10474 = DEFINITIONAL_REPRESENTATION('',(#10475),#10479);
#10475 = LINE('',#10476,#10477);
#10476 = CARTESIAN_POINT('',(13.164902878002,0.365342347745));
#10477 = VECTOR('',#10478,1.);
#10478 = DIRECTION('',(0.387736412254,0.921770293844));
#10479 = ( GEOMETRIC_REPRESENTATION_CONTEXT(2)
PARAMETRIC_REPRESENTATION_CONTEXT() REPRESENTATION_CONTEXT('2D SPACE',''
  ) );
#10480 = PCURVE('',#5610,#10481);
#10481 = DEFINITIONAL_REPRESENTATION('',(#10482),#10486);
#10482 = LINE('',#10483,#10484);
#10483 = CARTESIAN_POINT('',(0.,0.));
#10484 = VECTOR('',#10485,1.);
#10485 = DIRECTION('',(1.,0.));
#10486 = ( GEOMETRIC_REPRESENTATION_CONTEXT(2)
PARAMETRIC_REPRESENTATION_CONTEXT() REPRESENTATION_CONTEXT('2D SPACE',''
  ) );
#10487 = ORIENTED_EDGE('',*,*,#10488,.T.);
#10488 = EDGE_CURVE('',#10466,#10489,#10491,.T.);
#10489 = VERTEX_POINT('',#10490);
#10490 = CARTESIAN_POINT('',(184.53067518111,25.553629746284,
    311.80933109521));
#10491 = SURFACE_CURVE('',#10492,(#10496,#10503),.PCURVE_S1.);
#10492 = LINE('',#10493,#10494);
#10493 = CARTESIAN_POINT('',(185.51346373508,25.553629746284,
    311.47412442891));
#10494 = VECTOR('',#10495,1.);
#10495 = DIRECTION('',(-0.946461613341,-1.050783475056E-16,
    0.322816378877));
#10496 = PCURVE('',#9439,#10497);
#10497 = DEFINITIONAL_REPRESENTATION('',(#10498),#10502);
#10498 = LINE('',#10499,#10500);
#10499 = CARTESIAN_POINT('',(13.567521328183,1.322491883876));
#10500 = VECTOR('',#10501,1.);
#10501 = DIRECTION('',(0.322816378877,0.946461613341));
#10502 = ( GEOMETRIC_REPRESENTATION_CONTEXT(2)
PARAMETRIC_REPRESENTATION_CONTEXT() REPRESENTATION_CONTEXT('2D SPACE',''
  ) );
#10503 = PCURVE('',#5582,#10504);
#10504 = DEFINITIONAL_REPRESENTATION('',(#10505),#10509);
#10505 = LINE('',#10506,#10507);
#10506 = CARTESIAN_POINT('',(0.,0.));
#10507 = VECTOR('',#10508,1.);
#10508 = DIRECTION('',(1.,0.));
#10509 = ( GEOMETRIC_REPRESENTATION_CONTEXT(2)
PARAMETRIC_REPRESENTATION_CONTEXT() REPRESENTATION_CONTEXT('2D SPACE',''
  ) );
#10510 = ORIENTED_EDGE('',*,*,#10511,.T.);
#10511 = EDGE_CURVE('',#10489,#10512,#10514,.T.);
#10512 = VERTEX_POINT('',#10513);
#10513 = CARTESIAN_POINT('',(183.52698884861,25.553629746284,
    312.07550884951));
#10514 = SURFACE_CURVE('',#10515,(#10519,#10526),.PCURVE_S1.);
#10515 = LINE('',#10516,#10517);
#10516 = CARTESIAN_POINT('',(184.53067518111,25.553629746284,
    311.80933109521));
#10517 = VECTOR('',#10518,1.);
#10518 = DIRECTION('',(-0.966586944586,-1.073127081182E-16,
    0.256338991485));
#10519 = PCURVE('',#9439,#10520);
#10520 = DEFINITIONAL_REPRESENTATION('',(#10521),#10525);
#10521 = LINE('',#10522,#10523);
#10522 = CARTESIAN_POINT('',(13.902727994487,2.305280437843));
#10523 = VECTOR('',#10524,1.);
#10524 = DIRECTION('',(0.256338991485,0.966586944586));
#10525 = ( GEOMETRIC_REPRESENTATION_CONTEXT(2)
PARAMETRIC_REPRESENTATION_CONTEXT() REPRESENTATION_CONTEXT('2D SPACE',''
  ) );
#10526 = PCURVE('',#5554,#10527);
#10527 = DEFINITIONAL_REPRESENTATION('',(#10528),#10532);
#10528 = LINE('',#10529,#10530);
#10529 = CARTESIAN_POINT('',(0.,0.));
#10530 = VECTOR('',#10531,1.);
#10531 = DIRECTION('',(1.,0.));
#10532 = ( GEOMETRIC_REPRESENTATION_CONTEXT(2)
PARAMETRIC_REPRESENTATION_CONTEXT() REPRESENTATION_CONTEXT('2D SPACE',''
  ) );
#10533 = ORIENTED_EDGE('',*,*,#10534,.T.);
#10534 = EDGE_CURVE('',#10512,#10535,#10537,.T.);
#10535 = VERTEX_POINT('',#10536);
#10536 = CARTESIAN_POINT('',(182.50724679342,25.553629746284,
    312.27137357791));
#10537 = SURFACE_CURVE('',#10538,(#10542,#10549),.PCURVE_S1.);
#10538 = LINE('',#10539,#10540);
#10539 = CARTESIAN_POINT('',(183.52698884861,25.553629746284,
    312.07550884951));
#10540 = VECTOR('',#10541,1.);
#10541 = DIRECTION('',(-0.982049197506,-1.090293630386E-16,
    0.188624955075));
#10542 = PCURVE('',#9439,#10543);
#10543 = DEFINITIONAL_REPRESENTATION('',(#10544),#10548);
#10544 = LINE('',#10545,#10546);
#10545 = CARTESIAN_POINT('',(14.168905748783,3.308966770349));
#10546 = VECTOR('',#10547,1.);
#10547 = DIRECTION('',(0.188624955075,0.982049197506));
#10548 = ( GEOMETRIC_REPRESENTATION_CONTEXT(2)
PARAMETRIC_REPRESENTATION_CONTEXT() REPRESENTATION_CONTEXT('2D SPACE',''
  ) );
#10549 = PCURVE('',#5526,#10550);
#10550 = DEFINITIONAL_REPRESENTATION('',(#10551),#10555);
#10551 = LINE('',#10552,#10553);
#10552 = CARTESIAN_POINT('',(0.,0.));
#10553 = VECTOR('',#10554,1.);
#10554 = DIRECTION('',(1.,0.));
#10555 = ( GEOMETRIC_REPRESENTATION_CONTEXT(2)
PARAMETRIC_REPRESENTATION_CONTEXT() REPRESENTATION_CONTEXT('2D SPACE',''
  ) );
#10556 = ORIENTED_EDGE('',*,*,#10557,.T.);
#10557 = EDGE_CURVE('',#10535,#10558,#10560,.T.);
#10558 = VERTEX_POINT('',#10559);
#10559 = CARTESIAN_POINT('',(181.4763685286,25.553629746284,
    312.39598037569));
#10560 = SURFACE_CURVE('',#10561,(#10565,#10572),.PCURVE_S1.);
#10561 = LINE('',#10562,#10563);
#10562 = CARTESIAN_POINT('',(182.50724679342,25.553629746284,
    312.27137357791));
#10563 = VECTOR('',#10564,1.);
#10564 = DIRECTION('',(-0.992773777988,-1.102200306566E-16,
    0.120000940578));
#10565 = PCURVE('',#9439,#10566);
#10566 = DEFINITIONAL_REPRESENTATION('',(#10567),#10571);
#10567 = LINE('',#10568,#10569);
#10568 = CARTESIAN_POINT('',(14.364770477185,4.328708825533));
#10569 = VECTOR('',#10570,1.);
#10570 = DIRECTION('',(0.120000940578,0.992773777988));
#10571 = ( GEOMETRIC_REPRESENTATION_CONTEXT(2)
PARAMETRIC_REPRESENTATION_CONTEXT() REPRESENTATION_CONTEXT('2D SPACE',''
  ) );
#10572 = PCURVE('',#5498,#10573);
#10573 = DEFINITIONAL_REPRESENTATION('',(#10574),#10578);
#10574 = LINE('',#10575,#10576);
#10575 = CARTESIAN_POINT('',(0.,0.));
#10576 = VECTOR('',#10577,1.);
#10577 = DIRECTION('',(1.,0.));
#10578 = ( GEOMETRIC_REPRESENTATION_CONTEXT(2)
PARAMETRIC_REPRESENTATION_CONTEXT() REPRESENTATION_CONTEXT('2D SPACE',''
  ) );
#10579 = ORIENTED_EDGE('',*,*,#10580,.T.);
#10580 = EDGE_CURVE('',#10558,#10581,#10583,.T.);
#10581 = VERTEX_POINT('',#10582);
#10582 = CARTESIAN_POINT('',(180.43932729127,25.553629746284,
    312.44872810578));
#10583 = SURFACE_CURVE('',#10584,(#10588,#10595),.PCURVE_S1.);
#10584 = LINE('',#10585,#10586);
#10585 = CARTESIAN_POINT('',(181.4763685286,25.553629746284,
    312.39598037569));
#10586 = VECTOR('',#10587,1.);
#10587 = DIRECTION('',(-0.998708947738,-1.108789668678E-16,
    5.079800890387E-02));
#10588 = PCURVE('',#9439,#10589);
#10589 = DEFINITIONAL_REPRESENTATION('',(#10590),#10594);
#10590 = LINE('',#10591,#10592);
#10591 = CARTESIAN_POINT('',(14.48937727497,5.359587090358));
#10592 = VECTOR('',#10593,1.);
#10593 = DIRECTION('',(5.079800890387E-02,0.998708947738));
#10594 = ( GEOMETRIC_REPRESENTATION_CONTEXT(2)
PARAMETRIC_REPRESENTATION_CONTEXT() REPRESENTATION_CONTEXT('2D SPACE',''
  ) );
#10595 = PCURVE('',#5470,#10596);
#10596 = DEFINITIONAL_REPRESENTATION('',(#10597),#10601);
#10597 = LINE('',#10598,#10599);
#10598 = CARTESIAN_POINT('',(0.,0.));
#10599 = VECTOR('',#10600,1.);
#10600 = DIRECTION('',(1.,0.));
#10601 = ( GEOMETRIC_REPRESENTATION_CONTEXT(2)
PARAMETRIC_REPRESENTATION_CONTEXT() REPRESENTATION_CONTEXT('2D SPACE',''
  ) );
#10602 = ORIENTED_EDGE('',*,*,#10603,.T.);
#10603 = EDGE_CURVE('',#10581,#10604,#10606,.T.);
#10604 = VERTEX_POINT('',#10605);
#10605 = CARTESIAN_POINT('',(179.40112605044,25.553629746284,
    312.42936229876));
#10606 = SURFACE_CURVE('',#10607,(#10611,#10618),.PCURVE_S1.);
#10607 = LINE('',#10608,#10609);
#10608 = CARTESIAN_POINT('',(180.43932729127,25.553629746284,
    312.44872810578));
#10609 = VECTOR('',#10610,1.);
#10610 = DIRECTION('',(-0.999826073883,-1.110029927845E-16,
    -1.864998618168E-02));
#10611 = PCURVE('',#9439,#10612);
#10612 = DEFINITIONAL_REPRESENTATION('',(#10613),#10617);
#10613 = LINE('',#10614,#10615);
#10614 = CARTESIAN_POINT('',(14.542125005054,6.396628327683));
#10615 = VECTOR('',#10616,1.);
#10616 = DIRECTION('',(-1.864998618168E-02,0.999826073883));
#10617 = ( GEOMETRIC_REPRESENTATION_CONTEXT(2)
PARAMETRIC_REPRESENTATION_CONTEXT() REPRESENTATION_CONTEXT('2D SPACE',''
  ) );
#10618 = PCURVE('',#5442,#10619);
#10619 = DEFINITIONAL_REPRESENTATION('',(#10620),#10624);
#10620 = LINE('',#10621,#10622);
#10621 = CARTESIAN_POINT('',(-0.,0.));
#10622 = VECTOR('',#10623,1.);
#10623 = DIRECTION('',(1.,0.));
#10624 = ( GEOMETRIC_REPRESENTATION_CONTEXT(2)
PARAMETRIC_REPRESENTATION_CONTEXT() REPRESENTATION_CONTEXT('2D SPACE',''
  ) );
#10625 = ORIENTED_EDGE('',*,*,#10626,.T.);
#10626 = EDGE_CURVE('',#10604,#10627,#10629,.T.);
#10627 = VERTEX_POINT('',#10628);
#10628 = CARTESIAN_POINT('',(178.36677337128,25.553629746284,
    312.33797638057));
#10629 = SURFACE_CURVE('',#10630,(#10634,#10641),.PCURVE_S1.);
#10630 = LINE('',#10631,#10632);
#10631 = CARTESIAN_POINT('',(179.40112605044,25.553629746284,
    312.42936229876));
#10632 = VECTOR('',#10633,1.);
#10633 = DIRECTION('',(-0.996119767102,-1.105915100721E-16,
    -8.800800866123E-02));
#10634 = PCURVE('',#9439,#10635);
#10635 = DEFINITIONAL_REPRESENTATION('',(#10636),#10640);
#10636 = LINE('',#10637,#10638);
#10637 = CARTESIAN_POINT('',(14.522759198039,7.434829568513));
#10638 = VECTOR('',#10639,1.);
#10639 = DIRECTION('',(-8.800800866123E-02,0.996119767102));
#10640 = ( GEOMETRIC_REPRESENTATION_CONTEXT(2)
PARAMETRIC_REPRESENTATION_CONTEXT() REPRESENTATION_CONTEXT('2D SPACE',''
  ) );
#10641 = PCURVE('',#5414,#10642);
#10642 = DEFINITIONAL_REPRESENTATION('',(#10643),#10647);
#10643 = LINE('',#10644,#10645);
#10644 = CARTESIAN_POINT('',(-0.,0.));
#10645 = VECTOR('',#10646,1.);
#10646 = DIRECTION('',(1.,0.));
#10647 = ( GEOMETRIC_REPRESENTATION_CONTEXT(2)
PARAMETRIC_REPRESENTATION_CONTEXT() REPRESENTATION_CONTEXT('2D SPACE',''
  ) );
#10648 = ORIENTED_EDGE('',*,*,#10649,.T.);
#10649 = EDGE_CURVE('',#10627,#10650,#10652,.T.);
#10650 = VERTEX_POINT('',#10651);
#10651 = CARTESIAN_POINT('',(177.34125925244,25.553629746284,
    312.17501122172));
#10652 = SURFACE_CURVE('',#10653,(#10657,#10664),.PCURVE_S1.);
#10653 = LINE('',#10654,#10655);
#10654 = CARTESIAN_POINT('',(178.36677337128,25.553629746284,
    312.33797638057));
#10655 = VECTOR('',#10656,1.);
#10656 = DIRECTION('',(-0.987607907628,-1.096465038351E-16,
    -0.15694145657));
#10657 = PCURVE('',#9439,#10658);
#10658 = DEFINITIONAL_REPRESENTATION('',(#10659),#10663);
#10659 = LINE('',#10660,#10661);
#10660 = CARTESIAN_POINT('',(14.431373279846,8.469182247679));
#10661 = VECTOR('',#10662,1.);
#10662 = DIRECTION('',(-0.15694145657,0.987607907628));
#10663 = ( GEOMETRIC_REPRESENTATION_CONTEXT(2)
PARAMETRIC_REPRESENTATION_CONTEXT() REPRESENTATION_CONTEXT('2D SPACE',''
  ) );
#10664 = PCURVE('',#5386,#10665);
#10665 = DEFINITIONAL_REPRESENTATION('',(#10666),#10670);
#10666 = LINE('',#10667,#10668);
#10667 = CARTESIAN_POINT('',(-0.,0.));
#10668 = VECTOR('',#10669,1.);
#10669 = DIRECTION('',(1.,0.));
#10670 = ( GEOMETRIC_REPRESENTATION_CONTEXT(2)
PARAMETRIC_REPRESENTATION_CONTEXT() REPRESENTATION_CONTEXT('2D SPACE',''
  ) );
#10671 = ORIENTED_EDGE('',*,*,#10672,.T.);
#10672 = EDGE_CURVE('',#10650,#10673,#10675,.T.);
#10673 = VERTEX_POINT('',#10674);
#10674 = CARTESIAN_POINT('',(176.32953105296,25.553629746284,
    311.94125301048));
#10675 = SURFACE_CURVE('',#10676,(#10680,#10687),.PCURVE_S1.);
#10676 = LINE('',#10677,#10678);
#10677 = CARTESIAN_POINT('',(177.34125925244,25.553629746284,
    312.17501122172));
#10678 = VECTOR('',#10679,1.);
#10679 = DIRECTION('',(-0.974331558986,-1.081725330406E-16,
    -0.225117776204));
#10680 = PCURVE('',#9439,#10681);
#10681 = DEFINITIONAL_REPRESENTATION('',(#10682),#10686);
#10682 = LINE('',#10683,#10684);
#10683 = CARTESIAN_POINT('',(14.268408121001,9.494696366522));
#10684 = VECTOR('',#10685,1.);
#10685 = DIRECTION('',(-0.225117776204,0.974331558986));
#10686 = ( GEOMETRIC_REPRESENTATION_CONTEXT(2)
PARAMETRIC_REPRESENTATION_CONTEXT() REPRESENTATION_CONTEXT('2D SPACE',''
  ) );
#10687 = PCURVE('',#5358,#10688);
#10688 = DEFINITIONAL_REPRESENTATION('',(#10689),#10693);
#10689 = LINE('',#10690,#10691);
#10690 = CARTESIAN_POINT('',(-0.,0.));
#10691 = VECTOR('',#10692,1.);
#10692 = DIRECTION('',(1.,0.));
#10693 = ( GEOMETRIC_REPRESENTATION_CONTEXT(2)
PARAMETRIC_REPRESENTATION_CONTEXT() REPRESENTATION_CONTEXT('2D SPACE',''
  ) );
#10694 = ORIENTED_EDGE('',*,*,#10695,.T.);
#10695 = EDGE_CURVE('',#10673,#10696,#10698,.T.);
#10696 = VERTEX_POINT('',#10697);
#10697 = CARTESIAN_POINT('',(177.28716151984,25.553629746284,
    308.36732745321));
#10698 = SURFACE_CURVE('',#10699,(#10703,#10710),.PCURVE_S1.);
#10699 = LINE('',#10700,#10701);
#10700 = CARTESIAN_POINT('',(176.32953105296,25.553629746284,
    311.94125301048));
#10701 = VECTOR('',#10702,1.);
#10702 = DIRECTION('',(0.258819045103,2.873468630843E-17,-0.965925826289
    ));
#10703 = PCURVE('',#9439,#10704);
#10704 = DEFINITIONAL_REPRESENTATION('',(#10705),#10709);
#10705 = LINE('',#10706,#10707);
#10706 = CARTESIAN_POINT('',(14.034649909754,10.506424565999));
#10707 = VECTOR('',#10708,1.);
#10708 = DIRECTION('',(-0.965925826289,-0.258819045103));
#10709 = ( GEOMETRIC_REPRESENTATION_CONTEXT(2)
PARAMETRIC_REPRESENTATION_CONTEXT() REPRESENTATION_CONTEXT('2D SPACE',''
  ) );
#10710 = PCURVE('',#5330,#10711);
#10711 = DEFINITIONAL_REPRESENTATION('',(#10712),#10716);
#10712 = LINE('',#10713,#10714);
#10713 = CARTESIAN_POINT('',(0.,0.));
#10714 = VECTOR('',#10715,1.);
#10715 = DIRECTION('',(1.,0.));
#10716 = ( GEOMETRIC_REPRESENTATION_CONTEXT(2)
PARAMETRIC_REPRESENTATION_CONTEXT() REPRESENTATION_CONTEXT('2D SPACE',''
  ) );
#10717 = ORIENTED_EDGE('',*,*,#10718,.T.);
#10718 = EDGE_CURVE('',#10696,#10719,#10721,.T.);
#10719 = VERTEX_POINT('',#10720);
#10720 = CARTESIAN_POINT('',(178.04849544921,25.553629746284,
    308.54323246167));
#10721 = SURFACE_CURVE('',#10722,(#10726,#10733),.PCURVE_S1.);
#10722 = LINE('',#10723,#10724);
#10723 = CARTESIAN_POINT('',(177.28716151984,25.553629746284,
    308.36732745321));
#10724 = VECTOR('',#10725,1.);
#10725 = DIRECTION('',(0.974331558986,1.081725330406E-16,0.225117776204)
  );
#10726 = PCURVE('',#9439,#10727);
#10727 = DEFINITIONAL_REPRESENTATION('',(#10728),#10732);
#10728 = LINE('',#10729,#10730);
#10729 = CARTESIAN_POINT('',(10.460724352485,9.548794099119));
#10730 = VECTOR('',#10731,1.);
#10731 = DIRECTION('',(0.225117776204,-0.974331558986));
#10732 = ( GEOMETRIC_REPRESENTATION_CONTEXT(2)
PARAMETRIC_REPRESENTATION_CONTEXT() REPRESENTATION_CONTEXT('2D SPACE',''
  ) );
#10733 = PCURVE('',#5302,#10734);
#10734 = DEFINITIONAL_REPRESENTATION('',(#10735),#10739);
#10735 = LINE('',#10736,#10737);
#10736 = CARTESIAN_POINT('',(0.,0.));
#10737 = VECTOR('',#10738,1.);
#10738 = DIRECTION('',(1.,0.));
#10739 = ( GEOMETRIC_REPRESENTATION_CONTEXT(2)
PARAMETRIC_REPRESENTATION_CONTEXT() REPRESENTATION_CONTEXT('2D SPACE',''
  ) );
#10740 = ORIENTED_EDGE('',*,*,#10741,.T.);
#10741 = EDGE_CURVE('',#10719,#10742,#10744,.T.);
#10742 = VERTEX_POINT('',#10743);
#10743 = CARTESIAN_POINT('',(178.82020339817,25.553629746284,
    308.66586510629));
#10744 = SURFACE_CURVE('',#10745,(#10749,#10756),.PCURVE_S1.);
#10745 = LINE('',#10746,#10747);
#10746 = CARTESIAN_POINT('',(178.04849544921,25.553629746284,
    308.54323246167));
#10747 = VECTOR('',#10748,1.);
#10748 = DIRECTION('',(0.987607907628,1.096465038351E-16,0.15694145657)
  );
#10749 = PCURVE('',#9439,#10750);
#10750 = DEFINITIONAL_REPRESENTATION('',(#10751),#10755);
#10751 = LINE('',#10752,#10753);
#10752 = CARTESIAN_POINT('',(10.636629360948,8.787460169747));
#10753 = VECTOR('',#10754,1.);
#10754 = DIRECTION('',(0.15694145657,-0.987607907628));
#10755 = ( GEOMETRIC_REPRESENTATION_CONTEXT(2)
PARAMETRIC_REPRESENTATION_CONTEXT() REPRESENTATION_CONTEXT('2D SPACE',''
  ) );
#10756 = PCURVE('',#5274,#10757);
#10757 = DEFINITIONAL_REPRESENTATION('',(#10758),#10762);
#10758 = LINE('',#10759,#10760);
#10759 = CARTESIAN_POINT('',(0.,0.));
#10760 = VECTOR('',#10761,1.);
#10761 = DIRECTION('',(1.,0.));
#10762 = ( GEOMETRIC_REPRESENTATION_CONTEXT(2)
PARAMETRIC_REPRESENTATION_CONTEXT() REPRESENTATION_CONTEXT('2D SPACE',''
  ) );
#10763 = ORIENTED_EDGE('',*,*,#10764,.T.);
#10764 = EDGE_CURVE('',#10742,#10765,#10767,.T.);
#10765 = VERTEX_POINT('',#10766);
#10766 = CARTESIAN_POINT('',(179.59856243768,25.553629746284,
    308.73463377382));
#10767 = SURFACE_CURVE('',#10768,(#10772,#10779),.PCURVE_S1.);
#10768 = LINE('',#10769,#10770);
#10769 = CARTESIAN_POINT('',(178.82020339817,25.553629746284,
    308.66586510629));
#10770 = VECTOR('',#10771,1.);
#10771 = DIRECTION('',(0.996119767102,1.105915100721E-16,
    8.800800866123E-02));
#10772 = PCURVE('',#9439,#10773);
#10773 = DEFINITIONAL_REPRESENTATION('',(#10774),#10778);
#10774 = LINE('',#10775,#10776);
#10775 = CARTESIAN_POINT('',(10.759262005564,8.015752220785));
#10776 = VECTOR('',#10777,1.);
#10777 = DIRECTION('',(8.800800866123E-02,-0.996119767102));
#10778 = ( GEOMETRIC_REPRESENTATION_CONTEXT(2)
PARAMETRIC_REPRESENTATION_CONTEXT() REPRESENTATION_CONTEXT('2D SPACE',''
  ) );
#10779 = PCURVE('',#5246,#10780);
#10780 = DEFINITIONAL_REPRESENTATION('',(#10781),#10785);
#10781 = LINE('',#10782,#10783);
#10782 = CARTESIAN_POINT('',(0.,0.));
#10783 = VECTOR('',#10784,1.);
#10784 = DIRECTION('',(1.,0.));
#10785 = ( GEOMETRIC_REPRESENTATION_CONTEXT(2)
PARAMETRIC_REPRESENTATION_CONTEXT() REPRESENTATION_CONTEXT('2D SPACE',''
  ) );
#10786 = ORIENTED_EDGE('',*,*,#10787,.T.);
#10787 = EDGE_CURVE('',#10765,#10788,#10790,.T.);
#10788 = VERTEX_POINT('',#10789);
#10789 = CARTESIAN_POINT('',(180.37981755202,25.553629746284,
    308.74920670552));
#10790 = SURFACE_CURVE('',#10791,(#10795,#10802),.PCURVE_S1.);
#10791 = LINE('',#10792,#10793);
#10792 = CARTESIAN_POINT('',(179.59856243768,25.553629746284,
    308.73463377382));
#10793 = VECTOR('',#10794,1.);
#10794 = DIRECTION('',(0.999826073883,1.110029927845E-16,
    1.864998618168E-02));
#10795 = PCURVE('',#9439,#10796);
#10796 = DEFINITIONAL_REPRESENTATION('',(#10797),#10801);
#10797 = LINE('',#10798,#10799);
#10798 = CARTESIAN_POINT('',(10.8280306731,7.237393181279));
#10799 = VECTOR('',#10800,1.);
#10800 = DIRECTION('',(1.864998618168E-02,-0.999826073883));
#10801 = ( GEOMETRIC_REPRESENTATION_CONTEXT(2)
PARAMETRIC_REPRESENTATION_CONTEXT() REPRESENTATION_CONTEXT('2D SPACE',''
  ) );
#10802 = PCURVE('',#5218,#10803);
#10803 = DEFINITIONAL_REPRESENTATION('',(#10804),#10808);
#10804 = LINE('',#10805,#10806);
#10805 = CARTESIAN_POINT('',(0.,0.));
#10806 = VECTOR('',#10807,1.);
#10807 = DIRECTION('',(1.,0.));
#10808 = ( GEOMETRIC_REPRESENTATION_CONTEXT(2)
PARAMETRIC_REPRESENTATION_CONTEXT() REPRESENTATION_CONTEXT('2D SPACE',''
  ) );
#10809 = ORIENTED_EDGE('',*,*,#10810,.T.);
#10810 = EDGE_CURVE('',#10788,#10811,#10813,.T.);
#10811 = VERTEX_POINT('',#10812);
#10812 = CARTESIAN_POINT('',(181.16019975402,25.553629746284,
    308.7095135976));
#10813 = SURFACE_CURVE('',#10814,(#10818,#10825),.PCURVE_S1.);
#10814 = LINE('',#10815,#10816);
#10815 = CARTESIAN_POINT('',(180.37981755202,25.553629746284,
    308.74920670552));
#10816 = VECTOR('',#10817,1.);
#10817 = DIRECTION('',(0.998708947738,1.108789668678E-16,
    -5.079800890387E-02));
#10818 = PCURVE('',#9439,#10819);
#10819 = DEFINITIONAL_REPRESENTATION('',(#10820),#10824);
#10820 = LINE('',#10821,#10822);
#10821 = CARTESIAN_POINT('',(10.842603604801,6.456138066942));
#10822 = VECTOR('',#10823,1.);
#10823 = DIRECTION('',(-5.079800890387E-02,-0.998708947738));
#10824 = ( GEOMETRIC_REPRESENTATION_CONTEXT(2)
PARAMETRIC_REPRESENTATION_CONTEXT() REPRESENTATION_CONTEXT('2D SPACE',''
  ) );
#10825 = PCURVE('',#5190,#10826);
#10826 = DEFINITIONAL_REPRESENTATION('',(#10827),#10831);
#10827 = LINE('',#10828,#10829);
#10828 = CARTESIAN_POINT('',(0.,0.));
#10829 = VECTOR('',#10830,1.);
#10830 = DIRECTION('',(1.,0.));
#10831 = ( GEOMETRIC_REPRESENTATION_CONTEXT(2)
PARAMETRIC_REPRESENTATION_CONTEXT() REPRESENTATION_CONTEXT('2D SPACE',''
  ) );
#10832 = ORIENTED_EDGE('',*,*,#10833,.T.);
#10833 = EDGE_CURVE('',#10811,#10834,#10836,.T.);
#10834 = VERTEX_POINT('',#10835);
#10835 = CARTESIAN_POINT('',(181.93594426768,25.553629746284,
    308.6157459404));
#10836 = SURFACE_CURVE('',#10837,(#10841,#10848),.PCURVE_S1.);
#10837 = LINE('',#10838,#10839);
#10838 = CARTESIAN_POINT('',(181.16019975402,25.553629746284,
    308.7095135976));
#10839 = VECTOR('',#10840,1.);
#10840 = DIRECTION('',(0.992773777988,1.102200306566E-16,-0.120000940578
    ));
#10841 = PCURVE('',#9439,#10842);
#10842 = DEFINITIONAL_REPRESENTATION('',(#10843),#10847);
#10843 = LINE('',#10844,#10845);
#10844 = CARTESIAN_POINT('',(10.802910496878,5.675755864941));
#10845 = VECTOR('',#10846,1.);
#10846 = DIRECTION('',(-0.120000940578,-0.992773777988));
#10847 = ( GEOMETRIC_REPRESENTATION_CONTEXT(2)
PARAMETRIC_REPRESENTATION_CONTEXT() REPRESENTATION_CONTEXT('2D SPACE',''
  ) );
#10848 = PCURVE('',#5162,#10849);
#10849 = DEFINITIONAL_REPRESENTATION('',(#10850),#10854);
#10850 = LINE('',#10851,#10852);
#10851 = CARTESIAN_POINT('',(0.,0.));
#10852 = VECTOR('',#10853,1.);
#10853 = DIRECTION('',(1.,0.));
#10854 = ( GEOMETRIC_REPRESENTATION_CONTEXT(2)
PARAMETRIC_REPRESENTATION_CONTEXT() REPRESENTATION_CONTEXT('2D SPACE',''
  ) );
#10855 = ORIENTED_EDGE('',*,*,#10856,.T.);
#10856 = EDGE_CURVE('',#10834,#10857,#10859,.T.);
#10857 = VERTEX_POINT('',#10858);
#10858 = CARTESIAN_POINT('',(182.70330869048,25.553629746284,
    308.46835609462));
#10859 = SURFACE_CURVE('',#10860,(#10864,#10871),.PCURVE_S1.);
#10860 = LINE('',#10861,#10862);
#10861 = CARTESIAN_POINT('',(181.93594426768,25.553629746284,
    308.6157459404));
#10862 = VECTOR('',#10863,1.);
#10863 = DIRECTION('',(0.982049197506,1.090293630386E-16,-0.188624955075
    ));
#10864 = PCURVE('',#9439,#10865);
#10865 = DEFINITIONAL_REPRESENTATION('',(#10866),#10870);
#10866 = LINE('',#10867,#10868);
#10867 = CARTESIAN_POINT('',(10.709142839682,4.900011351277));
#10868 = VECTOR('',#10869,1.);
#10869 = DIRECTION('',(-0.188624955075,-0.982049197506));
#10870 = ( GEOMETRIC_REPRESENTATION_CONTEXT(2)
PARAMETRIC_REPRESENTATION_CONTEXT() REPRESENTATION_CONTEXT('2D SPACE',''
  ) );
#10871 = PCURVE('',#5134,#10872);
#10872 = DEFINITIONAL_REPRESENTATION('',(#10873),#10877);
#10873 = LINE('',#10874,#10875);
#10874 = CARTESIAN_POINT('',(0.,0.));
#10875 = VECTOR('',#10876,1.);
#10876 = DIRECTION('',(1.,0.));
#10877 = ( GEOMETRIC_REPRESENTATION_CONTEXT(2)
PARAMETRIC_REPRESENTATION_CONTEXT() REPRESENTATION_CONTEXT('2D SPACE',''
  ) );
#10878 = ORIENTED_EDGE('',*,*,#10879,.T.);
#10879 = EDGE_CURVE('',#10857,#10880,#10882,.T.);
#10880 = VERTEX_POINT('',#10881);
#10881 = CARTESIAN_POINT('',(183.45859104771,25.553629746284,
    308.26805510894));
#10882 = SURFACE_CURVE('',#10883,(#10887,#10894),.PCURVE_S1.);
#10883 = LINE('',#10884,#10885);
#10884 = CARTESIAN_POINT('',(182.70330869048,25.553629746284,
    308.46835609462));
#10885 = VECTOR('',#10886,1.);
#10886 = DIRECTION('',(0.966586944586,1.073127081182E-16,-0.256338991485
    ));
#10887 = PCURVE('',#9439,#10888);
#10888 = DEFINITIONAL_REPRESENTATION('',(#10889),#10893);
#10889 = LINE('',#10890,#10891);
#10890 = CARTESIAN_POINT('',(10.561752993894,4.13264692848));
#10891 = VECTOR('',#10892,1.);
#10892 = DIRECTION('',(-0.256338991485,-0.966586944586));
#10893 = ( GEOMETRIC_REPRESENTATION_CONTEXT(2)
PARAMETRIC_REPRESENTATION_CONTEXT() REPRESENTATION_CONTEXT('2D SPACE',''
  ) );
#10894 = PCURVE('',#5106,#10895);
#10895 = DEFINITIONAL_REPRESENTATION('',(#10896),#10900);
#10896 = LINE('',#10897,#10898);
#10897 = CARTESIAN_POINT('',(0.,0.));
#10898 = VECTOR('',#10899,1.);
#10899 = DIRECTION('',(1.,0.));
#10900 = ( GEOMETRIC_REPRESENTATION_CONTEXT(2)
PARAMETRIC_REPRESENTATION_CONTEXT() REPRESENTATION_CONTEXT('2D SPACE',''
  ) );
#10901 = ORIENTED_EDGE('',*,*,#10902,.T.);
#10902 = EDGE_CURVE('',#10880,#10903,#10905,.T.);
#10903 = VERTEX_POINT('',#10904);
#10904 = CARTESIAN_POINT('',(184.19814765187,25.553629746284,
    308.01580928982));
#10905 = SURFACE_CURVE('',#10906,(#10910,#10917),.PCURVE_S1.);
#10906 = LINE('',#10907,#10908);
#10907 = CARTESIAN_POINT('',(183.45859104771,25.553629746284,
    308.26805510894));
#10908 = VECTOR('',#10909,1.);
#10909 = DIRECTION('',(0.946461613341,1.050783475056E-16,-0.322816378877
    ));
#10910 = PCURVE('',#9439,#10911);
#10911 = DEFINITIONAL_REPRESENTATION('',(#10912),#10916);
#10912 = LINE('',#10913,#10914);
#10913 = CARTESIAN_POINT('',(10.36145200822,3.377364571243));
#10914 = VECTOR('',#10915,1.);
#10915 = DIRECTION('',(-0.322816378877,-0.946461613341));
#10916 = ( GEOMETRIC_REPRESENTATION_CONTEXT(2)
PARAMETRIC_REPRESENTATION_CONTEXT() REPRESENTATION_CONTEXT('2D SPACE',''
  ) );
#10917 = PCURVE('',#5078,#10918);
#10918 = DEFINITIONAL_REPRESENTATION('',(#10919),#10923);
#10919 = LINE('',#10920,#10921);
#10920 = CARTESIAN_POINT('',(0.,0.));
#10921 = VECTOR('',#10922,1.);
#10922 = DIRECTION('',(1.,0.));
#10923 = ( GEOMETRIC_REPRESENTATION_CONTEXT(2)
PARAMETRIC_REPRESENTATION_CONTEXT() REPRESENTATION_CONTEXT('2D SPACE',''
  ) );
#10924 = ORIENTED_EDGE('',*,*,#10925,.T.);
#10925 = EDGE_CURVE('',#10903,#10926,#10928,.T.);
#10926 = VERTEX_POINT('',#10927);
#10927 = CARTESIAN_POINT('',(184.91841068073,25.553629746284,
    307.71283553968));
#10928 = SURFACE_CURVE('',#10929,(#10933,#10940),.PCURVE_S1.);
#10929 = LINE('',#10930,#10931);
#10930 = CARTESIAN_POINT('',(184.19814765187,25.553629746284,
    308.01580928982));
#10931 = VECTOR('',#10932,1.);
#10932 = DIRECTION('',(0.921770293844,1.023370603641E-16,-0.387736412254
    ));
#10933 = PCURVE('',#9439,#10934);
#10934 = DEFINITIONAL_REPRESENTATION('',(#10935),#10939);
#10935 = LINE('',#10936,#10937);
#10936 = CARTESIAN_POINT('',(10.109206189095,2.637807967087));
#10937 = VECTOR('',#10938,1.);
#10938 = DIRECTION('',(-0.387736412254,-0.921770293844));
#10939 = ( GEOMETRIC_REPRESENTATION_CONTEXT(2)
PARAMETRIC_REPRESENTATION_CONTEXT() REPRESENTATION_CONTEXT('2D SPACE',''
  ) );
#10940 = PCURVE('',#5050,#10941);
#10941 = DEFINITIONAL_REPRESENTATION('',(#10942),#10946);
#10942 = LINE('',#10943,#10944);
#10943 = CARTESIAN_POINT('',(0.,0.));
#10944 = VECTOR('',#10945,1.);
#10945 = DIRECTION('',(1.,0.));
#10946 = ( GEOMETRIC_REPRESENTATION_CONTEXT(2)
PARAMETRIC_REPRESENTATION_CONTEXT() REPRESENTATION_CONTEXT('2D SPACE',''
  ) );
#10947 = ORIENTED_EDGE('',*,*,#10948,.F.);
#10948 = EDGE_CURVE('',#10949,#10926,#10951,.T.);
#10949 = VERTEX_POINT('',#10950);
#10950 = CARTESIAN_POINT('',(185.61590538954,25.553629746284,
    307.36059548631));
#10951 = SURFACE_CURVE('',#10952,(#10956,#10963),.PCURVE_S1.);
#10952 = LINE('',#10953,#10954);
#10953 = CARTESIAN_POINT('',(185.61590538954,25.553629746284,
    307.36059548631));
#10954 = VECTOR('',#10955,1.);
#10955 = DIRECTION('',(-0.892632103734,0.,0.450785899717));
#10956 = PCURVE('',#9439,#10957);
#10957 = DEFINITIONAL_REPRESENTATION('',(#10958),#10962);
#10958 = LINE('',#10959,#10960);
#10959 = CARTESIAN_POINT('',(9.453992385589,1.220050229416));
#10960 = VECTOR('',#10961,1.);
#10961 = DIRECTION('',(0.450785899717,0.892632103734));
#10962 = ( GEOMETRIC_REPRESENTATION_CONTEXT(2)
PARAMETRIC_REPRESENTATION_CONTEXT() REPRESENTATION_CONTEXT('2D SPACE',''
  ) );
#10963 = PCURVE('',#5022,#10964);
#10964 = DEFINITIONAL_REPRESENTATION('',(#10965),#10969);
#10965 = LINE('',#10966,#10967);
#10966 = CARTESIAN_POINT('',(0.781391018643,-7.743746852752E-17));
#10967 = VECTOR('',#10968,1.);
#10968 = DIRECTION('',(-1.,9.910207140849E-17));
#10969 = ( GEOMETRIC_REPRESENTATION_CONTEXT(2)
PARAMETRIC_REPRESENTATION_CONTEXT() REPRESENTATION_CONTEXT('2D SPACE',''
  ) );
#10970 = ORIENTED_EDGE('',*,*,#10971,.T.);
#10971 = EDGE_CURVE('',#10949,#10972,#10974,.T.);
#10972 = VERTEX_POINT('',#10973);
#10973 = CARTESIAN_POINT('',(186.28726687411,25.553629746284,
    306.96078843153));
#10974 = SURFACE_CURVE('',#10975,(#10979,#10986),.PCURVE_S1.);
#10975 = LINE('',#10976,#10977);
#10976 = CARTESIAN_POINT('',(185.61590538954,25.553629746284,
    307.36059548631));
#10977 = VECTOR('',#10978,1.);
#10978 = DIRECTION('',(0.859187613567,9.538898710546E-17,-0.51166067339)
  );
#10979 = PCURVE('',#9439,#10980);
#10980 = DEFINITIONAL_REPRESENTATION('',(#10981),#10985);
#10981 = LINE('',#10982,#10983);
#10982 = CARTESIAN_POINT('',(9.453992385589,1.220050229416));
#10983 = VECTOR('',#10984,1.);
#10984 = DIRECTION('',(-0.51166067339,-0.859187613567));
#10985 = ( GEOMETRIC_REPRESENTATION_CONTEXT(2)
PARAMETRIC_REPRESENTATION_CONTEXT() REPRESENTATION_CONTEXT('2D SPACE',''
  ) );
#10986 = PCURVE('',#4995,#10987);
#10987 = DEFINITIONAL_REPRESENTATION('',(#10988),#10992);
#10988 = LINE('',#10989,#10990);
#10989 = CARTESIAN_POINT('',(0.,0.));
#10990 = VECTOR('',#10991,1.);
#10991 = DIRECTION('',(1.,0.));
#10992 = ( GEOMETRIC_REPRESENTATION_CONTEXT(2)
PARAMETRIC_REPRESENTATION_CONTEXT() REPRESENTATION_CONTEXT('2D SPACE',''
  ) );
#10993 = ORIENTED_EDGE('',*,*,#10994,.T.);
#10994 = EDGE_CURVE('',#10972,#10995,#10997,.T.);
#10995 = VERTEX_POINT('',#10996);
#10996 = CARTESIAN_POINT('',(186.92925630404,25.553629746284,
    306.51534315332));
#10997 = SURFACE_CURVE('',#10998,(#11002,#11009),.PCURVE_S1.);
#10998 = LINE('',#10999,#11000);
#10999 = CARTESIAN_POINT('',(186.28726687411,25.553629746284,
    306.96078843153));
#11000 = VECTOR('',#11001,1.);
#11001 = DIRECTION('',(0.821598168659,9.121572038356E-17,-0.570067056806
    ));
#11002 = PCURVE('',#9439,#11003);
#11003 = DEFINITIONAL_REPRESENTATION('',(#11004),#11008);
#11004 = LINE('',#11005,#11006);
#11005 = CARTESIAN_POINT('',(9.05418533081,0.548688744846));
#11006 = VECTOR('',#11007,1.);
#11007 = DIRECTION('',(-0.570067056806,-0.821598168659));
#11008 = ( GEOMETRIC_REPRESENTATION_CONTEXT(2)
PARAMETRIC_REPRESENTATION_CONTEXT() REPRESENTATION_CONTEXT('2D SPACE',''
  ) );
#11009 = PCURVE('',#4969,#11010);
#11010 = DEFINITIONAL_REPRESENTATION('',(#11011),#11015);
#11011 = LINE('',#11012,#11013);
#11012 = CARTESIAN_POINT('',(0.,0.));
#11013 = VECTOR('',#11014,1.);
#11014 = DIRECTION('',(1.,0.));
#11015 = ( GEOMETRIC_REPRESENTATION_CONTEXT(2)
PARAMETRIC_REPRESENTATION_CONTEXT() REPRESENTATION_CONTEXT('2D SPACE',''
  ) );
#11016 = ORIENTED_EDGE('',*,*,#11017,.T.);
#11017 = EDGE_CURVE('',#10995,#11018,#11020,.T.);
#11018 = VERTEX_POINT('',#11019);
#11019 = CARTESIAN_POINT('',(187.53877654769,25.553629746284,
    306.02640860085));
#11020 = SURFACE_CURVE('',#11021,(#11025,#11032),.PCURVE_S1.);
#11021 = LINE('',#11022,#11023);
#11022 = CARTESIAN_POINT('',(186.92925630404,25.553629746284,
    306.51534315332));
#11023 = VECTOR('',#11024,1.);
#11024 = DIRECTION('',(0.780045110718,8.660240421657E-17,-0.625723281687
    ));
#11025 = PCURVE('',#9439,#11026);
#11026 = DEFINITIONAL_REPRESENTATION('',(#11027),#11031);
#11027 = LINE('',#11028,#11029);
#11028 = CARTESIAN_POINT('',(8.608740052597,-9.330068507842E-02));
#11029 = VECTOR('',#11030,1.);
#11030 = DIRECTION('',(-0.625723281687,-0.780045110718));
#11031 = ( GEOMETRIC_REPRESENTATION_CONTEXT(2)
PARAMETRIC_REPRESENTATION_CONTEXT() REPRESENTATION_CONTEXT('2D SPACE',''
  ) );
#11032 = PCURVE('',#4943,#11033);
#11033 = DEFINITIONAL_REPRESENTATION('',(#11034),#11038);
#11034 = LINE('',#11035,#11036);
#11035 = CARTESIAN_POINT('',(0.,0.));
#11036 = VECTOR('',#11037,1.);
#11037 = DIRECTION('',(1.,0.));
#11038 = ( GEOMETRIC_REPRESENTATION_CONTEXT(2)
PARAMETRIC_REPRESENTATION_CONTEXT() REPRESENTATION_CONTEXT('2D SPACE',''
  ) );
#11039 = ORIENTED_EDGE('',*,*,#11040,.T.);
#11040 = EDGE_CURVE('',#11018,#11041,#11043,.T.);
#11041 = VERTEX_POINT('',#11042);
#11042 = CARTESIAN_POINT('',(188.11288711363,25.553629746284,
    305.4963435274));
#11043 = SURFACE_CURVE('',#11044,(#11048,#11055),.PCURVE_S1.);
#11044 = LINE('',#11045,#11046);
#11045 = CARTESIAN_POINT('',(187.53877654769,25.553629746284,
    306.02640860085));
#11046 = VECTOR('',#11047,1.);
#11047 = DIRECTION('',(0.734728902997,8.157129449645E-17,-0.678360847264
    ));
#11048 = PCURVE('',#9439,#11049);
#11049 = DEFINITIONAL_REPRESENTATION('',(#11050),#11054);
#11050 = LINE('',#11051,#11052);
#11051 = CARTESIAN_POINT('',(8.119805500132,-0.70282092873));
#11052 = VECTOR('',#11053,1.);
#11053 = DIRECTION('',(-0.678360847264,-0.734728902997));
#11054 = ( GEOMETRIC_REPRESENTATION_CONTEXT(2)
PARAMETRIC_REPRESENTATION_CONTEXT() REPRESENTATION_CONTEXT('2D SPACE',''
  ) );
#11055 = PCURVE('',#4917,#11056);
#11056 = DEFINITIONAL_REPRESENTATION('',(#11057),#11061);
#11057 = LINE('',#11058,#11059);
#11058 = CARTESIAN_POINT('',(0.,0.));
#11059 = VECTOR('',#11060,1.);
#11060 = DIRECTION('',(1.,0.));
#11061 = ( GEOMETRIC_REPRESENTATION_CONTEXT(2)
PARAMETRIC_REPRESENTATION_CONTEXT() REPRESENTATION_CONTEXT('2D SPACE',''
  ) );
#11062 = ORIENTED_EDGE('',*,*,#11063,.T.);
#11063 = EDGE_CURVE('',#11041,#11064,#11066,.T.);
#11064 = VERTEX_POINT('',#11065);
#11065 = CARTESIAN_POINT('',(188.64881833633,25.553629746284,
    304.92770511105));
#11066 = SURFACE_CURVE('',#11067,(#11071,#11078),.PCURVE_S1.);
#11067 = LINE('',#11068,#11069);
#11068 = CARTESIAN_POINT('',(188.11288711363,25.553629746284,
    305.4963435274));
#11069 = VECTOR('',#11070,1.);
#11070 = DIRECTION('',(0.685868163207,7.614666266493E-17,-0.727725815606
    ));
#11071 = PCURVE('',#9439,#11072);
#11072 = DEFINITIONAL_REPRESENTATION('',(#11073),#11077);
#11073 = LINE('',#11074,#11075);
#11074 = CARTESIAN_POINT('',(7.58974042668,-1.276931494669));
#11075 = VECTOR('',#11076,1.);
#11076 = DIRECTION('',(-0.727725815606,-0.685868163207));
#11077 = ( GEOMETRIC_REPRESENTATION_CONTEXT(2)
PARAMETRIC_REPRESENTATION_CONTEXT() REPRESENTATION_CONTEXT('2D SPACE',''
  ) );
#11078 = PCURVE('',#4891,#11079);
#11079 = DEFINITIONAL_REPRESENTATION('',(#11080),#11084);
#11080 = LINE('',#11081,#11082);
#11081 = CARTESIAN_POINT('',(0.,0.));
#11082 = VECTOR('',#11083,1.);
#11083 = DIRECTION('',(1.,0.));
#11084 = ( GEOMETRIC_REPRESENTATION_CONTEXT(2)
PARAMETRIC_REPRESENTATION_CONTEXT() REPRESENTATION_CONTEXT('2D SPACE',''
  ) );
#11085 = ORIENTED_EDGE('',*,*,#11086,.T.);
#11086 = EDGE_CURVE('',#11064,#11087,#11089,.T.);
#11087 = VERTEX_POINT('',#11088);
#11088 = CARTESIAN_POINT('',(189.14398473781,25.553629746284,
    304.32323661819));
#11089 = SURFACE_CURVE('',#11090,(#11094,#11101),.PCURVE_S1.);
#11090 = LINE('',#11091,#11092);
#11091 = CARTESIAN_POINT('',(188.64881833633,25.553629746284,
    304.92770511105));
#11092 = VECTOR('',#11093,1.);
#11093 = DIRECTION('',(0.633698608846,7.035467862141E-17,-0.773580036678
    ));
#11094 = PCURVE('',#9439,#11095);
#11095 = DEFINITIONAL_REPRESENTATION('',(#11096),#11100);
#11096 = LINE('',#11097,#11098);
#11097 = CARTESIAN_POINT('',(7.021102010331,-1.812862717372));
#11098 = VECTOR('',#11099,1.);
#11099 = DIRECTION('',(-0.773580036678,-0.633698608846));
#11100 = ( GEOMETRIC_REPRESENTATION_CONTEXT(2)
PARAMETRIC_REPRESENTATION_CONTEXT() REPRESENTATION_CONTEXT('2D SPACE',''
  ) );
#11101 = PCURVE('',#4865,#11102);
#11102 = DEFINITIONAL_REPRESENTATION('',(#11103),#11107);
#11103 = LINE('',#11104,#11105);
#11104 = CARTESIAN_POINT('',(0.,0.));
#11105 = VECTOR('',#11106,1.);
#11106 = DIRECTION('',(1.,0.));
#11107 = ( GEOMETRIC_REPRESENTATION_CONTEXT(2)
PARAMETRIC_REPRESENTATION_CONTEXT() REPRESENTATION_CONTEXT('2D SPACE',''
  ) );
#11108 = ORIENTED_EDGE('',*,*,#11109,.T.);
#11109 = EDGE_CURVE('',#11087,#11110,#11112,.T.);
#11110 = VERTEX_POINT('',#11111);
#11111 = CARTESIAN_POINT('',(189.59599750066,25.553629746284,
    303.68585416924));
#11112 = SURFACE_CURVE('',#11113,(#11117,#11124),.PCURVE_S1.);
#11113 = LINE('',#11114,#11115);
#11114 = CARTESIAN_POINT('',(189.14398473781,25.553629746284,
    304.32323661819));
#11115 = VECTOR('',#11116,1.);
#11116 = DIRECTION('',(0.578471920036,6.422328447229E-17,-0.815702297245
    ));
#11117 = PCURVE('',#9439,#11118);
#11118 = DEFINITIONAL_REPRESENTATION('',(#11119),#11123);
#11119 = LINE('',#11120,#11121);
#11120 = CARTESIAN_POINT('',(6.416633517469,-2.308029118851));
#11121 = VECTOR('',#11122,1.);
#11122 = DIRECTION('',(-0.815702297245,-0.578471920036));
#11123 = ( GEOMETRIC_REPRESENTATION_CONTEXT(2)
PARAMETRIC_REPRESENTATION_CONTEXT() REPRESENTATION_CONTEXT('2D SPACE',''
  ) );
#11124 = PCURVE('',#4839,#11125);
#11125 = DEFINITIONAL_REPRESENTATION('',(#11126),#11130);
#11126 = LINE('',#11127,#11128);
#11127 = CARTESIAN_POINT('',(0.,0.));
#11128 = VECTOR('',#11129,1.);
#11129 = DIRECTION('',(1.,0.));
#11130 = ( GEOMETRIC_REPRESENTATION_CONTEXT(2)
PARAMETRIC_REPRESENTATION_CONTEXT() REPRESENTATION_CONTEXT('2D SPACE',''
  ) );
#11131 = ORIENTED_EDGE('',*,*,#11132,.T.);
#11132 = EDGE_CURVE('',#11110,#11133,#11135,.T.);
#11133 = VERTEX_POINT('',#11134);
#11134 = CARTESIAN_POINT('',(190.00267599238,25.553629746284,
    303.01863267049));
#11135 = SURFACE_CURVE('',#11136,(#11140,#11147),.PCURVE_S1.);
#11136 = LINE('',#11137,#11138);
#11137 = CARTESIAN_POINT('',(189.59599750066,25.553629746284,
    303.68585416924));
#11138 = VECTOR('',#11139,1.);
#11139 = DIRECTION('',(0.520454525343,5.778205973065E-17,-0.853889388065
    ));
#11140 = PCURVE('',#9439,#11141);
#11141 = DEFINITIONAL_REPRESENTATION('',(#11142),#11146);
#11142 = LINE('',#11143,#11144);
#11143 = CARTESIAN_POINT('',(5.779251068516,-2.760041881704));
#11144 = VECTOR('',#11145,1.);
#11145 = DIRECTION('',(-0.853889388065,-0.520454525343));
#11146 = ( GEOMETRIC_REPRESENTATION_CONTEXT(2)
PARAMETRIC_REPRESENTATION_CONTEXT() REPRESENTATION_CONTEXT('2D SPACE',''
  ) );
#11147 = PCURVE('',#4813,#11148);
#11148 = DEFINITIONAL_REPRESENTATION('',(#11149),#11153);
#11149 = LINE('',#11150,#11151);
#11150 = CARTESIAN_POINT('',(0.,0.));
#11151 = VECTOR('',#11152,1.);
#11152 = DIRECTION('',(1.,0.));
#11153 = ( GEOMETRIC_REPRESENTATION_CONTEXT(2)
PARAMETRIC_REPRESENTATION_CONTEXT() REPRESENTATION_CONTEXT('2D SPACE',''
  ) );
#11154 = ORIENTED_EDGE('',*,*,#11155,.T.);
#11155 = EDGE_CURVE('',#11133,#11156,#11158,.T.);
#11156 = VERTEX_POINT('',#11157);
#11157 = CARTESIAN_POINT('',(190.3620582853,25.553629746284,
    302.32479097994));
#11158 = SURFACE_CURVE('',#11159,(#11163,#11170),.PCURVE_S1.);
#11159 = LINE('',#11160,#11161);
#11160 = CARTESIAN_POINT('',(190.00267599238,25.553629746284,
    303.01863267049));
#11161 = VECTOR('',#11162,1.);
#11162 = DIRECTION('',(0.459926316461,5.106207861659E-17,-0.887957084226
    ));
#11163 = PCURVE('',#9439,#11164);
#11164 = DEFINITIONAL_REPRESENTATION('',(#11165),#11169);
#11165 = LINE('',#11166,#11167);
#11166 = CARTESIAN_POINT('',(5.112029569768,-3.16672037342));
#11167 = VECTOR('',#11168,1.);
#11168 = DIRECTION('',(-0.887957084226,-0.459926316461));
#11169 = ( GEOMETRIC_REPRESENTATION_CONTEXT(2)
PARAMETRIC_REPRESENTATION_CONTEXT() REPRESENTATION_CONTEXT('2D SPACE',''
  ) );
#11170 = PCURVE('',#4787,#11171);
#11171 = DEFINITIONAL_REPRESENTATION('',(#11172),#11176);
#11172 = LINE('',#11173,#11174);
#11173 = CARTESIAN_POINT('',(0.,0.));
#11174 = VECTOR('',#11175,1.);
#11175 = DIRECTION('',(1.,0.));
#11176 = ( GEOMETRIC_REPRESENTATION_CONTEXT(2)
PARAMETRIC_REPRESENTATION_CONTEXT() REPRESENTATION_CONTEXT('2D SPACE',''
  ) );
#11177 = ORIENTED_EDGE('',*,*,#11178,.T.);
#11178 = EDGE_CURVE('',#11156,#11179,#11181,.T.);
#11179 = VERTEX_POINT('',#11180);
#11180 = CARTESIAN_POINT('',(190.67241062149,25.553629746284,
    301.60767637861));
#11181 = SURFACE_CURVE('',#11182,(#11186,#11193),.PCURVE_S1.);
#11182 = LINE('',#11183,#11184);
#11183 = CARTESIAN_POINT('',(190.3620582853,25.553629746284,
    302.32479097994));
#11184 = VECTOR('',#11185,1.);
#11185 = DIRECTION('',(0.397179297932,4.40957601468E-17,-0.917741033895)
  );
#11186 = PCURVE('',#9439,#11187);
#11187 = DEFINITIONAL_REPRESENTATION('',(#11188),#11192);
#11188 = LINE('',#11189,#11190);
#11189 = CARTESIAN_POINT('',(4.418187879213,-3.52610266634));
#11190 = VECTOR('',#11191,1.);
#11191 = DIRECTION('',(-0.917741033895,-0.397179297932));
#11192 = ( GEOMETRIC_REPRESENTATION_CONTEXT(2)
PARAMETRIC_REPRESENTATION_CONTEXT() REPRESENTATION_CONTEXT('2D SPACE',''
  ) );
#11193 = PCURVE('',#4761,#11194);
#11194 = DEFINITIONAL_REPRESENTATION('',(#11195),#11199);
#11195 = LINE('',#11196,#11197);
#11196 = CARTESIAN_POINT('',(0.,0.));
#11197 = VECTOR('',#11198,1.);
#11198 = DIRECTION('',(1.,0.));
#11199 = ( GEOMETRIC_REPRESENTATION_CONTEXT(2)
PARAMETRIC_REPRESENTATION_CONTEXT() REPRESENTATION_CONTEXT('2D SPACE',''
  ) );
#11200 = ORIENTED_EDGE('',*,*,#11201,.T.);
#11201 = EDGE_CURVE('',#11179,#11202,#11204,.T.);
#11202 = VERTEX_POINT('',#11203);
#11203 = CARTESIAN_POINT('',(190.93223577688,25.553629746284,
    300.8707484224));
#11204 = SURFACE_CURVE('',#11205,(#11209,#11216),.PCURVE_S1.);
#11205 = LINE('',#11206,#11207);
#11206 = CARTESIAN_POINT('',(190.67241062149,25.553629746284,
    301.60767637861));
#11207 = VECTOR('',#11208,1.);
#11208 = DIRECTION('',(0.332516178439,3.691671173636E-17,-0.943097551198
    ));
#11209 = PCURVE('',#9439,#11210);
#11210 = DEFINITIONAL_REPRESENTATION('',(#11211),#11215);
#11211 = LINE('',#11212,#11213);
#11212 = CARTESIAN_POINT('',(3.701073277887,-3.836455002534));
#11213 = VECTOR('',#11214,1.);
#11214 = DIRECTION('',(-0.943097551198,-0.332516178439));
#11215 = ( GEOMETRIC_REPRESENTATION_CONTEXT(2)
PARAMETRIC_REPRESENTATION_CONTEXT() REPRESENTATION_CONTEXT('2D SPACE',''
  ) );
#11216 = PCURVE('',#4735,#11217);
#11217 = DEFINITIONAL_REPRESENTATION('',(#11218),#11222);
#11218 = LINE('',#11219,#11220);
#11219 = CARTESIAN_POINT('',(0.,0.));
#11220 = VECTOR('',#11221,1.);
#11221 = DIRECTION('',(1.,0.));
#11222 = ( GEOMETRIC_REPRESENTATION_CONTEXT(2)
PARAMETRIC_REPRESENTATION_CONTEXT() REPRESENTATION_CONTEXT('2D SPACE',''
  ) );
#11223 = ORIENTED_EDGE('',*,*,#11224,.T.);
#11224 = EDGE_CURVE('',#11202,#11225,#11227,.T.);
#11225 = VERTEX_POINT('',#11226);
#11226 = CARTESIAN_POINT('',(191.14028028423,25.553629746284,
    300.1175622522));
#11227 = SURFACE_CURVE('',#11228,(#11232,#11239),.PCURVE_S1.);
#11228 = LINE('',#11229,#11230);
#11229 = CARTESIAN_POINT('',(190.93223577688,25.553629746284,
    300.8707484224));
#11230 = VECTOR('',#11231,1.);
#11231 = DIRECTION('',(0.26624891046,2.955956706744E-17,-0.963904309399)
  );
#11232 = PCURVE('',#9439,#11233);
#11233 = DEFINITIONAL_REPRESENTATION('',(#11234),#11238);
#11234 = LINE('',#11235,#11236);
#11235 = CARTESIAN_POINT('',(2.964145321677,-4.09628015792));
#11236 = VECTOR('',#11237,1.);
#11237 = DIRECTION('',(-0.963904309399,-0.26624891046));
#11238 = ( GEOMETRIC_REPRESENTATION_CONTEXT(2)
PARAMETRIC_REPRESENTATION_CONTEXT() REPRESENTATION_CONTEXT('2D SPACE',''
  ) );
#11239 = PCURVE('',#4709,#11240);
#11240 = DEFINITIONAL_REPRESENTATION('',(#11241),#11245);
#11241 = LINE('',#11242,#11243);
#11242 = CARTESIAN_POINT('',(0.,0.));
#11243 = VECTOR('',#11244,1.);
#11244 = DIRECTION('',(1.,0.));
#11245 = ( GEOMETRIC_REPRESENTATION_CONTEXT(2)
PARAMETRIC_REPRESENTATION_CONTEXT() REPRESENTATION_CONTEXT('2D SPACE',''
  ) );
#11246 = ORIENTED_EDGE('',*,*,#11247,.T.);
#11247 = EDGE_CURVE('',#11225,#11248,#11250,.T.);
#11248 = VERTEX_POINT('',#11249);
#11249 = CARTESIAN_POINT('',(191.29554048027,25.553629746284,
    299.35175144297));
#11250 = SURFACE_CURVE('',#11251,(#11255,#11262),.PCURVE_S1.);
#11251 = LINE('',#11252,#11253);
#11252 = CARTESIAN_POINT('',(191.14028028423,25.553629746284,
    300.1175622522));
#11253 = VECTOR('',#11254,1.);
#11254 = DIRECTION('',(0.19869718532,2.205981900702E-17,-0.980060931037)
  );
#11255 = PCURVE('',#9439,#11256);
#11256 = DEFINITIONAL_REPRESENTATION('',(#11257),#11261);
#11257 = LINE('',#11258,#11259);
#11258 = CARTESIAN_POINT('',(2.210959151481,-4.304324665277));
#11259 = VECTOR('',#11260,1.);
#11260 = DIRECTION('',(-0.980060931037,-0.19869718532));
#11261 = ( GEOMETRIC_REPRESENTATION_CONTEXT(2)
PARAMETRIC_REPRESENTATION_CONTEXT() REPRESENTATION_CONTEXT('2D SPACE',''
  ) );
#11262 = PCURVE('',#4683,#11263);
#11263 = DEFINITIONAL_REPRESENTATION('',(#11264),#11268);
#11264 = LINE('',#11265,#11266);
#11265 = CARTESIAN_POINT('',(0.,0.));
#11266 = VECTOR('',#11267,1.);
#11267 = DIRECTION('',(1.,0.));
#11268 = ( GEOMETRIC_REPRESENTATION_CONTEXT(2)
PARAMETRIC_REPRESENTATION_CONTEXT() REPRESENTATION_CONTEXT('2D SPACE',''
  ) );
#11269 = ORIENTED_EDGE('',*,*,#11270,.T.);
#11270 = EDGE_CURVE('',#11248,#11271,#11273,.T.);
#11271 = VERTEX_POINT('',#11272);
#11272 = CARTESIAN_POINT('',(191.39726734758,25.553629746284,
    298.57701047433));
#11273 = SURFACE_CURVE('',#11274,(#11278,#11285),.PCURVE_S1.);
#11274 = LINE('',#11275,#11276);
#11275 = CARTESIAN_POINT('',(191.29554048027,25.553629746284,
    299.35175144297));
#11276 = VECTOR('',#11277,1.);
#11277 = DIRECTION('',(0.130186890913,1.445364837961E-17,-0.991489472175
    ));
#11278 = PCURVE('',#9439,#11279);
#11279 = DEFINITIONAL_REPRESENTATION('',(#11280),#11284);
#11280 = LINE('',#11281,#11282);
#11281 = CARTESIAN_POINT('',(1.445148342245,-4.459584861316));
#11282 = VECTOR('',#11283,1.);
#11283 = DIRECTION('',(-0.991489472175,-0.130186890913));
#11284 = ( GEOMETRIC_REPRESENTATION_CONTEXT(2)
PARAMETRIC_REPRESENTATION_CONTEXT() REPRESENTATION_CONTEXT('2D SPACE',''
  ) );
#11285 = PCURVE('',#4657,#11286);
#11286 = DEFINITIONAL_REPRESENTATION('',(#11287),#11291);
#11287 = LINE('',#11288,#11289);
#11288 = CARTESIAN_POINT('',(0.,0.));
#11289 = VECTOR('',#11290,1.);
#11290 = DIRECTION('',(1.,0.));
#11291 = ( GEOMETRIC_REPRESENTATION_CONTEXT(2)
PARAMETRIC_REPRESENTATION_CONTEXT() REPRESENTATION_CONTEXT('2D SPACE',''
  ) );
#11292 = ORIENTED_EDGE('',*,*,#11293,.T.);
#11293 = EDGE_CURVE('',#11271,#11294,#11296,.T.);
#11294 = VERTEX_POINT('',#11295);
#11295 = CARTESIAN_POINT('',(191.44497012807,25.553629746284,
    297.79707690745));
#11296 = SURFACE_CURVE('',#11297,(#11301,#11308),.PCURVE_S1.);
#11297 = LINE('',#11298,#11299);
#11298 = CARTESIAN_POINT('',(191.39726734758,25.553629746284,
    298.57701047433));
#11299 = VECTOR('',#11300,1.);
#11300 = DIRECTION('',(6.104853953486E-02,6.777749421134E-18,
    -0.998134798422));
#11301 = PCURVE('',#9439,#11302);
#11302 = DEFINITIONAL_REPRESENTATION('',(#11303),#11307);
#11303 = LINE('',#11304,#11305);
#11304 = CARTESIAN_POINT('',(0.670407373608,-4.56131172862));
#11305 = VECTOR('',#11306,1.);
#11306 = DIRECTION('',(-0.998134798422,-6.104853953486E-02));
#11307 = ( GEOMETRIC_REPRESENTATION_CONTEXT(2)
PARAMETRIC_REPRESENTATION_CONTEXT() REPRESENTATION_CONTEXT('2D SPACE',''
  ) );
#11308 = PCURVE('',#4631,#11309);
#11309 = DEFINITIONAL_REPRESENTATION('',(#11310),#11314);
#11310 = LINE('',#11311,#11312);
#11311 = CARTESIAN_POINT('',(0.,0.));
#11312 = VECTOR('',#11313,1.);
#11313 = DIRECTION('',(1.,0.));
#11314 = ( GEOMETRIC_REPRESENTATION_CONTEXT(2)
PARAMETRIC_REPRESENTATION_CONTEXT() REPRESENTATION_CONTEXT('2D SPACE',''
  ) );
#11315 = ORIENTED_EDGE('',*,*,#11316,.T.);
#11316 = EDGE_CURVE('',#11294,#11317,#11319,.T.);
#11317 = VERTEX_POINT('',#11318);
#11318 = CARTESIAN_POINT('',(191.43841869057,25.553629746284,
    297.01571335398));
#11319 = SURFACE_CURVE('',#11320,(#11324,#11331),.PCURVE_S1.);
#11320 = LINE('',#11321,#11322);
#11321 = CARTESIAN_POINT('',(191.44497012807,25.553629746284,
    297.79707690745));
#11322 = VECTOR('',#11323,1.);
#11323 = DIRECTION('',(-8.384326602831E-03,-9.30847244044E-19,
    -0.999964850916));
#11324 = PCURVE('',#9439,#11325);
#11325 = DEFINITIONAL_REPRESENTATION('',(#11326),#11330);
#11326 = LINE('',#11327,#11328);
#11327 = CARTESIAN_POINT('',(-0.109526193274,-4.609014509114));
#11328 = VECTOR('',#11329,1.);
#11329 = DIRECTION('',(-0.999964850916,8.384326602831E-03));
#11330 = ( GEOMETRIC_REPRESENTATION_CONTEXT(2)
PARAMETRIC_REPRESENTATION_CONTEXT() REPRESENTATION_CONTEXT('2D SPACE',''
  ) );
#11331 = PCURVE('',#4605,#11332);
#11332 = DEFINITIONAL_REPRESENTATION('',(#11333),#11337);
#11333 = LINE('',#11334,#11335);
#11334 = CARTESIAN_POINT('',(-0.,0.));
#11335 = VECTOR('',#11336,1.);
#11336 = DIRECTION('',(1.,0.));
#11337 = ( GEOMETRIC_REPRESENTATION_CONTEXT(2)
PARAMETRIC_REPRESENTATION_CONTEXT() REPRESENTATION_CONTEXT('2D SPACE',''
  ) );
#11338 = ORIENTED_EDGE('',*,*,#11339,.T.);
#11339 = EDGE_CURVE('',#11317,#11340,#11342,.T.);
#11340 = VERTEX_POINT('',#11341);
#11341 = CARTESIAN_POINT('',(191.37764464098,25.553629746284,
    296.23668932424));
#11342 = SURFACE_CURVE('',#11343,(#11347,#11354),.PCURVE_S1.);
#11343 = LINE('',#11344,#11345);
#11344 = CARTESIAN_POINT('',(191.43841869057,25.553629746284,
    297.01571335398));
#11345 = VECTOR('',#11346,1.);
#11346 = DIRECTION('',(-7.777674446852E-02,-8.634953248933E-18,
    -0.996970800987));
#11347 = PCURVE('',#9439,#11348);
#11348 = DEFINITIONAL_REPRESENTATION('',(#11349),#11353);
#11349 = LINE('',#11350,#11351);
#11350 = CARTESIAN_POINT('',(-0.890889746738,-4.602463071609));
#11351 = VECTOR('',#11352,1.);
#11352 = DIRECTION('',(-0.996970800987,7.777674446852E-02));
#11353 = ( GEOMETRIC_REPRESENTATION_CONTEXT(2)
PARAMETRIC_REPRESENTATION_CONTEXT() REPRESENTATION_CONTEXT('2D SPACE',''
  ) );
#11354 = PCURVE('',#4579,#11355);
#11355 = DEFINITIONAL_REPRESENTATION('',(#11356),#11360);
#11356 = LINE('',#11357,#11358);
#11357 = CARTESIAN_POINT('',(-0.,0.));
#11358 = VECTOR('',#11359,1.);
#11359 = DIRECTION('',(1.,0.));
#11360 = ( GEOMETRIC_REPRESENTATION_CONTEXT(2)
PARAMETRIC_REPRESENTATION_CONTEXT() REPRESENTATION_CONTEXT('2D SPACE',''
  ) );
#11361 = ORIENTED_EDGE('',*,*,#11362,.F.);
#11362 = EDGE_CURVE('',#11363,#11340,#11365,.T.);
#11363 = VERTEX_POINT('',#11364);
#11364 = CARTESIAN_POINT('',(191.26294116986,25.553629746284,
    295.46376304204));
#11365 = SURFACE_CURVE('',#11366,(#11370,#11377),.PCURVE_S1.);
#11366 = LINE('',#11367,#11368);
#11367 = CARTESIAN_POINT('',(191.26294116986,25.553629746284,
    295.46376304204));
#11368 = VECTOR('',#11369,1.);
#11369 = DIRECTION('',(0.146793946164,4.546652820466E-15,0.989167092745)
  );
#11370 = PCURVE('',#9439,#11371);
#11371 = DEFINITIONAL_REPRESENTATION('',(#11372),#11376);
#11372 = LINE('',#11373,#11374);
#11373 = CARTESIAN_POINT('',(-2.442840058687,-4.426985550899));
#11374 = VECTOR('',#11375,1.);
#11375 = DIRECTION('',(0.989167092745,-0.146793946164));
#11376 = ( GEOMETRIC_REPRESENTATION_CONTEXT(2)
PARAMETRIC_REPRESENTATION_CONTEXT() REPRESENTATION_CONTEXT('2D SPACE',''
  ) );
#11377 = PCURVE('',#4552,#11378);
#11378 = DEFINITIONAL_REPRESENTATION('',(#11379),#11383);
#11379 = LINE('',#11380,#11381);
#11380 = CARTESIAN_POINT('',(0.781391018643,-3.539979035336E-15));
#11381 = VECTOR('',#11382,1.);
#11382 = DIRECTION('',(-1.,4.530355418576E-15));
#11383 = ( GEOMETRIC_REPRESENTATION_CONTEXT(2)
PARAMETRIC_REPRESENTATION_CONTEXT() REPRESENTATION_CONTEXT('2D SPACE',''
  ) );
#11384 = ORIENTED_EDGE('',*,*,#11385,.T.);
#11385 = EDGE_CURVE('',#11363,#9422,#11386,.T.);
#11386 = SURFACE_CURVE('',#11387,(#11391,#11398),.PCURVE_S1.);
#11387 = LINE('',#11388,#11389);
#11388 = CARTESIAN_POINT('',(191.26294116986,25.553629746284,
    295.46376304204));
#11389 = VECTOR('',#11390,1.);
#11390 = DIRECTION('',(-0.215102973937,-2.3881227433E-17,-0.976591373402
    ));
#11391 = PCURVE('',#9439,#11392);
#11392 = DEFINITIONAL_REPRESENTATION('',(#11393),#11397);
#11393 = LINE('',#11394,#11395);
#11394 = CARTESIAN_POINT('',(-2.442840058687,-4.426985550899));
#11395 = VECTOR('',#11396,1.);
#11396 = DIRECTION('',(-0.976591373402,0.215102973937));
#11397 = ( GEOMETRIC_REPRESENTATION_CONTEXT(2)
PARAMETRIC_REPRESENTATION_CONTEXT() REPRESENTATION_CONTEXT('2D SPACE',''
  ) );
#11398 = PCURVE('',#4524,#11399);
#11399 = DEFINITIONAL_REPRESENTATION('',(#11400),#11404);
#11400 = LINE('',#11401,#11402);
#11401 = CARTESIAN_POINT('',(-0.,0.));
#11402 = VECTOR('',#11403,1.);
#11403 = DIRECTION('',(1.,0.));
#11404 = ( GEOMETRIC_REPRESENTATION_CONTEXT(2)
PARAMETRIC_REPRESENTATION_CONTEXT() REPRESENTATION_CONTEXT('2D SPACE',''
  ) );
#11405 = ORIENTED_EDGE('',*,*,#9421,.T.);
#11406 = ORIENTED_EDGE('',*,*,#11407,.T.);
#11407 = EDGE_CURVE('',#9424,#11408,#11410,.T.);
#11408 = VERTEX_POINT('',#11409);
#11409 = CARTESIAN_POINT('',(190.60207142605,25.553629746284,
    293.21860395683));
#11410 = SURFACE_CURVE('',#11411,(#11415,#11422),.PCURVE_S1.);
#11411 = LINE('',#11412,#11413);
#11412 = CARTESIAN_POINT('',(190.87421690661,25.553629746284,
    293.95107154071));
#11413 = VECTOR('',#11414,1.);
#11414 = DIRECTION('',(-0.348283348615,-3.866721927262E-17,
    -0.937389304973));
#11415 = PCURVE('',#9439,#11416);
#11416 = DEFINITIONAL_REPRESENTATION('',(#11417),#11421);
#11417 = LINE('',#11418,#11419);
#11418 = CARTESIAN_POINT('',(-3.955531560015,-4.038261287648));
#11419 = VECTOR('',#11420,1.);
#11420 = DIRECTION('',(-0.937389304973,0.348283348615));
#11421 = ( GEOMETRIC_REPRESENTATION_CONTEXT(2)
PARAMETRIC_REPRESENTATION_CONTEXT() REPRESENTATION_CONTEXT('2D SPACE',''
  ) );
#11422 = PCURVE('',#7322,#11423);
#11423 = DEFINITIONAL_REPRESENTATION('',(#11424),#11428);
#11424 = LINE('',#11425,#11426);
#11425 = CARTESIAN_POINT('',(-0.,0.));
#11426 = VECTOR('',#11427,1.);
#11427 = DIRECTION('',(1.,0.));
#11428 = ( GEOMETRIC_REPRESENTATION_CONTEXT(2)
PARAMETRIC_REPRESENTATION_CONTEXT() REPRESENTATION_CONTEXT('2D SPACE',''
  ) );
#11429 = ORIENTED_EDGE('',*,*,#11430,.T.);
#11430 = EDGE_CURVE('',#11408,#11431,#11433,.T.);
#11431 = VERTEX_POINT('',#11432);
#11432 = CARTESIAN_POINT('',(190.27973810011,25.553629746284,
    292.50679418519));
#11433 = SURFACE_CURVE('',#11434,(#11438,#11445),.PCURVE_S1.);
#11434 = LINE('',#11435,#11436);
#11435 = CARTESIAN_POINT('',(190.60207142605,25.553629746284,
    293.21860395683));
#11436 = VECTOR('',#11437,1.);
#11437 = DIRECTION('',(-0.41251219717,-4.579805392365E-17,
    -0.910952077327));
#11438 = PCURVE('',#9439,#11439);
#11439 = DEFINITIONAL_REPRESENTATION('',(#11440),#11444);
#11440 = LINE('',#11441,#11442);
#11441 = CARTESIAN_POINT('',(-4.687999143893,-3.766115807097));
#11442 = VECTOR('',#11443,1.);
#11443 = DIRECTION('',(-0.910952077327,0.41251219717));
#11444 = ( GEOMETRIC_REPRESENTATION_CONTEXT(2)
PARAMETRIC_REPRESENTATION_CONTEXT() REPRESENTATION_CONTEXT('2D SPACE',''
  ) );
#11445 = PCURVE('',#7294,#11446);
#11446 = DEFINITIONAL_REPRESENTATION('',(#11447),#11451);
#11447 = LINE('',#11448,#11449);
#11448 = CARTESIAN_POINT('',(-0.,0.));
#11449 = VECTOR('',#11450,1.);
#11450 = DIRECTION('',(1.,0.));
#11451 = ( GEOMETRIC_REPRESENTATION_CONTEXT(2)
PARAMETRIC_REPRESENTATION_CONTEXT() REPRESENTATION_CONTEXT('2D SPACE',''
  ) );
#11452 = ORIENTED_EDGE('',*,*,#11453,.T.);
#11453 = EDGE_CURVE('',#11431,#11454,#11456,.T.);
#11454 = VERTEX_POINT('',#11455);
#11455 = CARTESIAN_POINT('',(189.90877195239,25.553629746284,
    291.81907618974));
#11456 = SURFACE_CURVE('',#11457,(#11461,#11468),.PCURVE_S1.);
#11457 = LINE('',#11458,#11459);
#11458 = CARTESIAN_POINT('',(190.27973810011,25.553629746284,
    292.50679418519));
#11459 = VECTOR('',#11460,1.);
#11460 = DIRECTION('',(-0.474750974685,-5.270794630584E-17,
    -0.880120169088));
#11461 = PCURVE('',#9439,#11462);
#11462 = DEFINITIONAL_REPRESENTATION('',(#11463),#11467);
#11463 = LINE('',#11464,#11465);
#11464 = CARTESIAN_POINT('',(-5.399808915531,-3.443782481148));
#11465 = VECTOR('',#11466,1.);
#11466 = DIRECTION('',(-0.880120169088,0.474750974685));
#11467 = ( GEOMETRIC_REPRESENTATION_CONTEXT(2)
PARAMETRIC_REPRESENTATION_CONTEXT() REPRESENTATION_CONTEXT('2D SPACE',''
  ) );
#11468 = PCURVE('',#7266,#11469);
#11469 = DEFINITIONAL_REPRESENTATION('',(#11470),#11474);
#11470 = LINE('',#11471,#11472);
#11471 = CARTESIAN_POINT('',(-0.,0.));
#11472 = VECTOR('',#11473,1.);
#11473 = DIRECTION('',(1.,0.));
#11474 = ( GEOMETRIC_REPRESENTATION_CONTEXT(2)
PARAMETRIC_REPRESENTATION_CONTEXT() REPRESENTATION_CONTEXT('2D SPACE',''
  ) );
#11475 = ORIENTED_EDGE('',*,*,#11476,.T.);
#11476 = EDGE_CURVE('',#11454,#11477,#11479,.T.);
#11477 = VERTEX_POINT('',#11478);
#11478 = CARTESIAN_POINT('',(189.49096262452,25.553629746284,
    291.15876770914));
#11479 = SURFACE_CURVE('',#11480,(#11484,#11491),.PCURVE_S1.);
#11480 = LINE('',#11481,#11482);
#11481 = CARTESIAN_POINT('',(189.90877195239,25.553629746284,
    291.81907618974));
#11482 = VECTOR('',#11483,1.);
#11483 = DIRECTION('',(-0.53469942437,-5.936356121889E-17,
    -0.845042321768));
#11484 = PCURVE('',#9439,#11485);
#11485 = DEFINITIONAL_REPRESENTATION('',(#11486),#11490);
#11486 = LINE('',#11487,#11488);
#11487 = CARTESIAN_POINT('',(-6.087526910983,-3.072816333437));
#11488 = VECTOR('',#11489,1.);
#11489 = DIRECTION('',(-0.845042321768,0.53469942437));
#11490 = ( GEOMETRIC_REPRESENTATION_CONTEXT(2)
PARAMETRIC_REPRESENTATION_CONTEXT() REPRESENTATION_CONTEXT('2D SPACE',''
  ) );
#11491 = PCURVE('',#7238,#11492);
#11492 = DEFINITIONAL_REPRESENTATION('',(#11493),#11497);
#11493 = LINE('',#11494,#11495);
#11494 = CARTESIAN_POINT('',(-0.,0.));
#11495 = VECTOR('',#11496,1.);
#11496 = DIRECTION('',(1.,0.));
#11497 = ( GEOMETRIC_REPRESENTATION_CONTEXT(2)
PARAMETRIC_REPRESENTATION_CONTEXT() REPRESENTATION_CONTEXT('2D SPACE',''
  ) );
#11498 = ORIENTED_EDGE('',*,*,#11499,.T.);
#11499 = EDGE_CURVE('',#11477,#11500,#11502,.T.);
#11500 = VERTEX_POINT('',#11501);
#11501 = CARTESIAN_POINT('',(189.02832574232,25.553629746284,
    290.52905425109));
#11502 = SURFACE_CURVE('',#11503,(#11507,#11514),.PCURVE_S1.);
#11503 = LINE('',#11504,#11505);
#11504 = CARTESIAN_POINT('',(189.49096262452,25.553629746284,
    291.15876770914));
#11505 = VECTOR('',#11506,1.);
#11506 = DIRECTION('',(-0.592068338597,-6.57327901662E-17,
    -0.805887760442));
#11507 = PCURVE('',#9439,#11508);
#11508 = DEFINITIONAL_REPRESENTATION('',(#11509),#11513);
#11509 = LINE('',#11510,#11511);
#11510 = CARTESIAN_POINT('',(-6.747835391585,-2.655007005561));
#11511 = VECTOR('',#11512,1.);
#11512 = DIRECTION('',(-0.805887760442,0.592068338597));
#11513 = ( GEOMETRIC_REPRESENTATION_CONTEXT(2)
PARAMETRIC_REPRESENTATION_CONTEXT() REPRESENTATION_CONTEXT('2D SPACE',''
  ) );
#11514 = PCURVE('',#7210,#11515);
#11515 = DEFINITIONAL_REPRESENTATION('',(#11516),#11520);
#11516 = LINE('',#11517,#11518);
#11517 = CARTESIAN_POINT('',(-0.,0.));
#11518 = VECTOR('',#11519,1.);
#11519 = DIRECTION('',(1.,0.));
#11520 = ( GEOMETRIC_REPRESENTATION_CONTEXT(2)
PARAMETRIC_REPRESENTATION_CONTEXT() REPRESENTATION_CONTEXT('2D SPACE',''
  ) );
#11521 = ORIENTED_EDGE('',*,*,#11522,.T.);
#11522 = EDGE_CURVE('',#11500,#11523,#11525,.T.);
#11523 = VERTEX_POINT('',#11524);
#11524 = CARTESIAN_POINT('',(188.52309319194,25.553629746284,
    289.93297372461));
#11525 = SURFACE_CURVE('',#11526,(#11530,#11537),.PCURVE_S1.);
#11526 = LINE('',#11527,#11528);
#11527 = CARTESIAN_POINT('',(189.02832574232,25.553629746284,
    290.52905425109));
#11528 = VECTOR('',#11529,1.);
#11529 = DIRECTION('',(-0.646580954121,-7.178490625494E-17,
    -0.762845377365));
#11530 = PCURVE('',#9439,#11531);
#11531 = DEFINITIONAL_REPRESENTATION('',(#11532),#11536);
#11532 = LINE('',#11533,#11534);
#11533 = CARTESIAN_POINT('',(-7.377548849629,-2.192370123358));
#11534 = VECTOR('',#11535,1.);
#11535 = DIRECTION('',(-0.762845377365,0.646580954121));
#11536 = ( GEOMETRIC_REPRESENTATION_CONTEXT(2)
PARAMETRIC_REPRESENTATION_CONTEXT() REPRESENTATION_CONTEXT('2D SPACE',''
  ) );
#11537 = PCURVE('',#7182,#11538);
#11538 = DEFINITIONAL_REPRESENTATION('',(#11539),#11543);
#11539 = LINE('',#11540,#11541);
#11540 = CARTESIAN_POINT('',(-0.,0.));
#11541 = VECTOR('',#11542,1.);
#11542 = DIRECTION('',(1.,0.));
#11543 = ( GEOMETRIC_REPRESENTATION_CONTEXT(2)
PARAMETRIC_REPRESENTATION_CONTEXT() REPRESENTATION_CONTEXT('2D SPACE',''
  ) );
#11544 = ORIENTED_EDGE('',*,*,#11545,.T.);
#11545 = EDGE_CURVE('',#11523,#11546,#11548,.T.);
#11546 = VERTEX_POINT('',#11547);
#11547 = CARTESIAN_POINT('',(187.97770235263,25.553629746284,
    289.37340178427));
#11548 = SURFACE_CURVE('',#11549,(#11553,#11560),.PCURVE_S1.);
#11549 = LINE('',#11550,#11551);
#11550 = CARTESIAN_POINT('',(188.52309319194,25.553629746284,
    289.93297372461));
#11551 = VECTOR('',#11552,1.);
#11552 = DIRECTION('',(-0.697974287258,-7.749071243097E-17,-0.7161228207
    ));
#11553 = PCURVE('',#9439,#11554);
#11554 = DEFINITIONAL_REPRESENTATION('',(#11555),#11559);
#11555 = LINE('',#11556,#11557);
#11556 = CARTESIAN_POINT('',(-7.973629376116,-1.687137572983));
#11557 = VECTOR('',#11558,1.);
#11558 = DIRECTION('',(-0.7161228207,0.697974287258));
#11559 = ( GEOMETRIC_REPRESENTATION_CONTEXT(2)
PARAMETRIC_REPRESENTATION_CONTEXT() REPRESENTATION_CONTEXT('2D SPACE',''
  ) );
#11560 = PCURVE('',#7154,#11561);
#11561 = DEFINITIONAL_REPRESENTATION('',(#11562),#11566);
#11562 = LINE('',#11563,#11564);
#11563 = CARTESIAN_POINT('',(-0.,0.));
#11564 = VECTOR('',#11565,1.);
#11565 = DIRECTION('',(1.,0.));
#11566 = ( GEOMETRIC_REPRESENTATION_CONTEXT(2)
PARAMETRIC_REPRESENTATION_CONTEXT() REPRESENTATION_CONTEXT('2D SPACE',''
  ) );
#11567 = ORIENTED_EDGE('',*,*,#11568,.T.);
#11568 = EDGE_CURVE('',#11546,#11569,#11571,.T.);
#11569 = VERTEX_POINT('',#11570);
#11570 = CARTESIAN_POINT('',(187.39478433815,25.553629746284,
    288.85303795731));
#11571 = SURFACE_CURVE('',#11572,(#11576,#11583),.PCURVE_S1.);
#11572 = LINE('',#11573,#11574);
#11573 = CARTESIAN_POINT('',(187.97770235263,25.553629746284,
    289.37340178427));
#11574 = VECTOR('',#11575,1.);
#11575 = DIRECTION('',(-0.746000402589,-8.282268233336E-17,
    -0.665945492768));
#11576 = PCURVE('',#9439,#11577);
#11577 = DEFINITIONAL_REPRESENTATION('',(#11578),#11582);
#11578 = LINE('',#11579,#11580);
#11579 = CARTESIAN_POINT('',(-8.533201316456,-1.141746733676));
#11580 = VECTOR('',#11581,1.);
#11581 = DIRECTION('',(-0.665945492768,0.746000402589));
#11582 = ( GEOMETRIC_REPRESENTATION_CONTEXT(2)
PARAMETRIC_REPRESENTATION_CONTEXT() REPRESENTATION_CONTEXT('2D SPACE',''
  ) );
#11583 = PCURVE('',#7126,#11584);
#11584 = DEFINITIONAL_REPRESENTATION('',(#11585),#11589);
#11585 = LINE('',#11586,#11587);
#11586 = CARTESIAN_POINT('',(-0.,0.));
#11587 = VECTOR('',#11588,1.);
#11588 = DIRECTION('',(1.,0.));
#11589 = ( GEOMETRIC_REPRESENTATION_CONTEXT(2)
PARAMETRIC_REPRESENTATION_CONTEXT() REPRESENTATION_CONTEXT('2D SPACE',''
  ) );
#11590 = ORIENTED_EDGE('',*,*,#11591,.T.);
#11591 = EDGE_CURVE('',#11569,#11592,#11594,.T.);
#11592 = VERTEX_POINT('',#11593);
#11593 = CARTESIAN_POINT('',(186.77715130353,25.553629746284,
    288.37439262038));
#11594 = SURFACE_CURVE('',#11595,(#11599,#11606),.PCURVE_S1.);
#11595 = LINE('',#11596,#11597);
#11596 = CARTESIAN_POINT('',(187.39478433815,25.553629746284,
    288.85303795731));
#11597 = VECTOR('',#11598,1.);
#11598 = DIRECTION('',(-0.790427609071,-8.775509308904E-17,
    -0.612555462646));
#11599 = PCURVE('',#9439,#11600);
#11600 = DEFINITIONAL_REPRESENTATION('',(#11601),#11605);
#11601 = LINE('',#11602,#11603);
#11602 = CARTESIAN_POINT('',(-9.053565143411,-0.558828719189));
#11603 = VECTOR('',#11604,1.);
#11604 = DIRECTION('',(-0.612555462646,0.790427609071));
#11605 = ( GEOMETRIC_REPRESENTATION_CONTEXT(2)
PARAMETRIC_REPRESENTATION_CONTEXT() REPRESENTATION_CONTEXT('2D SPACE',''
  ) );
#11606 = PCURVE('',#7098,#11607);
#11607 = DEFINITIONAL_REPRESENTATION('',(#11608),#11612);
#11608 = LINE('',#11609,#11610);
#11609 = CARTESIAN_POINT('',(-0.,0.));
#11610 = VECTOR('',#11611,1.);
#11611 = DIRECTION('',(1.,0.));
#11612 = ( GEOMETRIC_REPRESENTATION_CONTEXT(2)
PARAMETRIC_REPRESENTATION_CONTEXT() REPRESENTATION_CONTEXT('2D SPACE',''
  ) );
#11613 = ORIENTED_EDGE('',*,*,#11614,.T.);
#11614 = EDGE_CURVE('',#11592,#11615,#11617,.T.);
#11615 = VERTEX_POINT('',#11616);
#11616 = CARTESIAN_POINT('',(186.12778287854,25.553629746284,
    287.93977488876));
#11617 = SURFACE_CURVE('',#11618,(#11622,#11629),.PCURVE_S1.);
#11618 = LINE('',#11619,#11620);
#11619 = CARTESIAN_POINT('',(186.77715130353,25.553629746284,
    288.37439262038));
#11620 = VECTOR('',#11621,1.);
#11621 = DIRECTION('',(-0.831041577778,-9.226414940697E-17,
    -0.556210298363));
#11622 = PCURVE('',#9439,#11623);
#11623 = DEFINITIONAL_REPRESENTATION('',(#11624),#11628);
#11624 = LINE('',#11625,#11626);
#11625 = CARTESIAN_POINT('',(-9.532210480343,5.880431542698E-02));
#11626 = VECTOR('',#11627,1.);
#11627 = DIRECTION('',(-0.556210298363,0.831041577778));
#11628 = ( GEOMETRIC_REPRESENTATION_CONTEXT(2)
PARAMETRIC_REPRESENTATION_CONTEXT() REPRESENTATION_CONTEXT('2D SPACE',''
  ) );
#11629 = PCURVE('',#7070,#11630);
#11630 = DEFINITIONAL_REPRESENTATION('',(#11631),#11635);
#11631 = LINE('',#11632,#11633);
#11632 = CARTESIAN_POINT('',(-0.,0.));
#11633 = VECTOR('',#11634,1.);
#11634 = DIRECTION('',(1.,0.));
#11635 = ( GEOMETRIC_REPRESENTATION_CONTEXT(2)
PARAMETRIC_REPRESENTATION_CONTEXT() REPRESENTATION_CONTEXT('2D SPACE',''
  ) );
#11636 = ORIENTED_EDGE('',*,*,#11637,.T.);
#11637 = EDGE_CURVE('',#11615,#11638,#11640,.T.);
#11638 = VERTEX_POINT('',#11639);
#11639 = CARTESIAN_POINT('',(185.44981179307,25.553629746284,
    287.55128147661));
#11640 = SURFACE_CURVE('',#11641,(#11645,#11652),.PCURVE_S1.);
#11641 = LINE('',#11642,#11643);
#11642 = CARTESIAN_POINT('',(186.12778287854,25.553629746284,
    287.93977488876));
#11643 = VECTOR('',#11644,1.);
#11644 = DIRECTION('',(-0.867646375876,-9.632809837302E-17,
    -0.497181824315));
#11645 = PCURVE('',#9439,#11646);
#11646 = DEFINITIONAL_REPRESENTATION('',(#11647),#11651);
#11647 = LINE('',#11648,#11649);
#11648 = CARTESIAN_POINT('',(-9.966828211961,0.708172740421));
#11649 = VECTOR('',#11650,1.);
#11650 = DIRECTION('',(-0.497181824315,0.867646375876));
#11651 = ( GEOMETRIC_REPRESENTATION_CONTEXT(2)
PARAMETRIC_REPRESENTATION_CONTEXT() REPRESENTATION_CONTEXT('2D SPACE',''
  ) );
#11652 = PCURVE('',#7042,#11653);
#11653 = DEFINITIONAL_REPRESENTATION('',(#11654),#11658);
#11654 = LINE('',#11655,#11656);
#11655 = CARTESIAN_POINT('',(-0.,0.));
#11656 = VECTOR('',#11657,1.);
#11657 = DIRECTION('',(1.,0.));
#11658 = ( GEOMETRIC_REPRESENTATION_CONTEXT(2)
PARAMETRIC_REPRESENTATION_CONTEXT() REPRESENTATION_CONTEXT('2D SPACE',''
  ) );
#11659 = ORIENTED_EDGE('',*,*,#11660,.T.);
#11660 = EDGE_CURVE('',#11638,#11661,#11663,.T.);
#11661 = VERTEX_POINT('',#11662);
#11662 = CARTESIAN_POINT('',(184.74650876405,25.553629746284,
    287.21078658181));
#11663 = SURFACE_CURVE('',#11664,(#11668,#11675),.PCURVE_S1.);
#11664 = LINE('',#11665,#11666);
#11665 = CARTESIAN_POINT('',(185.44981179307,25.553629746284,
    287.55128147661));
#11666 = VECTOR('',#11667,1.);
#11667 = DIRECTION('',(-0.900065411864,-9.992733439203E-17,
    -0.435754809917));
#11668 = PCURVE('',#9439,#11669);
#11669 = DEFINITIONAL_REPRESENTATION('',(#11670),#11674);
#11670 = LINE('',#11671,#11672);
#11671 = CARTESIAN_POINT('',(-10.35532162411,1.386143825889));
#11672 = VECTOR('',#11673,1.);
#11673 = DIRECTION('',(-0.435754809917,0.900065411864));
#11674 = ( GEOMETRIC_REPRESENTATION_CONTEXT(2)
PARAMETRIC_REPRESENTATION_CONTEXT() REPRESENTATION_CONTEXT('2D SPACE',''
  ) );
#11675 = PCURVE('',#7014,#11676);
#11676 = DEFINITIONAL_REPRESENTATION('',(#11677),#11681);
#11677 = LINE('',#11678,#11679);
#11678 = CARTESIAN_POINT('',(-0.,0.));
#11679 = VECTOR('',#11680,1.);
#11680 = DIRECTION('',(1.,0.));
#11681 = ( GEOMETRIC_REPRESENTATION_CONTEXT(2)
PARAMETRIC_REPRESENTATION_CONTEXT() REPRESENTATION_CONTEXT('2D SPACE',''
  ) );
#11682 = ORIENTED_EDGE('',*,*,#11683,.T.);
#11683 = EDGE_CURVE('',#11661,#11684,#11686,.T.);
#11684 = VERTEX_POINT('',#11685);
#11685 = CARTESIAN_POINT('',(184.02126671658,25.553629746284,
    286.91993284435));
#11686 = SURFACE_CURVE('',#11687,(#11691,#11698),.PCURVE_S1.);
#11687 = LINE('',#11688,#11689);
#11688 = CARTESIAN_POINT('',(184.74650876405,25.553629746284,
    287.21078658181));
#11689 = VECTOR('',#11690,1.);
#11690 = DIRECTION('',(-0.928142287495,-1.030444937705E-16,
    -0.372225595794));
#11691 = PCURVE('',#9439,#11692);
#11692 = DEFINITIONAL_REPRESENTATION('',(#11693),#11697);
#11693 = LINE('',#11694,#11695);
#11694 = CARTESIAN_POINT('',(-10.69581651891,2.089446854911));
#11695 = VECTOR('',#11696,1.);
#11696 = DIRECTION('',(-0.372225595794,0.928142287495));
#11697 = ( GEOMETRIC_REPRESENTATION_CONTEXT(2)
PARAMETRIC_REPRESENTATION_CONTEXT() REPRESENTATION_CONTEXT('2D SPACE',''
  ) );
#11698 = PCURVE('',#6986,#11699);
#11699 = DEFINITIONAL_REPRESENTATION('',(#11700),#11704);
#11700 = LINE('',#11701,#11702);
#11701 = CARTESIAN_POINT('',(-0.,0.));
#11702 = VECTOR('',#11703,1.);
#11703 = DIRECTION('',(1.,0.));
#11704 = ( GEOMETRIC_REPRESENTATION_CONTEXT(2)
PARAMETRIC_REPRESENTATION_CONTEXT() REPRESENTATION_CONTEXT('2D SPACE',''
  ) );
#11705 = ORIENTED_EDGE('',*,*,#11706,.T.);
#11706 = EDGE_CURVE('',#11684,#11707,#11709,.T.);
#11707 = VERTEX_POINT('',#11708);
#11708 = CARTESIAN_POINT('',(183.27758441555,25.553629746284,
    286.68012342176));
#11709 = SURFACE_CURVE('',#11710,(#11714,#11721),.PCURVE_S1.);
#11710 = LINE('',#11711,#11712);
#11711 = CARTESIAN_POINT('',(184.02126671658,25.553629746284,
    286.91993284435));
#11712 = VECTOR('',#11713,1.);
#11713 = DIRECTION('',(-0.951741552283,-1.056645384837E-16,
    -0.306900664155));
#11714 = PCURVE('',#9439,#11715);
#11715 = DEFINITIONAL_REPRESENTATION('',(#11716),#11720);
#11716 = LINE('',#11717,#11718);
#11717 = CARTESIAN_POINT('',(-10.98667025637,2.814688902382));
#11718 = VECTOR('',#11719,1.);
#11719 = DIRECTION('',(-0.306900664155,0.951741552283));
#11720 = ( GEOMETRIC_REPRESENTATION_CONTEXT(2)
PARAMETRIC_REPRESENTATION_CONTEXT() REPRESENTATION_CONTEXT('2D SPACE',''
  ) );
#11721 = PCURVE('',#6958,#11722);
#11722 = DEFINITIONAL_REPRESENTATION('',(#11723),#11727);
#11723 = LINE('',#11724,#11725);
#11724 = CARTESIAN_POINT('',(-0.,0.));
#11725 = VECTOR('',#11726,1.);
#11726 = DIRECTION('',(1.,0.));
#11727 = ( GEOMETRIC_REPRESENTATION_CONTEXT(2)
PARAMETRIC_REPRESENTATION_CONTEXT() REPRESENTATION_CONTEXT('2D SPACE',''
  ) );
#11728 = ORIENTED_EDGE('',*,*,#11729,.T.);
#11729 = EDGE_CURVE('',#11707,#11730,#11732,.T.);
#11730 = VERTEX_POINT('',#11731);
#11731 = CARTESIAN_POINT('',(182.51904958667,25.553629746284,
    286.49251521993));
#11732 = SURFACE_CURVE('',#11733,(#11737,#11744),.PCURVE_S1.);
#11733 = LINE('',#11734,#11735);
#11734 = CARTESIAN_POINT('',(183.27758441555,25.553629746284,
    286.68012342176));
#11735 = VECTOR('',#11736,1.);
#11736 = DIRECTION('',(-0.970749356956,-1.077748287233E-16,
    -0.240095160237));
#11737 = PCURVE('',#9439,#11738);
#11738 = DEFINITIONAL_REPRESENTATION('',(#11739),#11743);
#11739 = LINE('',#11740,#11741);
#11740 = CARTESIAN_POINT('',(-11.22647967896,3.558371203405));
#11741 = VECTOR('',#11742,1.);
#11742 = DIRECTION('',(-0.240095160237,0.970749356956));
#11743 = ( GEOMETRIC_REPRESENTATION_CONTEXT(2)
PARAMETRIC_REPRESENTATION_CONTEXT() REPRESENTATION_CONTEXT('2D SPACE',''
  ) );
#11744 = PCURVE('',#6930,#11745);
#11745 = DEFINITIONAL_REPRESENTATION('',(#11746),#11750);
#11746 = LINE('',#11747,#11748);
#11747 = CARTESIAN_POINT('',(-0.,0.));
#11748 = VECTOR('',#11749,1.);
#11749 = DIRECTION('',(1.,0.));
#11750 = ( GEOMETRIC_REPRESENTATION_CONTEXT(2)
PARAMETRIC_REPRESENTATION_CONTEXT() REPRESENTATION_CONTEXT('2D SPACE',''
  ) );
#11751 = ORIENTED_EDGE('',*,*,#11752,.T.);
#11752 = EDGE_CURVE('',#11730,#11753,#11755,.T.);
#11753 = VERTEX_POINT('',#11754);
#11754 = CARTESIAN_POINT('',(181.74932160827,25.553629746284,
    286.35801331185));
#11755 = SURFACE_CURVE('',#11756,(#11760,#11767),.PCURVE_S1.);
#11756 = LINE('',#11757,#11758);
#11757 = CARTESIAN_POINT('',(182.51904958667,25.553629746284,
    286.49251521993));
#11758 = VECTOR('',#11759,1.);
#11759 = DIRECTION('',(-0.985074002695,-1.093651838752E-16,
    -0.172131371962));
#11760 = PCURVE('',#9439,#11761);
#11761 = DEFINITIONAL_REPRESENTATION('',(#11762),#11766);
#11762 = LINE('',#11763,#11764);
#11763 = CARTESIAN_POINT('',(-11.41408788079,4.316906032284));
#11764 = VECTOR('',#11765,1.);
#11765 = DIRECTION('',(-0.172131371962,0.985074002695));
#11766 = ( GEOMETRIC_REPRESENTATION_CONTEXT(2)
PARAMETRIC_REPRESENTATION_CONTEXT() REPRESENTATION_CONTEXT('2D SPACE',''
  ) );
#11767 = PCURVE('',#6902,#11768);
#11768 = DEFINITIONAL_REPRESENTATION('',(#11769),#11773);
#11769 = LINE('',#11770,#11771);
#11770 = CARTESIAN_POINT('',(-0.,0.));
#11771 = VECTOR('',#11772,1.);
#11772 = DIRECTION('',(1.,0.));
#11773 = ( GEOMETRIC_REPRESENTATION_CONTEXT(2)
PARAMETRIC_REPRESENTATION_CONTEXT() REPRESENTATION_CONTEXT('2D SPACE',''
  ) );
#11774 = ORIENTED_EDGE('',*,*,#11775,.T.);
#11775 = EDGE_CURVE('',#11753,#11776,#11778,.T.);
#11776 = VERTEX_POINT('',#11777);
#11777 = CARTESIAN_POINT('',(180.97211385747,25.553629746284,
    286.27726657132));
#11778 = SURFACE_CURVE('',#11779,(#11783,#11790),.PCURVE_S1.);
#11779 = LINE('',#11780,#11781);
#11780 = CARTESIAN_POINT('',(181.74932160827,25.553629746284,
    286.35801331185));
#11781 = VECTOR('',#11782,1.);
#11782 = DIRECTION('',(-0.994646383513,-1.104279316337E-16,
    -0.103337175131));
#11783 = PCURVE('',#9439,#11784);
#11784 = DEFINITIONAL_REPRESENTATION('',(#11785),#11789);
#11785 = LINE('',#11786,#11787);
#11786 = CARTESIAN_POINT('',(-11.54858978886,5.086634010689));
#11787 = VECTOR('',#11788,1.);
#11788 = DIRECTION('',(-0.103337175131,0.994646383513));
#11789 = ( GEOMETRIC_REPRESENTATION_CONTEXT(2)
PARAMETRIC_REPRESENTATION_CONTEXT() REPRESENTATION_CONTEXT('2D SPACE',''
  ) );
#11790 = PCURVE('',#6874,#11791);
#11791 = DEFINITIONAL_REPRESENTATION('',(#11792),#11796);
#11792 = LINE('',#11793,#11794);
#11793 = CARTESIAN_POINT('',(-0.,0.));
#11794 = VECTOR('',#11795,1.);
#11795 = DIRECTION('',(1.,0.));
#11796 = ( GEOMETRIC_REPRESENTATION_CONTEXT(2)
PARAMETRIC_REPRESENTATION_CONTEXT() REPRESENTATION_CONTEXT('2D SPACE',''
  ) );
#11797 = ORIENTED_EDGE('',*,*,#11798,.T.);
#11798 = EDGE_CURVE('',#11776,#11799,#11801,.T.);
#11799 = VERTEX_POINT('',#11800);
#11800 = CARTESIAN_POINT('',(180.19117579585,25.553629746284,
    286.25066454255));
#11801 = SURFACE_CURVE('',#11802,(#11806,#11813),.PCURVE_S1.);
#11802 = LINE('',#11803,#11804);
#11803 = CARTESIAN_POINT('',(180.97211385747,25.553629746284,
    286.27726657132));
#11804 = VECTOR('',#11805,1.);
#11805 = DIRECTION('',(-0.999420319641,-1.109579450144E-16,
    -3.404445165929E-02));
#11806 = PCURVE('',#9439,#11807);
#11807 = DEFINITIONAL_REPRESENTATION('',(#11808),#11812);
#11808 = LINE('',#11809,#11810);
#11809 = CARTESIAN_POINT('',(-11.6293365294,5.863841761492));
#11810 = VECTOR('',#11811,1.);
#11811 = DIRECTION('',(-3.404445165929E-02,0.999420319641));
#11812 = ( GEOMETRIC_REPRESENTATION_CONTEXT(2)
PARAMETRIC_REPRESENTATION_CONTEXT() REPRESENTATION_CONTEXT('2D SPACE',''
  ) );
#11813 = PCURVE('',#6846,#11814);
#11814 = DEFINITIONAL_REPRESENTATION('',(#11815),#11819);
#11815 = LINE('',#11816,#11817);
#11816 = CARTESIAN_POINT('',(-0.,0.));
#11817 = VECTOR('',#11818,1.);
#11818 = DIRECTION('',(1.,0.));
#11819 = ( GEOMETRIC_REPRESENTATION_CONTEXT(2)
PARAMETRIC_REPRESENTATION_CONTEXT() REPRESENTATION_CONTEXT('2D SPACE',''
  ) );
#11820 = ORIENTED_EDGE('',*,*,#11821,.T.);
#11821 = EDGE_CURVE('',#11799,#11822,#11824,.T.);
#11822 = VERTEX_POINT('',#11823);
#11823 = CARTESIAN_POINT('',(179.41027488104,25.553629746284,
    286.27833556099));
#11824 = SURFACE_CURVE('',#11825,(#11829,#11836),.PCURVE_S1.);
#11825 = LINE('',#11826,#11827);
#11826 = CARTESIAN_POINT('',(180.19117579585,25.553629746284,
    286.25066454255));
#11827 = VECTOR('',#11828,1.);
#11828 = DIRECTION('',(-0.999372780312,-1.109526670886E-16,
    3.541251150666E-02));
#11829 = PCURVE('',#9439,#11830);
#11830 = DEFINITIONAL_REPRESENTATION('',(#11831),#11835);
#11831 = LINE('',#11832,#11833);
#11832 = CARTESIAN_POINT('',(-11.65593855816,6.644779823109));
#11833 = VECTOR('',#11834,1.);
#11834 = DIRECTION('',(3.541251150666E-02,0.999372780312));
#11835 = ( GEOMETRIC_REPRESENTATION_CONTEXT(2)
PARAMETRIC_REPRESENTATION_CONTEXT() REPRESENTATION_CONTEXT('2D SPACE',''
  ) );
#11836 = PCURVE('',#6818,#11837);
#11837 = DEFINITIONAL_REPRESENTATION('',(#11838),#11842);
#11838 = LINE('',#11839,#11840);
#11839 = CARTESIAN_POINT('',(0.,0.));
#11840 = VECTOR('',#11841,1.);
#11841 = DIRECTION('',(1.,0.));
#11842 = ( GEOMETRIC_REPRESENTATION_CONTEXT(2)
PARAMETRIC_REPRESENTATION_CONTEXT() REPRESENTATION_CONTEXT('2D SPACE',''
  ) );
#11843 = ORIENTED_EDGE('',*,*,#11844,.T.);
#11844 = EDGE_CURVE('',#11822,#9498,#11845,.T.);
#11845 = SURFACE_CURVE('',#11846,(#11850,#11857),.PCURVE_S1.);
#11846 = LINE('',#11847,#11848);
#11847 = CARTESIAN_POINT('',(179.41027488104,25.553629746284,
    286.27833556099));
#11848 = VECTOR('',#11849,1.);
#11849 = DIRECTION('',(-0.994503994869,-1.104121233186E-16,
    0.104698635085));
#11850 = PCURVE('',#9439,#11851);
#11851 = DEFINITIONAL_REPRESENTATION('',(#11852),#11856);
#11852 = LINE('',#11853,#11854);
#11853 = CARTESIAN_POINT('',(-11.62826753973,7.425680737921));
#11854 = VECTOR('',#11855,1.);
#11855 = DIRECTION('',(0.104698635085,0.994503994869));
#11856 = ( GEOMETRIC_REPRESENTATION_CONTEXT(2)
PARAMETRIC_REPRESENTATION_CONTEXT() REPRESENTATION_CONTEXT('2D SPACE',''
  ) );
#11857 = PCURVE('',#6790,#11858);
#11858 = DEFINITIONAL_REPRESENTATION('',(#11859),#11863);
#11859 = LINE('',#11860,#11861);
#11860 = CARTESIAN_POINT('',(0.,0.));
#11861 = VECTOR('',#11862,1.);
#11862 = DIRECTION('',(1.,0.));
#11863 = ( GEOMETRIC_REPRESENTATION_CONTEXT(2)
PARAMETRIC_REPRESENTATION_CONTEXT() REPRESENTATION_CONTEXT('2D SPACE',''
  ) );
#11864 = ADVANCED_FACE('',(#11865),#7322,.T.);
#11865 = FACE_BOUND('',#11866,.T.);
#11866 = EDGE_LOOP('',(#11867,#11868,#11869,#11870));
#11867 = ORIENTED_EDGE('',*,*,#11407,.F.);
#11868 = ORIENTED_EDGE('',*,*,#9473,.T.);
#11869 = ORIENTED_EDGE('',*,*,#7306,.F.);
#11870 = ORIENTED_EDGE('',*,*,#11871,.F.);
#11871 = EDGE_CURVE('',#11408,#7279,#11872,.T.);
#11872 = SURFACE_CURVE('',#11873,(#11877,#11884),.PCURVE_S1.);
#11873 = LINE('',#11874,#11875);
#11874 = CARTESIAN_POINT('',(190.60207142605,25.553629746284,
    293.21860395683));
#11875 = VECTOR('',#11876,1.);
#11876 = DIRECTION('',(1.110223024625E-16,-1.,0.));
#11877 = PCURVE('',#7322,#11878);
#11878 = DEFINITIONAL_REPRESENTATION('',(#11879),#11883);
#11879 = LINE('',#11880,#11881);
#11880 = CARTESIAN_POINT('',(0.781391018643,3.021421785553E-17));
#11881 = VECTOR('',#11882,1.);
#11882 = DIRECTION('',(0.,-1.));
#11883 = ( GEOMETRIC_REPRESENTATION_CONTEXT(2)
PARAMETRIC_REPRESENTATION_CONTEXT() REPRESENTATION_CONTEXT('2D SPACE',''
  ) );
#11884 = PCURVE('',#7294,#11885);
#11885 = DEFINITIONAL_REPRESENTATION('',(#11886),#11890);
#11886 = LINE('',#11887,#11888);
#11887 = CARTESIAN_POINT('',(-0.,0.));
#11888 = VECTOR('',#11889,1.);
#11889 = DIRECTION('',(0.,-1.));
#11890 = ( GEOMETRIC_REPRESENTATION_CONTEXT(2)
PARAMETRIC_REPRESENTATION_CONTEXT() REPRESENTATION_CONTEXT('2D SPACE',''
  ) );
#11891 = ADVANCED_FACE('',(#11892),#7294,.T.);
#11892 = FACE_BOUND('',#11893,.T.);
#11893 = EDGE_LOOP('',(#11894,#11895,#11896,#11897));
#11894 = ORIENTED_EDGE('',*,*,#11430,.F.);
#11895 = ORIENTED_EDGE('',*,*,#11871,.T.);
#11896 = ORIENTED_EDGE('',*,*,#7278,.F.);
#11897 = ORIENTED_EDGE('',*,*,#11898,.F.);
#11898 = EDGE_CURVE('',#11431,#7251,#11899,.T.);
#11899 = SURFACE_CURVE('',#11900,(#11904,#11911),.PCURVE_S1.);
#11900 = LINE('',#11901,#11902);
#11901 = CARTESIAN_POINT('',(190.27973810011,25.553629746284,
    292.50679418519));
#11902 = VECTOR('',#11903,1.);
#11903 = DIRECTION('',(1.110223024625E-16,-1.,0.));
#11904 = PCURVE('',#7294,#11905);
#11905 = DEFINITIONAL_REPRESENTATION('',(#11906),#11910);
#11906 = LINE('',#11907,#11908);
#11907 = CARTESIAN_POINT('',(0.781391018643,3.578618800727E-17));
#11908 = VECTOR('',#11909,1.);
#11909 = DIRECTION('',(0.,-1.));
#11910 = ( GEOMETRIC_REPRESENTATION_CONTEXT(2)
PARAMETRIC_REPRESENTATION_CONTEXT() REPRESENTATION_CONTEXT('2D SPACE',''
  ) );
#11911 = PCURVE('',#7266,#11912);
#11912 = DEFINITIONAL_REPRESENTATION('',(#11913),#11917);
#11913 = LINE('',#11914,#11915);
#11914 = CARTESIAN_POINT('',(-0.,0.));
#11915 = VECTOR('',#11916,1.);
#11916 = DIRECTION('',(0.,-1.));
#11917 = ( GEOMETRIC_REPRESENTATION_CONTEXT(2)
PARAMETRIC_REPRESENTATION_CONTEXT() REPRESENTATION_CONTEXT('2D SPACE',''
  ) );
#11918 = ADVANCED_FACE('',(#11919),#7266,.T.);
#11919 = FACE_BOUND('',#11920,.T.);
#11920 = EDGE_LOOP('',(#11921,#11922,#11923,#11924));
#11921 = ORIENTED_EDGE('',*,*,#11453,.F.);
#11922 = ORIENTED_EDGE('',*,*,#11898,.T.);
#11923 = ORIENTED_EDGE('',*,*,#7250,.F.);
#11924 = ORIENTED_EDGE('',*,*,#11925,.F.);
#11925 = EDGE_CURVE('',#11454,#7223,#11926,.T.);
#11926 = SURFACE_CURVE('',#11927,(#11931,#11938),.PCURVE_S1.);
#11927 = LINE('',#11928,#11929);
#11928 = CARTESIAN_POINT('',(189.90877195239,25.553629746284,
    291.81907618974));
#11929 = VECTOR('',#11930,1.);
#11930 = DIRECTION('',(1.110223024625E-16,-1.,0.));
#11931 = PCURVE('',#7266,#11932);
#11932 = DEFINITIONAL_REPRESENTATION('',(#11933),#11937);
#11933 = LINE('',#11934,#11935);
#11934 = CARTESIAN_POINT('',(0.781391018643,4.11855158545E-17));
#11935 = VECTOR('',#11936,1.);
#11936 = DIRECTION('',(0.,-1.));
#11937 = ( GEOMETRIC_REPRESENTATION_CONTEXT(2)
PARAMETRIC_REPRESENTATION_CONTEXT() REPRESENTATION_CONTEXT('2D SPACE',''
  ) );
#11938 = PCURVE('',#7238,#11939);
#11939 = DEFINITIONAL_REPRESENTATION('',(#11940),#11944);
#11940 = LINE('',#11941,#11942);
#11941 = CARTESIAN_POINT('',(-0.,0.));
#11942 = VECTOR('',#11943,1.);
#11943 = DIRECTION('',(0.,-1.));
#11944 = ( GEOMETRIC_REPRESENTATION_CONTEXT(2)
PARAMETRIC_REPRESENTATION_CONTEXT() REPRESENTATION_CONTEXT('2D SPACE',''
  ) );
#11945 = ADVANCED_FACE('',(#11946),#7238,.T.);
#11946 = FACE_BOUND('',#11947,.T.);
#11947 = EDGE_LOOP('',(#11948,#11949,#11950,#11951));
#11948 = ORIENTED_EDGE('',*,*,#11476,.F.);
#11949 = ORIENTED_EDGE('',*,*,#11925,.T.);
#11950 = ORIENTED_EDGE('',*,*,#7222,.F.);
#11951 = ORIENTED_EDGE('',*,*,#11952,.F.);
#11952 = EDGE_CURVE('',#11477,#7195,#11953,.T.);
#11953 = SURFACE_CURVE('',#11954,(#11958,#11965),.PCURVE_S1.);
#11954 = LINE('',#11955,#11956);
#11955 = CARTESIAN_POINT('',(189.49096262452,25.553629746284,
    291.15876770914));
#11956 = VECTOR('',#11957,1.);
#11957 = DIRECTION('',(1.110223024625E-16,-1.,0.));
#11958 = PCURVE('',#7238,#11959);
#11959 = DEFINITIONAL_REPRESENTATION('',(#11960),#11964);
#11960 = LINE('',#11961,#11962);
#11961 = CARTESIAN_POINT('',(0.781391018643,4.638615357111E-17));
#11962 = VECTOR('',#11963,1.);
#11963 = DIRECTION('',(0.,-1.));
#11964 = ( GEOMETRIC_REPRESENTATION_CONTEXT(2)
PARAMETRIC_REPRESENTATION_CONTEXT() REPRESENTATION_CONTEXT('2D SPACE',''
  ) );
#11965 = PCURVE('',#7210,#11966);
#11966 = DEFINITIONAL_REPRESENTATION('',(#11967),#11971);
#11967 = LINE('',#11968,#11969);
#11968 = CARTESIAN_POINT('',(-0.,0.));
#11969 = VECTOR('',#11970,1.);
#11970 = DIRECTION('',(0.,-1.));
#11971 = ( GEOMETRIC_REPRESENTATION_CONTEXT(2)
PARAMETRIC_REPRESENTATION_CONTEXT() REPRESENTATION_CONTEXT('2D SPACE',''
  ) );
#11972 = ADVANCED_FACE('',(#11973),#7210,.T.);
#11973 = FACE_BOUND('',#11974,.T.);
#11974 = EDGE_LOOP('',(#11975,#11976,#11977,#11978));
#11975 = ORIENTED_EDGE('',*,*,#11499,.F.);
#11976 = ORIENTED_EDGE('',*,*,#11952,.T.);
#11977 = ORIENTED_EDGE('',*,*,#7194,.F.);
#11978 = ORIENTED_EDGE('',*,*,#11979,.F.);
#11979 = EDGE_CURVE('',#11500,#7167,#11980,.T.);
#11980 = SURFACE_CURVE('',#11981,(#11985,#11992),.PCURVE_S1.);
#11981 = LINE('',#11982,#11983);
#11982 = CARTESIAN_POINT('',(189.02832574232,25.553629746284,
    290.52905425109));
#11983 = VECTOR('',#11984,1.);
#11984 = DIRECTION('',(1.110223024625E-16,-1.,0.));
#11985 = PCURVE('',#7210,#11986);
#11986 = DEFINITIONAL_REPRESENTATION('',(#11987),#11991);
#11987 = LINE('',#11988,#11989);
#11988 = CARTESIAN_POINT('',(0.781391018643,5.136301186622E-17));
#11989 = VECTOR('',#11990,1.);
#11990 = DIRECTION('',(0.,-1.));
#11991 = ( GEOMETRIC_REPRESENTATION_CONTEXT(2)
PARAMETRIC_REPRESENTATION_CONTEXT() REPRESENTATION_CONTEXT('2D SPACE',''
  ) );
#11992 = PCURVE('',#7182,#11993);
#11993 = DEFINITIONAL_REPRESENTATION('',(#11994),#11998);
#11994 = LINE('',#11995,#11996);
#11995 = CARTESIAN_POINT('',(-0.,0.));
#11996 = VECTOR('',#11997,1.);
#11997 = DIRECTION('',(0.,-1.));
#11998 = ( GEOMETRIC_REPRESENTATION_CONTEXT(2)
PARAMETRIC_REPRESENTATION_CONTEXT() REPRESENTATION_CONTEXT('2D SPACE',''
  ) );
#11999 = ADVANCED_FACE('',(#12000),#7182,.T.);
#12000 = FACE_BOUND('',#12001,.T.);
#12001 = EDGE_LOOP('',(#12002,#12003,#12004,#12005));
#12002 = ORIENTED_EDGE('',*,*,#11522,.F.);
#12003 = ORIENTED_EDGE('',*,*,#11979,.T.);
#12004 = ORIENTED_EDGE('',*,*,#7166,.F.);
#12005 = ORIENTED_EDGE('',*,*,#12006,.F.);
#12006 = EDGE_CURVE('',#11523,#7139,#12007,.T.);
#12007 = SURFACE_CURVE('',#12008,(#12012,#12019),.PCURVE_S1.);
#12008 = LINE('',#12009,#12010);
#12009 = CARTESIAN_POINT('',(188.52309319194,25.553629746284,
    289.93297372461));
#12010 = VECTOR('',#12011,1.);
#12011 = DIRECTION('',(1.110223024625E-16,-1.,0.));
#12012 = PCURVE('',#7182,#12013);
#12013 = DEFINITIONAL_REPRESENTATION('',(#12014),#12018);
#12014 = LINE('',#12015,#12016);
#12015 = CARTESIAN_POINT('',(0.781391018643,5.609208102174E-17));
#12016 = VECTOR('',#12017,1.);
#12017 = DIRECTION('',(0.,-1.));
#12018 = ( GEOMETRIC_REPRESENTATION_CONTEXT(2)
PARAMETRIC_REPRESENTATION_CONTEXT() REPRESENTATION_CONTEXT('2D SPACE',''
  ) );
#12019 = PCURVE('',#7154,#12020);
#12020 = DEFINITIONAL_REPRESENTATION('',(#12021),#12025);
#12021 = LINE('',#12022,#12023);
#12022 = CARTESIAN_POINT('',(-0.,0.));
#12023 = VECTOR('',#12024,1.);
#12024 = DIRECTION('',(0.,-1.));
#12025 = ( GEOMETRIC_REPRESENTATION_CONTEXT(2)
PARAMETRIC_REPRESENTATION_CONTEXT() REPRESENTATION_CONTEXT('2D SPACE',''
  ) );
#12026 = ADVANCED_FACE('',(#12027),#7154,.T.);
#12027 = FACE_BOUND('',#12028,.T.);
#12028 = EDGE_LOOP('',(#12029,#12030,#12031,#12032));
#12029 = ORIENTED_EDGE('',*,*,#11545,.F.);
#12030 = ORIENTED_EDGE('',*,*,#12006,.T.);
#12031 = ORIENTED_EDGE('',*,*,#7138,.F.);
#12032 = ORIENTED_EDGE('',*,*,#12033,.F.);
#12033 = EDGE_CURVE('',#11546,#7111,#12034,.T.);
#12034 = SURFACE_CURVE('',#12035,(#12039,#12046),.PCURVE_S1.);
#12035 = LINE('',#12036,#12037);
#12036 = CARTESIAN_POINT('',(187.97770235263,25.553629746284,
    289.37340178427));
#12037 = VECTOR('',#12038,1.);
#12038 = DIRECTION('',(1.110223024625E-16,-1.,0.));
#12039 = PCURVE('',#7154,#12040);
#12040 = DEFINITIONAL_REPRESENTATION('',(#12041),#12045);
#12041 = LINE('',#12042,#12043);
#12042 = CARTESIAN_POINT('',(0.781391018643,6.055054672181E-17));
#12043 = VECTOR('',#12044,1.);
#12044 = DIRECTION('',(0.,-1.));
#12045 = ( GEOMETRIC_REPRESENTATION_CONTEXT(2)
PARAMETRIC_REPRESENTATION_CONTEXT() REPRESENTATION_CONTEXT('2D SPACE',''
  ) );
#12046 = PCURVE('',#7126,#12047);
#12047 = DEFINITIONAL_REPRESENTATION('',(#12048),#12052);
#12048 = LINE('',#12049,#12050);
#12049 = CARTESIAN_POINT('',(-0.,0.));
#12050 = VECTOR('',#12051,1.);
#12051 = DIRECTION('',(0.,-1.));
#12052 = ( GEOMETRIC_REPRESENTATION_CONTEXT(2)
PARAMETRIC_REPRESENTATION_CONTEXT() REPRESENTATION_CONTEXT('2D SPACE',''
  ) );
#12053 = ADVANCED_FACE('',(#12054),#7126,.T.);
#12054 = FACE_BOUND('',#12055,.T.);
#12055 = EDGE_LOOP('',(#12056,#12057,#12058,#12059));
#12056 = ORIENTED_EDGE('',*,*,#11568,.F.);
#12057 = ORIENTED_EDGE('',*,*,#12033,.T.);
#12058 = ORIENTED_EDGE('',*,*,#7110,.F.);
#12059 = ORIENTED_EDGE('',*,*,#12060,.F.);
#12060 = EDGE_CURVE('',#11569,#7083,#12061,.T.);
#12061 = SURFACE_CURVE('',#12062,(#12066,#12073),.PCURVE_S1.);
#12062 = LINE('',#12063,#12064);
#12063 = CARTESIAN_POINT('',(187.39478433815,25.553629746284,
    288.85303795731));
#12064 = VECTOR('',#12065,1.);
#12065 = DIRECTION('',(1.110223024625E-16,-1.,0.));
#12066 = PCURVE('',#7126,#12067);
#12067 = DEFINITIONAL_REPRESENTATION('',(#12068),#12072);
#12068 = LINE('',#12069,#12070);
#12069 = CARTESIAN_POINT('',(0.781391018643,6.471690011521E-17));
#12070 = VECTOR('',#12071,1.);
#12071 = DIRECTION('',(0.,-1.));
#12072 = ( GEOMETRIC_REPRESENTATION_CONTEXT(2)
PARAMETRIC_REPRESENTATION_CONTEXT() REPRESENTATION_CONTEXT('2D SPACE',''
  ) );
#12073 = PCURVE('',#7098,#12074);
#12074 = DEFINITIONAL_REPRESENTATION('',(#12075),#12079);
#12075 = LINE('',#12076,#12077);
#12076 = CARTESIAN_POINT('',(-0.,0.));
#12077 = VECTOR('',#12078,1.);
#12078 = DIRECTION('',(0.,-1.));
#12079 = ( GEOMETRIC_REPRESENTATION_CONTEXT(2)
PARAMETRIC_REPRESENTATION_CONTEXT() REPRESENTATION_CONTEXT('2D SPACE',''
  ) );
#12080 = ADVANCED_FACE('',(#12081),#7098,.T.);
#12081 = FACE_BOUND('',#12082,.T.);
#12082 = EDGE_LOOP('',(#12083,#12084,#12085,#12086));
#12083 = ORIENTED_EDGE('',*,*,#11591,.F.);
#12084 = ORIENTED_EDGE('',*,*,#12060,.T.);
#12085 = ORIENTED_EDGE('',*,*,#7082,.F.);
#12086 = ORIENTED_EDGE('',*,*,#12087,.F.);
#12087 = EDGE_CURVE('',#11592,#7055,#12088,.T.);
#12088 = SURFACE_CURVE('',#12089,(#12093,#12100),.PCURVE_S1.);
#12089 = LINE('',#12090,#12091);
#12090 = CARTESIAN_POINT('',(186.77715130353,25.553629746284,
    288.37439262038));
#12091 = VECTOR('',#12092,1.);
#12092 = DIRECTION('',(1.110223024625E-16,-1.,0.));
#12093 = PCURVE('',#7098,#12094);
#12094 = DEFINITIONAL_REPRESENTATION('',(#12095),#12099);
#12095 = LINE('',#12096,#12097);
#12096 = CARTESIAN_POINT('',(0.781391018643,6.857104157996E-17));
#12097 = VECTOR('',#12098,1.);
#12098 = DIRECTION('',(0.,-1.));
#12099 = ( GEOMETRIC_REPRESENTATION_CONTEXT(2)
PARAMETRIC_REPRESENTATION_CONTEXT() REPRESENTATION_CONTEXT('2D SPACE',''
  ) );
#12100 = PCURVE('',#7070,#12101);
#12101 = DEFINITIONAL_REPRESENTATION('',(#12102),#12106);
#12102 = LINE('',#12103,#12104);
#12103 = CARTESIAN_POINT('',(-0.,0.));
#12104 = VECTOR('',#12105,1.);
#12105 = DIRECTION('',(0.,-1.));
#12106 = ( GEOMETRIC_REPRESENTATION_CONTEXT(2)
PARAMETRIC_REPRESENTATION_CONTEXT() REPRESENTATION_CONTEXT('2D SPACE',''
  ) );
#12107 = ADVANCED_FACE('',(#12108),#7070,.T.);
#12108 = FACE_BOUND('',#12109,.T.);
#12109 = EDGE_LOOP('',(#12110,#12111,#12112,#12113));
#12110 = ORIENTED_EDGE('',*,*,#11614,.F.);
#12111 = ORIENTED_EDGE('',*,*,#12087,.T.);
#12112 = ORIENTED_EDGE('',*,*,#7054,.F.);
#12113 = ORIENTED_EDGE('',*,*,#12114,.F.);
#12114 = EDGE_CURVE('',#11615,#7027,#12115,.T.);
#12115 = SURFACE_CURVE('',#12116,(#12120,#12127),.PCURVE_S1.);
#12116 = LINE('',#12117,#12118);
#12117 = CARTESIAN_POINT('',(186.12778287854,25.553629746284,
    287.93977488876));
#12118 = VECTOR('',#12119,1.);
#12119 = DIRECTION('',(1.110223024625E-16,-1.,0.));
#12120 = PCURVE('',#7070,#12121);
#12121 = DEFINITIONAL_REPRESENTATION('',(#12122),#12126);
#12122 = LINE('',#12123,#12124);
#12123 = CARTESIAN_POINT('',(0.781391018643,7.209437768935E-17));
#12124 = VECTOR('',#12125,1.);
#12125 = DIRECTION('',(0.,-1.));
#12126 = ( GEOMETRIC_REPRESENTATION_CONTEXT(2)
PARAMETRIC_REPRESENTATION_CONTEXT() REPRESENTATION_CONTEXT('2D SPACE',''
  ) );
#12127 = PCURVE('',#7042,#12128);
#12128 = DEFINITIONAL_REPRESENTATION('',(#12129),#12133);
#12129 = LINE('',#12130,#12131);
#12130 = CARTESIAN_POINT('',(-0.,0.));
#12131 = VECTOR('',#12132,1.);
#12132 = DIRECTION('',(0.,-1.));
#12133 = ( GEOMETRIC_REPRESENTATION_CONTEXT(2)
PARAMETRIC_REPRESENTATION_CONTEXT() REPRESENTATION_CONTEXT('2D SPACE',''
  ) );
#12134 = ADVANCED_FACE('',(#12135),#7042,.T.);
#12135 = FACE_BOUND('',#12136,.T.);
#12136 = EDGE_LOOP('',(#12137,#12138,#12139,#12140));
#12137 = ORIENTED_EDGE('',*,*,#11637,.F.);
#12138 = ORIENTED_EDGE('',*,*,#12114,.T.);
#12139 = ORIENTED_EDGE('',*,*,#7026,.F.);
#12140 = ORIENTED_EDGE('',*,*,#12141,.F.);
#12141 = EDGE_CURVE('',#11638,#6999,#12142,.T.);
#12142 = SURFACE_CURVE('',#12143,(#12147,#12154),.PCURVE_S1.);
#12143 = LINE('',#12144,#12145);
#12144 = CARTESIAN_POINT('',(185.44981179307,25.553629746284,
    287.55128147661));
#12145 = VECTOR('',#12146,1.);
#12146 = DIRECTION('',(1.110223024625E-16,-1.,0.));
#12147 = PCURVE('',#7042,#12148);
#12148 = DEFINITIONAL_REPRESENTATION('',(#12149),#12153);
#12149 = LINE('',#12150,#12151);
#12150 = CARTESIAN_POINT('',(0.781391018643,7.526991091164E-17));
#12151 = VECTOR('',#12152,1.);
#12152 = DIRECTION('',(0.,-1.));
#12153 = ( GEOMETRIC_REPRESENTATION_CONTEXT(2)
PARAMETRIC_REPRESENTATION_CONTEXT() REPRESENTATION_CONTEXT('2D SPACE',''
  ) );
#12154 = PCURVE('',#7014,#12155);
#12155 = DEFINITIONAL_REPRESENTATION('',(#12156),#12160);
#12156 = LINE('',#12157,#12158);
#12157 = CARTESIAN_POINT('',(-0.,0.));
#12158 = VECTOR('',#12159,1.);
#12159 = DIRECTION('',(0.,-1.));
#12160 = ( GEOMETRIC_REPRESENTATION_CONTEXT(2)
PARAMETRIC_REPRESENTATION_CONTEXT() REPRESENTATION_CONTEXT('2D SPACE',''
  ) );
#12161 = ADVANCED_FACE('',(#12162),#7014,.T.);
#12162 = FACE_BOUND('',#12163,.T.);
#12163 = EDGE_LOOP('',(#12164,#12165,#12166,#12167));
#12164 = ORIENTED_EDGE('',*,*,#11660,.F.);
#12165 = ORIENTED_EDGE('',*,*,#12141,.T.);
#12166 = ORIENTED_EDGE('',*,*,#6998,.F.);
#12167 = ORIENTED_EDGE('',*,*,#12168,.F.);
#12168 = EDGE_CURVE('',#11661,#6971,#12169,.T.);
#12169 = SURFACE_CURVE('',#12170,(#12174,#12181),.PCURVE_S1.);
#12170 = LINE('',#12171,#12172);
#12171 = CARTESIAN_POINT('',(184.74650876405,25.553629746284,
    287.21078658181));
#12172 = VECTOR('',#12173,1.);
#12173 = DIRECTION('',(1.110223024625E-16,-1.,0.));
#12174 = PCURVE('',#7014,#12175);
#12175 = DEFINITIONAL_REPRESENTATION('',(#12176),#12180);
#12176 = LINE('',#12177,#12178);
#12177 = CARTESIAN_POINT('',(0.781391018643,7.808232161087E-17));
#12178 = VECTOR('',#12179,1.);
#12179 = DIRECTION('',(0.,-1.));
#12180 = ( GEOMETRIC_REPRESENTATION_CONTEXT(2)
PARAMETRIC_REPRESENTATION_CONTEXT() REPRESENTATION_CONTEXT('2D SPACE',''
  ) );
#12181 = PCURVE('',#6986,#12182);
#12182 = DEFINITIONAL_REPRESENTATION('',(#12183),#12187);
#12183 = LINE('',#12184,#12185);
#12184 = CARTESIAN_POINT('',(-0.,0.));
#12185 = VECTOR('',#12186,1.);
#12186 = DIRECTION('',(0.,-1.));
#12187 = ( GEOMETRIC_REPRESENTATION_CONTEXT(2)
PARAMETRIC_REPRESENTATION_CONTEXT() REPRESENTATION_CONTEXT('2D SPACE',''
  ) );
#12188 = ADVANCED_FACE('',(#12189),#6986,.T.);
#12189 = FACE_BOUND('',#12190,.T.);
#12190 = EDGE_LOOP('',(#12191,#12192,#12193,#12194));
#12191 = ORIENTED_EDGE('',*,*,#11683,.F.);
#12192 = ORIENTED_EDGE('',*,*,#12168,.T.);
#12193 = ORIENTED_EDGE('',*,*,#6970,.F.);
#12194 = ORIENTED_EDGE('',*,*,#12195,.F.);
#12195 = EDGE_CURVE('',#11684,#6943,#12196,.T.);
#12196 = SURFACE_CURVE('',#12197,(#12201,#12208),.PCURVE_S1.);
#12197 = LINE('',#12198,#12199);
#12198 = CARTESIAN_POINT('',(184.02126671658,25.553629746284,
    286.91993284435));
#12199 = VECTOR('',#12200,1.);
#12200 = DIRECTION('',(1.110223024625E-16,-1.,0.));
#12201 = PCURVE('',#6986,#12202);
#12202 = DEFINITIONAL_REPRESENTATION('',(#12203),#12207);
#12203 = LINE('',#12204,#12205);
#12204 = CARTESIAN_POINT('',(0.781391018643,8.051804195286E-17));
#12205 = VECTOR('',#12206,1.);
#12206 = DIRECTION('',(0.,-1.));
#12207 = ( GEOMETRIC_REPRESENTATION_CONTEXT(2)
PARAMETRIC_REPRESENTATION_CONTEXT() REPRESENTATION_CONTEXT('2D SPACE',''
  ) );
#12208 = PCURVE('',#6958,#12209);
#12209 = DEFINITIONAL_REPRESENTATION('',(#12210),#12214);
#12210 = LINE('',#12211,#12212);
#12211 = CARTESIAN_POINT('',(-0.,0.));
#12212 = VECTOR('',#12213,1.);
#12213 = DIRECTION('',(0.,-1.));
#12214 = ( GEOMETRIC_REPRESENTATION_CONTEXT(2)
PARAMETRIC_REPRESENTATION_CONTEXT() REPRESENTATION_CONTEXT('2D SPACE',''
  ) );
#12215 = ADVANCED_FACE('',(#12216),#6958,.T.);
#12216 = FACE_BOUND('',#12217,.T.);
#12217 = EDGE_LOOP('',(#12218,#12219,#12220,#12221));
#12218 = ORIENTED_EDGE('',*,*,#11706,.F.);
#12219 = ORIENTED_EDGE('',*,*,#12195,.T.);
#12220 = ORIENTED_EDGE('',*,*,#6942,.F.);
#12221 = ORIENTED_EDGE('',*,*,#12222,.F.);
#12222 = EDGE_CURVE('',#11707,#6915,#12223,.T.);
#12223 = SURFACE_CURVE('',#12224,(#12228,#12235),.PCURVE_S1.);
#12224 = LINE('',#12225,#12226);
#12225 = CARTESIAN_POINT('',(183.27758441555,25.553629746284,
    286.68012342176));
#12226 = VECTOR('',#12227,1.);
#12227 = DIRECTION('',(1.110223024625E-16,-1.,0.));
#12228 = PCURVE('',#6958,#12229);
#12229 = DEFINITIONAL_REPRESENTATION('',(#12230),#12234);
#12230 = LINE('',#12231,#12232);
#12231 = CARTESIAN_POINT('',(0.781391018643,8.25653213602E-17));
#12232 = VECTOR('',#12233,1.);
#12233 = DIRECTION('',(0.,-1.));
#12234 = ( GEOMETRIC_REPRESENTATION_CONTEXT(2)
PARAMETRIC_REPRESENTATION_CONTEXT() REPRESENTATION_CONTEXT('2D SPACE',''
  ) );
#12235 = PCURVE('',#6930,#12236);
#12236 = DEFINITIONAL_REPRESENTATION('',(#12237),#12241);
#12237 = LINE('',#12238,#12239);
#12238 = CARTESIAN_POINT('',(-0.,0.));
#12239 = VECTOR('',#12240,1.);
#12240 = DIRECTION('',(0.,-1.));
#12241 = ( GEOMETRIC_REPRESENTATION_CONTEXT(2)
PARAMETRIC_REPRESENTATION_CONTEXT() REPRESENTATION_CONTEXT('2D SPACE',''
  ) );
#12242 = ADVANCED_FACE('',(#12243),#6930,.T.);
#12243 = FACE_BOUND('',#12244,.T.);
#12244 = EDGE_LOOP('',(#12245,#12246,#12247,#12248));
#12245 = ORIENTED_EDGE('',*,*,#11729,.F.);
#12246 = ORIENTED_EDGE('',*,*,#12222,.T.);
#12247 = ORIENTED_EDGE('',*,*,#6914,.F.);
#12248 = ORIENTED_EDGE('',*,*,#12249,.F.);
#12249 = EDGE_CURVE('',#11730,#6887,#12250,.T.);
#12250 = SURFACE_CURVE('',#12251,(#12255,#12262),.PCURVE_S1.);
#12251 = LINE('',#12252,#12253);
#12252 = CARTESIAN_POINT('',(182.51904958667,25.553629746284,
    286.49251521993));
#12253 = VECTOR('',#12254,1.);
#12254 = DIRECTION('',(1.110223024625E-16,-1.,0.));
#12255 = PCURVE('',#6930,#12256);
#12256 = DEFINITIONAL_REPRESENTATION('',(#12257),#12261);
#12257 = LINE('',#12258,#12259);
#12258 = CARTESIAN_POINT('',(0.781391018643,8.421428320016E-17));
#12259 = VECTOR('',#12260,1.);
#12260 = DIRECTION('',(0.,-1.));
#12261 = ( GEOMETRIC_REPRESENTATION_CONTEXT(2)
PARAMETRIC_REPRESENTATION_CONTEXT() REPRESENTATION_CONTEXT('2D SPACE',''
  ) );
#12262 = PCURVE('',#6902,#12263);
#12263 = DEFINITIONAL_REPRESENTATION('',(#12264),#12268);
#12264 = LINE('',#12265,#12266);
#12265 = CARTESIAN_POINT('',(-0.,0.));
#12266 = VECTOR('',#12267,1.);
#12267 = DIRECTION('',(0.,-1.));
#12268 = ( GEOMETRIC_REPRESENTATION_CONTEXT(2)
PARAMETRIC_REPRESENTATION_CONTEXT() REPRESENTATION_CONTEXT('2D SPACE',''
  ) );
#12269 = ADVANCED_FACE('',(#12270),#6902,.T.);
#12270 = FACE_BOUND('',#12271,.T.);
#12271 = EDGE_LOOP('',(#12272,#12273,#12274,#12275));
#12272 = ORIENTED_EDGE('',*,*,#11752,.F.);
#12273 = ORIENTED_EDGE('',*,*,#12249,.T.);
#12274 = ORIENTED_EDGE('',*,*,#6886,.F.);
#12275 = ORIENTED_EDGE('',*,*,#12276,.F.);
#12276 = EDGE_CURVE('',#11753,#6859,#12277,.T.);
#12277 = SURFACE_CURVE('',#12278,(#12282,#12289),.PCURVE_S1.);
#12278 = LINE('',#12279,#12280);
#12279 = CARTESIAN_POINT('',(181.74932160827,25.553629746284,
    286.35801331185));
#12280 = VECTOR('',#12281,1.);
#12281 = DIRECTION('',(1.110223024625E-16,-1.,0.));
#12282 = PCURVE('',#6902,#12283);
#12283 = DEFINITIONAL_REPRESENTATION('',(#12284),#12288);
#12284 = LINE('',#12285,#12286);
#12285 = CARTESIAN_POINT('',(0.781391018643,8.545697243234E-17));
#12286 = VECTOR('',#12287,1.);
#12287 = DIRECTION('',(0.,-1.));
#12288 = ( GEOMETRIC_REPRESENTATION_CONTEXT(2)
PARAMETRIC_REPRESENTATION_CONTEXT() REPRESENTATION_CONTEXT('2D SPACE',''
  ) );
#12289 = PCURVE('',#6874,#12290);
#12290 = DEFINITIONAL_REPRESENTATION('',(#12291),#12295);
#12291 = LINE('',#12292,#12293);
#12292 = CARTESIAN_POINT('',(-0.,0.));
#12293 = VECTOR('',#12294,1.);
#12294 = DIRECTION('',(0.,-1.));
#12295 = ( GEOMETRIC_REPRESENTATION_CONTEXT(2)
PARAMETRIC_REPRESENTATION_CONTEXT() REPRESENTATION_CONTEXT('2D SPACE',''
  ) );
#12296 = ADVANCED_FACE('',(#12297),#6874,.T.);
#12297 = FACE_BOUND('',#12298,.T.);
#12298 = EDGE_LOOP('',(#12299,#12300,#12301,#12302));
#12299 = ORIENTED_EDGE('',*,*,#11775,.F.);
#12300 = ORIENTED_EDGE('',*,*,#12276,.T.);
#12301 = ORIENTED_EDGE('',*,*,#6858,.F.);
#12302 = ORIENTED_EDGE('',*,*,#12303,.F.);
#12303 = EDGE_CURVE('',#11776,#6831,#12304,.T.);
#12304 = SURFACE_CURVE('',#12305,(#12309,#12316),.PCURVE_S1.);
#12305 = LINE('',#12306,#12307);
#12306 = CARTESIAN_POINT('',(180.97211385747,25.553629746284,
    286.27726657132));
#12307 = VECTOR('',#12308,1.);
#12308 = DIRECTION('',(1.110223024625E-16,-1.,0.));
#12309 = PCURVE('',#6874,#12310);
#12310 = DEFINITIONAL_REPRESENTATION('',(#12311),#12315);
#12311 = LINE('',#12312,#12313);
#12312 = CARTESIAN_POINT('',(0.781391018643,8.628739398587E-17));
#12313 = VECTOR('',#12314,1.);
#12314 = DIRECTION('',(0.,-1.));
#12315 = ( GEOMETRIC_REPRESENTATION_CONTEXT(2)
PARAMETRIC_REPRESENTATION_CONTEXT() REPRESENTATION_CONTEXT('2D SPACE',''
  ) );
#12316 = PCURVE('',#6846,#12317);
#12317 = DEFINITIONAL_REPRESENTATION('',(#12318),#12322);
#12318 = LINE('',#12319,#12320);
#12319 = CARTESIAN_POINT('',(-0.,0.));
#12320 = VECTOR('',#12321,1.);
#12321 = DIRECTION('',(0.,-1.));
#12322 = ( GEOMETRIC_REPRESENTATION_CONTEXT(2)
PARAMETRIC_REPRESENTATION_CONTEXT() REPRESENTATION_CONTEXT('2D SPACE',''
  ) );
#12323 = ADVANCED_FACE('',(#12324),#6846,.T.);
#12324 = FACE_BOUND('',#12325,.T.);
#12325 = EDGE_LOOP('',(#12326,#12327,#12328,#12329));
#12326 = ORIENTED_EDGE('',*,*,#11798,.F.);
#12327 = ORIENTED_EDGE('',*,*,#12303,.T.);
#12328 = ORIENTED_EDGE('',*,*,#6830,.F.);
#12329 = ORIENTED_EDGE('',*,*,#12330,.F.);
#12330 = EDGE_CURVE('',#11799,#6803,#12331,.T.);
#12331 = SURFACE_CURVE('',#12332,(#12336,#12343),.PCURVE_S1.);
#12332 = LINE('',#12333,#12334);
#12333 = CARTESIAN_POINT('',(180.19117579585,25.553629746284,
    286.25066454255));
#12334 = VECTOR('',#12335,1.);
#12335 = DIRECTION('',(1.110223024625E-16,-1.,0.));
#12336 = PCURVE('',#6846,#12337);
#12337 = DEFINITIONAL_REPRESENTATION('',(#12338),#12342);
#12338 = LINE('',#12339,#12340);
#12339 = CARTESIAN_POINT('',(0.781391018643,8.670154168131E-17));
#12340 = VECTOR('',#12341,1.);
#12341 = DIRECTION('',(0.,-1.));
#12342 = ( GEOMETRIC_REPRESENTATION_CONTEXT(2)
PARAMETRIC_REPRESENTATION_CONTEXT() REPRESENTATION_CONTEXT('2D SPACE',''
  ) );
#12343 = PCURVE('',#6818,#12344);
#12344 = DEFINITIONAL_REPRESENTATION('',(#12345),#12349);
#12345 = LINE('',#12346,#12347);
#12346 = CARTESIAN_POINT('',(0.,0.));
#12347 = VECTOR('',#12348,1.);
#12348 = DIRECTION('',(0.,-1.));
#12349 = ( GEOMETRIC_REPRESENTATION_CONTEXT(2)
PARAMETRIC_REPRESENTATION_CONTEXT() REPRESENTATION_CONTEXT('2D SPACE',''
  ) );
#12350 = ADVANCED_FACE('',(#12351),#6818,.T.);
#12351 = FACE_BOUND('',#12352,.T.);
#12352 = EDGE_LOOP('',(#12353,#12354,#12355,#12356));
#12353 = ORIENTED_EDGE('',*,*,#11821,.F.);
#12354 = ORIENTED_EDGE('',*,*,#12330,.T.);
#12355 = ORIENTED_EDGE('',*,*,#6802,.F.);
#12356 = ORIENTED_EDGE('',*,*,#12357,.F.);
#12357 = EDGE_CURVE('',#11822,#6775,#12358,.T.);
#12358 = SURFACE_CURVE('',#12359,(#12363,#12370),.PCURVE_S1.);
#12359 = LINE('',#12360,#12361);
#12360 = CARTESIAN_POINT('',(179.41027488104,25.553629746284,
    286.27833556099));
#12361 = VECTOR('',#12362,1.);
#12362 = DIRECTION('',(1.110223024625E-16,-1.,0.));
#12363 = PCURVE('',#6818,#12364);
#12364 = DEFINITIONAL_REPRESENTATION('',(#12365),#12369);
#12365 = LINE('',#12366,#12367);
#12366 = CARTESIAN_POINT('',(0.781391018643,8.669741755754E-17));
#12367 = VECTOR('',#12368,1.);
#12368 = DIRECTION('',(0.,-1.));
#12369 = ( GEOMETRIC_REPRESENTATION_CONTEXT(2)
PARAMETRIC_REPRESENTATION_CONTEXT() REPRESENTATION_CONTEXT('2D SPACE',''
  ) );
#12370 = PCURVE('',#6790,#12371);
#12371 = DEFINITIONAL_REPRESENTATION('',(#12372),#12376);
#12372 = LINE('',#12373,#12374);
#12373 = CARTESIAN_POINT('',(0.,0.));
#12374 = VECTOR('',#12375,1.);
#12375 = DIRECTION('',(0.,-1.));
#12376 = ( GEOMETRIC_REPRESENTATION_CONTEXT(2)
PARAMETRIC_REPRESENTATION_CONTEXT() REPRESENTATION_CONTEXT('2D SPACE',''
  ) );
#12377 = ADVANCED_FACE('',(#12378),#6790,.T.);
#12378 = FACE_BOUND('',#12379,.T.);
#12379 = EDGE_LOOP('',(#12380,#12381,#12382,#12383));
#12380 = ORIENTED_EDGE('',*,*,#11844,.F.);
#12381 = ORIENTED_EDGE('',*,*,#12357,.T.);
#12382 = ORIENTED_EDGE('',*,*,#6774,.F.);
#12383 = ORIENTED_EDGE('',*,*,#12384,.F.);
#12384 = EDGE_CURVE('',#9498,#6747,#12385,.T.);
#12385 = SURFACE_CURVE('',#12386,(#12390,#12397),.PCURVE_S1.);
#12386 = LINE('',#12387,#12388);
#12387 = CARTESIAN_POINT('',(178.63317839144,25.553629746284,
    286.36014613411));
#12388 = VECTOR('',#12389,1.);
#12389 = DIRECTION('',(1.110223024625E-16,-1.,0.));
#12390 = PCURVE('',#6790,#12391);
#12391 = DEFINITIONAL_REPRESENTATION('',(#12392),#12396);
#12392 = LINE('',#12393,#12394);
#12393 = CARTESIAN_POINT('',(0.781391018643,8.627504151045E-17));
#12394 = VECTOR('',#12395,1.);
#12395 = DIRECTION('',(0.,-1.));
#12396 = ( GEOMETRIC_REPRESENTATION_CONTEXT(2)
PARAMETRIC_REPRESENTATION_CONTEXT() REPRESENTATION_CONTEXT('2D SPACE',''
  ) );
#12397 = PCURVE('',#6762,#12398);
#12398 = DEFINITIONAL_REPRESENTATION('',(#12399),#12403);
#12399 = LINE('',#12400,#12401);
#12400 = CARTESIAN_POINT('',(-0.,0.));
#12401 = VECTOR('',#12402,1.);
#12402 = DIRECTION('',(0.,-1.));
#12403 = ( GEOMETRIC_REPRESENTATION_CONTEXT(2)
PARAMETRIC_REPRESENTATION_CONTEXT() REPRESENTATION_CONTEXT('2D SPACE',''
  ) );
#12404 = ADVANCED_FACE('',(#12405),#6762,.T.);
#12405 = FACE_BOUND('',#12406,.T.);
#12406 = EDGE_LOOP('',(#12407,#12408,#12409,#12410));
#12407 = ORIENTED_EDGE('',*,*,#9497,.F.);
#12408 = ORIENTED_EDGE('',*,*,#12384,.T.);
#12409 = ORIENTED_EDGE('',*,*,#6746,.F.);
#12410 = ORIENTED_EDGE('',*,*,#12411,.F.);
#12411 = EDGE_CURVE('',#9500,#6719,#12412,.T.);
#12412 = SURFACE_CURVE('',#12413,(#12417,#12424),.PCURVE_S1.);
#12413 = LINE('',#12414,#12415);
#12414 = CARTESIAN_POINT('',(178.11823791789,25.553629746284,
    282.69615427977));
#12415 = VECTOR('',#12416,1.);
#12416 = DIRECTION('',(1.110223024625E-16,-1.,0.));
#12417 = PCURVE('',#6762,#12418);
#12418 = DEFINITIONAL_REPRESENTATION('',(#12419),#12423);
#12419 = LINE('',#12420,#12421);
#12420 = CARTESIAN_POINT('',(3.7,5.716987700491E-17));
#12421 = VECTOR('',#12422,1.);
#12422 = DIRECTION('',(0.,-1.));
#12423 = ( GEOMETRIC_REPRESENTATION_CONTEXT(2)
PARAMETRIC_REPRESENTATION_CONTEXT() REPRESENTATION_CONTEXT('2D SPACE',''
  ) );
#12424 = PCURVE('',#6734,#12425);
#12425 = DEFINITIONAL_REPRESENTATION('',(#12426),#12430);
#12426 = LINE('',#12427,#12428);
#12427 = CARTESIAN_POINT('',(0.,0.));
#12428 = VECTOR('',#12429,1.);
#12429 = DIRECTION('',(0.,-1.));
#12430 = ( GEOMETRIC_REPRESENTATION_CONTEXT(2)
PARAMETRIC_REPRESENTATION_CONTEXT() REPRESENTATION_CONTEXT('2D SPACE',''
  ) );
#12431 = ADVANCED_FACE('',(#12432),#6734,.T.);
#12432 = FACE_BOUND('',#12433,.T.);
#12433 = EDGE_LOOP('',(#12434,#12435,#12436,#12437));
#12434 = ORIENTED_EDGE('',*,*,#9522,.F.);
#12435 = ORIENTED_EDGE('',*,*,#12411,.T.);
#12436 = ORIENTED_EDGE('',*,*,#6718,.F.);
#12437 = ORIENTED_EDGE('',*,*,#12438,.F.);
#12438 = EDGE_CURVE('',#9523,#6691,#12439,.T.);
#12439 = SURFACE_CURVE('',#12440,(#12444,#12451),.PCURVE_S1.);
#12440 = LINE('',#12441,#12442);
#12441 = CARTESIAN_POINT('',(179.15091280851,25.553629746284,
    282.58743711816));
#12442 = VECTOR('',#12443,1.);
#12443 = DIRECTION('',(1.110223024625E-16,-1.,0.));
#12444 = PCURVE('',#6734,#12445);
#12445 = DEFINITIONAL_REPRESENTATION('',(#12446),#12450);
#12446 = LINE('',#12447,#12448);
#12447 = CARTESIAN_POINT('',(1.038381842552,-1.146499440517E-16));
#12448 = VECTOR('',#12449,1.);
#12449 = DIRECTION('',(0.,-1.));
#12450 = ( GEOMETRIC_REPRESENTATION_CONTEXT(2)
PARAMETRIC_REPRESENTATION_CONTEXT() REPRESENTATION_CONTEXT('2D SPACE',''
  ) );
#12451 = PCURVE('',#6706,#12452);
#12452 = DEFINITIONAL_REPRESENTATION('',(#12453),#12457);
#12453 = LINE('',#12454,#12455);
#12454 = CARTESIAN_POINT('',(0.,0.));
#12455 = VECTOR('',#12456,1.);
#12456 = DIRECTION('',(0.,-1.));
#12457 = ( GEOMETRIC_REPRESENTATION_CONTEXT(2)
PARAMETRIC_REPRESENTATION_CONTEXT() REPRESENTATION_CONTEXT('2D SPACE',''
  ) );
#12458 = ADVANCED_FACE('',(#12459),#6706,.T.);
#12459 = FACE_BOUND('',#12460,.T.);
#12460 = EDGE_LOOP('',(#12461,#12462,#12463,#12464));
#12461 = ORIENTED_EDGE('',*,*,#9545,.F.);
#12462 = ORIENTED_EDGE('',*,*,#12438,.T.);
#12463 = ORIENTED_EDGE('',*,*,#6690,.F.);
#12464 = ORIENTED_EDGE('',*,*,#12465,.F.);
#12465 = EDGE_CURVE('',#9546,#6663,#12466,.T.);
#12466 = SURFACE_CURVE('',#12467,(#12471,#12478),.PCURVE_S1.);
#12467 = LINE('',#12468,#12469);
#12468 = CARTESIAN_POINT('',(180.18864335752,25.553629746284,
    282.55066540921));
#12469 = VECTOR('',#12470,1.);
#12470 = DIRECTION('',(1.110223024625E-16,-1.,0.));
#12471 = PCURVE('',#6706,#12472);
#12472 = DEFINITIONAL_REPRESENTATION('',(#12473),#12477);
#12473 = LINE('',#12474,#12475);
#12474 = CARTESIAN_POINT('',(1.038381842552,-1.152112348876E-16));
#12475 = VECTOR('',#12476,1.);
#12476 = DIRECTION('',(0.,-1.));
#12477 = ( GEOMETRIC_REPRESENTATION_CONTEXT(2)
PARAMETRIC_REPRESENTATION_CONTEXT() REPRESENTATION_CONTEXT('2D SPACE',''
  ) );
#12478 = PCURVE('',#6678,#12479);
#12479 = DEFINITIONAL_REPRESENTATION('',(#12480),#12484);
#12480 = LINE('',#12481,#12482);
#12481 = CARTESIAN_POINT('',(0.,0.));
#12482 = VECTOR('',#12483,1.);
#12483 = DIRECTION('',(0.,-1.));
#12484 = ( GEOMETRIC_REPRESENTATION_CONTEXT(2)
PARAMETRIC_REPRESENTATION_CONTEXT() REPRESENTATION_CONTEXT('2D SPACE',''
  ) );
#12485 = ADVANCED_FACE('',(#12486),#6678,.T.);
#12486 = FACE_BOUND('',#12487,.T.);
#12487 = EDGE_LOOP('',(#12488,#12489,#12490,#12491));
#12488 = ORIENTED_EDGE('',*,*,#9568,.F.);
#12489 = ORIENTED_EDGE('',*,*,#12465,.T.);
#12490 = ORIENTED_EDGE('',*,*,#6662,.F.);
#12491 = ORIENTED_EDGE('',*,*,#12492,.F.);
#12492 = EDGE_CURVE('',#9569,#6635,#12493,.T.);
#12493 = SURFACE_CURVE('',#12494,(#12498,#12505),.PCURVE_S1.);
#12494 = LINE('',#12495,#12496);
#12495 = CARTESIAN_POINT('',(181.22642327052,25.553629746284,
    282.58601654965));
#12496 = VECTOR('',#12497,1.);
#12497 = DIRECTION('',(1.110223024625E-16,-1.,0.));
#12498 = PCURVE('',#6678,#12499);
#12499 = DEFINITIONAL_REPRESENTATION('',(#12500),#12504);
#12500 = LINE('',#12501,#12502);
#12501 = CARTESIAN_POINT('',(1.038381842552,-1.152167153898E-16));
#12502 = VECTOR('',#12503,1.);
#12503 = DIRECTION('',(0.,-1.));
#12504 = ( GEOMETRIC_REPRESENTATION_CONTEXT(2)
PARAMETRIC_REPRESENTATION_CONTEXT() REPRESENTATION_CONTEXT('2D SPACE',''
  ) );
#12505 = PCURVE('',#6650,#12506);
#12506 = DEFINITIONAL_REPRESENTATION('',(#12507),#12511);
#12507 = LINE('',#12508,#12509);
#12508 = CARTESIAN_POINT('',(0.,0.));
#12509 = VECTOR('',#12510,1.);
#12510 = DIRECTION('',(0.,-1.));
#12511 = ( GEOMETRIC_REPRESENTATION_CONTEXT(2)
PARAMETRIC_REPRESENTATION_CONTEXT() REPRESENTATION_CONTEXT('2D SPACE',''
  ) );
#12512 = ADVANCED_FACE('',(#12513),#6650,.T.);
#12513 = FACE_BOUND('',#12514,.T.);
#12514 = EDGE_LOOP('',(#12515,#12516,#12517,#12518));
#12515 = ORIENTED_EDGE('',*,*,#9591,.F.);
#12516 = ORIENTED_EDGE('',*,*,#12492,.T.);
#12517 = ORIENTED_EDGE('',*,*,#6634,.F.);
#12518 = ORIENTED_EDGE('',*,*,#12519,.F.);
#12519 = EDGE_CURVE('',#9592,#6607,#12520,.T.);
#12520 = SURFACE_CURVE('',#12521,(#12525,#12532),.PCURVE_S1.);
#12521 = LINE('',#12522,#12523);
#12522 = CARTESIAN_POINT('',(182.25924601492,25.553629746284,
    282.69331999597));
#12523 = VECTOR('',#12524,1.);
#12524 = DIRECTION('',(1.110223024625E-16,-1.,0.));
#12525 = PCURVE('',#6650,#12526);
#12526 = DEFINITIONAL_REPRESENTATION('',(#12527),#12531);
#12527 = LINE('',#12528,#12529);
#12528 = CARTESIAN_POINT('',(1.038381842552,-1.14666359119E-16));
#12529 = VECTOR('',#12530,1.);
#12530 = DIRECTION('',(0.,-1.));
#12531 = ( GEOMETRIC_REPRESENTATION_CONTEXT(2)
PARAMETRIC_REPRESENTATION_CONTEXT() REPRESENTATION_CONTEXT('2D SPACE',''
  ) );
#12532 = PCURVE('',#6622,#12533);
#12533 = DEFINITIONAL_REPRESENTATION('',(#12534),#12538);
#12534 = LINE('',#12535,#12536);
#12535 = CARTESIAN_POINT('',(0.,0.));
#12536 = VECTOR('',#12537,1.);
#12537 = DIRECTION('',(0.,-1.));
#12538 = ( GEOMETRIC_REPRESENTATION_CONTEXT(2)
PARAMETRIC_REPRESENTATION_CONTEXT() REPRESENTATION_CONTEXT('2D SPACE',''
  ) );
#12539 = ADVANCED_FACE('',(#12540),#6622,.T.);
#12540 = FACE_BOUND('',#12541,.T.);
#12541 = EDGE_LOOP('',(#12542,#12543,#12544,#12545));
#12542 = ORIENTED_EDGE('',*,*,#9614,.F.);
#12543 = ORIENTED_EDGE('',*,*,#12519,.T.);
#12544 = ORIENTED_EDGE('',*,*,#6606,.F.);
#12545 = ORIENTED_EDGE('',*,*,#12546,.F.);
#12546 = EDGE_CURVE('',#9615,#6579,#12547,.T.);
#12547 = SURFACE_CURVE('',#12548,(#12552,#12559),.PCURVE_S1.);
#12548 = LINE('',#12549,#12550);
#12549 = CARTESIAN_POINT('',(183.28212897289,25.553629746284,
    282.87205808715));
#12550 = VECTOR('',#12551,1.);
#12551 = DIRECTION('',(1.110223024625E-16,-1.,0.));
#12552 = PCURVE('',#6622,#12553);
#12553 = DEFINITIONAL_REPRESENTATION('',(#12554),#12558);
#12554 = LINE('',#12555,#12556);
#12555 = CARTESIAN_POINT('',(1.038381842552,-1.135628211434E-16));
#12556 = VECTOR('',#12557,1.);
#12557 = DIRECTION('',(0.,-1.));
#12558 = ( GEOMETRIC_REPRESENTATION_CONTEXT(2)
PARAMETRIC_REPRESENTATION_CONTEXT() REPRESENTATION_CONTEXT('2D SPACE',''
  ) );
#12559 = PCURVE('',#6594,#12560);
#12560 = DEFINITIONAL_REPRESENTATION('',(#12561),#12565);
#12561 = LINE('',#12562,#12563);
#12562 = CARTESIAN_POINT('',(0.,0.));
#12563 = VECTOR('',#12564,1.);
#12564 = DIRECTION('',(0.,-1.));
#12565 = ( GEOMETRIC_REPRESENTATION_CONTEXT(2)
PARAMETRIC_REPRESENTATION_CONTEXT() REPRESENTATION_CONTEXT('2D SPACE',''
  ) );
#12566 = ADVANCED_FACE('',(#12567),#6594,.T.);
#12567 = FACE_BOUND('',#12568,.T.);
#12568 = EDGE_LOOP('',(#12569,#12570,#12571,#12572));
#12569 = ORIENTED_EDGE('',*,*,#9637,.F.);
#12570 = ORIENTED_EDGE('',*,*,#12546,.T.);
#12571 = ORIENTED_EDGE('',*,*,#6578,.F.);
#12572 = ORIENTED_EDGE('',*,*,#12573,.F.);
#12573 = EDGE_CURVE('',#9638,#6551,#12574,.T.);
#12574 = SURFACE_CURVE('',#12575,(#12579,#12586),.PCURVE_S1.);
#12575 = LINE('',#12576,#12577);
#12576 = CARTESIAN_POINT('',(184.29013747882,25.553629746284,
    283.12136854202));
#12577 = VECTOR('',#12578,1.);
#12578 = DIRECTION('',(1.110223024625E-16,-1.,0.));
#12579 = PCURVE('',#6594,#12580);
#12580 = DEFINITIONAL_REPRESENTATION('',(#12581),#12585);
#12581 = LINE('',#12582,#12583);
#12582 = CARTESIAN_POINT('',(1.038381842552,-1.119114252304E-16));
#12583 = VECTOR('',#12584,1.);
#12584 = DIRECTION('',(0.,-1.));
#12585 = ( GEOMETRIC_REPRESENTATION_CONTEXT(2)
PARAMETRIC_REPRESENTATION_CONTEXT() REPRESENTATION_CONTEXT('2D SPACE',''
  ) );
#12586 = PCURVE('',#6566,#12587);
#12587 = DEFINITIONAL_REPRESENTATION('',(#12588),#12592);
#12588 = LINE('',#12589,#12590);
#12589 = CARTESIAN_POINT('',(0.,0.));
#12590 = VECTOR('',#12591,1.);
#12591 = DIRECTION('',(0.,-1.));
#12592 = ( GEOMETRIC_REPRESENTATION_CONTEXT(2)
PARAMETRIC_REPRESENTATION_CONTEXT() REPRESENTATION_CONTEXT('2D SPACE',''
  ) );
#12593 = ADVANCED_FACE('',(#12594),#6566,.T.);
#12594 = FACE_BOUND('',#12595,.T.);
#12595 = EDGE_LOOP('',(#12596,#12597,#12598,#12599));
#12596 = ORIENTED_EDGE('',*,*,#9660,.F.);
#12597 = ORIENTED_EDGE('',*,*,#12573,.T.);
#12598 = ORIENTED_EDGE('',*,*,#6550,.F.);
#12599 = ORIENTED_EDGE('',*,*,#12600,.F.);
#12600 = EDGE_CURVE('',#9661,#6523,#12601,.T.);
#12601 = SURFACE_CURVE('',#12602,(#12606,#12613),.PCURVE_S1.);
#12602 = LINE('',#12603,#12604);
#12603 = CARTESIAN_POINT('',(185.27840862551,25.553629746284,
    283.44004861915));
#12604 = VECTOR('',#12605,1.);
#12605 = DIRECTION('',(1.110223024625E-16,-1.,0.));
#12606 = PCURVE('',#6566,#12607);
#12607 = DEFINITIONAL_REPRESENTATION('',(#12608),#12612);
#12608 = LINE('',#12609,#12610);
#12609 = CARTESIAN_POINT('',(1.038381842552,-1.097201381631E-16));
#12610 = VECTOR('',#12611,1.);
#12611 = DIRECTION('',(0.,-1.));
#12612 = ( GEOMETRIC_REPRESENTATION_CONTEXT(2)
PARAMETRIC_REPRESENTATION_CONTEXT() REPRESENTATION_CONTEXT('2D SPACE',''
  ) );
#12613 = PCURVE('',#6538,#12614);
#12614 = DEFINITIONAL_REPRESENTATION('',(#12615),#12619);
#12615 = LINE('',#12616,#12617);
#12616 = CARTESIAN_POINT('',(0.,0.));
#12617 = VECTOR('',#12618,1.);
#12618 = DIRECTION('',(0.,-1.));
#12619 = ( GEOMETRIC_REPRESENTATION_CONTEXT(2)
PARAMETRIC_REPRESENTATION_CONTEXT() REPRESENTATION_CONTEXT('2D SPACE',''
  ) );
#12620 = ADVANCED_FACE('',(#12621),#6538,.T.);
#12621 = FACE_BOUND('',#12622,.T.);
#12622 = EDGE_LOOP('',(#12623,#12624,#12625,#12626));
#12623 = ORIENTED_EDGE('',*,*,#9683,.F.);
#12624 = ORIENTED_EDGE('',*,*,#12600,.T.);
#12625 = ORIENTED_EDGE('',*,*,#6522,.F.);
#12626 = ORIENTED_EDGE('',*,*,#12627,.F.);
#12627 = EDGE_CURVE('',#9684,#6495,#12628,.T.);
#12628 = SURFACE_CURVE('',#12629,(#12633,#12640),.PCURVE_S1.);
#12629 = LINE('',#12630,#12631);
#12630 = CARTESIAN_POINT('',(186.24217472415,25.553629746284,
    283.82656091915));
#12631 = VECTOR('',#12632,1.);
#12632 = DIRECTION('',(1.110223024625E-16,-1.,0.));
#12633 = PCURVE('',#6538,#12634);
#12634 = DEFINITIONAL_REPRESENTATION('',(#12635),#12639);
#12635 = LINE('',#12636,#12637);
#12636 = CARTESIAN_POINT('',(1.038381842552,-1.069995313063E-16));
#12637 = VECTOR('',#12638,1.);
#12638 = DIRECTION('',(0.,-1.));
#12639 = ( GEOMETRIC_REPRESENTATION_CONTEXT(2)
PARAMETRIC_REPRESENTATION_CONTEXT() REPRESENTATION_CONTEXT('2D SPACE',''
  ) );
#12640 = PCURVE('',#6510,#12641);
#12641 = DEFINITIONAL_REPRESENTATION('',(#12642),#12646);
#12642 = LINE('',#12643,#12644);
#12643 = CARTESIAN_POINT('',(0.,0.));
#12644 = VECTOR('',#12645,1.);
#12645 = DIRECTION('',(0.,-1.));
#12646 = ( GEOMETRIC_REPRESENTATION_CONTEXT(2)
PARAMETRIC_REPRESENTATION_CONTEXT() REPRESENTATION_CONTEXT('2D SPACE',''
  ) );
#12647 = ADVANCED_FACE('',(#12648),#6510,.T.);
#12648 = FACE_BOUND('',#12649,.T.);
#12649 = EDGE_LOOP('',(#12650,#12651,#12652,#12653));
#12650 = ORIENTED_EDGE('',*,*,#9706,.F.);
#12651 = ORIENTED_EDGE('',*,*,#12627,.T.);
#12652 = ORIENTED_EDGE('',*,*,#6494,.F.);
#12653 = ORIENTED_EDGE('',*,*,#12654,.F.);
#12654 = EDGE_CURVE('',#9707,#6467,#12655,.T.);
#12655 = SURFACE_CURVE('',#12656,(#12660,#12667),.PCURVE_S1.);
#12656 = LINE('',#12657,#12658);
#12657 = CARTESIAN_POINT('',(187.17678630494,25.553629746284,
    284.27904080158));
#12658 = VECTOR('',#12659,1.);
#12659 = DIRECTION('',(1.110223024625E-16,-1.,0.));
#12660 = PCURVE('',#6510,#12661);
#12661 = DEFINITIONAL_REPRESENTATION('',(#12662),#12666);
#12662 = LINE('',#12663,#12664);
#12663 = CARTESIAN_POINT('',(1.038381842552,-1.037627296073E-16));
#12664 = VECTOR('',#12665,1.);
#12665 = DIRECTION('',(0.,-1.));
#12666 = ( GEOMETRIC_REPRESENTATION_CONTEXT(2)
PARAMETRIC_REPRESENTATION_CONTEXT() REPRESENTATION_CONTEXT('2D SPACE',''
  ) );
#12667 = PCURVE('',#6482,#12668);
#12668 = DEFINITIONAL_REPRESENTATION('',(#12669),#12673);
#12669 = LINE('',#12670,#12671);
#12670 = CARTESIAN_POINT('',(0.,0.));
#12671 = VECTOR('',#12672,1.);
#12672 = DIRECTION('',(0.,-1.));
#12673 = ( GEOMETRIC_REPRESENTATION_CONTEXT(2)
PARAMETRIC_REPRESENTATION_CONTEXT() REPRESENTATION_CONTEXT('2D SPACE',''
  ) );
#12674 = ADVANCED_FACE('',(#12675),#6482,.T.);
#12675 = FACE_BOUND('',#12676,.T.);
#12676 = EDGE_LOOP('',(#12677,#12678,#12679,#12680));
#12677 = ORIENTED_EDGE('',*,*,#9729,.F.);
#12678 = ORIENTED_EDGE('',*,*,#12654,.T.);
#12679 = ORIENTED_EDGE('',*,*,#6466,.F.);
#12680 = ORIENTED_EDGE('',*,*,#12681,.F.);
#12681 = EDGE_CURVE('',#9730,#6439,#12682,.T.);
#12682 = SURFACE_CURVE('',#12683,(#12687,#12694),.PCURVE_S1.);
#12683 = LINE('',#12684,#12685);
#12684 = CARTESIAN_POINT('',(188.07773454741,25.553629746284,
    284.79530538039));
#12685 = VECTOR('',#12686,1.);
#12686 = DIRECTION('',(1.110223024625E-16,-1.,0.));
#12687 = PCURVE('',#6482,#12688);
#12688 = DEFINITIONAL_REPRESENTATION('',(#12689),#12693);
#12689 = LINE('',#12690,#12691);
#12690 = CARTESIAN_POINT('',(1.038381842552,-1.000253482781E-16));
#12691 = VECTOR('',#12692,1.);
#12692 = DIRECTION('',(0.,-1.));
#12693 = ( GEOMETRIC_REPRESENTATION_CONTEXT(2)
PARAMETRIC_REPRESENTATION_CONTEXT() REPRESENTATION_CONTEXT('2D SPACE',''
  ) );
#12694 = PCURVE('',#6454,#12695);
#12695 = DEFINITIONAL_REPRESENTATION('',(#12696),#12700);
#12696 = LINE('',#12697,#12698);
#12697 = CARTESIAN_POINT('',(0.,0.));
#12698 = VECTOR('',#12699,1.);
#12699 = DIRECTION('',(0.,-1.));
#12700 = ( GEOMETRIC_REPRESENTATION_CONTEXT(2)
PARAMETRIC_REPRESENTATION_CONTEXT() REPRESENTATION_CONTEXT('2D SPACE',''
  ) );
#12701 = ADVANCED_FACE('',(#12702),#6454,.T.);
#12702 = FACE_BOUND('',#12703,.T.);
#12703 = EDGE_LOOP('',(#12704,#12705,#12706,#12707));
#12704 = ORIENTED_EDGE('',*,*,#9752,.F.);
#12705 = ORIENTED_EDGE('',*,*,#12681,.T.);
#12706 = ORIENTED_EDGE('',*,*,#6438,.F.);
#12707 = ORIENTED_EDGE('',*,*,#12708,.F.);
#12708 = EDGE_CURVE('',#9753,#6411,#12709,.T.);
#12709 = SURFACE_CURVE('',#12710,(#12714,#12721),.PCURVE_S1.);
#12710 = LINE('',#12711,#12712);
#12711 = CARTESIAN_POINT('',(188.94067303218,25.553629746284,
    285.37286405485));
#12712 = VECTOR('',#12713,1.);
#12713 = DIRECTION('',(1.110223024625E-16,-1.,0.));
#12714 = PCURVE('',#6454,#12715);
#12715 = DEFINITIONAL_REPRESENTATION('',(#12716),#12720);
#12716 = LINE('',#12717,#12718);
#12717 = CARTESIAN_POINT('',(1.038381842552,-9.580541746273E-17));
#12718 = VECTOR('',#12719,1.);
#12719 = DIRECTION('',(0.,-1.));
#12720 = ( GEOMETRIC_REPRESENTATION_CONTEXT(2)
PARAMETRIC_REPRESENTATION_CONTEXT() REPRESENTATION_CONTEXT('2D SPACE',''
  ) );
#12721 = PCURVE('',#6426,#12722);
#12722 = DEFINITIONAL_REPRESENTATION('',(#12723),#12727);
#12723 = LINE('',#12724,#12725);
#12724 = CARTESIAN_POINT('',(0.,0.));
#12725 = VECTOR('',#12726,1.);
#12726 = DIRECTION('',(0.,-1.));
#12727 = ( GEOMETRIC_REPRESENTATION_CONTEXT(2)
PARAMETRIC_REPRESENTATION_CONTEXT() REPRESENTATION_CONTEXT('2D SPACE',''
  ) );
#12728 = ADVANCED_FACE('',(#12729),#6426,.T.);
#12729 = FACE_BOUND('',#12730,.T.);
#12730 = EDGE_LOOP('',(#12731,#12732,#12733,#12734));
#12731 = ORIENTED_EDGE('',*,*,#9775,.F.);
#12732 = ORIENTED_EDGE('',*,*,#12708,.T.);
#12733 = ORIENTED_EDGE('',*,*,#6410,.F.);
#12734 = ORIENTED_EDGE('',*,*,#12735,.F.);
#12735 = EDGE_CURVE('',#9776,#6383,#12736,.T.);
#12736 = SURFACE_CURVE('',#12737,(#12741,#12748),.PCURVE_S1.);
#12737 = LINE('',#12738,#12739);
#12738 = CARTESIAN_POINT('',(189.76143870929,25.553629746284,
    286.00893052482));
#12739 = VECTOR('',#12740,1.);
#12740 = DIRECTION('',(1.110223024625E-16,-1.,0.));
#12741 = PCURVE('',#6426,#12742);
#12742 = DEFINITIONAL_REPRESENTATION('',(#12743),#12747);
#12743 = LINE('',#12744,#12745);
#12744 = CARTESIAN_POINT('',(1.038381842552,-9.112329525515E-17));
#12745 = VECTOR('',#12746,1.);
#12746 = DIRECTION('',(0.,-1.));
#12747 = ( GEOMETRIC_REPRESENTATION_CONTEXT(2)
PARAMETRIC_REPRESENTATION_CONTEXT() REPRESENTATION_CONTEXT('2D SPACE',''
  ) );
#12748 = PCURVE('',#6398,#12749);
#12749 = DEFINITIONAL_REPRESENTATION('',(#12750),#12754);
#12750 = LINE('',#12751,#12752);
#12751 = CARTESIAN_POINT('',(0.,0.));
#12752 = VECTOR('',#12753,1.);
#12753 = DIRECTION('',(0.,-1.));
#12754 = ( GEOMETRIC_REPRESENTATION_CONTEXT(2)
PARAMETRIC_REPRESENTATION_CONTEXT() REPRESENTATION_CONTEXT('2D SPACE',''
  ) );
#12755 = ADVANCED_FACE('',(#12756),#6398,.T.);
#12756 = FACE_BOUND('',#12757,.T.);
#12757 = EDGE_LOOP('',(#12758,#12759,#12760,#12761));
#12758 = ORIENTED_EDGE('',*,*,#9798,.F.);
#12759 = ORIENTED_EDGE('',*,*,#12735,.T.);
#12760 = ORIENTED_EDGE('',*,*,#6382,.F.);
#12761 = ORIENTED_EDGE('',*,*,#12762,.F.);
#12762 = EDGE_CURVE('',#9799,#6355,#12763,.T.);
#12763 = SURFACE_CURVE('',#12764,(#12768,#12775),.PCURVE_S1.);
#12764 = LINE('',#12765,#12766);
#12765 = CARTESIAN_POINT('',(190.53607198187,25.553629746284,
    286.70043623264));
#12766 = VECTOR('',#12767,1.);
#12767 = DIRECTION('',(1.110223024625E-16,-1.,0.));
#12768 = PCURVE('',#6398,#12769);
#12769 = DEFINITIONAL_REPRESENTATION('',(#12770),#12774);
#12770 = LINE('',#12771,#12772);
#12771 = CARTESIAN_POINT('',(1.038381842552,-8.600156948643E-17));
#12772 = VECTOR('',#12773,1.);
#12773 = DIRECTION('',(0.,-1.));
#12774 = ( GEOMETRIC_REPRESENTATION_CONTEXT(2)
PARAMETRIC_REPRESENTATION_CONTEXT() REPRESENTATION_CONTEXT('2D SPACE',''
  ) );
#12775 = PCURVE('',#6370,#12776);
#12776 = DEFINITIONAL_REPRESENTATION('',(#12777),#12781);
#12777 = LINE('',#12778,#12779);
#12778 = CARTESIAN_POINT('',(0.,0.));
#12779 = VECTOR('',#12780,1.);
#12780 = DIRECTION('',(0.,-1.));
#12781 = ( GEOMETRIC_REPRESENTATION_CONTEXT(2)
PARAMETRIC_REPRESENTATION_CONTEXT() REPRESENTATION_CONTEXT('2D SPACE',''
  ) );
#12782 = ADVANCED_FACE('',(#12783),#6370,.T.);
#12783 = FACE_BOUND('',#12784,.T.);
#12784 = EDGE_LOOP('',(#12785,#12786,#12787,#12788));
#12785 = ORIENTED_EDGE('',*,*,#9821,.F.);
#12786 = ORIENTED_EDGE('',*,*,#12762,.T.);
#12787 = ORIENTED_EDGE('',*,*,#6354,.F.);
#12788 = ORIENTED_EDGE('',*,*,#12789,.F.);
#12789 = EDGE_CURVE('',#9822,#6327,#12790,.T.);
#12790 = SURFACE_CURVE('',#12791,(#12795,#12802),.PCURVE_S1.);
#12791 = LINE('',#12792,#12793);
#12792 = CARTESIAN_POINT('',(191.26083580833,25.553629746284,
    287.44404516669));
#12793 = VECTOR('',#12794,1.);
#12794 = DIRECTION('',(1.110223024625E-16,-1.,0.));
#12795 = PCURVE('',#6370,#12796);
#12796 = DEFINITIONAL_REPRESENTATION('',(#12797),#12801);
#12797 = LINE('',#12798,#12799);
#12798 = CARTESIAN_POINT('',(1.038381842552,-8.046494875476E-17));
#12799 = VECTOR('',#12800,1.);
#12800 = DIRECTION('',(0.,-1.));
#12801 = ( GEOMETRIC_REPRESENTATION_CONTEXT(2)
PARAMETRIC_REPRESENTATION_CONTEXT() REPRESENTATION_CONTEXT('2D SPACE',''
  ) );
#12802 = PCURVE('',#6342,#12803);
#12803 = DEFINITIONAL_REPRESENTATION('',(#12804),#12808);
#12804 = LINE('',#12805,#12806);
#12805 = CARTESIAN_POINT('',(0.,0.));
#12806 = VECTOR('',#12807,1.);
#12807 = DIRECTION('',(0.,-1.));
#12808 = ( GEOMETRIC_REPRESENTATION_CONTEXT(2)
PARAMETRIC_REPRESENTATION_CONTEXT() REPRESENTATION_CONTEXT('2D SPACE',''
  ) );
#12809 = ADVANCED_FACE('',(#12810),#6342,.T.);
#12810 = FACE_BOUND('',#12811,.T.);
#12811 = EDGE_LOOP('',(#12812,#12813,#12814,#12815));
#12812 = ORIENTED_EDGE('',*,*,#9844,.F.);
#12813 = ORIENTED_EDGE('',*,*,#12789,.T.);
#12814 = ORIENTED_EDGE('',*,*,#6326,.F.);
#12815 = ORIENTED_EDGE('',*,*,#12816,.F.);
#12816 = EDGE_CURVE('',#9845,#6299,#12817,.T.);
#12817 = SURFACE_CURVE('',#12818,(#12822,#12829),.PCURVE_S1.);
#12818 = LINE('',#12819,#12820);
#12819 = CARTESIAN_POINT('',(191.93223373083,25.553629746284,
    288.23616995522));
#12820 = VECTOR('',#12821,1.);
#12821 = DIRECTION('',(1.110223024625E-16,-1.,0.));
#12822 = PCURVE('',#6342,#12823);
#12823 = DEFINITIONAL_REPRESENTATION('',(#12824),#12828);
#12824 = LINE('',#12825,#12826);
#12825 = CARTESIAN_POINT('',(1.038381842552,-7.454014322445E-17));
#12826 = VECTOR('',#12827,1.);
#12827 = DIRECTION('',(0.,-1.));
#12828 = ( GEOMETRIC_REPRESENTATION_CONTEXT(2)
PARAMETRIC_REPRESENTATION_CONTEXT() REPRESENTATION_CONTEXT('2D SPACE',''
  ) );
#12829 = PCURVE('',#6314,#12830);
#12830 = DEFINITIONAL_REPRESENTATION('',(#12831),#12835);
#12831 = LINE('',#12832,#12833);
#12832 = CARTESIAN_POINT('',(0.,0.));
#12833 = VECTOR('',#12834,1.);
#12834 = DIRECTION('',(0.,-1.));
#12835 = ( GEOMETRIC_REPRESENTATION_CONTEXT(2)
PARAMETRIC_REPRESENTATION_CONTEXT() REPRESENTATION_CONTEXT('2D SPACE',''
  ) );
#12836 = ADVANCED_FACE('',(#12837),#6314,.T.);
#12837 = FACE_BOUND('',#12838,.T.);
#12838 = EDGE_LOOP('',(#12839,#12840,#12841,#12842));
#12839 = ORIENTED_EDGE('',*,*,#9867,.F.);
#12840 = ORIENTED_EDGE('',*,*,#12816,.T.);
#12841 = ORIENTED_EDGE('',*,*,#6298,.F.);
#12842 = ORIENTED_EDGE('',*,*,#12843,.F.);
#12843 = EDGE_CURVE('',#9868,#6271,#12844,.T.);
#12844 = SURFACE_CURVE('',#12845,(#12849,#12856),.PCURVE_S1.);
#12845 = LINE('',#12846,#12847);
#12846 = CARTESIAN_POINT('',(192.54702674318,25.553629746284,
    289.0729891728));
#12847 = VECTOR('',#12848,1.);
#12848 = DIRECTION('',(1.110223024625E-16,-1.,0.));
#12849 = PCURVE('',#6314,#12850);
#12850 = DEFINITIONAL_REPRESENTATION('',(#12851),#12855);
#12851 = LINE('',#12852,#12853);
#12852 = CARTESIAN_POINT('',(1.038381842552,-6.825573576888E-17));
#12853 = VECTOR('',#12854,1.);
#12854 = DIRECTION('',(0.,-1.));
#12855 = ( GEOMETRIC_REPRESENTATION_CONTEXT(2)
PARAMETRIC_REPRESENTATION_CONTEXT() REPRESENTATION_CONTEXT('2D SPACE',''
  ) );
#12856 = PCURVE('',#6286,#12857);
#12857 = DEFINITIONAL_REPRESENTATION('',(#12858),#12862);
#12858 = LINE('',#12859,#12860);
#12859 = CARTESIAN_POINT('',(0.,0.));
#12860 = VECTOR('',#12861,1.);
#12861 = DIRECTION('',(0.,-1.));
#12862 = ( GEOMETRIC_REPRESENTATION_CONTEXT(2)
PARAMETRIC_REPRESENTATION_CONTEXT() REPRESENTATION_CONTEXT('2D SPACE',''
  ) );
#12863 = ADVANCED_FACE('',(#12864),#6286,.T.);
#12864 = FACE_BOUND('',#12865,.T.);
#12865 = EDGE_LOOP('',(#12866,#12867,#12868,#12869));
#12866 = ORIENTED_EDGE('',*,*,#9890,.F.);
#12867 = ORIENTED_EDGE('',*,*,#12843,.T.);
#12868 = ORIENTED_EDGE('',*,*,#6270,.F.);
#12869 = ORIENTED_EDGE('',*,*,#12870,.F.);
#12870 = EDGE_CURVE('',#9891,#6243,#12871,.T.);
#12871 = SURFACE_CURVE('',#12872,(#12876,#12883),.PCURVE_S1.);
#12872 = LINE('',#12873,#12874);
#12873 = CARTESIAN_POINT('',(193.10224891667,25.553629746284,
    289.95046577591));
#12874 = VECTOR('',#12875,1.);
#12875 = DIRECTION('',(1.110223024625E-16,-1.,0.));
#12876 = PCURVE('',#6286,#12877);
#12877 = DEFINITIONAL_REPRESENTATION('',(#12878),#12882);
#12878 = LINE('',#12879,#12880);
#12879 = CARTESIAN_POINT('',(1.038381842552,-6.164204407894E-17));
#12880 = VECTOR('',#12881,1.);
#12881 = DIRECTION('',(0.,-1.));
#12882 = ( GEOMETRIC_REPRESENTATION_CONTEXT(2)
PARAMETRIC_REPRESENTATION_CONTEXT() REPRESENTATION_CONTEXT('2D SPACE',''
  ) );
#12883 = PCURVE('',#6258,#12884);
#12884 = DEFINITIONAL_REPRESENTATION('',(#12885),#12889);
#12885 = LINE('',#12886,#12887);
#12886 = CARTESIAN_POINT('',(0.,0.));
#12887 = VECTOR('',#12888,1.);
#12888 = DIRECTION('',(0.,-1.));
#12889 = ( GEOMETRIC_REPRESENTATION_CONTEXT(2)
PARAMETRIC_REPRESENTATION_CONTEXT() REPRESENTATION_CONTEXT('2D SPACE',''
  ) );
#12890 = ADVANCED_FACE('',(#12891),#6258,.T.);
#12891 = FACE_BOUND('',#12892,.T.);
#12892 = EDGE_LOOP('',(#12893,#12894,#12895,#12896));
#12893 = ORIENTED_EDGE('',*,*,#9913,.F.);
#12894 = ORIENTED_EDGE('',*,*,#12870,.T.);
#12895 = ORIENTED_EDGE('',*,*,#6242,.F.);
#12896 = ORIENTED_EDGE('',*,*,#12897,.F.);
#12897 = EDGE_CURVE('',#9914,#6215,#12898,.T.);
#12898 = SURFACE_CURVE('',#12899,(#12903,#12910),.PCURVE_S1.);
#12899 = LINE('',#12900,#12901);
#12900 = CARTESIAN_POINT('',(193.59522170851,25.553629746284,
    290.86436657876));
#12901 = VECTOR('',#12902,1.);
#12902 = DIRECTION('',(1.110223024625E-16,-1.,0.));
#12903 = PCURVE('',#6258,#12904);
#12904 = DEFINITIONAL_REPRESENTATION('',(#12905),#12909);
#12905 = LINE('',#12906,#12907);
#12906 = CARTESIAN_POINT('',(1.038381842552,-5.473097440221E-17));
#12907 = VECTOR('',#12908,1.);
#12908 = DIRECTION('',(0.,-1.));
#12909 = ( GEOMETRIC_REPRESENTATION_CONTEXT(2)
PARAMETRIC_REPRESENTATION_CONTEXT() REPRESENTATION_CONTEXT('2D SPACE',''
  ) );
#12910 = PCURVE('',#6230,#12911);
#12911 = DEFINITIONAL_REPRESENTATION('',(#12912),#12916);
#12912 = LINE('',#12913,#12914);
#12913 = CARTESIAN_POINT('',(0.,0.));
#12914 = VECTOR('',#12915,1.);
#12915 = DIRECTION('',(0.,-1.));
#12916 = ( GEOMETRIC_REPRESENTATION_CONTEXT(2)
PARAMETRIC_REPRESENTATION_CONTEXT() REPRESENTATION_CONTEXT('2D SPACE',''
  ) );
#12917 = ADVANCED_FACE('',(#12918),#6230,.T.);
#12918 = FACE_BOUND('',#12919,.T.);
#12919 = EDGE_LOOP('',(#12920,#12921,#12922,#12923));
#12920 = ORIENTED_EDGE('',*,*,#9936,.F.);
#12921 = ORIENTED_EDGE('',*,*,#12897,.T.);
#12922 = ORIENTED_EDGE('',*,*,#6214,.F.);
#12923 = ORIENTED_EDGE('',*,*,#12924,.F.);
#12924 = EDGE_CURVE('',#9937,#6187,#12925,.T.);
#12925 = SURFACE_CURVE('',#12926,(#12930,#12937),.PCURVE_S1.);
#12926 = LINE('',#12927,#12928);
#12927 = CARTESIAN_POINT('',(194.02356688389,25.553629746284,
    291.81028267529));
#12928 = VECTOR('',#12929,1.);
#12929 = DIRECTION('',(1.110223024625E-16,-1.,0.));
#12930 = PCURVE('',#6230,#12931);
#12931 = DEFINITIONAL_REPRESENTATION('',(#12932),#12936);
#12932 = LINE('',#12933,#12934);
#12933 = CARTESIAN_POINT('',(1.038381842552,-4.755586761855E-17));
#12934 = VECTOR('',#12935,1.);
#12935 = DIRECTION('',(0.,-1.));
#12936 = ( GEOMETRIC_REPRESENTATION_CONTEXT(2)
PARAMETRIC_REPRESENTATION_CONTEXT() REPRESENTATION_CONTEXT('2D SPACE',''
  ) );
#12937 = PCURVE('',#6202,#12938);
#12938 = DEFINITIONAL_REPRESENTATION('',(#12939),#12943);
#12939 = LINE('',#12940,#12941);
#12940 = CARTESIAN_POINT('',(0.,0.));
#12941 = VECTOR('',#12942,1.);
#12942 = DIRECTION('',(0.,-1.));
#12943 = ( GEOMETRIC_REPRESENTATION_CONTEXT(2)
PARAMETRIC_REPRESENTATION_CONTEXT() REPRESENTATION_CONTEXT('2D SPACE',''
  ) );
#12944 = ADVANCED_FACE('',(#12945),#6202,.T.);
#12945 = FACE_BOUND('',#12946,.T.);
#12946 = EDGE_LOOP('',(#12947,#12948,#12949,#12950));
#12947 = ORIENTED_EDGE('',*,*,#9959,.F.);
#12948 = ORIENTED_EDGE('',*,*,#12924,.T.);
#12949 = ORIENTED_EDGE('',*,*,#6186,.F.);
#12950 = ORIENTED_EDGE('',*,*,#12951,.F.);
#12951 = EDGE_CURVE('',#9960,#6159,#12952,.T.);
#12952 = SURFACE_CURVE('',#12953,(#12957,#12964),.PCURVE_S1.);
#12953 = LINE('',#12954,#12955);
#12954 = CARTESIAN_POINT('',(194.38521798915,25.553629746284,
    292.78365070898));
#12955 = VECTOR('',#12956,1.);
#12956 = DIRECTION('',(1.110223024625E-16,-1.,0.));
#12957 = PCURVE('',#6202,#12958);
#12958 = DEFINITIONAL_REPRESENTATION('',(#12959),#12963);
#12959 = LINE('',#12960,#12961);
#12960 = CARTESIAN_POINT('',(1.038381842552,-4.015133839468E-17));
#12961 = VECTOR('',#12962,1.);
#12962 = DIRECTION('',(0.,-1.));
#12963 = ( GEOMETRIC_REPRESENTATION_CONTEXT(2)
PARAMETRIC_REPRESENTATION_CONTEXT() REPRESENTATION_CONTEXT('2D SPACE',''
  ) );
#12964 = PCURVE('',#6174,#12965);
#12965 = DEFINITIONAL_REPRESENTATION('',(#12966),#12970);
#12966 = LINE('',#12967,#12968);
#12967 = CARTESIAN_POINT('',(0.,0.));
#12968 = VECTOR('',#12969,1.);
#12969 = DIRECTION('',(0.,-1.));
#12970 = ( GEOMETRIC_REPRESENTATION_CONTEXT(2)
PARAMETRIC_REPRESENTATION_CONTEXT() REPRESENTATION_CONTEXT('2D SPACE',''
  ) );
#12971 = ADVANCED_FACE('',(#12972),#6174,.T.);
#12972 = FACE_BOUND('',#12973,.T.);
#12973 = EDGE_LOOP('',(#12974,#12975,#12976,#12977));
#12974 = ORIENTED_EDGE('',*,*,#9982,.F.);
#12975 = ORIENTED_EDGE('',*,*,#12951,.T.);
#12976 = ORIENTED_EDGE('',*,*,#6158,.F.);
#12977 = ORIENTED_EDGE('',*,*,#12978,.F.);
#12978 = EDGE_CURVE('',#9983,#6131,#12979,.T.);
#12979 = SURFACE_CURVE('',#12980,(#12984,#12991),.PCURVE_S1.);
#12980 = LINE('',#12981,#12982);
#12981 = CARTESIAN_POINT('',(194.67843032101,25.553629746284,
    293.77977488768));
#12982 = VECTOR('',#12983,1.);
#12983 = DIRECTION('',(1.110223024625E-16,-1.,0.));
#12984 = PCURVE('',#6174,#12985);
#12985 = DEFINITIONAL_REPRESENTATION('',(#12986),#12990);
#12986 = LINE('',#12987,#12988);
#12987 = CARTESIAN_POINT('',(1.038381842552,-3.255310819354E-17));
#12988 = VECTOR('',#12989,1.);
#12989 = DIRECTION('',(0.,-1.));
#12990 = ( GEOMETRIC_REPRESENTATION_CONTEXT(2)
PARAMETRIC_REPRESENTATION_CONTEXT() REPRESENTATION_CONTEXT('2D SPACE',''
  ) );
#12991 = PCURVE('',#6146,#12992);
#12992 = DEFINITIONAL_REPRESENTATION('',(#12993),#12997);
#12993 = LINE('',#12994,#12995);
#12994 = CARTESIAN_POINT('',(0.,0.));
#12995 = VECTOR('',#12996,1.);
#12996 = DIRECTION('',(0.,-1.));
#12997 = ( GEOMETRIC_REPRESENTATION_CONTEXT(2)
PARAMETRIC_REPRESENTATION_CONTEXT() REPRESENTATION_CONTEXT('2D SPACE',''
  ) );
#12998 = ADVANCED_FACE('',(#12999),#6146,.T.);
#12999 = FACE_BOUND('',#13000,.T.);
#13000 = EDGE_LOOP('',(#13001,#13002,#13003,#13004));
#13001 = ORIENTED_EDGE('',*,*,#10005,.F.);
#13002 = ORIENTED_EDGE('',*,*,#12978,.T.);
#13003 = ORIENTED_EDGE('',*,*,#6130,.F.);
#13004 = ORIENTED_EDGE('',*,*,#13005,.F.);
#13005 = EDGE_CURVE('',#10006,#6103,#13006,.T.);
#13006 = SURFACE_CURVE('',#13007,(#13011,#13018),.PCURVE_S1.);
#13007 = LINE('',#13008,#13009);
#13008 = CARTESIAN_POINT('',(194.90178934343,25.553629746284,
    294.79384963741));
#13009 = VECTOR('',#13010,1.);
#13010 = DIRECTION('',(1.110223024625E-16,-1.,0.));
#13011 = PCURVE('',#6146,#13012);
#13012 = DEFINITIONAL_REPRESENTATION('',(#13013),#13017);
#13013 = LINE('',#13014,#13015);
#13014 = CARTESIAN_POINT('',(1.038381842552,-2.479783294429E-17));
#13015 = VECTOR('',#13016,1.);
#13016 = DIRECTION('',(0.,-1.));
#13017 = ( GEOMETRIC_REPRESENTATION_CONTEXT(2)
PARAMETRIC_REPRESENTATION_CONTEXT() REPRESENTATION_CONTEXT('2D SPACE',''
  ) );
#13018 = PCURVE('',#6118,#13019);
#13019 = DEFINITIONAL_REPRESENTATION('',(#13020),#13024);
#13020 = LINE('',#13021,#13022);
#13021 = CARTESIAN_POINT('',(0.,0.));
#13022 = VECTOR('',#13023,1.);
#13023 = DIRECTION('',(0.,-1.));
#13024 = ( GEOMETRIC_REPRESENTATION_CONTEXT(2)
PARAMETRIC_REPRESENTATION_CONTEXT() REPRESENTATION_CONTEXT('2D SPACE',''
  ) );
#13025 = ADVANCED_FACE('',(#13026),#6118,.T.);
#13026 = FACE_BOUND('',#13027,.T.);
#13027 = EDGE_LOOP('',(#13028,#13029,#13030,#13031));
#13028 = ORIENTED_EDGE('',*,*,#10028,.F.);
#13029 = ORIENTED_EDGE('',*,*,#13005,.T.);
#13030 = ORIENTED_EDGE('',*,*,#6102,.F.);
#13031 = ORIENTED_EDGE('',*,*,#13032,.F.);
#13032 = EDGE_CURVE('',#10029,#6075,#13033,.T.);
#13033 = SURFACE_CURVE('',#13034,(#13038,#13045),.PCURVE_S1.);
#13034 = LINE('',#13035,#13036);
#13035 = CARTESIAN_POINT('',(195.05421751172,25.553629746284,
    295.82098278577));
#13036 = VECTOR('',#13037,1.);
#13037 = DIRECTION('',(1.110223024625E-16,-1.,0.));
#13038 = PCURVE('',#6118,#13039);
#13039 = DEFINITIONAL_REPRESENTATION('',(#13040),#13044);
#13040 = LINE('',#13041,#13042);
#13041 = CARTESIAN_POINT('',(1.038381842552,-1.692292620409E-17));
#13042 = VECTOR('',#13043,1.);
#13043 = DIRECTION('',(0.,-1.));
#13044 = ( GEOMETRIC_REPRESENTATION_CONTEXT(2)
PARAMETRIC_REPRESENTATION_CONTEXT() REPRESENTATION_CONTEXT('2D SPACE',''
  ) );
#13045 = PCURVE('',#6090,#13046);
#13046 = DEFINITIONAL_REPRESENTATION('',(#13047),#13051);
#13047 = LINE('',#13048,#13049);
#13048 = CARTESIAN_POINT('',(0.,0.));
#13049 = VECTOR('',#13050,1.);
#13050 = DIRECTION('',(0.,-1.));
#13051 = ( GEOMETRIC_REPRESENTATION_CONTEXT(2)
PARAMETRIC_REPRESENTATION_CONTEXT() REPRESENTATION_CONTEXT('2D SPACE',''
  ) );
#13052 = ADVANCED_FACE('',(#13053),#6090,.T.);
#13053 = FACE_BOUND('',#13054,.T.);
#13054 = EDGE_LOOP('',(#13055,#13056,#13057,#13058));
#13055 = ORIENTED_EDGE('',*,*,#10051,.F.);
#13056 = ORIENTED_EDGE('',*,*,#13032,.T.);
#13057 = ORIENTED_EDGE('',*,*,#6074,.F.);
#13058 = ORIENTED_EDGE('',*,*,#13059,.F.);
#13059 = EDGE_CURVE('',#10052,#6047,#13060,.T.);
#13060 = SURFACE_CURVE('',#13061,(#13065,#13072),.PCURVE_S1.);
#13061 = LINE('',#13062,#13063);
#13062 = CARTESIAN_POINT('',(195.13497947095,25.553629746284,
    296.85621916307));
#13063 = VECTOR('',#13064,1.);
#13064 = DIRECTION('',(1.110223024625E-16,-1.,0.));
#13065 = PCURVE('',#6090,#13066);
#13066 = DEFINITIONAL_REPRESENTATION('',(#13067),#13071);
#13067 = LINE('',#13068,#13069);
#13068 = CARTESIAN_POINT('',(1.038381842552,-8.96637866498E-18));
#13069 = VECTOR('',#13070,1.);
#13070 = DIRECTION('',(0.,-1.));
#13071 = ( GEOMETRIC_REPRESENTATION_CONTEXT(2)
PARAMETRIC_REPRESENTATION_CONTEXT() REPRESENTATION_CONTEXT('2D SPACE',''
  ) );
#13072 = PCURVE('',#6062,#13073);
#13073 = DEFINITIONAL_REPRESENTATION('',(#13074),#13078);
#13074 = LINE('',#13075,#13076);
#13075 = CARTESIAN_POINT('',(0.,0.));
#13076 = VECTOR('',#13077,1.);
#13077 = DIRECTION('',(0.,-1.));
#13078 = ( GEOMETRIC_REPRESENTATION_CONTEXT(2)
PARAMETRIC_REPRESENTATION_CONTEXT() REPRESENTATION_CONTEXT('2D SPACE',''
  ) );
#13079 = ADVANCED_FACE('',(#13080),#6062,.T.);
#13080 = FACE_BOUND('',#13081,.T.);
#13081 = EDGE_LOOP('',(#13082,#13083,#13084,#13085));
#13082 = ORIENTED_EDGE('',*,*,#10074,.F.);
#13083 = ORIENTED_EDGE('',*,*,#13059,.T.);
#13084 = ORIENTED_EDGE('',*,*,#6046,.F.);
#13085 = ORIENTED_EDGE('',*,*,#13086,.F.);
#13086 = EDGE_CURVE('',#10075,#6019,#13087,.T.);
#13087 = SURFACE_CURVE('',#13088,(#13092,#13099),.PCURVE_S1.);
#13088 = LINE('',#13089,#13090);
#13089 = CARTESIAN_POINT('',(195.14368560346,25.553629746284,
    297.89456450745));
#13090 = VECTOR('',#13091,1.);
#13091 = DIRECTION('',(1.110223024625E-16,-1.,0.));
#13092 = PCURVE('',#6062,#13093);
#13093 = DEFINITIONAL_REPRESENTATION('',(#13094),#13098);
#13094 = LINE('',#13095,#13096);
#13095 = CARTESIAN_POINT('',(1.038381842552,-9.665748764047E-19));
#13096 = VECTOR('',#13097,1.);
#13097 = DIRECTION('',(0.,-1.));
#13098 = ( GEOMETRIC_REPRESENTATION_CONTEXT(2)
PARAMETRIC_REPRESENTATION_CONTEXT() REPRESENTATION_CONTEXT('2D SPACE',''
  ) );
#13099 = PCURVE('',#6034,#13100);
#13100 = DEFINITIONAL_REPRESENTATION('',(#13101),#13105);
#13101 = LINE('',#13102,#13103);
#13102 = CARTESIAN_POINT('',(0.,0.));
#13103 = VECTOR('',#13104,1.);
#13104 = DIRECTION('',(0.,-1.));
#13105 = ( GEOMETRIC_REPRESENTATION_CONTEXT(2)
PARAMETRIC_REPRESENTATION_CONTEXT() REPRESENTATION_CONTEXT('2D SPACE',''
  ) );
#13106 = ADVANCED_FACE('',(#13107),#6034,.T.);
#13107 = FACE_BOUND('',#13108,.T.);
#13108 = EDGE_LOOP('',(#13109,#13110,#13111,#13132));
#13109 = ORIENTED_EDGE('',*,*,#13086,.T.);
#13110 = ORIENTED_EDGE('',*,*,#6018,.F.);
#13111 = ORIENTED_EDGE('',*,*,#13112,.F.);
#13112 = EDGE_CURVE('',#10098,#5993,#13113,.T.);
#13113 = SURFACE_CURVE('',#13114,(#13118,#13125),.PCURVE_S1.);
#13114 = LINE('',#13115,#13116);
#13115 = CARTESIAN_POINT('',(195.08029390849,25.553629746284,
    298.93100955855));
#13116 = VECTOR('',#13117,1.);
#13117 = DIRECTION('',(1.110223024625E-16,-1.,0.));
#13118 = PCURVE('',#6034,#13119);
#13119 = DEFINITIONAL_REPRESENTATION('',(#13120),#13124);
#13120 = LINE('',#13121,#13122);
#13121 = CARTESIAN_POINT('',(1.038381842552,7.037891932274E-18));
#13122 = VECTOR('',#13123,1.);
#13123 = DIRECTION('',(0.,-1.));
#13124 = ( GEOMETRIC_REPRESENTATION_CONTEXT(2)
PARAMETRIC_REPRESENTATION_CONTEXT() REPRESENTATION_CONTEXT('2D SPACE',''
  ) );
#13125 = PCURVE('',#6007,#13126);
#13126 = DEFINITIONAL_REPRESENTATION('',(#13127),#13131);
#13127 = LINE('',#13128,#13129);
#13128 = CARTESIAN_POINT('',(0.,0.));
#13129 = VECTOR('',#13130,1.);
#13130 = DIRECTION('',(0.,-1.));
#13131 = ( GEOMETRIC_REPRESENTATION_CONTEXT(2)
PARAMETRIC_REPRESENTATION_CONTEXT() REPRESENTATION_CONTEXT('2D SPACE',''
  ) );
#13132 = ORIENTED_EDGE('',*,*,#10097,.T.);
#13133 = ADVANCED_FACE('',(#13134),#6007,.T.);
#13134 = FACE_BOUND('',#13135,.T.);
#13135 = EDGE_LOOP('',(#13136,#13137,#13138,#13139));
#13136 = ORIENTED_EDGE('',*,*,#10120,.F.);
#13137 = ORIENTED_EDGE('',*,*,#13112,.T.);
#13138 = ORIENTED_EDGE('',*,*,#5992,.F.);
#13139 = ORIENTED_EDGE('',*,*,#13140,.F.);
#13140 = EDGE_CURVE('',#10121,#5967,#13141,.T.);
#13141 = SURFACE_CURVE('',#13142,(#13146,#13153),.PCURVE_S1.);
#13142 = LINE('',#13143,#13144);
#13143 = CARTESIAN_POINT('',(194.94511020483,25.553629746284,
    299.96055422354));
#13144 = VECTOR('',#13145,1.);
#13145 = DIRECTION('',(1.110223024625E-16,-1.,0.));
#13146 = PCURVE('',#6007,#13147);
#13147 = DEFINITIONAL_REPRESENTATION('',(#13148),#13152);
#13148 = LINE('',#13149,#13150);
#13149 = CARTESIAN_POINT('',(1.038381842552,1.500840603602E-17));
#13150 = VECTOR('',#13151,1.);
#13151 = DIRECTION('',(0.,-1.));
#13152 = ( GEOMETRIC_REPRESENTATION_CONTEXT(2)
PARAMETRIC_REPRESENTATION_CONTEXT() REPRESENTATION_CONTEXT('2D SPACE',''
  ) );
#13153 = PCURVE('',#5981,#13154);
#13154 = DEFINITIONAL_REPRESENTATION('',(#13155),#13159);
#13155 = LINE('',#13156,#13157);
#13156 = CARTESIAN_POINT('',(0.,0.));
#13157 = VECTOR('',#13158,1.);
#13158 = DIRECTION('',(0.,-1.));
#13159 = ( GEOMETRIC_REPRESENTATION_CONTEXT(2)
PARAMETRIC_REPRESENTATION_CONTEXT() REPRESENTATION_CONTEXT('2D SPACE',''
  ) );
#13160 = ADVANCED_FACE('',(#13161),#5981,.T.);
#13161 = FACE_BOUND('',#13162,.T.);
#13162 = EDGE_LOOP('',(#13163,#13164,#13165,#13166));
#13163 = ORIENTED_EDGE('',*,*,#10143,.F.);
#13164 = ORIENTED_EDGE('',*,*,#13140,.T.);
#13165 = ORIENTED_EDGE('',*,*,#5966,.F.);
#13166 = ORIENTED_EDGE('',*,*,#13167,.F.);
#13167 = EDGE_CURVE('',#10144,#5941,#13168,.T.);
#13168 = SURFACE_CURVE('',#13169,(#13173,#13180),.PCURVE_S1.);
#13169 = LINE('',#13170,#13171);
#13170 = CARTESIAN_POINT('',(194.73878665542,25.553629746284,
    300.97823169892));
#13171 = VECTOR('',#13172,1.);
#13172 = DIRECTION('',(1.110223024625E-16,-1.,0.));
#13173 = PCURVE('',#5981,#13174);
#13174 = DEFINITIONAL_REPRESENTATION('',(#13175),#13179);
#13175 = LINE('',#13176,#13177);
#13176 = CARTESIAN_POINT('',(1.038381842552,2.290651550688E-17));
#13177 = VECTOR('',#13178,1.);
#13178 = DIRECTION('',(0.,-1.));
#13179 = ( GEOMETRIC_REPRESENTATION_CONTEXT(2)
PARAMETRIC_REPRESENTATION_CONTEXT() REPRESENTATION_CONTEXT('2D SPACE',''
  ) );
#13180 = PCURVE('',#5955,#13181);
#13181 = DEFINITIONAL_REPRESENTATION('',(#13182),#13186);
#13182 = LINE('',#13183,#13184);
#13183 = CARTESIAN_POINT('',(0.,0.));
#13184 = VECTOR('',#13185,1.);
#13185 = DIRECTION('',(0.,-1.));
#13186 = ( GEOMETRIC_REPRESENTATION_CONTEXT(2)
PARAMETRIC_REPRESENTATION_CONTEXT() REPRESENTATION_CONTEXT('2D SPACE',''
  ) );
#13187 = ADVANCED_FACE('',(#13188),#5955,.T.);
#13188 = FACE_BOUND('',#13189,.T.);
#13189 = EDGE_LOOP('',(#13190,#13191,#13192,#13193));
#13190 = ORIENTED_EDGE('',*,*,#10166,.F.);
#13191 = ORIENTED_EDGE('',*,*,#13167,.T.);
#13192 = ORIENTED_EDGE('',*,*,#5940,.F.);
#13193 = ORIENTED_EDGE('',*,*,#13194,.F.);
#13194 = EDGE_CURVE('',#10167,#5915,#13195,.T.);
#13195 = SURFACE_CURVE('',#13196,(#13200,#13207),.PCURVE_S1.);
#13196 = LINE('',#13197,#13198);
#13197 = CARTESIAN_POINT('',(194.4623186212,25.553629746284,
    301.97913243176));
#13198 = VECTOR('',#13199,1.);
#13199 = DIRECTION('',(1.110223024625E-16,-1.,0.));
#13200 = PCURVE('',#5955,#13201);
#13201 = DEFINITIONAL_REPRESENTATION('',(#13202),#13206);
#13202 = LINE('',#13203,#13204);
#13203 = CARTESIAN_POINT('',(1.038381842552,3.069411771654E-17));
#13204 = VECTOR('',#13205,1.);
#13205 = DIRECTION('',(0.,-1.));
#13206 = ( GEOMETRIC_REPRESENTATION_CONTEXT(2)
PARAMETRIC_REPRESENTATION_CONTEXT() REPRESENTATION_CONTEXT('2D SPACE',''
  ) );
#13207 = PCURVE('',#5929,#13208);
#13208 = DEFINITIONAL_REPRESENTATION('',(#13209),#13213);
#13209 = LINE('',#13210,#13211);
#13210 = CARTESIAN_POINT('',(0.,0.));
#13211 = VECTOR('',#13212,1.);
#13212 = DIRECTION('',(0.,-1.));
#13213 = ( GEOMETRIC_REPRESENTATION_CONTEXT(2)
PARAMETRIC_REPRESENTATION_CONTEXT() REPRESENTATION_CONTEXT('2D SPACE',''
  ) );
#13214 = ADVANCED_FACE('',(#13215),#5929,.T.);
#13215 = FACE_BOUND('',#13216,.T.);
#13216 = EDGE_LOOP('',(#13217,#13218,#13219,#13220));
#13217 = ORIENTED_EDGE('',*,*,#10189,.F.);
#13218 = ORIENTED_EDGE('',*,*,#13194,.T.);
#13219 = ORIENTED_EDGE('',*,*,#5914,.F.);
#13220 = ORIENTED_EDGE('',*,*,#13221,.F.);
#13221 = EDGE_CURVE('',#10190,#5889,#13222,.T.);
#13222 = SURFACE_CURVE('',#13223,(#13227,#13234),.PCURVE_S1.);
#13223 = LINE('',#13224,#13225);
#13224 = CARTESIAN_POINT('',(194.11703985916,25.553629746284,
    302.95842780468));
#13225 = VECTOR('',#13226,1.);
#13226 = DIRECTION('',(1.110223024625E-16,-1.,0.));
#13227 = PCURVE('',#5929,#13228);
#13228 = DEFINITIONAL_REPRESENTATION('',(#13229),#13233);
#13229 = LINE('',#13230,#13231);
#13230 = CARTESIAN_POINT('',(1.038381842552,3.833364315378E-17));
#13231 = VECTOR('',#13232,1.);
#13232 = DIRECTION('',(0.,-1.));
#13233 = ( GEOMETRIC_REPRESENTATION_CONTEXT(2)
PARAMETRIC_REPRESENTATION_CONTEXT() REPRESENTATION_CONTEXT('2D SPACE',''
  ) );
#13234 = PCURVE('',#5903,#13235);
#13235 = DEFINITIONAL_REPRESENTATION('',(#13236),#13240);
#13236 = LINE('',#13237,#13238);
#13237 = CARTESIAN_POINT('',(0.,0.));
#13238 = VECTOR('',#13239,1.);
#13239 = DIRECTION('',(0.,-1.));
#13240 = ( GEOMETRIC_REPRESENTATION_CONTEXT(2)
PARAMETRIC_REPRESENTATION_CONTEXT() REPRESENTATION_CONTEXT('2D SPACE',''
  ) );
#13241 = ADVANCED_FACE('',(#13242),#5903,.T.);
#13242 = FACE_BOUND('',#13243,.T.);
#13243 = EDGE_LOOP('',(#13244,#13245,#13246,#13247));
#13244 = ORIENTED_EDGE('',*,*,#10212,.F.);
#13245 = ORIENTED_EDGE('',*,*,#13221,.T.);
#13246 = ORIENTED_EDGE('',*,*,#5888,.F.);
#13247 = ORIENTED_EDGE('',*,*,#13248,.F.);
#13248 = EDGE_CURVE('',#10213,#5863,#13249,.T.);
#13249 = SURFACE_CURVE('',#13250,(#13254,#13261),.PCURVE_S1.);
#13250 = LINE('',#13251,#13252);
#13251 = CARTESIAN_POINT('',(193.70461608795,25.553629746284,
    303.91139343044));
#13252 = VECTOR('',#13253,1.);
#13253 = DIRECTION('',(1.110223024625E-16,-1.,0.));
#13254 = PCURVE('',#5903,#13255);
#13255 = DEFINITIONAL_REPRESENTATION('',(#13256),#13260);
#13256 = LINE('',#13257,#13258);
#13257 = CARTESIAN_POINT('',(1.038381842552,4.578823666998E-17));
#13258 = VECTOR('',#13259,1.);
#13259 = DIRECTION('',(0.,-1.));
#13260 = ( GEOMETRIC_REPRESENTATION_CONTEXT(2)
PARAMETRIC_REPRESENTATION_CONTEXT() REPRESENTATION_CONTEXT('2D SPACE',''
  ) );
#13261 = PCURVE('',#5877,#13262);
#13262 = DEFINITIONAL_REPRESENTATION('',(#13263),#13267);
#13263 = LINE('',#13264,#13265);
#13264 = CARTESIAN_POINT('',(0.,0.));
#13265 = VECTOR('',#13266,1.);
#13266 = DIRECTION('',(0.,-1.));
#13267 = ( GEOMETRIC_REPRESENTATION_CONTEXT(2)
PARAMETRIC_REPRESENTATION_CONTEXT() REPRESENTATION_CONTEXT('2D SPACE',''
  ) );
#13268 = ADVANCED_FACE('',(#13269),#5877,.T.);
#13269 = FACE_BOUND('',#13270,.T.);
#13270 = EDGE_LOOP('',(#13271,#13272,#13273,#13274));
#13271 = ORIENTED_EDGE('',*,*,#10235,.F.);
#13272 = ORIENTED_EDGE('',*,*,#13248,.T.);
#13273 = ORIENTED_EDGE('',*,*,#5862,.F.);
#13274 = ORIENTED_EDGE('',*,*,#13275,.F.);
#13275 = EDGE_CURVE('',#10236,#5837,#13276,.T.);
#13276 = SURFACE_CURVE('',#13277,(#13281,#13288),.PCURVE_S1.);
#13277 = LINE('',#13278,#13279);
#13278 = CARTESIAN_POINT('',(193.22703695202,25.553629746284,
    304.83343194367));
#13279 = VECTOR('',#13280,1.);
#13280 = DIRECTION('',(1.110223024625E-16,-1.,0.));
#13281 = PCURVE('',#5877,#13282);
#13282 = DEFINITIONAL_REPRESENTATION('',(#13283),#13287);
#13283 = LINE('',#13284,#13285);
#13284 = CARTESIAN_POINT('',(1.038381842552,5.302193527845E-17));
#13285 = VECTOR('',#13286,1.);
#13286 = DIRECTION('',(0.,-1.));
#13287 = ( GEOMETRIC_REPRESENTATION_CONTEXT(2)
PARAMETRIC_REPRESENTATION_CONTEXT() REPRESENTATION_CONTEXT('2D SPACE',''
  ) );
#13288 = PCURVE('',#5851,#13289);
#13289 = DEFINITIONAL_REPRESENTATION('',(#13290),#13294);
#13290 = LINE('',#13291,#13292);
#13291 = CARTESIAN_POINT('',(0.,0.));
#13292 = VECTOR('',#13293,1.);
#13293 = DIRECTION('',(0.,-1.));
#13294 = ( GEOMETRIC_REPRESENTATION_CONTEXT(2)
PARAMETRIC_REPRESENTATION_CONTEXT() REPRESENTATION_CONTEXT('2D SPACE',''
  ) );
#13295 = ADVANCED_FACE('',(#13296),#5851,.T.);
#13296 = FACE_BOUND('',#13297,.T.);
#13297 = EDGE_LOOP('',(#13298,#13299,#13300,#13301));
#13298 = ORIENTED_EDGE('',*,*,#10258,.F.);
#13299 = ORIENTED_EDGE('',*,*,#13275,.T.);
#13300 = ORIENTED_EDGE('',*,*,#5836,.F.);
#13301 = ORIENTED_EDGE('',*,*,#13302,.F.);
#13302 = EDGE_CURVE('',#10259,#5811,#13303,.T.);
#13303 = SURFACE_CURVE('',#13304,(#13308,#13315),.PCURVE_S1.);
#13304 = LINE('',#13305,#13306);
#13305 = CARTESIAN_POINT('',(192.68660642303,25.553629746284,
    305.72009517978));
#13306 = VECTOR('',#13307,1.);
#13307 = DIRECTION('',(1.110223024625E-16,-1.,0.));
#13308 = PCURVE('',#5851,#13309);
#13309 = DEFINITIONAL_REPRESENTATION('',(#13310),#13314);
#13310 = LINE('',#13311,#13312);
#13311 = CARTESIAN_POINT('',(1.038381842552,5.999984164958E-17));
#13312 = VECTOR('',#13313,1.);
#13313 = DIRECTION('',(0.,-1.));
#13314 = ( GEOMETRIC_REPRESENTATION_CONTEXT(2)
PARAMETRIC_REPRESENTATION_CONTEXT() REPRESENTATION_CONTEXT('2D SPACE',''
  ) );
#13315 = PCURVE('',#5825,#13316);
#13316 = DEFINITIONAL_REPRESENTATION('',(#13317),#13321);
#13317 = LINE('',#13318,#13319);
#13318 = CARTESIAN_POINT('',(0.,0.));
#13319 = VECTOR('',#13320,1.);
#13320 = DIRECTION('',(0.,-1.));
#13321 = ( GEOMETRIC_REPRESENTATION_CONTEXT(2)
PARAMETRIC_REPRESENTATION_CONTEXT() REPRESENTATION_CONTEXT('2D SPACE',''
  ) );
#13322 = ADVANCED_FACE('',(#13323),#5825,.T.);
#13323 = FACE_BOUND('',#13324,.T.);
#13324 = EDGE_LOOP('',(#13325,#13326,#13327,#13328));
#13325 = ORIENTED_EDGE('',*,*,#10281,.F.);
#13326 = ORIENTED_EDGE('',*,*,#13302,.T.);
#13327 = ORIENTED_EDGE('',*,*,#5810,.F.);
#13328 = ORIENTED_EDGE('',*,*,#13329,.F.);
#13329 = EDGE_CURVE('',#10282,#5785,#13330,.T.);
#13330 = SURFACE_CURVE('',#13331,(#13335,#13342),.PCURVE_S1.);
#13331 = LINE('',#13332,#13333);
#13332 = CARTESIAN_POINT('',(192.08593168484,25.553629746284,
    306.56710563417));
#13333 = VECTOR('',#13334,1.);
#13334 = DIRECTION('',(1.110223024625E-16,-1.,0.));
#13335 = PCURVE('',#5825,#13336);
#13336 = DEFINITIONAL_REPRESENTATION('',(#13337),#13341);
#13337 = LINE('',#13338,#13339);
#13338 = CARTESIAN_POINT('',(1.038381842552,6.66882924651E-17));
#13339 = VECTOR('',#13340,1.);
#13340 = DIRECTION('',(0.,-1.));
#13341 = ( GEOMETRIC_REPRESENTATION_CONTEXT(2)
PARAMETRIC_REPRESENTATION_CONTEXT() REPRESENTATION_CONTEXT('2D SPACE',''
  ) );
#13342 = PCURVE('',#5799,#13343);
#13343 = DEFINITIONAL_REPRESENTATION('',(#13344),#13348);
#13344 = LINE('',#13345,#13346);
#13345 = CARTESIAN_POINT('',(0.,0.));
#13346 = VECTOR('',#13347,1.);
#13347 = DIRECTION('',(0.,-1.));
#13348 = ( GEOMETRIC_REPRESENTATION_CONTEXT(2)
PARAMETRIC_REPRESENTATION_CONTEXT() REPRESENTATION_CONTEXT('2D SPACE',''
  ) );
#13349 = ADVANCED_FACE('',(#13350),#5799,.T.);
#13350 = FACE_BOUND('',#13351,.T.);
#13351 = EDGE_LOOP('',(#13352,#13353,#13354,#13355));
#13352 = ORIENTED_EDGE('',*,*,#10304,.F.);
#13353 = ORIENTED_EDGE('',*,*,#13329,.T.);
#13354 = ORIENTED_EDGE('',*,*,#5784,.F.);
#13355 = ORIENTED_EDGE('',*,*,#13356,.F.);
#13356 = EDGE_CURVE('',#10305,#5759,#13357,.T.);
#13357 = SURFACE_CURVE('',#13358,(#13362,#13369),.PCURVE_S1.);
#13358 = LINE('',#13359,#13360);
#13359 = CARTESIAN_POINT('',(191.42791055576,25.553629746284,
    307.37037709801));
#13360 = VECTOR('',#13361,1.);
#13361 = DIRECTION('',(1.110223024625E-16,-1.,0.));
#13362 = PCURVE('',#5799,#13363);
#13363 = DEFINITIONAL_REPRESENTATION('',(#13364),#13368);
#13364 = LINE('',#13365,#13366);
#13365 = CARTESIAN_POINT('',(1.038381842552,7.305502081907E-17));
#13366 = VECTOR('',#13367,1.);
#13367 = DIRECTION('',(0.,-1.));
#13368 = ( GEOMETRIC_REPRESENTATION_CONTEXT(2)
PARAMETRIC_REPRESENTATION_CONTEXT() REPRESENTATION_CONTEXT('2D SPACE',''
  ) );
#13369 = PCURVE('',#5773,#13370);
#13370 = DEFINITIONAL_REPRESENTATION('',(#13371),#13375);
#13371 = LINE('',#13372,#13373);
#13372 = CARTESIAN_POINT('',(0.,0.));
#13373 = VECTOR('',#13374,1.);
#13374 = DIRECTION('',(0.,-1.));
#13375 = ( GEOMETRIC_REPRESENTATION_CONTEXT(2)
PARAMETRIC_REPRESENTATION_CONTEXT() REPRESENTATION_CONTEXT('2D SPACE',''
  ) );
#13376 = ADVANCED_FACE('',(#13377),#5773,.T.);
#13377 = FACE_BOUND('',#13378,.T.);
#13378 = EDGE_LOOP('',(#13379,#13380,#13381,#13382));
#13379 = ORIENTED_EDGE('',*,*,#10327,.F.);
#13380 = ORIENTED_EDGE('',*,*,#13356,.T.);
#13381 = ORIENTED_EDGE('',*,*,#5758,.F.);
#13382 = ORIENTED_EDGE('',*,*,#13383,.F.);
#13383 = EDGE_CURVE('',#10328,#5733,#13384,.T.);
#13384 = SURFACE_CURVE('',#13385,(#13389,#13396),.PCURVE_S1.);
#13385 = LINE('',#13386,#13387);
#13386 = CARTESIAN_POINT('',(190.7157175087,25.553629746284,
    308.1260343713));
#13387 = VECTOR('',#13388,1.);
#13388 = DIRECTION('',(1.110223024625E-16,-1.,0.));
#13389 = PCURVE('',#5773,#13390);
#13390 = DEFINITIONAL_REPRESENTATION('',(#13391),#13395);
#13391 = LINE('',#13392,#13393);
#13392 = CARTESIAN_POINT('',(1.038381842552,7.906931188221E-17));
#13393 = VECTOR('',#13394,1.);
#13394 = DIRECTION('',(0.,-1.));
#13395 = ( GEOMETRIC_REPRESENTATION_CONTEXT(2)
PARAMETRIC_REPRESENTATION_CONTEXT() REPRESENTATION_CONTEXT('2D SPACE',''
  ) );
#13396 = PCURVE('',#5747,#13397);
#13397 = DEFINITIONAL_REPRESENTATION('',(#13398),#13402);
#13398 = LINE('',#13399,#13400);
#13399 = CARTESIAN_POINT('',(0.,0.));
#13400 = VECTOR('',#13401,1.);
#13401 = DIRECTION('',(0.,-1.));
#13402 = ( GEOMETRIC_REPRESENTATION_CONTEXT(2)
PARAMETRIC_REPRESENTATION_CONTEXT() REPRESENTATION_CONTEXT('2D SPACE',''
  ) );
#13403 = ADVANCED_FACE('',(#13404),#5747,.T.);
#13404 = FACE_BOUND('',#13405,.T.);
#13405 = EDGE_LOOP('',(#13406,#13407,#13408,#13409));
#13406 = ORIENTED_EDGE('',*,*,#10350,.F.);
#13407 = ORIENTED_EDGE('',*,*,#13383,.T.);
#13408 = ORIENTED_EDGE('',*,*,#5732,.F.);
#13409 = ORIENTED_EDGE('',*,*,#13410,.F.);
#13410 = EDGE_CURVE('',#10351,#5707,#13411,.T.);
#13411 = SURFACE_CURVE('',#13412,(#13416,#13423),.PCURVE_S1.);
#13412 = LINE('',#13413,#13414);
#13413 = CARTESIAN_POINT('',(189.95278835663,25.553629746284,
    308.83043195779));
#13414 = VECTOR('',#13415,1.);
#13415 = DIRECTION('',(1.110223024625E-16,-1.,0.));
#13416 = PCURVE('',#5747,#13417);
#13417 = DEFINITIONAL_REPRESENTATION('',(#13418),#13422);
#13418 = LINE('',#13419,#13420);
#13419 = CARTESIAN_POINT('',(1.038381842552,8.470215107861E-17));
#13420 = VECTOR('',#13421,1.);
#13421 = DIRECTION('',(0.,-1.));
#13422 = ( GEOMETRIC_REPRESENTATION_CONTEXT(2)
PARAMETRIC_REPRESENTATION_CONTEXT() REPRESENTATION_CONTEXT('2D SPACE',''
  ) );
#13423 = PCURVE('',#5721,#13424);
#13424 = DEFINITIONAL_REPRESENTATION('',(#13425),#13429);
#13425 = LINE('',#13426,#13427);
#13426 = CARTESIAN_POINT('',(0.,0.));
#13427 = VECTOR('',#13428,1.);
#13428 = DIRECTION('',(0.,-1.));
#13429 = ( GEOMETRIC_REPRESENTATION_CONTEXT(2)
PARAMETRIC_REPRESENTATION_CONTEXT() REPRESENTATION_CONTEXT('2D SPACE',''
  ) );
#13430 = ADVANCED_FACE('',(#13431),#5721,.T.);
#13431 = FACE_BOUND('',#13432,.T.);
#13432 = EDGE_LOOP('',(#13433,#13434,#13435,#13436));
#13433 = ORIENTED_EDGE('',*,*,#10373,.F.);
#13434 = ORIENTED_EDGE('',*,*,#13410,.T.);
#13435 = ORIENTED_EDGE('',*,*,#5706,.F.);
#13436 = ORIENTED_EDGE('',*,*,#13437,.F.);
#13437 = EDGE_CURVE('',#10374,#5679,#13438,.T.);
#13438 = SURFACE_CURVE('',#13439,(#13443,#13450),.PCURVE_S1.);
#13439 = LINE('',#13440,#13441);
#13440 = CARTESIAN_POINT('',(189.14280367729,25.553629746284,
    309.48017165196));
#13441 = VECTOR('',#13442,1.);
#13442 = DIRECTION('',(1.110223024625E-16,-1.,0.));
#13443 = PCURVE('',#5721,#13444);
#13444 = DEFINITIONAL_REPRESENTATION('',(#13445),#13449);
#13445 = LINE('',#13446,#13447);
#13446 = CARTESIAN_POINT('',(1.038381842552,8.992636405986E-17));
#13447 = VECTOR('',#13448,1.);
#13448 = DIRECTION('',(0.,-1.));
#13449 = ( GEOMETRIC_REPRESENTATION_CONTEXT(2)
PARAMETRIC_REPRESENTATION_CONTEXT() REPRESENTATION_CONTEXT('2D SPACE',''
  ) );
#13450 = PCURVE('',#5694,#13451);
#13451 = DEFINITIONAL_REPRESENTATION('',(#13452),#13456);
#13452 = LINE('',#13453,#13454);
#13453 = CARTESIAN_POINT('',(0.,0.));
#13454 = VECTOR('',#13455,1.);
#13455 = DIRECTION('',(0.,-1.));
#13456 = ( GEOMETRIC_REPRESENTATION_CONTEXT(2)
PARAMETRIC_REPRESENTATION_CONTEXT() REPRESENTATION_CONTEXT('2D SPACE',''
  ) );
#13457 = ADVANCED_FACE('',(#13458),#5694,.T.);
#13458 = FACE_BOUND('',#13459,.T.);
#13459 = EDGE_LOOP('',(#13460,#13461,#13462,#13483));
#13460 = ORIENTED_EDGE('',*,*,#13437,.T.);
#13461 = ORIENTED_EDGE('',*,*,#5678,.F.);
#13462 = ORIENTED_EDGE('',*,*,#13463,.F.);
#13463 = EDGE_CURVE('',#10397,#5651,#13464,.T.);
#13464 = SURFACE_CURVE('',#13465,(#13469,#13476),.PCURVE_S1.);
#13465 = LINE('',#13466,#13467);
#13466 = CARTESIAN_POINT('',(188.28967105708,25.553629746284,
    310.07211893278));
#13467 = VECTOR('',#13468,1.);
#13468 = DIRECTION('',(1.110223024625E-16,-1.,0.));
#13469 = PCURVE('',#5694,#13470);
#13470 = DEFINITIONAL_REPRESENTATION('',(#13471),#13475);
#13471 = LINE('',#13472,#13473);
#13472 = CARTESIAN_POINT('',(1.038381842552,9.471674780162E-17));
#13473 = VECTOR('',#13474,1.);
#13474 = DIRECTION('',(0.,-1.));
#13475 = ( GEOMETRIC_REPRESENTATION_CONTEXT(2)
PARAMETRIC_REPRESENTATION_CONTEXT() REPRESENTATION_CONTEXT('2D SPACE',''
  ) );
#13476 = PCURVE('',#5666,#13477);
#13477 = DEFINITIONAL_REPRESENTATION('',(#13478),#13482);
#13478 = LINE('',#13479,#13480);
#13479 = CARTESIAN_POINT('',(0.,0.));
#13480 = VECTOR('',#13481,1.);
#13481 = DIRECTION('',(0.,-1.));
#13482 = ( GEOMETRIC_REPRESENTATION_CONTEXT(2)
PARAMETRIC_REPRESENTATION_CONTEXT() REPRESENTATION_CONTEXT('2D SPACE',''
  ) );
#13483 = ORIENTED_EDGE('',*,*,#10396,.T.);
#13484 = ADVANCED_FACE('',(#13485),#5666,.T.);
#13485 = FACE_BOUND('',#13486,.T.);
#13486 = EDGE_LOOP('',(#13487,#13488,#13489,#13490));
#13487 = ORIENTED_EDGE('',*,*,#10419,.F.);
#13488 = ORIENTED_EDGE('',*,*,#13463,.T.);
#13489 = ORIENTED_EDGE('',*,*,#5650,.F.);
#13490 = ORIENTED_EDGE('',*,*,#13491,.F.);
#13491 = EDGE_CURVE('',#10420,#5623,#13492,.T.);
#13492 = SURFACE_CURVE('',#13493,(#13497,#13504),.PCURVE_S1.);
#13493 = LINE('',#13494,#13495);
#13494 = CARTESIAN_POINT('',(187.39750623981,25.553629746284,
    310.60341808558));
#13495 = VECTOR('',#13496,1.);
#13496 = DIRECTION('',(1.110223024625E-16,-1.,0.));
#13497 = PCURVE('',#5666,#13498);
#13498 = DEFINITIONAL_REPRESENTATION('',(#13499),#13503);
#13499 = LINE('',#13500,#13501);
#13500 = CARTESIAN_POINT('',(1.038381842552,9.905019218976E-17));
#13501 = VECTOR('',#13502,1.);
#13502 = DIRECTION('',(0.,-1.));
#13503 = ( GEOMETRIC_REPRESENTATION_CONTEXT(2)
PARAMETRIC_REPRESENTATION_CONTEXT() REPRESENTATION_CONTEXT('2D SPACE',''
  ) );
#13504 = PCURVE('',#5638,#13505);
#13505 = DEFINITIONAL_REPRESENTATION('',(#13506),#13510);
#13506 = LINE('',#13507,#13508);
#13507 = CARTESIAN_POINT('',(0.,0.));
#13508 = VECTOR('',#13509,1.);
#13509 = DIRECTION('',(0.,-1.));
#13510 = ( GEOMETRIC_REPRESENTATION_CONTEXT(2)
PARAMETRIC_REPRESENTATION_CONTEXT() REPRESENTATION_CONTEXT('2D SPACE',''
  ) );
#13511 = ADVANCED_FACE('',(#13512),#5638,.T.);
#13512 = FACE_BOUND('',#13513,.T.);
#13513 = EDGE_LOOP('',(#13514,#13515,#13516,#13517));
#13514 = ORIENTED_EDGE('',*,*,#10442,.F.);
#13515 = ORIENTED_EDGE('',*,*,#13491,.T.);
#13516 = ORIENTED_EDGE('',*,*,#5622,.F.);
#13517 = ORIENTED_EDGE('',*,*,#13518,.F.);
#13518 = EDGE_CURVE('',#10443,#5595,#13519,.T.);
#13519 = SURFACE_CURVE('',#13520,(#13524,#13531),.PCURVE_S1.);
#13520 = LINE('',#13521,#13522);
#13521 = CARTESIAN_POINT('',(186.47061327121,25.553629746284,
    311.07150597873));
#13522 = VECTOR('',#13523,1.);
#13523 = DIRECTION('',(1.110223024625E-16,-1.,0.));
#13524 = PCURVE('',#5638,#13525);
#13525 = DEFINITIONAL_REPRESENTATION('',(#13526),#13530);
#13526 = LINE('',#13527,#13528);
#13527 = CARTESIAN_POINT('',(1.038381842552,1.029057915099E-16));
#13528 = VECTOR('',#13529,1.);
#13529 = DIRECTION('',(0.,-1.));
#13530 = ( GEOMETRIC_REPRESENTATION_CONTEXT(2)
PARAMETRIC_REPRESENTATION_CONTEXT() REPRESENTATION_CONTEXT('2D SPACE',''
  ) );
#13531 = PCURVE('',#5610,#13532);
#13532 = DEFINITIONAL_REPRESENTATION('',(#13533),#13537);
#13533 = LINE('',#13534,#13535);
#13534 = CARTESIAN_POINT('',(0.,0.));
#13535 = VECTOR('',#13536,1.);
#13536 = DIRECTION('',(0.,-1.));
#13537 = ( GEOMETRIC_REPRESENTATION_CONTEXT(2)
PARAMETRIC_REPRESENTATION_CONTEXT() REPRESENTATION_CONTEXT('2D SPACE',''
  ) );
#13538 = ADVANCED_FACE('',(#13539),#5610,.T.);
#13539 = FACE_BOUND('',#13540,.T.);
#13540 = EDGE_LOOP('',(#13541,#13542,#13543,#13544));
#13541 = ORIENTED_EDGE('',*,*,#10465,.F.);
#13542 = ORIENTED_EDGE('',*,*,#13518,.T.);
#13543 = ORIENTED_EDGE('',*,*,#5594,.F.);
#13544 = ORIENTED_EDGE('',*,*,#13545,.F.);
#13545 = EDGE_CURVE('',#10466,#5567,#13546,.T.);
#13546 = SURFACE_CURVE('',#13547,(#13551,#13558),.PCURVE_S1.);
#13547 = LINE('',#13548,#13549);
#13548 = CARTESIAN_POINT('',(185.51346373508,25.553629746284,
    311.47412442891));
#13549 = VECTOR('',#13550,1.);
#13550 = DIRECTION('',(1.110223024625E-16,-1.,0.));
#13551 = PCURVE('',#5610,#13552);
#13552 = DEFINITIONAL_REPRESENTATION('',(#13553),#13557);
#13553 = LINE('',#13554,#13555);
#13554 = CARTESIAN_POINT('',(1.038381842552,1.062649453022E-16));
#13555 = VECTOR('',#13556,1.);
#13556 = DIRECTION('',(0.,-1.));
#13557 = ( GEOMETRIC_REPRESENTATION_CONTEXT(2)
PARAMETRIC_REPRESENTATION_CONTEXT() REPRESENTATION_CONTEXT('2D SPACE',''
  ) );
#13558 = PCURVE('',#5582,#13559);
#13559 = DEFINITIONAL_REPRESENTATION('',(#13560),#13564);
#13560 = LINE('',#13561,#13562);
#13561 = CARTESIAN_POINT('',(0.,0.));
#13562 = VECTOR('',#13563,1.);
#13563 = DIRECTION('',(0.,-1.));
#13564 = ( GEOMETRIC_REPRESENTATION_CONTEXT(2)
PARAMETRIC_REPRESENTATION_CONTEXT() REPRESENTATION_CONTEXT('2D SPACE',''
  ) );
#13565 = ADVANCED_FACE('',(#13566),#5582,.T.);
#13566 = FACE_BOUND('',#13567,.T.);
#13567 = EDGE_LOOP('',(#13568,#13569,#13570,#13571));
#13568 = ORIENTED_EDGE('',*,*,#10488,.F.);
#13569 = ORIENTED_EDGE('',*,*,#13545,.T.);
#13570 = ORIENTED_EDGE('',*,*,#5566,.F.);
#13571 = ORIENTED_EDGE('',*,*,#13572,.F.);
#13572 = EDGE_CURVE('',#10489,#5539,#13573,.T.);
#13573 = SURFACE_CURVE('',#13574,(#13578,#13585),.PCURVE_S1.);
#13574 = LINE('',#13575,#13576);
#13575 = CARTESIAN_POINT('',(184.53067518111,25.553629746284,
    311.80933109521));
#13576 = VECTOR('',#13577,1.);
#13577 = DIRECTION('',(1.110223024625E-16,-1.,0.));
#13578 = PCURVE('',#5582,#13579);
#13579 = DEFINITIONAL_REPRESENTATION('',(#13580),#13584);
#13580 = LINE('',#13581,#13582);
#13581 = CARTESIAN_POINT('',(1.038381842552,1.091114480952E-16));
#13582 = VECTOR('',#13583,1.);
#13583 = DIRECTION('',(0.,-1.));
#13584 = ( GEOMETRIC_REPRESENTATION_CONTEXT(2)
PARAMETRIC_REPRESENTATION_CONTEXT() REPRESENTATION_CONTEXT('2D SPACE',''
  ) );
#13585 = PCURVE('',#5554,#13586);
#13586 = DEFINITIONAL_REPRESENTATION('',(#13587),#13591);
#13587 = LINE('',#13588,#13589);
#13588 = CARTESIAN_POINT('',(0.,0.));
#13589 = VECTOR('',#13590,1.);
#13590 = DIRECTION('',(0.,-1.));
#13591 = ( GEOMETRIC_REPRESENTATION_CONTEXT(2)
PARAMETRIC_REPRESENTATION_CONTEXT() REPRESENTATION_CONTEXT('2D SPACE',''
  ) );
#13592 = ADVANCED_FACE('',(#13593),#5554,.T.);
#13593 = FACE_BOUND('',#13594,.T.);
#13594 = EDGE_LOOP('',(#13595,#13596,#13597,#13598));
#13595 = ORIENTED_EDGE('',*,*,#10511,.F.);
#13596 = ORIENTED_EDGE('',*,*,#13572,.T.);
#13597 = ORIENTED_EDGE('',*,*,#5538,.F.);
#13598 = ORIENTED_EDGE('',*,*,#13599,.F.);
#13599 = EDGE_CURVE('',#10512,#5511,#13600,.T.);
#13600 = SURFACE_CURVE('',#13601,(#13605,#13612),.PCURVE_S1.);
#13601 = LINE('',#13602,#13603);
#13602 = CARTESIAN_POINT('',(183.52698884861,25.553629746284,
    312.07550884951));
#13603 = VECTOR('',#13604,1.);
#13604 = DIRECTION('',(1.110223024625E-16,-1.,0.));
#13605 = PCURVE('',#5554,#13606);
#13606 = DEFINITIONAL_REPRESENTATION('',(#13607),#13611);
#13607 = LINE('',#13608,#13609);
#13608 = CARTESIAN_POINT('',(1.038381842552,1.11431567585E-16));
#13609 = VECTOR('',#13610,1.);
#13610 = DIRECTION('',(0.,-1.));
#13611 = ( GEOMETRIC_REPRESENTATION_CONTEXT(2)
PARAMETRIC_REPRESENTATION_CONTEXT() REPRESENTATION_CONTEXT('2D SPACE',''
  ) );
#13612 = PCURVE('',#5526,#13613);
#13613 = DEFINITIONAL_REPRESENTATION('',(#13614),#13618);
#13614 = LINE('',#13615,#13616);
#13615 = CARTESIAN_POINT('',(0.,0.));
#13616 = VECTOR('',#13617,1.);
#13617 = DIRECTION('',(0.,-1.));
#13618 = ( GEOMETRIC_REPRESENTATION_CONTEXT(2)
PARAMETRIC_REPRESENTATION_CONTEXT() REPRESENTATION_CONTEXT('2D SPACE',''
  ) );
#13619 = ADVANCED_FACE('',(#13620),#5526,.T.);
#13620 = FACE_BOUND('',#13621,.T.);
#13621 = EDGE_LOOP('',(#13622,#13623,#13624,#13625));
#13622 = ORIENTED_EDGE('',*,*,#10534,.F.);
#13623 = ORIENTED_EDGE('',*,*,#13599,.T.);
#13624 = ORIENTED_EDGE('',*,*,#5510,.F.);
#13625 = ORIENTED_EDGE('',*,*,#13626,.F.);
#13626 = EDGE_CURVE('',#10535,#5483,#13627,.T.);
#13627 = SURFACE_CURVE('',#13628,(#13632,#13639),.PCURVE_S1.);
#13628 = LINE('',#13629,#13630);
#13629 = CARTESIAN_POINT('',(182.50724679342,25.553629746284,
    312.27137357791));
#13630 = VECTOR('',#13631,1.);
#13631 = DIRECTION('',(1.110223024625E-16,-1.,0.));
#13632 = PCURVE('',#5526,#13633);
#13633 = DEFINITIONAL_REPRESENTATION('',(#13634),#13638);
#13634 = LINE('',#13635,#13636);
#13635 = CARTESIAN_POINT('',(1.038381842552,1.132141108844E-16));
#13636 = VECTOR('',#13637,1.);
#13637 = DIRECTION('',(0.,-1.));
#13638 = ( GEOMETRIC_REPRESENTATION_CONTEXT(2)
PARAMETRIC_REPRESENTATION_CONTEXT() REPRESENTATION_CONTEXT('2D SPACE',''
  ) );
#13639 = PCURVE('',#5498,#13640);
#13640 = DEFINITIONAL_REPRESENTATION('',(#13641),#13645);
#13641 = LINE('',#13642,#13643);
#13642 = CARTESIAN_POINT('',(0.,0.));
#13643 = VECTOR('',#13644,1.);
#13644 = DIRECTION('',(0.,-1.));
#13645 = ( GEOMETRIC_REPRESENTATION_CONTEXT(2)
PARAMETRIC_REPRESENTATION_CONTEXT() REPRESENTATION_CONTEXT('2D SPACE',''
  ) );
#13646 = ADVANCED_FACE('',(#13647),#5498,.T.);
#13647 = FACE_BOUND('',#13648,.T.);
#13648 = EDGE_LOOP('',(#13649,#13650,#13651,#13652));
#13649 = ORIENTED_EDGE('',*,*,#10557,.F.);
#13650 = ORIENTED_EDGE('',*,*,#13626,.T.);
#13651 = ORIENTED_EDGE('',*,*,#5482,.F.);
#13652 = ORIENTED_EDGE('',*,*,#13653,.F.);
#13653 = EDGE_CURVE('',#10558,#5455,#13654,.T.);
#13654 = SURFACE_CURVE('',#13655,(#13659,#13666),.PCURVE_S1.);
#13655 = LINE('',#13656,#13657);
#13656 = CARTESIAN_POINT('',(181.4763685286,25.553629746284,
    312.39598037569));
#13657 = VECTOR('',#13658,1.);
#13658 = DIRECTION('',(1.110223024625E-16,-1.,0.));
#13659 = PCURVE('',#5498,#13660);
#13660 = DEFINITIONAL_REPRESENTATION('',(#13661),#13665);
#13661 = LINE('',#13662,#13663);
#13662 = CARTESIAN_POINT('',(1.038381842552,1.144504785194E-16));
#13663 = VECTOR('',#13664,1.);
#13664 = DIRECTION('',(0.,-1.));
#13665 = ( GEOMETRIC_REPRESENTATION_CONTEXT(2)
PARAMETRIC_REPRESENTATION_CONTEXT() REPRESENTATION_CONTEXT('2D SPACE',''
  ) );
#13666 = PCURVE('',#5470,#13667);
#13667 = DEFINITIONAL_REPRESENTATION('',(#13668),#13672);
#13668 = LINE('',#13669,#13670);
#13669 = CARTESIAN_POINT('',(0.,0.));
#13670 = VECTOR('',#13671,1.);
#13671 = DIRECTION('',(0.,-1.));
#13672 = ( GEOMETRIC_REPRESENTATION_CONTEXT(2)
PARAMETRIC_REPRESENTATION_CONTEXT() REPRESENTATION_CONTEXT('2D SPACE',''
  ) );
#13673 = ADVANCED_FACE('',(#13674),#5470,.T.);
#13674 = FACE_BOUND('',#13675,.T.);
#13675 = EDGE_LOOP('',(#13676,#13677,#13678,#13679));
#13676 = ORIENTED_EDGE('',*,*,#10580,.F.);
#13677 = ORIENTED_EDGE('',*,*,#13653,.T.);
#13678 = ORIENTED_EDGE('',*,*,#5454,.F.);
#13679 = ORIENTED_EDGE('',*,*,#13680,.F.);
#13680 = EDGE_CURVE('',#10581,#5427,#13681,.T.);
#13681 = SURFACE_CURVE('',#13682,(#13686,#13693),.PCURVE_S1.);
#13682 = LINE('',#13683,#13684);
#13683 = CARTESIAN_POINT('',(180.43932729127,25.553629746284,
    312.44872810578));
#13684 = VECTOR('',#13685,1.);
#13685 = DIRECTION('',(1.110223024625E-16,-1.,0.));
#13686 = PCURVE('',#5470,#13687);
#13687 = DEFINITIONAL_REPRESENTATION('',(#13688),#13692);
#13688 = LINE('',#13689,#13690);
#13689 = CARTESIAN_POINT('',(1.038381842552,1.151347059164E-16));
#13690 = VECTOR('',#13691,1.);
#13691 = DIRECTION('',(0.,-1.));
#13692 = ( GEOMETRIC_REPRESENTATION_CONTEXT(2)
PARAMETRIC_REPRESENTATION_CONTEXT() REPRESENTATION_CONTEXT('2D SPACE',''
  ) );
#13693 = PCURVE('',#5442,#13694);
#13694 = DEFINITIONAL_REPRESENTATION('',(#13695),#13699);
#13695 = LINE('',#13696,#13697);
#13696 = CARTESIAN_POINT('',(-0.,0.));
#13697 = VECTOR('',#13698,1.);
#13698 = DIRECTION('',(0.,-1.));
#13699 = ( GEOMETRIC_REPRESENTATION_CONTEXT(2)
PARAMETRIC_REPRESENTATION_CONTEXT() REPRESENTATION_CONTEXT('2D SPACE',''
  ) );
#13700 = ADVANCED_FACE('',(#13701),#5442,.T.);
#13701 = FACE_BOUND('',#13702,.T.);
#13702 = EDGE_LOOP('',(#13703,#13704,#13705,#13706));
#13703 = ORIENTED_EDGE('',*,*,#10603,.F.);
#13704 = ORIENTED_EDGE('',*,*,#13680,.T.);
#13705 = ORIENTED_EDGE('',*,*,#5426,.F.);
#13706 = ORIENTED_EDGE('',*,*,#13707,.F.);
#13707 = EDGE_CURVE('',#10604,#5399,#13708,.T.);
#13708 = SURFACE_CURVE('',#13709,(#13713,#13720),.PCURVE_S1.);
#13709 = LINE('',#13710,#13711);
#13710 = CARTESIAN_POINT('',(179.40112605044,25.553629746284,
    312.42936229876));
#13711 = VECTOR('',#13712,1.);
#13712 = DIRECTION('',(1.110223024625E-16,-1.,0.));
#13713 = PCURVE('',#5442,#13714);
#13714 = DEFINITIONAL_REPRESENTATION('',(#13715),#13719);
#13715 = LINE('',#13716,#13717);
#13716 = CARTESIAN_POINT('',(1.038381842552,1.152634921764E-16));
#13717 = VECTOR('',#13718,1.);
#13718 = DIRECTION('',(0.,-1.));
#13719 = ( GEOMETRIC_REPRESENTATION_CONTEXT(2)
PARAMETRIC_REPRESENTATION_CONTEXT() REPRESENTATION_CONTEXT('2D SPACE',''
  ) );
#13720 = PCURVE('',#5414,#13721);
#13721 = DEFINITIONAL_REPRESENTATION('',(#13722),#13726);
#13722 = LINE('',#13723,#13724);
#13723 = CARTESIAN_POINT('',(-0.,0.));
#13724 = VECTOR('',#13725,1.);
#13725 = DIRECTION('',(0.,-1.));
#13726 = ( GEOMETRIC_REPRESENTATION_CONTEXT(2)
PARAMETRIC_REPRESENTATION_CONTEXT() REPRESENTATION_CONTEXT('2D SPACE',''
  ) );
#13727 = ADVANCED_FACE('',(#13728),#5414,.T.);
#13728 = FACE_BOUND('',#13729,.T.);
#13729 = EDGE_LOOP('',(#13730,#13731,#13732,#13733));
#13730 = ORIENTED_EDGE('',*,*,#10626,.F.);
#13731 = ORIENTED_EDGE('',*,*,#13707,.T.);
#13732 = ORIENTED_EDGE('',*,*,#5398,.F.);
#13733 = ORIENTED_EDGE('',*,*,#13734,.F.);
#13734 = EDGE_CURVE('',#10627,#5371,#13735,.T.);
#13735 = SURFACE_CURVE('',#13736,(#13740,#13747),.PCURVE_S1.);
#13736 = LINE('',#13737,#13738);
#13737 = CARTESIAN_POINT('',(178.36677337128,25.553629746284,
    312.33797638057));
#13738 = VECTOR('',#13739,1.);
#13739 = DIRECTION('',(1.110223024625E-16,-1.,0.));
#13740 = PCURVE('',#5414,#13741);
#13741 = DEFINITIONAL_REPRESENTATION('',(#13742),#13746);
#13742 = LINE('',#13743,#13744);
#13743 = CARTESIAN_POINT('',(1.038381842552,1.148362159993E-16));
#13744 = VECTOR('',#13745,1.);
#13745 = DIRECTION('',(0.,-1.));
#13746 = ( GEOMETRIC_REPRESENTATION_CONTEXT(2)
PARAMETRIC_REPRESENTATION_CONTEXT() REPRESENTATION_CONTEXT('2D SPACE',''
  ) );
#13747 = PCURVE('',#5386,#13748);
#13748 = DEFINITIONAL_REPRESENTATION('',(#13749),#13753);
#13749 = LINE('',#13750,#13751);
#13750 = CARTESIAN_POINT('',(-0.,0.));
#13751 = VECTOR('',#13752,1.);
#13752 = DIRECTION('',(0.,-1.));
#13753 = ( GEOMETRIC_REPRESENTATION_CONTEXT(2)
PARAMETRIC_REPRESENTATION_CONTEXT() REPRESENTATION_CONTEXT('2D SPACE',''
  ) );
#13754 = ADVANCED_FACE('',(#13755),#5386,.T.);
#13755 = FACE_BOUND('',#13756,.T.);
#13756 = EDGE_LOOP('',(#13757,#13758,#13759,#13760));
#13757 = ORIENTED_EDGE('',*,*,#10649,.F.);
#13758 = ORIENTED_EDGE('',*,*,#13734,.T.);
#13759 = ORIENTED_EDGE('',*,*,#5370,.F.);
#13760 = ORIENTED_EDGE('',*,*,#13761,.F.);
#13761 = EDGE_CURVE('',#10650,#5343,#13762,.T.);
#13762 = SURFACE_CURVE('',#13763,(#13767,#13774),.PCURVE_S1.);
#13763 = LINE('',#13764,#13765);
#13764 = CARTESIAN_POINT('',(177.34125925244,25.553629746284,
    312.17501122172));
#13765 = VECTOR('',#13766,1.);
#13766 = DIRECTION('',(1.110223024625E-16,-1.,0.));
#13767 = PCURVE('',#5386,#13768);
#13768 = DEFINITIONAL_REPRESENTATION('',(#13769),#13773);
#13769 = LINE('',#13770,#13771);
#13770 = CARTESIAN_POINT('',(1.038381842552,1.138549386817E-16));
#13771 = VECTOR('',#13772,1.);
#13772 = DIRECTION('',(0.,-1.));
#13773 = ( GEOMETRIC_REPRESENTATION_CONTEXT(2)
PARAMETRIC_REPRESENTATION_CONTEXT() REPRESENTATION_CONTEXT('2D SPACE',''
  ) );
#13774 = PCURVE('',#5358,#13775);
#13775 = DEFINITIONAL_REPRESENTATION('',(#13776),#13780);
#13776 = LINE('',#13777,#13778);
#13777 = CARTESIAN_POINT('',(-0.,0.));
#13778 = VECTOR('',#13779,1.);
#13779 = DIRECTION('',(0.,-1.));
#13780 = ( GEOMETRIC_REPRESENTATION_CONTEXT(2)
PARAMETRIC_REPRESENTATION_CONTEXT() REPRESENTATION_CONTEXT('2D SPACE',''
  ) );
#13781 = ADVANCED_FACE('',(#13782),#5358,.T.);
#13782 = FACE_BOUND('',#13783,.T.);
#13783 = EDGE_LOOP('',(#13784,#13785,#13786,#13787));
#13784 = ORIENTED_EDGE('',*,*,#10672,.F.);
#13785 = ORIENTED_EDGE('',*,*,#13761,.T.);
#13786 = ORIENTED_EDGE('',*,*,#5342,.F.);
#13787 = ORIENTED_EDGE('',*,*,#13788,.F.);
#13788 = EDGE_CURVE('',#10673,#5315,#13789,.T.);
#13789 = SURFACE_CURVE('',#13790,(#13794,#13801),.PCURVE_S1.);
#13790 = LINE('',#13791,#13792);
#13791 = CARTESIAN_POINT('',(176.32953105296,25.553629746284,
    311.94125301048));
#13792 = VECTOR('',#13793,1.);
#13793 = DIRECTION('',(1.110223024625E-16,-1.,0.));
#13794 = PCURVE('',#5358,#13795);
#13795 = DEFINITIONAL_REPRESENTATION('',(#13796),#13800);
#13796 = LINE('',#13797,#13798);
#13797 = CARTESIAN_POINT('',(1.038381842552,1.123243941722E-16));
#13798 = VECTOR('',#13799,1.);
#13799 = DIRECTION('',(0.,-1.));
#13800 = ( GEOMETRIC_REPRESENTATION_CONTEXT(2)
PARAMETRIC_REPRESENTATION_CONTEXT() REPRESENTATION_CONTEXT('2D SPACE',''
  ) );
#13801 = PCURVE('',#5330,#13802);
#13802 = DEFINITIONAL_REPRESENTATION('',(#13803),#13807);
#13803 = LINE('',#13804,#13805);
#13804 = CARTESIAN_POINT('',(0.,0.));
#13805 = VECTOR('',#13806,1.);
#13806 = DIRECTION('',(0.,-1.));
#13807 = ( GEOMETRIC_REPRESENTATION_CONTEXT(2)
PARAMETRIC_REPRESENTATION_CONTEXT() REPRESENTATION_CONTEXT('2D SPACE',''
  ) );
#13808 = ADVANCED_FACE('',(#13809),#5330,.T.);
#13809 = FACE_BOUND('',#13810,.T.);
#13810 = EDGE_LOOP('',(#13811,#13812,#13813,#13814));
#13811 = ORIENTED_EDGE('',*,*,#10695,.F.);
#13812 = ORIENTED_EDGE('',*,*,#13788,.T.);
#13813 = ORIENTED_EDGE('',*,*,#5314,.F.);
#13814 = ORIENTED_EDGE('',*,*,#13815,.F.);
#13815 = EDGE_CURVE('',#10696,#5287,#13816,.T.);
#13816 = SURFACE_CURVE('',#13817,(#13821,#13828),.PCURVE_S1.);
#13817 = LINE('',#13818,#13819);
#13818 = CARTESIAN_POINT('',(177.28716151984,25.553629746284,
    308.36732745321));
#13819 = VECTOR('',#13820,1.);
#13820 = DIRECTION('',(1.110223024625E-16,-1.,0.));
#13821 = PCURVE('',#5330,#13822);
#13822 = DEFINITIONAL_REPRESENTATION('',(#13823),#13827);
#13823 = LINE('',#13824,#13825);
#13824 = CARTESIAN_POINT('',(3.7,-1.063183393412E-16));
#13825 = VECTOR('',#13826,1.);
#13826 = DIRECTION('',(0.,-1.));
#13827 = ( GEOMETRIC_REPRESENTATION_CONTEXT(2)
PARAMETRIC_REPRESENTATION_CONTEXT() REPRESENTATION_CONTEXT('2D SPACE',''
  ) );
#13828 = PCURVE('',#5302,#13829);
#13829 = DEFINITIONAL_REPRESENTATION('',(#13830),#13834);
#13830 = LINE('',#13831,#13832);
#13831 = CARTESIAN_POINT('',(0.,0.));
#13832 = VECTOR('',#13833,1.);
#13833 = DIRECTION('',(0.,-1.));
#13834 = ( GEOMETRIC_REPRESENTATION_CONTEXT(2)
PARAMETRIC_REPRESENTATION_CONTEXT() REPRESENTATION_CONTEXT('2D SPACE',''
  ) );
#13835 = ADVANCED_FACE('',(#13836),#5302,.T.);
#13836 = FACE_BOUND('',#13837,.T.);
#13837 = EDGE_LOOP('',(#13838,#13839,#13840,#13841));
#13838 = ORIENTED_EDGE('',*,*,#10718,.F.);
#13839 = ORIENTED_EDGE('',*,*,#13815,.T.);
#13840 = ORIENTED_EDGE('',*,*,#5286,.F.);
#13841 = ORIENTED_EDGE('',*,*,#13842,.F.);
#13842 = EDGE_CURVE('',#10719,#5259,#13843,.T.);
#13843 = SURFACE_CURVE('',#13844,(#13848,#13855),.PCURVE_S1.);
#13844 = LINE('',#13845,#13846);
#13845 = CARTESIAN_POINT('',(178.04849544921,25.553629746284,
    308.54323246167));
#13846 = VECTOR('',#13847,1.);
#13847 = DIRECTION('',(1.110223024625E-16,-1.,0.));
#13848 = PCURVE('',#5302,#13849);
#13849 = DEFINITIONAL_REPRESENTATION('',(#13850),#13854);
#13850 = LINE('',#13851,#13852);
#13851 = CARTESIAN_POINT('',(0.781391018643,-8.452504578176E-17));
#13852 = VECTOR('',#13853,1.);
#13853 = DIRECTION('',(0.,-1.));
#13854 = ( GEOMETRIC_REPRESENTATION_CONTEXT(2)
PARAMETRIC_REPRESENTATION_CONTEXT() REPRESENTATION_CONTEXT('2D SPACE',''
  ) );
#13855 = PCURVE('',#5274,#13856);
#13856 = DEFINITIONAL_REPRESENTATION('',(#13857),#13861);
#13857 = LINE('',#13858,#13859);
#13858 = CARTESIAN_POINT('',(0.,0.));
#13859 = VECTOR('',#13860,1.);
#13860 = DIRECTION('',(0.,-1.));
#13861 = ( GEOMETRIC_REPRESENTATION_CONTEXT(2)
PARAMETRIC_REPRESENTATION_CONTEXT() REPRESENTATION_CONTEXT('2D SPACE',''
  ) );
#13862 = ADVANCED_FACE('',(#13863),#5274,.T.);
#13863 = FACE_BOUND('',#13864,.T.);
#13864 = EDGE_LOOP('',(#13865,#13866,#13867,#13868));
#13865 = ORIENTED_EDGE('',*,*,#10741,.F.);
#13866 = ORIENTED_EDGE('',*,*,#13842,.T.);
#13867 = ORIENTED_EDGE('',*,*,#5258,.F.);
#13868 = ORIENTED_EDGE('',*,*,#13869,.F.);
#13869 = EDGE_CURVE('',#10742,#5231,#13870,.T.);
#13870 = SURFACE_CURVE('',#13871,(#13875,#13882),.PCURVE_S1.);
#13871 = LINE('',#13872,#13873);
#13872 = CARTESIAN_POINT('',(178.82020339817,25.553629746284,
    308.66586510629));
#13873 = VECTOR('',#13874,1.);
#13874 = DIRECTION('',(1.110223024625E-16,-1.,0.));
#13875 = PCURVE('',#5274,#13876);
#13876 = DEFINITIONAL_REPRESENTATION('',(#13877),#13881);
#13877 = LINE('',#13878,#13879);
#13878 = CARTESIAN_POINT('',(0.781391018643,-8.567679332234E-17));
#13879 = VECTOR('',#13880,1.);
#13880 = DIRECTION('',(0.,-1.));
#13881 = ( GEOMETRIC_REPRESENTATION_CONTEXT(2)
PARAMETRIC_REPRESENTATION_CONTEXT() REPRESENTATION_CONTEXT('2D SPACE',''
  ) );
#13882 = PCURVE('',#5246,#13883);
#13883 = DEFINITIONAL_REPRESENTATION('',(#13884),#13888);
#13884 = LINE('',#13885,#13886);
#13885 = CARTESIAN_POINT('',(0.,0.));
#13886 = VECTOR('',#13887,1.);
#13887 = DIRECTION('',(0.,-1.));
#13888 = ( GEOMETRIC_REPRESENTATION_CONTEXT(2)
PARAMETRIC_REPRESENTATION_CONTEXT() REPRESENTATION_CONTEXT('2D SPACE',''
  ) );
#13889 = ADVANCED_FACE('',(#13890),#5246,.T.);
#13890 = FACE_BOUND('',#13891,.T.);
#13891 = EDGE_LOOP('',(#13892,#13893,#13894,#13895));
#13892 = ORIENTED_EDGE('',*,*,#10764,.F.);
#13893 = ORIENTED_EDGE('',*,*,#13869,.T.);
#13894 = ORIENTED_EDGE('',*,*,#5230,.F.);
#13895 = ORIENTED_EDGE('',*,*,#13896,.F.);
#13896 = EDGE_CURVE('',#10765,#5203,#13897,.T.);
#13897 = SURFACE_CURVE('',#13898,(#13902,#13909),.PCURVE_S1.);
#13898 = LINE('',#13899,#13900);
#13899 = CARTESIAN_POINT('',(179.59856243768,25.553629746284,
    308.73463377382));
#13900 = VECTOR('',#13901,1.);
#13901 = DIRECTION('',(1.110223024625E-16,-1.,0.));
#13902 = PCURVE('',#5246,#13903);
#13903 = DEFINITIONAL_REPRESENTATION('',(#13904),#13908);
#13904 = LINE('',#13905,#13906);
#13905 = CARTESIAN_POINT('',(0.781391018643,-8.641521270851E-17));
#13906 = VECTOR('',#13907,1.);
#13907 = DIRECTION('',(0.,-1.));
#13908 = ( GEOMETRIC_REPRESENTATION_CONTEXT(2)
PARAMETRIC_REPRESENTATION_CONTEXT() REPRESENTATION_CONTEXT('2D SPACE',''
  ) );
#13909 = PCURVE('',#5218,#13910);
#13910 = DEFINITIONAL_REPRESENTATION('',(#13911),#13915);
#13911 = LINE('',#13912,#13913);
#13912 = CARTESIAN_POINT('',(0.,0.));
#13913 = VECTOR('',#13914,1.);
#13914 = DIRECTION('',(0.,-1.));
#13915 = ( GEOMETRIC_REPRESENTATION_CONTEXT(2)
PARAMETRIC_REPRESENTATION_CONTEXT() REPRESENTATION_CONTEXT('2D SPACE',''
  ) );
#13916 = ADVANCED_FACE('',(#13917),#5218,.T.);
#13917 = FACE_BOUND('',#13918,.T.);
#13918 = EDGE_LOOP('',(#13919,#13920,#13921,#13922));
#13919 = ORIENTED_EDGE('',*,*,#10787,.F.);
#13920 = ORIENTED_EDGE('',*,*,#13896,.T.);
#13921 = ORIENTED_EDGE('',*,*,#5202,.F.);
#13922 = ORIENTED_EDGE('',*,*,#13923,.F.);
#13923 = EDGE_CURVE('',#10788,#5175,#13924,.T.);
#13924 = SURFACE_CURVE('',#13925,(#13929,#13936),.PCURVE_S1.);
#13925 = LINE('',#13926,#13927);
#13926 = CARTESIAN_POINT('',(180.37981755202,25.553629746284,
    308.74920670552));
#13927 = VECTOR('',#13928,1.);
#13928 = DIRECTION('',(1.110223024625E-16,-1.,0.));
#13929 = PCURVE('',#5218,#13930);
#13930 = DEFINITIONAL_REPRESENTATION('',(#13931),#13935);
#13931 = LINE('',#13932,#13933);
#13932 = CARTESIAN_POINT('',(0.781391018643,-8.67367416043E-17));
#13933 = VECTOR('',#13934,1.);
#13934 = DIRECTION('',(0.,-1.));
#13935 = ( GEOMETRIC_REPRESENTATION_CONTEXT(2)
PARAMETRIC_REPRESENTATION_CONTEXT() REPRESENTATION_CONTEXT('2D SPACE',''
  ) );
#13936 = PCURVE('',#5190,#13937);
#13937 = DEFINITIONAL_REPRESENTATION('',(#13938),#13942);
#13938 = LINE('',#13939,#13940);
#13939 = CARTESIAN_POINT('',(0.,0.));
#13940 = VECTOR('',#13941,1.);
#13941 = DIRECTION('',(0.,-1.));
#13942 = ( GEOMETRIC_REPRESENTATION_CONTEXT(2)
PARAMETRIC_REPRESENTATION_CONTEXT() REPRESENTATION_CONTEXT('2D SPACE',''
  ) );
#13943 = ADVANCED_FACE('',(#13944),#5190,.T.);
#13944 = FACE_BOUND('',#13945,.T.);
#13945 = EDGE_LOOP('',(#13946,#13947,#13948,#13949));
#13946 = ORIENTED_EDGE('',*,*,#10810,.F.);
#13947 = ORIENTED_EDGE('',*,*,#13923,.T.);
#13948 = ORIENTED_EDGE('',*,*,#5174,.F.);
#13949 = ORIENTED_EDGE('',*,*,#13950,.F.);
#13950 = EDGE_CURVE('',#10811,#5147,#13951,.T.);
#13951 = SURFACE_CURVE('',#13952,(#13956,#13963),.PCURVE_S1.);
#13952 = LINE('',#13953,#13954);
#13953 = CARTESIAN_POINT('',(181.16019975402,25.553629746284,
    308.7095135976));
#13954 = VECTOR('',#13955,1.);
#13955 = DIRECTION('',(1.110223024625E-16,-1.,0.));
#13956 = PCURVE('',#5190,#13957);
#13957 = DEFINITIONAL_REPRESENTATION('',(#13958),#13962);
#13958 = LINE('',#13959,#13960);
#13959 = CARTESIAN_POINT('',(0.781391018643,-8.663982886689E-17));
#13960 = VECTOR('',#13961,1.);
#13961 = DIRECTION('',(0.,-1.));
#13962 = ( GEOMETRIC_REPRESENTATION_CONTEXT(2)
PARAMETRIC_REPRESENTATION_CONTEXT() REPRESENTATION_CONTEXT('2D SPACE',''
  ) );
#13963 = PCURVE('',#5162,#13964);
#13964 = DEFINITIONAL_REPRESENTATION('',(#13965),#13969);
#13965 = LINE('',#13966,#13967);
#13966 = CARTESIAN_POINT('',(0.,0.));
#13967 = VECTOR('',#13968,1.);
#13968 = DIRECTION('',(0.,-1.));
#13969 = ( GEOMETRIC_REPRESENTATION_CONTEXT(2)
PARAMETRIC_REPRESENTATION_CONTEXT() REPRESENTATION_CONTEXT('2D SPACE',''
  ) );
#13970 = ADVANCED_FACE('',(#13971),#5162,.T.);
#13971 = FACE_BOUND('',#13972,.T.);
#13972 = EDGE_LOOP('',(#13973,#13974,#13975,#13976));
#13973 = ORIENTED_EDGE('',*,*,#10833,.F.);
#13974 = ORIENTED_EDGE('',*,*,#13950,.T.);
#13975 = ORIENTED_EDGE('',*,*,#5146,.F.);
#13976 = ORIENTED_EDGE('',*,*,#13977,.F.);
#13977 = EDGE_CURVE('',#10834,#5119,#13978,.T.);
#13978 = SURFACE_CURVE('',#13979,(#13983,#13990),.PCURVE_S1.);
#13979 = LINE('',#13980,#13981);
#13980 = CARTESIAN_POINT('',(181.93594426768,25.553629746284,
    308.6157459404));
#13981 = VECTOR('',#13982,1.);
#13982 = DIRECTION('',(1.110223024625E-16,-1.,0.));
#13983 = PCURVE('',#5162,#13984);
#13984 = DEFINITIONAL_REPRESENTATION('',(#13985),#13989);
#13985 = LINE('',#13986,#13987);
#13986 = CARTESIAN_POINT('',(0.781391018643,-8.612494202965E-17));
#13987 = VECTOR('',#13988,1.);
#13988 = DIRECTION('',(0.,-1.));
#13989 = ( GEOMETRIC_REPRESENTATION_CONTEXT(2)
PARAMETRIC_REPRESENTATION_CONTEXT() REPRESENTATION_CONTEXT('2D SPACE',''
  ) );
#13990 = PCURVE('',#5134,#13991);
#13991 = DEFINITIONAL_REPRESENTATION('',(#13992),#13996);
#13992 = LINE('',#13993,#13994);
#13993 = CARTESIAN_POINT('',(0.,0.));
#13994 = VECTOR('',#13995,1.);
#13995 = DIRECTION('',(0.,-1.));
#13996 = ( GEOMETRIC_REPRESENTATION_CONTEXT(2)
PARAMETRIC_REPRESENTATION_CONTEXT() REPRESENTATION_CONTEXT('2D SPACE',''
  ) );
#13997 = ADVANCED_FACE('',(#13998),#5134,.T.);
#13998 = FACE_BOUND('',#13999,.T.);
#13999 = EDGE_LOOP('',(#14000,#14001,#14002,#14003));
#14000 = ORIENTED_EDGE('',*,*,#10856,.F.);
#14001 = ORIENTED_EDGE('',*,*,#13977,.T.);
#14002 = ORIENTED_EDGE('',*,*,#5118,.F.);
#14003 = ORIENTED_EDGE('',*,*,#14004,.F.);
#14004 = EDGE_CURVE('',#10857,#5091,#14005,.T.);
#14005 = SURFACE_CURVE('',#14006,(#14010,#14017),.PCURVE_S1.);
#14006 = LINE('',#14007,#14008);
#14007 = CARTESIAN_POINT('',(182.70330869048,25.553629746284,
    308.46835609462));
#14008 = VECTOR('',#14009,1.);
#14009 = DIRECTION('',(1.110223024625E-16,-1.,0.));
#14010 = PCURVE('',#5134,#14011);
#14011 = DEFINITIONAL_REPRESENTATION('',(#14012),#14016);
#14012 = LINE('',#14013,#14014);
#14013 = CARTESIAN_POINT('',(0.781391018643,-8.519456504675E-17));
#14014 = VECTOR('',#14015,1.);
#14015 = DIRECTION('',(0.,-1.));
#14016 = ( GEOMETRIC_REPRESENTATION_CONTEXT(2)
PARAMETRIC_REPRESENTATION_CONTEXT() REPRESENTATION_CONTEXT('2D SPACE',''
  ) );
#14017 = PCURVE('',#5106,#14018);
#14018 = DEFINITIONAL_REPRESENTATION('',(#14019),#14023);
#14019 = LINE('',#14020,#14021);
#14020 = CARTESIAN_POINT('',(0.,0.));
#14021 = VECTOR('',#14022,1.);
#14022 = DIRECTION('',(0.,-1.));
#14023 = ( GEOMETRIC_REPRESENTATION_CONTEXT(2)
PARAMETRIC_REPRESENTATION_CONTEXT() REPRESENTATION_CONTEXT('2D SPACE',''
  ) );
#14024 = ADVANCED_FACE('',(#14025),#5106,.T.);
#14025 = FACE_BOUND('',#14026,.T.);
#14026 = EDGE_LOOP('',(#14027,#14028,#14029,#14030));
#14027 = ORIENTED_EDGE('',*,*,#10879,.F.);
#14028 = ORIENTED_EDGE('',*,*,#14004,.T.);
#14029 = ORIENTED_EDGE('',*,*,#5090,.F.);
#14030 = ORIENTED_EDGE('',*,*,#14031,.F.);
#14031 = EDGE_CURVE('',#10880,#5063,#14032,.T.);
#14032 = SURFACE_CURVE('',#14033,(#14037,#14044),.PCURVE_S1.);
#14033 = LINE('',#14034,#14035);
#14034 = CARTESIAN_POINT('',(183.45859104771,25.553629746284,
    308.26805510894));
#14035 = VECTOR('',#14036,1.);
#14036 = DIRECTION('',(1.110223024625E-16,-1.,0.));
#14037 = PCURVE('',#5106,#14038);
#14038 = DEFINITIONAL_REPRESENTATION('',(#14039),#14043);
#14039 = LINE('',#14040,#14041);
#14040 = CARTESIAN_POINT('',(0.781391018643,-8.385318630981E-17));
#14041 = VECTOR('',#14042,1.);
#14042 = DIRECTION('',(0.,-1.));
#14043 = ( GEOMETRIC_REPRESENTATION_CONTEXT(2)
PARAMETRIC_REPRESENTATION_CONTEXT() REPRESENTATION_CONTEXT('2D SPACE',''
  ) );
#14044 = PCURVE('',#5078,#14045);
#14045 = DEFINITIONAL_REPRESENTATION('',(#14046),#14050);
#14046 = LINE('',#14047,#14048);
#14047 = CARTESIAN_POINT('',(0.,0.));
#14048 = VECTOR('',#14049,1.);
#14049 = DIRECTION('',(0.,-1.));
#14050 = ( GEOMETRIC_REPRESENTATION_CONTEXT(2)
PARAMETRIC_REPRESENTATION_CONTEXT() REPRESENTATION_CONTEXT('2D SPACE',''
  ) );
#14051 = ADVANCED_FACE('',(#14052),#5078,.T.);
#14052 = FACE_BOUND('',#14053,.T.);
#14053 = EDGE_LOOP('',(#14054,#14055,#14056,#14057));
#14054 = ORIENTED_EDGE('',*,*,#10902,.F.);
#14055 = ORIENTED_EDGE('',*,*,#14031,.T.);
#14056 = ORIENTED_EDGE('',*,*,#5062,.F.);
#14057 = ORIENTED_EDGE('',*,*,#14058,.F.);
#14058 = EDGE_CURVE('',#10903,#5035,#14059,.T.);
#14059 = SURFACE_CURVE('',#14060,(#14064,#14071),.PCURVE_S1.);
#14060 = LINE('',#14061,#14062);
#14061 = CARTESIAN_POINT('',(184.19814765187,25.553629746284,
    308.01580928982));
#14062 = VECTOR('',#14063,1.);
#14063 = DIRECTION('',(1.110223024625E-16,-1.,0.));
#14064 = PCURVE('',#5078,#14065);
#14065 = DEFINITIONAL_REPRESENTATION('',(#14066),#14070);
#14066 = LINE('',#14067,#14068);
#14067 = CARTESIAN_POINT('',(0.781391018643,-8.210727699469E-17));
#14068 = VECTOR('',#14069,1.);
#14069 = DIRECTION('',(0.,-1.));
#14070 = ( GEOMETRIC_REPRESENTATION_CONTEXT(2)
PARAMETRIC_REPRESENTATION_CONTEXT() REPRESENTATION_CONTEXT('2D SPACE',''
  ) );
#14071 = PCURVE('',#5050,#14072);
#14072 = DEFINITIONAL_REPRESENTATION('',(#14073),#14077);
#14073 = LINE('',#14074,#14075);
#14074 = CARTESIAN_POINT('',(0.,0.));
#14075 = VECTOR('',#14076,1.);
#14076 = DIRECTION('',(0.,-1.));
#14077 = ( GEOMETRIC_REPRESENTATION_CONTEXT(2)
PARAMETRIC_REPRESENTATION_CONTEXT() REPRESENTATION_CONTEXT('2D SPACE',''
  ) );
#14078 = ADVANCED_FACE('',(#14079),#5050,.T.);
#14079 = FACE_BOUND('',#14080,.T.);
#14080 = EDGE_LOOP('',(#14081,#14082,#14083,#14084));
#14081 = ORIENTED_EDGE('',*,*,#10925,.F.);
#14082 = ORIENTED_EDGE('',*,*,#14058,.T.);
#14083 = ORIENTED_EDGE('',*,*,#5034,.F.);
#14084 = ORIENTED_EDGE('',*,*,#14085,.F.);
#14085 = EDGE_CURVE('',#10926,#5007,#14086,.T.);
#14086 = SURFACE_CURVE('',#14087,(#14091,#14098),.PCURVE_S1.);
#14087 = LINE('',#14088,#14089);
#14088 = CARTESIAN_POINT('',(184.91841068073,25.553629746284,
    307.71283553968));
#14089 = VECTOR('',#14090,1.);
#14090 = DIRECTION('',(1.110223024625E-16,-1.,0.));
#14091 = PCURVE('',#5050,#14092);
#14092 = DEFINITIONAL_REPRESENTATION('',(#14093),#14097);
#14093 = LINE('',#14094,#14095);
#14094 = CARTESIAN_POINT('',(0.781391018643,-7.996525984281E-17));
#14095 = VECTOR('',#14096,1.);
#14096 = DIRECTION('',(0.,-1.));
#14097 = ( GEOMETRIC_REPRESENTATION_CONTEXT(2)
PARAMETRIC_REPRESENTATION_CONTEXT() REPRESENTATION_CONTEXT('2D SPACE',''
  ) );
#14098 = PCURVE('',#5022,#14099);
#14099 = DEFINITIONAL_REPRESENTATION('',(#14100),#14104);
#14100 = LINE('',#14101,#14102);
#14101 = CARTESIAN_POINT('',(0.,0.));
#14102 = VECTOR('',#14103,1.);
#14103 = DIRECTION('',(0.,-1.));
#14104 = ( GEOMETRIC_REPRESENTATION_CONTEXT(2)
PARAMETRIC_REPRESENTATION_CONTEXT() REPRESENTATION_CONTEXT('2D SPACE',''
  ) );
#14105 = ADVANCED_FACE('',(#14106),#5022,.T.);
#14106 = FACE_BOUND('',#14107,.T.);
#14107 = EDGE_LOOP('',(#14108,#14109,#14110,#14131));
#14108 = ORIENTED_EDGE('',*,*,#14085,.T.);
#14109 = ORIENTED_EDGE('',*,*,#5006,.F.);
#14110 = ORIENTED_EDGE('',*,*,#14111,.F.);
#14111 = EDGE_CURVE('',#10949,#4981,#14112,.T.);
#14112 = SURFACE_CURVE('',#14113,(#14117,#14124),.PCURVE_S1.);
#14113 = LINE('',#14114,#14115);
#14114 = CARTESIAN_POINT('',(185.61590538954,25.553629746284,
    307.36059548631));
#14115 = VECTOR('',#14116,1.);
#14116 = DIRECTION('',(1.110223024625E-16,-1.,0.));
#14117 = PCURVE('',#5022,#14118);
#14118 = DEFINITIONAL_REPRESENTATION('',(#14119),#14123);
#14119 = LINE('',#14120,#14121);
#14120 = CARTESIAN_POINT('',(0.781391018643,-7.743746852752E-17));
#14121 = VECTOR('',#14122,1.);
#14122 = DIRECTION('',(0.,-1.));
#14123 = ( GEOMETRIC_REPRESENTATION_CONTEXT(2)
PARAMETRIC_REPRESENTATION_CONTEXT() REPRESENTATION_CONTEXT('2D SPACE',''
  ) );
#14124 = PCURVE('',#4995,#14125);
#14125 = DEFINITIONAL_REPRESENTATION('',(#14126),#14130);
#14126 = LINE('',#14127,#14128);
#14127 = CARTESIAN_POINT('',(0.,0.));
#14128 = VECTOR('',#14129,1.);
#14129 = DIRECTION('',(0.,-1.));
#14130 = ( GEOMETRIC_REPRESENTATION_CONTEXT(2)
PARAMETRIC_REPRESENTATION_CONTEXT() REPRESENTATION_CONTEXT('2D SPACE',''
  ) );
#14131 = ORIENTED_EDGE('',*,*,#10948,.T.);
#14132 = ADVANCED_FACE('',(#14133),#4995,.T.);
#14133 = FACE_BOUND('',#14134,.T.);
#14134 = EDGE_LOOP('',(#14135,#14136,#14137,#14138));
#14135 = ORIENTED_EDGE('',*,*,#10971,.F.);
#14136 = ORIENTED_EDGE('',*,*,#14111,.T.);
#14137 = ORIENTED_EDGE('',*,*,#4980,.F.);
#14138 = ORIENTED_EDGE('',*,*,#14139,.F.);
#14139 = EDGE_CURVE('',#10972,#4955,#14140,.T.);
#14140 = SURFACE_CURVE('',#14141,(#14145,#14152),.PCURVE_S1.);
#14141 = LINE('',#14142,#14143);
#14142 = CARTESIAN_POINT('',(186.28726687411,25.553629746284,
    306.96078843153));
#14143 = VECTOR('',#14144,1.);
#14144 = DIRECTION('',(1.110223024625E-16,-1.,0.));
#14145 = PCURVE('',#4995,#14146);
#14146 = DEFINITIONAL_REPRESENTATION('',(#14147),#14151);
#14147 = LINE('',#14148,#14149);
#14148 = CARTESIAN_POINT('',(0.781391018643,-7.453609780166E-17));
#14149 = VECTOR('',#14150,1.);
#14150 = DIRECTION('',(0.,-1.));
#14151 = ( GEOMETRIC_REPRESENTATION_CONTEXT(2)
PARAMETRIC_REPRESENTATION_CONTEXT() REPRESENTATION_CONTEXT('2D SPACE',''
  ) );
#14152 = PCURVE('',#4969,#14153);
#14153 = DEFINITIONAL_REPRESENTATION('',(#14154),#14158);
#14154 = LINE('',#14155,#14156);
#14155 = CARTESIAN_POINT('',(0.,0.));
#14156 = VECTOR('',#14157,1.);
#14157 = DIRECTION('',(0.,-1.));
#14158 = ( GEOMETRIC_REPRESENTATION_CONTEXT(2)
PARAMETRIC_REPRESENTATION_CONTEXT() REPRESENTATION_CONTEXT('2D SPACE',''
  ) );
#14159 = ADVANCED_FACE('',(#14160),#4969,.T.);
#14160 = FACE_BOUND('',#14161,.T.);
#14161 = EDGE_LOOP('',(#14162,#14163,#14164,#14165));
#14162 = ORIENTED_EDGE('',*,*,#10994,.F.);
#14163 = ORIENTED_EDGE('',*,*,#14139,.T.);
#14164 = ORIENTED_EDGE('',*,*,#4954,.F.);
#14165 = ORIENTED_EDGE('',*,*,#14166,.F.);
#14166 = EDGE_CURVE('',#10995,#4929,#14167,.T.);
#14167 = SURFACE_CURVE('',#14168,(#14172,#14179),.PCURVE_S1.);
#14168 = LINE('',#14169,#14170);
#14169 = CARTESIAN_POINT('',(186.92925630404,25.553629746284,
    306.51534315332));
#14170 = VECTOR('',#14171,1.);
#14171 = DIRECTION('',(1.110223024625E-16,-1.,0.));
#14172 = PCURVE('',#4969,#14173);
#14173 = DEFINITIONAL_REPRESENTATION('',(#14174),#14178);
#14174 = LINE('',#14175,#14176);
#14175 = CARTESIAN_POINT('',(0.781391018643,-7.127514466677E-17));
#14176 = VECTOR('',#14177,1.);
#14177 = DIRECTION('',(0.,-1.));
#14178 = ( GEOMETRIC_REPRESENTATION_CONTEXT(2)
PARAMETRIC_REPRESENTATION_CONTEXT() REPRESENTATION_CONTEXT('2D SPACE',''
  ) );
#14179 = PCURVE('',#4943,#14180);
#14180 = DEFINITIONAL_REPRESENTATION('',(#14181),#14185);
#14181 = LINE('',#14182,#14183);
#14182 = CARTESIAN_POINT('',(0.,0.));
#14183 = VECTOR('',#14184,1.);
#14184 = DIRECTION('',(0.,-1.));
#14185 = ( GEOMETRIC_REPRESENTATION_CONTEXT(2)
PARAMETRIC_REPRESENTATION_CONTEXT() REPRESENTATION_CONTEXT('2D SPACE',''
  ) );
#14186 = ADVANCED_FACE('',(#14187),#4943,.T.);
#14187 = FACE_BOUND('',#14188,.T.);
#14188 = EDGE_LOOP('',(#14189,#14190,#14191,#14192));
#14189 = ORIENTED_EDGE('',*,*,#11017,.F.);
#14190 = ORIENTED_EDGE('',*,*,#14166,.T.);
#14191 = ORIENTED_EDGE('',*,*,#4928,.F.);
#14192 = ORIENTED_EDGE('',*,*,#14193,.F.);
#14193 = EDGE_CURVE('',#11018,#4903,#14194,.T.);
#14194 = SURFACE_CURVE('',#14195,(#14199,#14206),.PCURVE_S1.);
#14195 = LINE('',#14196,#14197);
#14196 = CARTESIAN_POINT('',(187.53877654769,25.553629746284,
    306.02640860085));
#14197 = VECTOR('',#14198,1.);
#14198 = DIRECTION('',(1.110223024625E-16,-1.,0.));
#14199 = PCURVE('',#4943,#14200);
#14200 = DEFINITIONAL_REPRESENTATION('',(#14201),#14205);
#14201 = LINE('',#14202,#14203);
#14202 = CARTESIAN_POINT('',(0.781391018643,-6.767034084772E-17));
#14203 = VECTOR('',#14204,1.);
#14204 = DIRECTION('',(0.,-1.));
#14205 = ( GEOMETRIC_REPRESENTATION_CONTEXT(2)
PARAMETRIC_REPRESENTATION_CONTEXT() REPRESENTATION_CONTEXT('2D SPACE',''
  ) );
#14206 = PCURVE('',#4917,#14207);
#14207 = DEFINITIONAL_REPRESENTATION('',(#14208),#14212);
#14208 = LINE('',#14209,#14210);
#14209 = CARTESIAN_POINT('',(0.,0.));
#14210 = VECTOR('',#14211,1.);
#14211 = DIRECTION('',(0.,-1.));
#14212 = ( GEOMETRIC_REPRESENTATION_CONTEXT(2)
PARAMETRIC_REPRESENTATION_CONTEXT() REPRESENTATION_CONTEXT('2D SPACE',''
  ) );
#14213 = ADVANCED_FACE('',(#14214),#4917,.T.);
#14214 = FACE_BOUND('',#14215,.T.);
#14215 = EDGE_LOOP('',(#14216,#14217,#14218,#14219));
#14216 = ORIENTED_EDGE('',*,*,#11040,.F.);
#14217 = ORIENTED_EDGE('',*,*,#14193,.T.);
#14218 = ORIENTED_EDGE('',*,*,#4902,.F.);
#14219 = ORIENTED_EDGE('',*,*,#14220,.F.);
#14220 = EDGE_CURVE('',#11041,#4877,#14221,.T.);
#14221 = SURFACE_CURVE('',#14222,(#14226,#14233),.PCURVE_S1.);
#14222 = LINE('',#14223,#14224);
#14223 = CARTESIAN_POINT('',(188.11288711363,25.553629746284,
    305.4963435274));
#14224 = VECTOR('',#14225,1.);
#14225 = DIRECTION('',(1.110223024625E-16,-1.,0.));
#14226 = PCURVE('',#4917,#14227);
#14227 = DEFINITIONAL_REPRESENTATION('',(#14228),#14232);
#14228 = LINE('',#14229,#14230);
#14229 = CARTESIAN_POINT('',(0.781391018643,-6.373907689861E-17));
#14230 = VECTOR('',#14231,1.);
#14231 = DIRECTION('',(0.,-1.));
#14232 = ( GEOMETRIC_REPRESENTATION_CONTEXT(2)
PARAMETRIC_REPRESENTATION_CONTEXT() REPRESENTATION_CONTEXT('2D SPACE',''
  ) );
#14233 = PCURVE('',#4891,#14234);
#14234 = DEFINITIONAL_REPRESENTATION('',(#14235),#14239);
#14235 = LINE('',#14236,#14237);
#14236 = CARTESIAN_POINT('',(0.,0.));
#14237 = VECTOR('',#14238,1.);
#14238 = DIRECTION('',(0.,-1.));
#14239 = ( GEOMETRIC_REPRESENTATION_CONTEXT(2)
PARAMETRIC_REPRESENTATION_CONTEXT() REPRESENTATION_CONTEXT('2D SPACE',''
  ) );
#14240 = ADVANCED_FACE('',(#14241),#4891,.T.);
#14241 = FACE_BOUND('',#14242,.T.);
#14242 = EDGE_LOOP('',(#14243,#14244,#14245,#14246));
#14243 = ORIENTED_EDGE('',*,*,#11063,.F.);
#14244 = ORIENTED_EDGE('',*,*,#14220,.T.);
#14245 = ORIENTED_EDGE('',*,*,#4876,.F.);
#14246 = ORIENTED_EDGE('',*,*,#14247,.F.);
#14247 = EDGE_CURVE('',#11064,#4851,#14248,.T.);
#14248 = SURFACE_CURVE('',#14249,(#14253,#14260),.PCURVE_S1.);
#14249 = LINE('',#14250,#14251);
#14250 = CARTESIAN_POINT('',(188.64881833633,25.553629746284,
    304.92770511105));
#14251 = VECTOR('',#14252,1.);
#14252 = DIRECTION('',(1.110223024625E-16,-1.,0.));
#14253 = PCURVE('',#4891,#14254);
#14254 = DEFINITIONAL_REPRESENTATION('',(#14255),#14259);
#14255 = LINE('',#14256,#14257);
#14256 = CARTESIAN_POINT('',(0.781391018643,-5.950031830601E-17));
#14257 = VECTOR('',#14258,1.);
#14258 = DIRECTION('',(0.,-1.));
#14259 = ( GEOMETRIC_REPRESENTATION_CONTEXT(2)
PARAMETRIC_REPRESENTATION_CONTEXT() REPRESENTATION_CONTEXT('2D SPACE',''
  ) );
#14260 = PCURVE('',#4865,#14261);
#14261 = DEFINITIONAL_REPRESENTATION('',(#14262),#14266);
#14262 = LINE('',#14263,#14264);
#14263 = CARTESIAN_POINT('',(0.,0.));
#14264 = VECTOR('',#14265,1.);
#14265 = DIRECTION('',(0.,-1.));
#14266 = ( GEOMETRIC_REPRESENTATION_CONTEXT(2)
PARAMETRIC_REPRESENTATION_CONTEXT() REPRESENTATION_CONTEXT('2D SPACE',''
  ) );
#14267 = ADVANCED_FACE('',(#14268),#4865,.T.);
#14268 = FACE_BOUND('',#14269,.T.);
#14269 = EDGE_LOOP('',(#14270,#14271,#14272,#14273));
#14270 = ORIENTED_EDGE('',*,*,#11086,.F.);
#14271 = ORIENTED_EDGE('',*,*,#14247,.T.);
#14272 = ORIENTED_EDGE('',*,*,#4850,.F.);
#14273 = ORIENTED_EDGE('',*,*,#14274,.F.);
#14274 = EDGE_CURVE('',#11087,#4825,#14275,.T.);
#14275 = SURFACE_CURVE('',#14276,(#14280,#14287),.PCURVE_S1.);
#14276 = LINE('',#14277,#14278);
#14277 = CARTESIAN_POINT('',(189.14398473781,25.553629746284,
    304.32323661819));
#14278 = VECTOR('',#14279,1.);
#14279 = DIRECTION('',(1.110223024625E-16,-1.,0.));
#14280 = PCURVE('',#4865,#14281);
#14281 = DEFINITIONAL_REPRESENTATION('',(#14282),#14286);
#14282 = LINE('',#14283,#14284);
#14283 = CARTESIAN_POINT('',(0.781391018643,-5.497451399428E-17));
#14284 = VECTOR('',#14285,1.);
#14285 = DIRECTION('',(0.,-1.));
#14286 = ( GEOMETRIC_REPRESENTATION_CONTEXT(2)
PARAMETRIC_REPRESENTATION_CONTEXT() REPRESENTATION_CONTEXT('2D SPACE',''
  ) );
#14287 = PCURVE('',#4839,#14288);
#14288 = DEFINITIONAL_REPRESENTATION('',(#14289),#14293);
#14289 = LINE('',#14290,#14291);
#14290 = CARTESIAN_POINT('',(0.,0.));
#14291 = VECTOR('',#14292,1.);
#14292 = DIRECTION('',(0.,-1.));
#14293 = ( GEOMETRIC_REPRESENTATION_CONTEXT(2)
PARAMETRIC_REPRESENTATION_CONTEXT() REPRESENTATION_CONTEXT('2D SPACE',''
  ) );
#14294 = ADVANCED_FACE('',(#14295),#4839,.T.);
#14295 = FACE_BOUND('',#14296,.T.);
#14296 = EDGE_LOOP('',(#14297,#14298,#14299,#14300));
#14297 = ORIENTED_EDGE('',*,*,#11109,.F.);
#14298 = ORIENTED_EDGE('',*,*,#14274,.T.);
#14299 = ORIENTED_EDGE('',*,*,#4824,.F.);
#14300 = ORIENTED_EDGE('',*,*,#14301,.F.);
#14301 = EDGE_CURVE('',#11110,#4799,#14302,.T.);
#14302 = SURFACE_CURVE('',#14303,(#14307,#14314),.PCURVE_S1.);
#14303 = LINE('',#14304,#14305);
#14304 = CARTESIAN_POINT('',(189.59599750066,25.553629746284,
    303.68585416924));
#14305 = VECTOR('',#14306,1.);
#14306 = DIRECTION('',(1.110223024625E-16,-1.,0.));
#14307 = PCURVE('',#4839,#14308);
#14308 = DEFINITIONAL_REPRESENTATION('',(#14309),#14313);
#14309 = LINE('',#14310,#14311);
#14310 = CARTESIAN_POINT('',(0.781391018643,-5.018349767441E-17));
#14311 = VECTOR('',#14312,1.);
#14312 = DIRECTION('',(0.,-1.));
#14313 = ( GEOMETRIC_REPRESENTATION_CONTEXT(2)
PARAMETRIC_REPRESENTATION_CONTEXT() REPRESENTATION_CONTEXT('2D SPACE',''
  ) );
#14314 = PCURVE('',#4813,#14315);
#14315 = DEFINITIONAL_REPRESENTATION('',(#14316),#14320);
#14316 = LINE('',#14317,#14318);
#14317 = CARTESIAN_POINT('',(0.,0.));
#14318 = VECTOR('',#14319,1.);
#14319 = DIRECTION('',(0.,-1.));
#14320 = ( GEOMETRIC_REPRESENTATION_CONTEXT(2)
PARAMETRIC_REPRESENTATION_CONTEXT() REPRESENTATION_CONTEXT('2D SPACE',''
  ) );
#14321 = ADVANCED_FACE('',(#14322),#4813,.T.);
#14322 = FACE_BOUND('',#14323,.T.);
#14323 = EDGE_LOOP('',(#14324,#14325,#14326,#14327));
#14324 = ORIENTED_EDGE('',*,*,#11132,.F.);
#14325 = ORIENTED_EDGE('',*,*,#14301,.T.);
#14326 = ORIENTED_EDGE('',*,*,#4798,.F.);
#14327 = ORIENTED_EDGE('',*,*,#14328,.F.);
#14328 = EDGE_CURVE('',#11133,#4773,#14329,.T.);
#14329 = SURFACE_CURVE('',#14330,(#14334,#14341),.PCURVE_S1.);
#14330 = LINE('',#14331,#14332);
#14331 = CARTESIAN_POINT('',(190.00267599238,25.553629746284,
    303.01863267049));
#14332 = VECTOR('',#14333,1.);
#14333 = DIRECTION('',(1.110223024625E-16,-1.,0.));
#14334 = PCURVE('',#4813,#14335);
#14335 = DEFINITIONAL_REPRESENTATION('',(#14336),#14340);
#14336 = LINE('',#14337,#14338);
#14337 = CARTESIAN_POINT('',(0.781391018643,-4.515038251222E-17));
#14338 = VECTOR('',#14339,1.);
#14339 = DIRECTION('',(0.,-1.));
#14340 = ( GEOMETRIC_REPRESENTATION_CONTEXT(2)
PARAMETRIC_REPRESENTATION_CONTEXT() REPRESENTATION_CONTEXT('2D SPACE',''
  ) );
#14341 = PCURVE('',#4787,#14342);
#14342 = DEFINITIONAL_REPRESENTATION('',(#14343),#14347);
#14343 = LINE('',#14344,#14345);
#14344 = CARTESIAN_POINT('',(0.,0.));
#14345 = VECTOR('',#14346,1.);
#14346 = DIRECTION('',(0.,-1.));
#14347 = ( GEOMETRIC_REPRESENTATION_CONTEXT(2)
PARAMETRIC_REPRESENTATION_CONTEXT() REPRESENTATION_CONTEXT('2D SPACE',''
  ) );
#14348 = ADVANCED_FACE('',(#14349),#4787,.T.);
#14349 = FACE_BOUND('',#14350,.T.);
#14350 = EDGE_LOOP('',(#14351,#14352,#14353,#14354));
#14351 = ORIENTED_EDGE('',*,*,#11155,.F.);
#14352 = ORIENTED_EDGE('',*,*,#14328,.T.);
#14353 = ORIENTED_EDGE('',*,*,#4772,.F.);
#14354 = ORIENTED_EDGE('',*,*,#14355,.F.);
#14355 = EDGE_CURVE('',#11156,#4747,#14356,.T.);
#14356 = SURFACE_CURVE('',#14357,(#14361,#14368),.PCURVE_S1.);
#14357 = LINE('',#14358,#14359);
#14358 = CARTESIAN_POINT('',(190.3620582853,25.553629746284,
    302.32479097994));
#14359 = VECTOR('',#14360,1.);
#14360 = DIRECTION('',(1.110223024625E-16,-1.,0.));
#14361 = PCURVE('',#4787,#14362);
#14362 = DEFINITIONAL_REPRESENTATION('',(#14363),#14367);
#14363 = LINE('',#14364,#14365);
#14364 = CARTESIAN_POINT('',(0.781391018643,-3.989944962425E-17));
#14365 = VECTOR('',#14366,1.);
#14366 = DIRECTION('',(0.,-1.));
#14367 = ( GEOMETRIC_REPRESENTATION_CONTEXT(2)
PARAMETRIC_REPRESENTATION_CONTEXT() REPRESENTATION_CONTEXT('2D SPACE',''
  ) );
#14368 = PCURVE('',#4761,#14369);
#14369 = DEFINITIONAL_REPRESENTATION('',(#14370),#14374);
#14370 = LINE('',#14371,#14372);
#14371 = CARTESIAN_POINT('',(0.,0.));
#14372 = VECTOR('',#14373,1.);
#14373 = DIRECTION('',(0.,-1.));
#14374 = ( GEOMETRIC_REPRESENTATION_CONTEXT(2)
PARAMETRIC_REPRESENTATION_CONTEXT() REPRESENTATION_CONTEXT('2D SPACE',''
  ) );
#14375 = ADVANCED_FACE('',(#14376),#4761,.T.);
#14376 = FACE_BOUND('',#14377,.T.);
#14377 = EDGE_LOOP('',(#14378,#14379,#14380,#14381));
#14378 = ORIENTED_EDGE('',*,*,#11178,.F.);
#14379 = ORIENTED_EDGE('',*,*,#14355,.T.);
#14380 = ORIENTED_EDGE('',*,*,#4746,.F.);
#14381 = ORIENTED_EDGE('',*,*,#14382,.F.);
#14382 = EDGE_CURVE('',#11179,#4721,#14383,.T.);
#14383 = SURFACE_CURVE('',#14384,(#14388,#14395),.PCURVE_S1.);
#14384 = LINE('',#14385,#14386);
#14385 = CARTESIAN_POINT('',(190.67241062149,25.553629746284,
    301.60767637861));
#14386 = VECTOR('',#14387,1.);
#14387 = DIRECTION('',(1.110223024625E-16,-1.,0.));
#14388 = PCURVE('',#4761,#14389);
#14389 = DEFINITIONAL_REPRESENTATION('',(#14390),#14394);
#14390 = LINE('',#14391,#14392);
#14391 = CARTESIAN_POINT('',(0.781391018643,-3.445603093895E-17));
#14392 = VECTOR('',#14393,1.);
#14393 = DIRECTION('',(0.,-1.));
#14394 = ( GEOMETRIC_REPRESENTATION_CONTEXT(2)
PARAMETRIC_REPRESENTATION_CONTEXT() REPRESENTATION_CONTEXT('2D SPACE',''
  ) );
#14395 = PCURVE('',#4735,#14396);
#14396 = DEFINITIONAL_REPRESENTATION('',(#14397),#14401);
#14397 = LINE('',#14398,#14399);
#14398 = CARTESIAN_POINT('',(0.,0.));
#14399 = VECTOR('',#14400,1.);
#14400 = DIRECTION('',(0.,-1.));
#14401 = ( GEOMETRIC_REPRESENTATION_CONTEXT(2)
PARAMETRIC_REPRESENTATION_CONTEXT() REPRESENTATION_CONTEXT('2D SPACE',''
  ) );
#14402 = ADVANCED_FACE('',(#14403),#4735,.T.);
#14403 = FACE_BOUND('',#14404,.T.);
#14404 = EDGE_LOOP('',(#14405,#14406,#14407,#14408));
#14405 = ORIENTED_EDGE('',*,*,#11201,.F.);
#14406 = ORIENTED_EDGE('',*,*,#14382,.T.);
#14407 = ORIENTED_EDGE('',*,*,#4720,.F.);
#14408 = ORIENTED_EDGE('',*,*,#14409,.F.);
#14409 = EDGE_CURVE('',#11202,#4695,#14410,.T.);
#14410 = SURFACE_CURVE('',#14411,(#14415,#14422),.PCURVE_S1.);
#14411 = LINE('',#14412,#14413);
#14412 = CARTESIAN_POINT('',(190.93223577688,25.553629746284,
    300.8707484224));
#14413 = VECTOR('',#14414,1.);
#14414 = DIRECTION('',(1.110223024625E-16,-1.,0.));
#14415 = PCURVE('',#4735,#14416);
#14416 = DEFINITIONAL_REPRESENTATION('',(#14417),#14421);
#14417 = LINE('',#14418,#14419);
#14418 = CARTESIAN_POINT('',(0.781391018643,-2.884638698863E-17));
#14419 = VECTOR('',#14420,1.);
#14420 = DIRECTION('',(0.,-1.));
#14421 = ( GEOMETRIC_REPRESENTATION_CONTEXT(2)
PARAMETRIC_REPRESENTATION_CONTEXT() REPRESENTATION_CONTEXT('2D SPACE',''
  ) );
#14422 = PCURVE('',#4709,#14423);
#14423 = DEFINITIONAL_REPRESENTATION('',(#14424),#14428);
#14424 = LINE('',#14425,#14426);
#14425 = CARTESIAN_POINT('',(0.,0.));
#14426 = VECTOR('',#14427,1.);
#14427 = DIRECTION('',(0.,-1.));
#14428 = ( GEOMETRIC_REPRESENTATION_CONTEXT(2)
PARAMETRIC_REPRESENTATION_CONTEXT() REPRESENTATION_CONTEXT('2D SPACE',''
  ) );
#14429 = ADVANCED_FACE('',(#14430),#4709,.T.);
#14430 = FACE_BOUND('',#14431,.T.);
#14431 = EDGE_LOOP('',(#14432,#14433,#14434,#14435));
#14432 = ORIENTED_EDGE('',*,*,#11224,.F.);
#14433 = ORIENTED_EDGE('',*,*,#14409,.T.);
#14434 = ORIENTED_EDGE('',*,*,#4694,.F.);
#14435 = ORIENTED_EDGE('',*,*,#14436,.F.);
#14436 = EDGE_CURVE('',#11225,#4669,#14437,.T.);
#14437 = SURFACE_CURVE('',#14438,(#14442,#14449),.PCURVE_S1.);
#14438 = LINE('',#14439,#14440);
#14439 = CARTESIAN_POINT('',(191.14028028423,25.553629746284,
    300.1175622522));
#14440 = VECTOR('',#14441,1.);
#14441 = DIRECTION('',(1.110223024625E-16,-1.,0.));
#14442 = PCURVE('',#4709,#14443);
#14443 = DEFINITIONAL_REPRESENTATION('',(#14444),#14448);
#14444 = LINE('',#14445,#14446);
#14445 = CARTESIAN_POINT('',(0.781391018643,-2.309758022148E-17));
#14446 = VECTOR('',#14447,1.);
#14447 = DIRECTION('',(0.,-1.));
#14448 = ( GEOMETRIC_REPRESENTATION_CONTEXT(2)
PARAMETRIC_REPRESENTATION_CONTEXT() REPRESENTATION_CONTEXT('2D SPACE',''
  ) );
#14449 = PCURVE('',#4683,#14450);
#14450 = DEFINITIONAL_REPRESENTATION('',(#14451),#14455);
#14451 = LINE('',#14452,#14453);
#14452 = CARTESIAN_POINT('',(0.,0.));
#14453 = VECTOR('',#14454,1.);
#14454 = DIRECTION('',(0.,-1.));
#14455 = ( GEOMETRIC_REPRESENTATION_CONTEXT(2)
PARAMETRIC_REPRESENTATION_CONTEXT() REPRESENTATION_CONTEXT('2D SPACE',''
  ) );
#14456 = ADVANCED_FACE('',(#14457),#4683,.T.);
#14457 = FACE_BOUND('',#14458,.T.);
#14458 = EDGE_LOOP('',(#14459,#14460,#14461,#14462));
#14459 = ORIENTED_EDGE('',*,*,#11247,.F.);
#14460 = ORIENTED_EDGE('',*,*,#14436,.T.);
#14461 = ORIENTED_EDGE('',*,*,#4668,.F.);
#14462 = ORIENTED_EDGE('',*,*,#14463,.F.);
#14463 = EDGE_CURVE('',#11248,#4643,#14464,.T.);
#14464 = SURFACE_CURVE('',#14465,(#14469,#14476),.PCURVE_S1.);
#14465 = LINE('',#14466,#14467);
#14466 = CARTESIAN_POINT('',(191.29554048027,25.553629746284,
    299.35175144297));
#14467 = VECTOR('',#14468,1.);
#14468 = DIRECTION('',(1.110223024625E-16,-1.,0.));
#14469 = PCURVE('',#4683,#14470);
#14470 = DEFINITIONAL_REPRESENTATION('',(#14471),#14475);
#14471 = LINE('',#14472,#14473);
#14472 = CARTESIAN_POINT('',(0.781391018643,-1.723734444498E-17));
#14473 = VECTOR('',#14474,1.);
#14474 = DIRECTION('',(0.,-1.));
#14475 = ( GEOMETRIC_REPRESENTATION_CONTEXT(2)
PARAMETRIC_REPRESENTATION_CONTEXT() REPRESENTATION_CONTEXT('2D SPACE',''
  ) );
#14476 = PCURVE('',#4657,#14477);
#14477 = DEFINITIONAL_REPRESENTATION('',(#14478),#14482);
#14478 = LINE('',#14479,#14480);
#14479 = CARTESIAN_POINT('',(0.,0.));
#14480 = VECTOR('',#14481,1.);
#14481 = DIRECTION('',(0.,-1.));
#14482 = ( GEOMETRIC_REPRESENTATION_CONTEXT(2)
PARAMETRIC_REPRESENTATION_CONTEXT() REPRESENTATION_CONTEXT('2D SPACE',''
  ) );
#14483 = ADVANCED_FACE('',(#14484),#4657,.T.);
#14484 = FACE_BOUND('',#14485,.T.);
#14485 = EDGE_LOOP('',(#14486,#14487,#14488,#14489));
#14486 = ORIENTED_EDGE('',*,*,#11270,.F.);
#14487 = ORIENTED_EDGE('',*,*,#14463,.T.);
#14488 = ORIENTED_EDGE('',*,*,#4642,.F.);
#14489 = ORIENTED_EDGE('',*,*,#14490,.F.);
#14490 = EDGE_CURVE('',#11271,#4617,#14491,.T.);
#14491 = SURFACE_CURVE('',#14492,(#14496,#14503),.PCURVE_S1.);
#14492 = LINE('',#14493,#14494);
#14493 = CARTESIAN_POINT('',(191.39726734758,25.553629746284,
    298.57701047433));
#14494 = VECTOR('',#14495,1.);
#14495 = DIRECTION('',(1.110223024625E-16,-1.,0.));
#14496 = PCURVE('',#4657,#14497);
#14497 = DEFINITIONAL_REPRESENTATION('',(#14498),#14502);
#14498 = LINE('',#14499,#14500);
#14499 = CARTESIAN_POINT('',(0.781391018643,-1.129395103045E-17));
#14500 = VECTOR('',#14501,1.);
#14501 = DIRECTION('',(0.,-1.));
#14502 = ( GEOMETRIC_REPRESENTATION_CONTEXT(2)
PARAMETRIC_REPRESENTATION_CONTEXT() REPRESENTATION_CONTEXT('2D SPACE',''
  ) );
#14503 = PCURVE('',#4631,#14504);
#14504 = DEFINITIONAL_REPRESENTATION('',(#14505),#14509);
#14505 = LINE('',#14506,#14507);
#14506 = CARTESIAN_POINT('',(0.,0.));
#14507 = VECTOR('',#14508,1.);
#14508 = DIRECTION('',(0.,-1.));
#14509 = ( GEOMETRIC_REPRESENTATION_CONTEXT(2)
PARAMETRIC_REPRESENTATION_CONTEXT() REPRESENTATION_CONTEXT('2D SPACE',''
  ) );
#14510 = ADVANCED_FACE('',(#14511),#4631,.T.);
#14511 = FACE_BOUND('',#14512,.T.);
#14512 = EDGE_LOOP('',(#14513,#14514,#14515,#14516));
#14513 = ORIENTED_EDGE('',*,*,#11293,.F.);
#14514 = ORIENTED_EDGE('',*,*,#14490,.T.);
#14515 = ORIENTED_EDGE('',*,*,#4616,.F.);
#14516 = ORIENTED_EDGE('',*,*,#14517,.F.);
#14517 = EDGE_CURVE('',#11294,#4591,#14518,.T.);
#14518 = SURFACE_CURVE('',#14519,(#14523,#14530),.PCURVE_S1.);
#14519 = LINE('',#14520,#14521);
#14520 = CARTESIAN_POINT('',(191.44497012807,25.553629746284,
    297.79707690745));
#14521 = VECTOR('',#14522,1.);
#14522 = DIRECTION('',(1.110223024625E-16,-1.,0.));
#14523 = PCURVE('',#4631,#14524);
#14524 = DEFINITIONAL_REPRESENTATION('',(#14525),#14529);
#14525 = LINE('',#14526,#14527);
#14526 = CARTESIAN_POINT('',(0.781391018643,-5.296072524286E-18));
#14527 = VECTOR('',#14528,1.);
#14528 = DIRECTION('',(0.,-1.));
#14529 = ( GEOMETRIC_REPRESENTATION_CONTEXT(2)
PARAMETRIC_REPRESENTATION_CONTEXT() REPRESENTATION_CONTEXT('2D SPACE',''
  ) );
#14530 = PCURVE('',#4605,#14531);
#14531 = DEFINITIONAL_REPRESENTATION('',(#14532),#14536);
#14532 = LINE('',#14533,#14534);
#14533 = CARTESIAN_POINT('',(-0.,0.));
#14534 = VECTOR('',#14535,1.);
#14535 = DIRECTION('',(0.,-1.));
#14536 = ( GEOMETRIC_REPRESENTATION_CONTEXT(2)
PARAMETRIC_REPRESENTATION_CONTEXT() REPRESENTATION_CONTEXT('2D SPACE',''
  ) );
#14537 = ADVANCED_FACE('',(#14538),#4605,.T.);
#14538 = FACE_BOUND('',#14539,.T.);
#14539 = EDGE_LOOP('',(#14540,#14541,#14542,#14543));
#14540 = ORIENTED_EDGE('',*,*,#11316,.F.);
#14541 = ORIENTED_EDGE('',*,*,#14517,.T.);
#14542 = ORIENTED_EDGE('',*,*,#4590,.F.);
#14543 = ORIENTED_EDGE('',*,*,#14544,.F.);
#14544 = EDGE_CURVE('',#11317,#4565,#14545,.T.);
#14545 = SURFACE_CURVE('',#14546,(#14550,#14557),.PCURVE_S1.);
#14546 = LINE('',#14547,#14548);
#14547 = CARTESIAN_POINT('',(191.43841869057,25.553629746284,
    297.01571335398));
#14548 = VECTOR('',#14549,1.);
#14549 = DIRECTION('',(1.110223024625E-16,-1.,0.));
#14550 = PCURVE('',#4605,#14551);
#14551 = DEFINITIONAL_REPRESENTATION('',(#14552),#14556);
#14552 = LINE('',#14553,#14554);
#14553 = CARTESIAN_POINT('',(0.781391018643,7.273556762234E-19));
#14554 = VECTOR('',#14555,1.);
#14555 = DIRECTION('',(0.,-1.));
#14556 = ( GEOMETRIC_REPRESENTATION_CONTEXT(2)
PARAMETRIC_REPRESENTATION_CONTEXT() REPRESENTATION_CONTEXT('2D SPACE',''
  ) );
#14557 = PCURVE('',#4579,#14558);
#14558 = DEFINITIONAL_REPRESENTATION('',(#14559),#14563);
#14559 = LINE('',#14560,#14561);
#14560 = CARTESIAN_POINT('',(-0.,0.));
#14561 = VECTOR('',#14562,1.);
#14562 = DIRECTION('',(0.,-1.));
#14563 = ( GEOMETRIC_REPRESENTATION_CONTEXT(2)
PARAMETRIC_REPRESENTATION_CONTEXT() REPRESENTATION_CONTEXT('2D SPACE',''
  ) );
#14564 = ADVANCED_FACE('',(#14565),#4579,.T.);
#14565 = FACE_BOUND('',#14566,.T.);
#14566 = EDGE_LOOP('',(#14567,#14568,#14569,#14570));
#14567 = ORIENTED_EDGE('',*,*,#11339,.F.);
#14568 = ORIENTED_EDGE('',*,*,#14544,.T.);
#14569 = ORIENTED_EDGE('',*,*,#4564,.F.);
#14570 = ORIENTED_EDGE('',*,*,#14571,.F.);
#14571 = EDGE_CURVE('',#11340,#4537,#14572,.T.);
#14572 = SURFACE_CURVE('',#14573,(#14577,#14584),.PCURVE_S1.);
#14573 = LINE('',#14574,#14575);
#14574 = CARTESIAN_POINT('',(191.37764464098,25.553629746284,
    296.23668932424));
#14575 = VECTOR('',#14576,1.);
#14576 = DIRECTION('',(1.110223024625E-16,-1.,0.));
#14577 = PCURVE('',#4579,#14578);
#14578 = DEFINITIONAL_REPRESENTATION('',(#14579),#14583);
#14579 = LINE('',#14580,#14581);
#14580 = CARTESIAN_POINT('',(0.781391018643,6.747274915119E-18));
#14581 = VECTOR('',#14582,1.);
#14582 = DIRECTION('',(0.,-1.));
#14583 = ( GEOMETRIC_REPRESENTATION_CONTEXT(2)
PARAMETRIC_REPRESENTATION_CONTEXT() REPRESENTATION_CONTEXT('2D SPACE',''
  ) );
#14584 = PCURVE('',#4552,#14585);
#14585 = DEFINITIONAL_REPRESENTATION('',(#14586),#14590);
#14586 = LINE('',#14587,#14588);
#14587 = CARTESIAN_POINT('',(-0.,0.));
#14588 = VECTOR('',#14589,1.);
#14589 = DIRECTION('',(0.,-1.));
#14590 = ( GEOMETRIC_REPRESENTATION_CONTEXT(2)
PARAMETRIC_REPRESENTATION_CONTEXT() REPRESENTATION_CONTEXT('2D SPACE',''
  ) );
#14591 = ADVANCED_FACE('',(#14592),#4552,.T.);
#14592 = FACE_BOUND('',#14593,.T.);
#14593 = EDGE_LOOP('',(#14594,#14595,#14596,#14617));
#14594 = ORIENTED_EDGE('',*,*,#14571,.T.);
#14595 = ORIENTED_EDGE('',*,*,#4536,.F.);
#14596 = ORIENTED_EDGE('',*,*,#14597,.F.);
#14597 = EDGE_CURVE('',#11363,#4509,#14598,.T.);
#14598 = SURFACE_CURVE('',#14599,(#14603,#14610),.PCURVE_S1.);
#14599 = LINE('',#14600,#14601);
#14600 = CARTESIAN_POINT('',(191.26294116986,25.553629746284,
    295.46376304204));
#14601 = VECTOR('',#14602,1.);
#14602 = DIRECTION('',(1.110223024625E-16,-1.,0.));
#14603 = PCURVE('',#4552,#14604);
#14604 = DEFINITIONAL_REPRESENTATION('',(#14605),#14609);
#14605 = LINE('',#14606,#14607);
#14606 = CARTESIAN_POINT('',(0.781391018643,1.273464346462E-17));
#14607 = VECTOR('',#14608,1.);
#14608 = DIRECTION('',(0.,-1.));
#14609 = ( GEOMETRIC_REPRESENTATION_CONTEXT(2)
PARAMETRIC_REPRESENTATION_CONTEXT() REPRESENTATION_CONTEXT('2D SPACE',''
  ) );
#14610 = PCURVE('',#4524,#14611);
#14611 = DEFINITIONAL_REPRESENTATION('',(#14612),#14616);
#14612 = LINE('',#14613,#14614);
#14613 = CARTESIAN_POINT('',(-0.,0.));
#14614 = VECTOR('',#14615,1.);
#14615 = DIRECTION('',(0.,-1.));
#14616 = ( GEOMETRIC_REPRESENTATION_CONTEXT(2)
PARAMETRIC_REPRESENTATION_CONTEXT() REPRESENTATION_CONTEXT('2D SPACE',''
  ) );
#14617 = ORIENTED_EDGE('',*,*,#11362,.T.);
#14618 = ADVANCED_FACE('',(#14619),#4524,.T.);
#14619 = FACE_BOUND('',#14620,.T.);
#14620 = EDGE_LOOP('',(#14621,#14622,#14623,#14624));
#14621 = ORIENTED_EDGE('',*,*,#11385,.F.);
#14622 = ORIENTED_EDGE('',*,*,#14597,.T.);
#14623 = ORIENTED_EDGE('',*,*,#4506,.F.);
#14624 = ORIENTED_EDGE('',*,*,#9451,.F.);
#14625 = ADVANCED_FACE('',(#14626),#72,.F.);
#14626 = FACE_BOUND('',#14627,.F.);
#14627 = EDGE_LOOP('',(#14628,#14649,#14650,#14651));
#14628 = ORIENTED_EDGE('',*,*,#14629,.F.);
#14629 = EDGE_CURVE('',#444,#22,#14630,.T.);
#14630 = SURFACE_CURVE('',#14631,(#14635,#14642),.PCURVE_S1.);
#14631 = LINE('',#14632,#14633);
#14632 = CARTESIAN_POINT('',(199.00855970589,26.853629746284,
    315.20506222219));
#14633 = VECTOR('',#14634,1.);
#14634 = DIRECTION('',(-0.87721348859,0.,-0.480100505556));
#14635 = PCURVE('',#72,#14636);
#14636 = DEFINITIONAL_REPRESENTATION('',(#14637),#14641);
#14637 = LINE('',#14638,#14639);
#14638 = CARTESIAN_POINT('',(0.,0.));
#14639 = VECTOR('',#14640,1.);
#14640 = DIRECTION('',(1.,0.));
#14641 = ( GEOMETRIC_REPRESENTATION_CONTEXT(2)
PARAMETRIC_REPRESENTATION_CONTEXT() REPRESENTATION_CONTEXT('2D SPACE',''
  ) );
#14642 = PCURVE('',#45,#14643);
#14643 = DEFINITIONAL_REPRESENTATION('',(#14644),#14648);
#14644 = LINE('',#14645,#14646);
#14645 = CARTESIAN_POINT('',(17.704400314733,-18.80968392864));
#14646 = VECTOR('',#14647,1.);
#14647 = DIRECTION('',(-0.480100505556,0.87721348859));
#14648 = ( GEOMETRIC_REPRESENTATION_CONTEXT(2)
PARAMETRIC_REPRESENTATION_CONTEXT() REPRESENTATION_CONTEXT('2D SPACE',''
  ) );
#14649 = ORIENTED_EDGE('',*,*,#472,.F.);
#14650 = ORIENTED_EDGE('',*,*,#4483,.T.);
#14651 = ORIENTED_EDGE('',*,*,#57,.T.);
#14652 = ADVANCED_FACE('',(#14653),#45,.F.);
#14653 = FACE_BOUND('',#14654,.F.);
#14654 = EDGE_LOOP('',(#14655,#14656,#14657,#14658,#14659,#14660));
#14655 = ORIENTED_EDGE('',*,*,#14629,.T.);
#14656 = ORIENTED_EDGE('',*,*,#21,.T.);
#14657 = ORIENTED_EDGE('',*,*,#143,.T.);
#14658 = ORIENTED_EDGE('',*,*,#219,.T.);
#14659 = ORIENTED_EDGE('',*,*,#348,.T.);
#14660 = ORIENTED_EDGE('',*,*,#443,.F.);
#14661 = ( GEOMETRIC_REPRESENTATION_CONTEXT(3)
GLOBAL_UNCERTAINTY_ASSIGNED_CONTEXT((#14665))
GLOBAL_UNIT_ASSIGNED_CONTEXT((#14662,#14663,#14664))
REPRESENTATION_CONTEXT('Context #1',
  '3D Context with UNIT and UNCERTAINTY') );
#14662 = ( LENGTH_UNIT() NAMED_UNIT(*) SI_UNIT(.MILLI.,.METRE.) );
#14663 = ( NAMED_UNIT(*) PLANE_ANGLE_UNIT() SI_UNIT($,.RADIAN.) );
#14664 = ( NAMED_UNIT(*) SI_UNIT($,.STERADIAN.) SOLID_ANGLE_UNIT() );
#14665 = UNCERTAINTY_MEASURE_WITH_UNIT(LENGTH_MEASURE(1.E-07),#14662,
  'distance_accuracy_value','confusion accuracy');
#14666 = PRODUCT_RELATED_PRODUCT_CATEGORY('part',$,(#7));
ENDSEC;
END-ISO-10303-21;
