ISO-10303-21;
HEADER;
FILE_DESCRIPTION(('Open CASCADE Model'),'2;1');
FILE_NAME('Open CASCADE Shape Model','2026-08-28T13:58:14',('Author'),(
    'Open CASCADE'),'Open CASCADE STEP processor 7.9','Open CASCADE 7.9'
  ,'Unknown');
FILE_SCHEMA(('AUTOMOTIVE_DESIGN { 1 0 10303 214 1 1 1 1 }'));
ENDSEC;
DATA;
#1 = APPLICATION_PROTOCOL_DEFINITION('international standard',
  'automotive_design',2000,#2);
#2 = APPLICATION_CONTEXT(
  'core data for automotive mechanical design processes');
#3 = SHAPE_DEFINITION_REPRESENTATION(#4,#10);
#4 = PRODUCT_DEFINITION_SHAPE('','',#5);
#5 = PRODUCT_DEFINITION('design','',#6,#9);
#6 = PRODUCT_DEFINITION_FORMATION('','',#7);
#7 = PRODUCT('Open CASCADE STEP translator 7.9 7',
  'Open CASCADE STEP translator 7.9 7','',(#8));
#8 = PRODUCT_CONTEXT('',#2,'mechanical');
#9 = PRODUCT_DEFINITION_CONTEXT('part definition',#2,'design');
#10 = ADVANCED_BREP_SHAPE_REPRESENTATION('',(#11,#15),#8579);
#11 = AXIS2_PLACEMENT_3D('',#12,#13,#14);
#12 = CARTESIAN_POINT('',(0.,0.,0.));
#13 = DIRECTION('',(0.,0.,1.));
#14 = DIRECTION('',(1.,0.,-0.));
#15 = MANIFOLD_SOLID_BREP('',#16);
#16 = CLOSED_SHELL('',(#17,#139,#273,#322,#454,#513,#538,#566,#833,#888,
    #912,#1018,#1093,#1200,#1205,#1240,#1340,#1365,#1622,#1775,#2070,
    #2202,#2303,#2951,#2957,#3006,#3055,#3103,#3166,#3172,#3211,#3343,
    #3392,#3441,#3519,#3651,#3700,#3800,#3827,#3927,#4308,#4359,#4388,
    #4413,#4436,#4488,#4546,#4595,#5299,#5348,#5397,#5423,#5452,#5458,
    #5513,#5563,#5612,#5640,#5647,#5697,#5746,#5774,#5781,#5808,#5998,
    #6047,#6210,#6237,#6427,#6476,#6619,#6666,#6693,#6720,#6727,#6731,
    #6758,#6785,#6973,#7022,#7071,#7190,#7378,#7427,#7476,#7595,#7783,
    #7832,#7881,#8000,#8004,#8031,#8058,#8085,#8112,#8119,#8146,#8173,
    #8200,#8227,#8234,#8281,#8308,#8315,#8342,#8349,#8396,#8423,#8430,
    #8457,#8464,#8511,#8538,#8545,#8572));
#17 = ADVANCED_FACE('',(#18),#33,.T.);
#18 = FACE_BOUND('',#19,.F.);
#19 = EDGE_LOOP('',(#20,#56,#82,#115));
#20 = ORIENTED_EDGE('',*,*,#21,.F.);
#21 = EDGE_CURVE('',#22,#24,#26,.T.);
#22 = VERTEX_POINT('',#23);
#23 = CARTESIAN_POINT('',(-18.8,-6.5,488.0732551417));
#24 = VERTEX_POINT('',#25);
#25 = CARTESIAN_POINT('',(-18.8,6.5,488.0732551417));
#26 = SURFACE_CURVE('',#27,(#32,#44),.PCURVE_S1.);
#27 = CIRCLE('',#28,14.6);
#28 = AXIS2_PLACEMENT_3D('',#29,#30,#31);
#29 = CARTESIAN_POINT('',(-18.8,0.,475.));
#30 = DIRECTION('',(1.,0.,0.));
#31 = DIRECTION('',(0.,-0.445205479452,0.895428434363));
#32 = PCURVE('',#33,#38);
#33 = CYLINDRICAL_SURFACE('',#34,14.6);
#34 = AXIS2_PLACEMENT_3D('',#35,#36,#37);
#35 = CARTESIAN_POINT('',(-18.8,0.,475.));
#36 = DIRECTION('',(-1.,-0.,-0.));
#37 = DIRECTION('',(0.,1.,0.));
#38 = DEFINITIONAL_REPRESENTATION('',(#39),#43);
#39 = LINE('',#40,#41);
#40 = CARTESIAN_POINT('',(-2.032200050672,0.));
#41 = VECTOR('',#42,1.);
#42 = DIRECTION('',(-1.,0.));
#43 = ( GEOMETRIC_REPRESENTATION_CONTEXT(2)
PARAMETRIC_REPRESENTATION_CONTEXT() REPRESENTATION_CONTEXT('2D SPACE',''
  ) );
#44 = PCURVE('',#45,#50);
#45 = PLANE('',#46);
#46 = AXIS2_PLACEMENT_3D('',#47,#48,#49);
#47 = CARTESIAN_POINT('',(-18.8,-7.007848335436E-16,475.));
#48 = DIRECTION('',(1.,0.,0.));
#49 = DIRECTION('',(-0.,0.,1.));
#50 = DEFINITIONAL_REPRESENTATION('',(#51),#55);
#51 = CIRCLE('',#52,14.6);
#52 = AXIS2_PLACEMENT_2D('',#53,#54);
#53 = CARTESIAN_POINT('',(0.,-7.007848335436E-16));
#54 = DIRECTION('',(0.895428434363,0.445205479452));
#55 = ( GEOMETRIC_REPRESENTATION_CONTEXT(2)
PARAMETRIC_REPRESENTATION_CONTEXT() REPRESENTATION_CONTEXT('2D SPACE',''
  ) );
#56 = ORIENTED_EDGE('',*,*,#57,.F.);
#57 = EDGE_CURVE('',#58,#22,#60,.T.);
#58 = VERTEX_POINT('',#59);
#59 = CARTESIAN_POINT('',(-15.,-6.5,488.0732551417));
#60 = SURFACE_CURVE('',#61,(#65,#71),.PCURVE_S1.);
#61 = LINE('',#62,#63);
#62 = CARTESIAN_POINT('',(-18.8,-6.5,488.0732551417));
#63 = VECTOR('',#64,1.);
#64 = DIRECTION('',(-1.,-0.,-0.));
#65 = PCURVE('',#33,#66);
#66 = DEFINITIONAL_REPRESENTATION('',(#67),#70);
#67 = B_SPLINE_CURVE_WITH_KNOTS('',1,(#68,#69),.UNSPECIFIED.,.F.,.F.,(2,
    2),(-3.8,-0.),.PIECEWISE_BEZIER_KNOTS.);
#68 = CARTESIAN_POINT('',(-2.032200050672,-3.8));
#69 = CARTESIAN_POINT('',(-2.032200050672,0.));
#70 = ( GEOMETRIC_REPRESENTATION_CONTEXT(2)
PARAMETRIC_REPRESENTATION_CONTEXT() REPRESENTATION_CONTEXT('2D SPACE',''
  ) );
#71 = PCURVE('',#72,#77);
#72 = PLANE('',#73);
#73 = AXIS2_PLACEMENT_3D('',#74,#75,#76);
#74 = CARTESIAN_POINT('',(-18.8,-6.5,500.));
#75 = DIRECTION('',(-0.,1.,0.));
#76 = DIRECTION('',(0.,0.,-1.));
#77 = DEFINITIONAL_REPRESENTATION('',(#78),#81);
#78 = B_SPLINE_CURVE_WITH_KNOTS('',1,(#79,#80),.UNSPECIFIED.,.F.,.F.,(2,
    2),(-3.8000006,5.999999999062E-07),.PIECEWISE_BEZIER_KNOTS.);
#79 = CARTESIAN_POINT('',(11.926744858299,-3.8000006));
#80 = CARTESIAN_POINT('',(11.926744858299,5.999999999062E-07));
#81 = ( GEOMETRIC_REPRESENTATION_CONTEXT(2)
PARAMETRIC_REPRESENTATION_CONTEXT() REPRESENTATION_CONTEXT('2D SPACE',''
  ) );
#82 = ORIENTED_EDGE('',*,*,#83,.F.);
#83 = EDGE_CURVE('',#84,#58,#86,.T.);
#84 = VERTEX_POINT('',#85);
#85 = CARTESIAN_POINT('',(-15.,6.5,488.0732551417));
#86 = SURFACE_CURVE('',#87,(#92,#99),.PCURVE_S1.);
#87 = CIRCLE('',#88,14.6);
#88 = AXIS2_PLACEMENT_3D('',#89,#90,#91);
#89 = CARTESIAN_POINT('',(-15.,0.,475.));
#90 = DIRECTION('',(-1.,0.,0.));
#91 = DIRECTION('',(0.,0.445205479452,0.895428434363));
#92 = PCURVE('',#33,#93);
#93 = DEFINITIONAL_REPRESENTATION('',(#94),#98);
#94 = LINE('',#95,#96);
#95 = CARTESIAN_POINT('',(-7.392577910097,-3.8));
#96 = VECTOR('',#97,1.);
#97 = DIRECTION('',(1.,-0.));
#98 = ( GEOMETRIC_REPRESENTATION_CONTEXT(2)
PARAMETRIC_REPRESENTATION_CONTEXT() REPRESENTATION_CONTEXT('2D SPACE',''
  ) );
#99 = PCURVE('',#100,#105);
#100 = PLANE('',#101);
#101 = AXIS2_PLACEMENT_3D('',#102,#103,#104);
#102 = CARTESIAN_POINT('',(-15.,-7.007848335436E-16,475.));
#103 = DIRECTION('',(1.,0.,0.));
#104 = DIRECTION('',(-0.,0.,1.));
#105 = DEFINITIONAL_REPRESENTATION('',(#106),#114);
#106 = ( BOUNDED_CURVE() B_SPLINE_CURVE(2,(#107,#108,#109,#110,#111,#112
,#113),.UNSPECIFIED.,.T.,.F.) B_SPLINE_CURVE_WITH_KNOTS((1,2,2,2,2,1),(
    -2.094395102393,0.,2.094395102393,4.188790204786,6.28318530718,
8.377580409573),.UNSPECIFIED.) CURVE() GEOMETRIC_REPRESENTATION_ITEM()
RATIONAL_B_SPLINE_CURVE((1.,0.5,1.,0.5,1.,0.5,1.)) REPRESENTATION_ITEM(
  '') );
#107 = CARTESIAN_POINT('',(13.073255141701,-6.5));
#108 = CARTESIAN_POINT('',(1.814924892504,-29.14354212573));
#109 = CARTESIAN_POINT('',(-12.16579269544,-8.071771062869));
#110 = CARTESIAN_POINT('',(-26.1465102834,12.999999999999));
#111 = CARTESIAN_POINT('',(-0.907462446252,14.571771062868));
#112 = CARTESIAN_POINT('',(24.331585390898,16.143542125737));
#113 = CARTESIAN_POINT('',(13.073255141701,-6.5));
#114 = ( GEOMETRIC_REPRESENTATION_CONTEXT(2)
PARAMETRIC_REPRESENTATION_CONTEXT() REPRESENTATION_CONTEXT('2D SPACE',''
  ) );
#115 = ORIENTED_EDGE('',*,*,#116,.T.);
#116 = EDGE_CURVE('',#84,#24,#117,.T.);
#117 = SURFACE_CURVE('',#118,(#122,#128),.PCURVE_S1.);
#118 = LINE('',#119,#120);
#119 = CARTESIAN_POINT('',(-18.8,6.5,488.0732551417));
#120 = VECTOR('',#121,1.);
#121 = DIRECTION('',(-1.,-0.,-0.));
#122 = PCURVE('',#33,#123);
#123 = DEFINITIONAL_REPRESENTATION('',(#124),#127);
#124 = B_SPLINE_CURVE_WITH_KNOTS('',1,(#125,#126),.UNSPECIFIED.,.F.,.F.,
  (2,2),(-3.8,0.),.PIECEWISE_BEZIER_KNOTS.);
#125 = CARTESIAN_POINT('',(-7.392577910097,-3.8));
#126 = CARTESIAN_POINT('',(-7.392577910097,0.));
#127 = ( GEOMETRIC_REPRESENTATION_CONTEXT(2)
PARAMETRIC_REPRESENTATION_CONTEXT() REPRESENTATION_CONTEXT('2D SPACE',''
  ) );
#128 = PCURVE('',#129,#134);
#129 = PLANE('',#130);
#130 = AXIS2_PLACEMENT_3D('',#131,#132,#133);
#131 = CARTESIAN_POINT('',(-18.8,6.5,475.));
#132 = DIRECTION('',(0.,-1.,0.));
#133 = DIRECTION('',(0.,0.,1.));
#134 = DEFINITIONAL_REPRESENTATION('',(#135),#138);
#135 = B_SPLINE_CURVE_WITH_KNOTS('',1,(#136,#137),.UNSPECIFIED.,.F.,.F.,
  (2,2),(-3.8000006,5.999999999062E-07),.PIECEWISE_BEZIER_KNOTS.);
#136 = CARTESIAN_POINT('',(13.073255141701,-3.8000006));
#137 = CARTESIAN_POINT('',(13.073255141701,5.999999999062E-07));
#138 = ( GEOMETRIC_REPRESENTATION_CONTEXT(2)
PARAMETRIC_REPRESENTATION_CONTEXT() REPRESENTATION_CONTEXT('2D SPACE',''
  ) );
#139 = ADVANCED_FACE('',(#140),#45,.F.);
#140 = FACE_BOUND('',#141,.F.);
#141 = EDGE_LOOP('',(#142,#165,#166,#189,#221,#247));
#142 = ORIENTED_EDGE('',*,*,#143,.T.);
#143 = EDGE_CURVE('',#144,#22,#146,.T.);
#144 = VERTEX_POINT('',#145);
#145 = CARTESIAN_POINT('',(-18.8,-6.5,500.));
#146 = SURFACE_CURVE('',#147,(#151,#158),.PCURVE_S1.);
#147 = LINE('',#148,#149);
#148 = CARTESIAN_POINT('',(-18.8,-6.5,500.));
#149 = VECTOR('',#150,1.);
#150 = DIRECTION('',(0.,0.,-1.));
#151 = PCURVE('',#45,#152);
#152 = DEFINITIONAL_REPRESENTATION('',(#153),#157);
#153 = LINE('',#154,#155);
#154 = CARTESIAN_POINT('',(25.,6.5));
#155 = VECTOR('',#156,1.);
#156 = DIRECTION('',(-1.,0.));
#157 = ( GEOMETRIC_REPRESENTATION_CONTEXT(2)
PARAMETRIC_REPRESENTATION_CONTEXT() REPRESENTATION_CONTEXT('2D SPACE',''
  ) );
#158 = PCURVE('',#72,#159);
#159 = DEFINITIONAL_REPRESENTATION('',(#160),#164);
#160 = LINE('',#161,#162);
#161 = CARTESIAN_POINT('',(0.,0.));
#162 = VECTOR('',#163,1.);
#163 = DIRECTION('',(1.,0.));
#164 = ( GEOMETRIC_REPRESENTATION_CONTEXT(2)
PARAMETRIC_REPRESENTATION_CONTEXT() REPRESENTATION_CONTEXT('2D SPACE',''
  ) );
#165 = ORIENTED_EDGE('',*,*,#21,.T.);
#166 = ORIENTED_EDGE('',*,*,#167,.T.);
#167 = EDGE_CURVE('',#24,#168,#170,.T.);
#168 = VERTEX_POINT('',#169);
#169 = CARTESIAN_POINT('',(-18.8,6.5,498.64182052535));
#170 = SURFACE_CURVE('',#171,(#175,#182),.PCURVE_S1.);
#171 = LINE('',#172,#173);
#172 = CARTESIAN_POINT('',(-18.8,6.5,475.));
#173 = VECTOR('',#174,1.);
#174 = DIRECTION('',(0.,0.,1.));
#175 = PCURVE('',#45,#176);
#176 = DEFINITIONAL_REPRESENTATION('',(#177),#181);
#177 = LINE('',#178,#179);
#178 = CARTESIAN_POINT('',(0.,-6.5));
#179 = VECTOR('',#180,1.);
#180 = DIRECTION('',(1.,0.));
#181 = ( GEOMETRIC_REPRESENTATION_CONTEXT(2)
PARAMETRIC_REPRESENTATION_CONTEXT() REPRESENTATION_CONTEXT('2D SPACE',''
  ) );
#182 = PCURVE('',#129,#183);
#183 = DEFINITIONAL_REPRESENTATION('',(#184),#188);
#184 = LINE('',#185,#186);
#185 = CARTESIAN_POINT('',(0.,0.));
#186 = VECTOR('',#187,1.);
#187 = DIRECTION('',(1.,0.));
#188 = ( GEOMETRIC_REPRESENTATION_CONTEXT(2)
PARAMETRIC_REPRESENTATION_CONTEXT() REPRESENTATION_CONTEXT('2D SPACE',''
  ) );
#189 = ORIENTED_EDGE('',*,*,#190,.F.);
#190 = EDGE_CURVE('',#191,#168,#193,.T.);
#191 = VERTEX_POINT('',#192);
#192 = CARTESIAN_POINT('',(-18.8,5.186154256669,496.57307659466));
#193 = SURFACE_CURVE('',#194,(#199,#206),.PCURVE_S1.);
#194 = ELLIPSE('',#195,22.849456129837,6.5);
#195 = AXIS2_PLACEMENT_3D('',#196,#197,#198);
#196 = CARTESIAN_POINT('',(-18.8,-4.,495.));
#197 = DIRECTION('',(1.,0.,0.));
#198 = DIRECTION('',(-0.,0.624695047554,0.780868809443));
#199 = PCURVE('',#45,#200);
#200 = DEFINITIONAL_REPRESENTATION('',(#201),#205);
#201 = ELLIPSE('',#202,22.849456129837,6.5);
#202 = AXIS2_PLACEMENT_2D('',#203,#204);
#203 = CARTESIAN_POINT('',(20.,4.));
#204 = DIRECTION('',(0.780868809443,-0.624695047554));
#205 = ( GEOMETRIC_REPRESENTATION_CONTEXT(2)
PARAMETRIC_REPRESENTATION_CONTEXT() REPRESENTATION_CONTEXT('2D SPACE',''
  ) );
#206 = PCURVE('',#207,#212);
#207 = CYLINDRICAL_SURFACE('',#208,6.5);
#208 = AXIS2_PLACEMENT_3D('',#209,#210,#211);
#209 = CARTESIAN_POINT('',(-16.9,0.,500.));
#210 = DIRECTION('',(0.284470665869,0.598885612356,0.748607015445));
#211 = DIRECTION('',(-2.737144699563E-17,0.780868809443,-0.624695047554)
  );
#212 = DEFINITIONAL_REPRESENTATION('',(#213),#220);
#213 = B_SPLINE_CURVE_WITH_KNOTS('',5,(#214,#215,#216,#217,#218,#219),
  .UNSPECIFIED.,.F.,.F.,(6,6),(5.022227542033,5.368209640316),
  .PIECEWISE_BEZIER_KNOTS.);
#214 = CARTESIAN_POINT('',(0.309838561648,-6.000000212225E-07));
#215 = CARTESIAN_POINT('',(0.379034981305,1.443599335444));
#216 = CARTESIAN_POINT('',(0.448231400961,2.847224333311));
#217 = CARTESIAN_POINT('',(0.517427820618,4.19647076562));
#218 = CARTESIAN_POINT('',(0.586624240275,5.477746756949));
#219 = CARTESIAN_POINT('',(0.655820659931,6.679072391799));
#220 = ( GEOMETRIC_REPRESENTATION_CONTEXT(2)
PARAMETRIC_REPRESENTATION_CONTEXT() REPRESENTATION_CONTEXT('2D SPACE',''
  ) );
#221 = ORIENTED_EDGE('',*,*,#222,.T.);
#222 = EDGE_CURVE('',#191,#223,#225,.T.);
#223 = VERTEX_POINT('',#224);
#224 = CARTESIAN_POINT('',(-18.8,0.9025,500.));
#225 = SURFACE_CURVE('',#226,(#230,#236),.PCURVE_S1.);
#226 = LINE('',#227,#228);
#227 = CARTESIAN_POINT('',(-18.8,6.449756097561,495.56219512195));
#228 = VECTOR('',#229,1.);
#229 = DIRECTION('',(0.,-0.780868809443,0.624695047554));
#230 = PCURVE('',#45,#231);
#231 = DEFINITIONAL_REPRESENTATION('',(#232),#235);
#232 = B_SPLINE_CURVE_WITH_KNOTS('',1,(#233,#234),.UNSPECIFIED.,.F.,.F.,
  (2,2),(1.30868809443,7.103953993908),.PIECEWISE_BEZIER_KNOTS.);
#233 = CARTESIAN_POINT('',(21.379726093335,-5.427842383331));
#234 = CARTESIAN_POINT('',(25.,-0.9025));
#235 = ( GEOMETRIC_REPRESENTATION_CONTEXT(2)
PARAMETRIC_REPRESENTATION_CONTEXT() REPRESENTATION_CONTEXT('2D SPACE',''
  ) );
#236 = PCURVE('',#237,#242);
#237 = PLANE('',#238);
#238 = AXIS2_PLACEMENT_3D('',#239,#240,#241);
#239 = CARTESIAN_POINT('',(-16.9,0.,500.));
#240 = DIRECTION('',(0.284470665869,0.598885612356,0.748607015445));
#241 = DIRECTION('',(-2.737144699563E-17,0.780868809443,-0.624695047554)
  );
#242 = DEFINITIONAL_REPRESENTATION('',(#243),#246);
#243 = B_SPLINE_CURVE_WITH_KNOTS('',1,(#244,#245),.UNSPECIFIED.,.F.,.F.,
  (2,2),(1.30868809443,7.103953993908),.PIECEWISE_BEZIER_KNOTS.);
#244 = CARTESIAN_POINT('',(6.5,1.981881958534));
#245 = CARTESIAN_POINT('',(0.704734100522,1.981881958534));
#246 = ( GEOMETRIC_REPRESENTATION_CONTEXT(2)
PARAMETRIC_REPRESENTATION_CONTEXT() REPRESENTATION_CONTEXT('2D SPACE',''
  ) );
#247 = ORIENTED_EDGE('',*,*,#248,.T.);
#248 = EDGE_CURVE('',#223,#144,#249,.T.);
#249 = SURFACE_CURVE('',#250,(#254,#261),.PCURVE_S1.);
#250 = LINE('',#251,#252);
#251 = CARTESIAN_POINT('',(-18.8,6.5,500.));
#252 = VECTOR('',#253,1.);
#253 = DIRECTION('',(0.,-1.,0.));
#254 = PCURVE('',#45,#255);
#255 = DEFINITIONAL_REPRESENTATION('',(#256),#260);
#256 = LINE('',#257,#258);
#257 = CARTESIAN_POINT('',(25.,-6.5));
#258 = VECTOR('',#259,1.);
#259 = DIRECTION('',(0.,1.));
#260 = ( GEOMETRIC_REPRESENTATION_CONTEXT(2)
PARAMETRIC_REPRESENTATION_CONTEXT() REPRESENTATION_CONTEXT('2D SPACE',''
  ) );
#261 = PCURVE('',#262,#267);
#262 = PLANE('',#263);
#263 = AXIS2_PLACEMENT_3D('',#264,#265,#266);
#264 = CARTESIAN_POINT('',(-18.8,6.5,500.));
#265 = DIRECTION('',(0.,0.,-1.));
#266 = DIRECTION('',(0.,-1.,0.));
#267 = DEFINITIONAL_REPRESENTATION('',(#268),#272);
#268 = LINE('',#269,#270);
#269 = CARTESIAN_POINT('',(0.,-0.));
#270 = VECTOR('',#271,1.);
#271 = DIRECTION('',(1.,0.));
#272 = ( GEOMETRIC_REPRESENTATION_CONTEXT(2)
PARAMETRIC_REPRESENTATION_CONTEXT() REPRESENTATION_CONTEXT('2D SPACE',''
  ) );
#273 = ADVANCED_FACE('',(#274),#72,.F.);
#274 = FACE_BOUND('',#275,.F.);
#275 = EDGE_LOOP('',(#276,#277,#300,#321));
#276 = ORIENTED_EDGE('',*,*,#143,.F.);
#277 = ORIENTED_EDGE('',*,*,#278,.T.);
#278 = EDGE_CURVE('',#144,#279,#281,.T.);
#279 = VERTEX_POINT('',#280);
#280 = CARTESIAN_POINT('',(-15.,-6.5,500.));
#281 = SURFACE_CURVE('',#282,(#286,#293),.PCURVE_S1.);
#282 = LINE('',#283,#284);
#283 = CARTESIAN_POINT('',(-18.8,-6.5,500.));
#284 = VECTOR('',#285,1.);
#285 = DIRECTION('',(1.,0.,0.));
#286 = PCURVE('',#72,#287);
#287 = DEFINITIONAL_REPRESENTATION('',(#288),#292);
#288 = LINE('',#289,#290);
#289 = CARTESIAN_POINT('',(0.,0.));
#290 = VECTOR('',#291,1.);
#291 = DIRECTION('',(0.,-1.));
#292 = ( GEOMETRIC_REPRESENTATION_CONTEXT(2)
PARAMETRIC_REPRESENTATION_CONTEXT() REPRESENTATION_CONTEXT('2D SPACE',''
  ) );
#293 = PCURVE('',#262,#294);
#294 = DEFINITIONAL_REPRESENTATION('',(#295),#299);
#295 = LINE('',#296,#297);
#296 = CARTESIAN_POINT('',(13.,0.));
#297 = VECTOR('',#298,1.);
#298 = DIRECTION('',(0.,-1.));
#299 = ( GEOMETRIC_REPRESENTATION_CONTEXT(2)
PARAMETRIC_REPRESENTATION_CONTEXT() REPRESENTATION_CONTEXT('2D SPACE',''
  ) );
#300 = ORIENTED_EDGE('',*,*,#301,.T.);
#301 = EDGE_CURVE('',#279,#58,#302,.T.);
#302 = SURFACE_CURVE('',#303,(#307,#314),.PCURVE_S1.);
#303 = LINE('',#304,#305);
#304 = CARTESIAN_POINT('',(-15.,-6.5,500.));
#305 = VECTOR('',#306,1.);
#306 = DIRECTION('',(0.,0.,-1.));
#307 = PCURVE('',#72,#308);
#308 = DEFINITIONAL_REPRESENTATION('',(#309),#313);
#309 = LINE('',#310,#311);
#310 = CARTESIAN_POINT('',(0.,-3.8));
#311 = VECTOR('',#312,1.);
#312 = DIRECTION('',(1.,0.));
#313 = ( GEOMETRIC_REPRESENTATION_CONTEXT(2)
PARAMETRIC_REPRESENTATION_CONTEXT() REPRESENTATION_CONTEXT('2D SPACE',''
  ) );
#314 = PCURVE('',#100,#315);
#315 = DEFINITIONAL_REPRESENTATION('',(#316),#320);
#316 = LINE('',#317,#318);
#317 = CARTESIAN_POINT('',(25.,6.5));
#318 = VECTOR('',#319,1.);
#319 = DIRECTION('',(-1.,0.));
#320 = ( GEOMETRIC_REPRESENTATION_CONTEXT(2)
PARAMETRIC_REPRESENTATION_CONTEXT() REPRESENTATION_CONTEXT('2D SPACE',''
  ) );
#321 = ORIENTED_EDGE('',*,*,#57,.T.);
#322 = ADVANCED_FACE('',(#323,#419),#100,.T.);
#323 = FACE_BOUND('',#324,.T.);
#324 = EDGE_LOOP('',(#325,#326,#349,#376,#397,#418));
#325 = ORIENTED_EDGE('',*,*,#83,.F.);
#326 = ORIENTED_EDGE('',*,*,#327,.T.);
#327 = EDGE_CURVE('',#84,#328,#330,.T.);
#328 = VERTEX_POINT('',#329);
#329 = CARTESIAN_POINT('',(-15.,6.5,497.88041447293));
#330 = SURFACE_CURVE('',#331,(#335,#342),.PCURVE_S1.);
#331 = LINE('',#332,#333);
#332 = CARTESIAN_POINT('',(-15.,6.5,475.));
#333 = VECTOR('',#334,1.);
#334 = DIRECTION('',(0.,0.,1.));
#335 = PCURVE('',#100,#336);
#336 = DEFINITIONAL_REPRESENTATION('',(#337),#341);
#337 = LINE('',#338,#339);
#338 = CARTESIAN_POINT('',(0.,-6.5));
#339 = VECTOR('',#340,1.);
#340 = DIRECTION('',(1.,0.));
#341 = ( GEOMETRIC_REPRESENTATION_CONTEXT(2)
PARAMETRIC_REPRESENTATION_CONTEXT() REPRESENTATION_CONTEXT('2D SPACE',''
  ) );
#342 = PCURVE('',#129,#343);
#343 = DEFINITIONAL_REPRESENTATION('',(#344),#348);
#344 = LINE('',#345,#346);
#345 = CARTESIAN_POINT('',(0.,-3.8));
#346 = VECTOR('',#347,1.);
#347 = DIRECTION('',(1.,0.));
#348 = ( GEOMETRIC_REPRESENTATION_CONTEXT(2)
PARAMETRIC_REPRESENTATION_CONTEXT() REPRESENTATION_CONTEXT('2D SPACE',''
  ) );
#349 = ORIENTED_EDGE('',*,*,#350,.F.);
#350 = EDGE_CURVE('',#351,#328,#353,.T.);
#351 = VERTEX_POINT('',#352);
#352 = CARTESIAN_POINT('',(-15.,4.481764012767,495.69258878978));
#353 = SURFACE_CURVE('',#354,(#359,#366),.PCURVE_S1.);
#354 = ELLIPSE('',#355,22.849456129837,6.5);
#355 = AXIS2_PLACEMENT_3D('',#356,#357,#358);
#356 = CARTESIAN_POINT('',(-15.,4.,505.));
#357 = DIRECTION('',(1.,0.,0.));
#358 = DIRECTION('',(-0.,0.624695047554,0.780868809443));
#359 = PCURVE('',#100,#360);
#360 = DEFINITIONAL_REPRESENTATION('',(#361),#365);
#361 = ELLIPSE('',#362,22.849456129837,6.5);
#362 = AXIS2_PLACEMENT_2D('',#363,#364);
#363 = CARTESIAN_POINT('',(30.,-4.));
#364 = DIRECTION('',(0.780868809443,-0.624695047554));
#365 = ( GEOMETRIC_REPRESENTATION_CONTEXT(2)
PARAMETRIC_REPRESENTATION_CONTEXT() REPRESENTATION_CONTEXT('2D SPACE',''
  ) );
#366 = PCURVE('',#207,#367);
#367 = DEFINITIONAL_REPRESENTATION('',(#368),#375);
#368 = B_SPLINE_CURVE_WITH_KNOTS('',5,(#369,#370,#371,#372,#373,#374),
  .UNSPECIFIED.,.F.,.F.,(6,6),(4.402550361217,4.712389005559),
  .PIECEWISE_BEZIER_KNOTS.);
#369 = CARTESIAN_POINT('',(5.973346688011,-5.999999643791E-07));
#370 = CARTESIAN_POINT('',(6.03531441688,1.292791833346));
#371 = CARTESIAN_POINT('',(6.097282145748,2.617643708409));
#372 = CARTESIAN_POINT('',(6.159249874617,3.964213382806));
#373 = CARTESIAN_POINT('',(6.221217603485,5.321642904684));
#374 = CARTESIAN_POINT('',(6.283185332354,6.679072343245));
#375 = ( GEOMETRIC_REPRESENTATION_CONTEXT(2)
PARAMETRIC_REPRESENTATION_CONTEXT() REPRESENTATION_CONTEXT('2D SPACE',''
  ) );
#376 = ORIENTED_EDGE('',*,*,#377,.T.);
#377 = EDGE_CURVE('',#351,#378,#380,.T.);
#378 = VERTEX_POINT('',#379);
#379 = CARTESIAN_POINT('',(-15.,-0.9025,500.));
#380 = SURFACE_CURVE('',#381,(#385,#391),.PCURVE_S1.);
#381 = LINE('',#382,#383);
#382 = CARTESIAN_POINT('',(-15.,5.745365853659,494.68170731707));
#383 = VECTOR('',#384,1.);
#384 = DIRECTION('',(0.,-0.780868809443,0.624695047554));
#385 = PCURVE('',#100,#386);
#386 = DEFINITIONAL_REPRESENTATION('',(#387),#390);
#387 = B_SPLINE_CURVE_WITH_KNOTS('',1,(#388,#389),.UNSPECIFIED.,.F.,.F.,
  (2,2),(1.30868809443,8.513422194953),.PIECEWISE_BEZIER_KNOTS.);
#388 = CARTESIAN_POINT('',(20.499238288457,-4.723452139428));
#389 = CARTESIAN_POINT('',(25.,0.9025));
#390 = ( GEOMETRIC_REPRESENTATION_CONTEXT(2)
PARAMETRIC_REPRESENTATION_CONTEXT() REPRESENTATION_CONTEXT('2D SPACE',''
  ) );
#391 = PCURVE('',#237,#392);
#392 = DEFINITIONAL_REPRESENTATION('',(#393),#396);
#393 = B_SPLINE_CURVE_WITH_KNOTS('',1,(#394,#395),.UNSPECIFIED.,.F.,.F.,
  (2,2),(1.30868809443,8.513422194953),.PIECEWISE_BEZIER_KNOTS.);
#394 = CARTESIAN_POINT('',(6.5,-1.981881958534));
#395 = CARTESIAN_POINT('',(-0.704734100522,-1.981881958534));
#396 = ( GEOMETRIC_REPRESENTATION_CONTEXT(2)
PARAMETRIC_REPRESENTATION_CONTEXT() REPRESENTATION_CONTEXT('2D SPACE',''
  ) );
#397 = ORIENTED_EDGE('',*,*,#398,.T.);
#398 = EDGE_CURVE('',#378,#279,#399,.T.);
#399 = SURFACE_CURVE('',#400,(#404,#411),.PCURVE_S1.);
#400 = LINE('',#401,#402);
#401 = CARTESIAN_POINT('',(-15.,6.5,500.));
#402 = VECTOR('',#403,1.);
#403 = DIRECTION('',(0.,-1.,0.));
#404 = PCURVE('',#100,#405);
#405 = DEFINITIONAL_REPRESENTATION('',(#406),#410);
#406 = LINE('',#407,#408);
#407 = CARTESIAN_POINT('',(25.,-6.5));
#408 = VECTOR('',#409,1.);
#409 = DIRECTION('',(0.,1.));
#410 = ( GEOMETRIC_REPRESENTATION_CONTEXT(2)
PARAMETRIC_REPRESENTATION_CONTEXT() REPRESENTATION_CONTEXT('2D SPACE',''
  ) );
#411 = PCURVE('',#262,#412);
#412 = DEFINITIONAL_REPRESENTATION('',(#413),#417);
#413 = LINE('',#414,#415);
#414 = CARTESIAN_POINT('',(0.,-3.8));
#415 = VECTOR('',#416,1.);
#416 = DIRECTION('',(1.,0.));
#417 = ( GEOMETRIC_REPRESENTATION_CONTEXT(2)
PARAMETRIC_REPRESENTATION_CONTEXT() REPRESENTATION_CONTEXT('2D SPACE',''
  ) );
#418 = ORIENTED_EDGE('',*,*,#301,.T.);
#419 = FACE_BOUND('',#420,.T.);
#420 = EDGE_LOOP('',(#421));
#421 = ORIENTED_EDGE('',*,*,#422,.T.);
#422 = EDGE_CURVE('',#423,#423,#425,.T.);
#423 = VERTEX_POINT('',#424);
#424 = CARTESIAN_POINT('',(-15.,3.9,475.));
#425 = SURFACE_CURVE('',#426,(#431,#442),.PCURVE_S1.);
#426 = CIRCLE('',#427,3.9);
#427 = AXIS2_PLACEMENT_3D('',#428,#429,#430);
#428 = CARTESIAN_POINT('',(-15.,-1.3399594926E-16,475.));
#429 = DIRECTION('',(-1.,0.,0.));
#430 = DIRECTION('',(0.,1.,0.));
#431 = PCURVE('',#100,#432);
#432 = DEFINITIONAL_REPRESENTATION('',(#433),#441);
#433 = ( BOUNDED_CURVE() B_SPLINE_CURVE(2,(#434,#435,#436,#437,#438,#439
,#440),.UNSPECIFIED.,.T.,.F.) B_SPLINE_CURVE_WITH_KNOTS((1,2,2,2,2,1),(
    -2.094395102393,0.,2.094395102393,4.188790204786,6.28318530718,
8.377580409573),.UNSPECIFIED.) CURVE() GEOMETRIC_REPRESENTATION_ITEM()
RATIONAL_B_SPLINE_CURVE((1.,0.5,1.,0.5,1.,0.5,1.)) REPRESENTATION_ITEM(
  '') );
#434 = CARTESIAN_POINT('',(0.,-3.9));
#435 = CARTESIAN_POINT('',(-6.754998149519,-3.9));
#436 = CARTESIAN_POINT('',(-3.377499074759,1.95));
#437 = CARTESIAN_POINT('',(-9.552245033349E-16,7.8));
#438 = CARTESIAN_POINT('',(3.377499074759,1.95));
#439 = CARTESIAN_POINT('',(6.754998149519,-3.9));
#440 = CARTESIAN_POINT('',(0.,-3.9));
#441 = ( GEOMETRIC_REPRESENTATION_CONTEXT(2)
PARAMETRIC_REPRESENTATION_CONTEXT() REPRESENTATION_CONTEXT('2D SPACE',''
  ) );
#442 = PCURVE('',#443,#448);
#443 = CYLINDRICAL_SURFACE('',#444,3.9);
#444 = AXIS2_PLACEMENT_3D('',#445,#446,#447);
#445 = CARTESIAN_POINT('',(-15.,0.,475.));
#446 = DIRECTION('',(-1.,-0.,-0.));
#447 = DIRECTION('',(0.,1.,0.));
#448 = DEFINITIONAL_REPRESENTATION('',(#449),#453);
#449 = LINE('',#450,#451);
#450 = CARTESIAN_POINT('',(-6.28318530718,0.));
#451 = VECTOR('',#452,1.);
#452 = DIRECTION('',(1.,-0.));
#453 = ( GEOMETRIC_REPRESENTATION_CONTEXT(2)
PARAMETRIC_REPRESENTATION_CONTEXT() REPRESENTATION_CONTEXT('2D SPACE',''
  ) );
#454 = ADVANCED_FACE('',(#455),#129,.F.);
#455 = FACE_BOUND('',#456,.F.);
#456 = EDGE_LOOP('',(#457,#458,#459,#460,#487));
#457 = ORIENTED_EDGE('',*,*,#167,.F.);
#458 = ORIENTED_EDGE('',*,*,#116,.F.);
#459 = ORIENTED_EDGE('',*,*,#327,.T.);
#460 = ORIENTED_EDGE('',*,*,#461,.F.);
#461 = EDGE_CURVE('',#462,#328,#464,.T.);
#462 = VERTEX_POINT('',#463);
#463 = CARTESIAN_POINT('',(-16.22343244915,6.5,497.71992311417));
#464 = SURFACE_CURVE('',#465,(#470,#477),.PCURVE_S1.);
#465 = ELLIPSE('',#466,10.853491661673,6.5);
#466 = AXIS2_PLACEMENT_3D('',#467,#468,#469);
#467 = CARTESIAN_POINT('',(-13.8125,6.5,508.125));
#468 = DIRECTION('',(0.,-1.,0.));
#469 = DIRECTION('',(0.355217760624,0.,0.934783580588));
#470 = PCURVE('',#129,#471);
#471 = DEFINITIONAL_REPRESENTATION('',(#472),#476);
#472 = ELLIPSE('',#473,10.853491661673,6.5);
#473 = AXIS2_PLACEMENT_2D('',#474,#475);
#474 = CARTESIAN_POINT('',(33.125,-4.9875));
#475 = DIRECTION('',(0.934783580588,-0.355217760624));
#476 = ( GEOMETRIC_REPRESENTATION_CONTEXT(2)
PARAMETRIC_REPRESENTATION_CONTEXT() REPRESENTATION_CONTEXT('2D SPACE',''
  ) );
#477 = PCURVE('',#207,#478);
#478 = DEFINITIONAL_REPRESENTATION('',(#479),#486);
#479 = B_SPLINE_CURVE_WITH_KNOTS('',5,(#480,#481,#482,#483,#484,#485),
  .UNSPECIFIED.,.F.,.F.,(6,6),(3.365358119498,3.594550999422),
  .PIECEWISE_BEZIER_KNOTS.);
#480 = CARTESIAN_POINT('',(6.28318530718,2.378338549522));
#481 = CARTESIAN_POINT('',(6.237346731195,2.466749517734));
#482 = CARTESIAN_POINT('',(6.19150815521,2.577420174988));
#483 = CARTESIAN_POINT('',(6.145669579225,2.709963745587));
#484 = CARTESIAN_POINT('',(6.099831003241,2.863797499796));
#485 = CARTESIAN_POINT('',(6.053992427256,3.038157948302));
#486 = ( GEOMETRIC_REPRESENTATION_CONTEXT(2)
PARAMETRIC_REPRESENTATION_CONTEXT() REPRESENTATION_CONTEXT('2D SPACE',''
  ) );
#487 = ORIENTED_EDGE('',*,*,#488,.F.);
#488 = EDGE_CURVE('',#168,#462,#489,.T.);
#489 = SURFACE_CURVE('',#490,(#495,#502),.PCURVE_S1.);
#490 = ELLIPSE('',#491,10.853491661673,6.5);
#491 = AXIS2_PLACEMENT_3D('',#492,#493,#494);
#492 = CARTESIAN_POINT('',(-13.8125,6.5,508.125));
#493 = DIRECTION('',(0.,-1.,0.));
#494 = DIRECTION('',(0.355217760624,0.,0.934783580588));
#495 = PCURVE('',#129,#496);
#496 = DEFINITIONAL_REPRESENTATION('',(#497),#501);
#497 = ELLIPSE('',#498,10.853491661673,6.5);
#498 = AXIS2_PLACEMENT_2D('',#499,#500);
#499 = CARTESIAN_POINT('',(33.125,-4.9875));
#500 = DIRECTION('',(0.934783580588,-0.355217760624));
#501 = ( GEOMETRIC_REPRESENTATION_CONTEXT(2)
PARAMETRIC_REPRESENTATION_CONTEXT() REPRESENTATION_CONTEXT('2D SPACE',''
  ) );
#502 = PCURVE('',#207,#503);
#503 = DEFINITIONAL_REPRESENTATION('',(#504),#512);
#504 = B_SPLINE_CURVE_WITH_KNOTS('',6,(#505,#506,#507,#508,#509,#510,
    #511),.UNSPECIFIED.,.F.,.F.,(7,7),(2.865119500327,3.365358119498),
  .PIECEWISE_BEZIER_KNOTS.);
#505 = CARTESIAN_POINT('',(0.500238619171,2.491720912479));
#506 = CARTESIAN_POINT('',(0.416865515976,2.293912691537));
#507 = CARTESIAN_POINT('',(0.333492412781,2.165852422505));
#508 = CARTESIAN_POINT('',(0.250119309586,2.110015035456));
#509 = CARTESIAN_POINT('',(0.16674620639,2.127421180586));
#510 = CARTESIAN_POINT('',(8.337310319521E-02,2.217533013618));
#511 = CARTESIAN_POINT('',(0.,2.378338549522));
#512 = ( GEOMETRIC_REPRESENTATION_CONTEXT(2)
PARAMETRIC_REPRESENTATION_CONTEXT() REPRESENTATION_CONTEXT('2D SPACE',''
  ) );
#513 = ADVANCED_FACE('',(#514),#262,.F.);
#514 = FACE_BOUND('',#515,.F.);
#515 = EDGE_LOOP('',(#516,#517,#536,#537));
#516 = ORIENTED_EDGE('',*,*,#248,.F.);
#517 = ORIENTED_EDGE('',*,*,#518,.T.);
#518 = EDGE_CURVE('',#223,#378,#519,.T.);
#519 = SURFACE_CURVE('',#520,(#524,#530),.PCURVE_S1.);
#520 = LINE('',#521,#522);
#521 = CARTESIAN_POINT('',(-18.93467618562,0.966471188169,500.));
#522 = VECTOR('',#523,1.);
#523 = DIRECTION('',(0.903277504354,-0.429056814568,0.));
#524 = PCURVE('',#262,#525);
#525 = DEFINITIONAL_REPRESENTATION('',(#526),#529);
#526 = B_SPLINE_CURVE_WITH_KNOTS('',1,(#527,#528),.UNSPECIFIED.,.F.,.F.,
  (2,2),(0.149097243062,4.355999309905),.PIECEWISE_BEZIER_KNOTS.);
#527 = CARTESIAN_POINT('',(5.5975,2.051170548973E-16));
#528 = CARTESIAN_POINT('',(7.4025,-3.8));
#529 = ( GEOMETRIC_REPRESENTATION_CONTEXT(2)
PARAMETRIC_REPRESENTATION_CONTEXT() REPRESENTATION_CONTEXT('2D SPACE',''
  ) );
#530 = PCURVE('',#237,#531);
#531 = DEFINITIONAL_REPRESENTATION('',(#532),#535);
#532 = B_SPLINE_CURVE_WITH_KNOTS('',1,(#533,#534),.UNSPECIFIED.,.F.,.F.,
  (2,2),(0.149097243062,4.355999309905),.PIECEWISE_BEZIER_KNOTS.);
#533 = CARTESIAN_POINT('',(0.704734100522,1.981881958534));
#534 = CARTESIAN_POINT('',(-0.704734100522,-1.981881958534));
#535 = ( GEOMETRIC_REPRESENTATION_CONTEXT(2)
PARAMETRIC_REPRESENTATION_CONTEXT() REPRESENTATION_CONTEXT('2D SPACE',''
  ) );
#536 = ORIENTED_EDGE('',*,*,#398,.T.);
#537 = ORIENTED_EDGE('',*,*,#278,.F.);
#538 = ADVANCED_FACE('',(#539),#237,.F.);
#539 = FACE_BOUND('',#540,.F.);
#540 = EDGE_LOOP('',(#541,#542,#564,#565));
#541 = ORIENTED_EDGE('',*,*,#222,.F.);
#542 = ORIENTED_EDGE('',*,*,#543,.T.);
#543 = EDGE_CURVE('',#191,#351,#544,.T.);
#544 = SURFACE_CURVE('',#545,(#550,#557),.PCURVE_S1.);
#545 = CIRCLE('',#546,6.5);
#546 = AXIS2_PLACEMENT_3D('',#547,#548,#549);
#547 = CARTESIAN_POINT('',(-16.9,0.,500.));
#548 = DIRECTION('',(0.284470665869,0.598885612356,0.748607015445));
#549 = DIRECTION('',(-2.737144699563E-17,0.780868809443,-0.624695047554)
  );
#550 = PCURVE('',#237,#551);
#551 = DEFINITIONAL_REPRESENTATION('',(#552),#556);
#552 = CIRCLE('',#553,6.5);
#553 = AXIS2_PLACEMENT_2D('',#554,#555);
#554 = CARTESIAN_POINT('',(0.,0.));
#555 = DIRECTION('',(1.,0.));
#556 = ( GEOMETRIC_REPRESENTATION_CONTEXT(2)
PARAMETRIC_REPRESENTATION_CONTEXT() REPRESENTATION_CONTEXT('2D SPACE',''
  ) );
#557 = PCURVE('',#207,#558);
#558 = DEFINITIONAL_REPRESENTATION('',(#559),#563);
#559 = LINE('',#560,#561);
#560 = CARTESIAN_POINT('',(0.,0.));
#561 = VECTOR('',#562,1.);
#562 = DIRECTION('',(1.,0.));
#563 = ( GEOMETRIC_REPRESENTATION_CONTEXT(2)
PARAMETRIC_REPRESENTATION_CONTEXT() REPRESENTATION_CONTEXT('2D SPACE',''
  ) );
#564 = ORIENTED_EDGE('',*,*,#377,.T.);
#565 = ORIENTED_EDGE('',*,*,#518,.F.);
#566 = ADVANCED_FACE('',(#567),#207,.T.);
#567 = FACE_BOUND('',#568,.T.);
#568 = EDGE_LOOP('',(#569,#570,#593,#622,#654,#686,#715,#743,#777,#806,
    #828,#829,#830,#831,#832));
#569 = ORIENTED_EDGE('',*,*,#461,.F.);
#570 = ORIENTED_EDGE('',*,*,#571,.T.);
#571 = EDGE_CURVE('',#462,#572,#574,.T.);
#572 = VERTEX_POINT('',#573);
#573 = CARTESIAN_POINT('',(-15.,9.07564726138,500.93948219089));
#574 = SEAM_CURVE('',#575,(#579,#586),.PCURVE_S1.);
#575 = LINE('',#576,#577);
#576 = CARTESIAN_POINT('',(-16.9,5.07564726138,495.93948219089));
#577 = VECTOR('',#578,1.);
#578 = DIRECTION('',(0.284470665869,0.598885612356,0.748607015445));
#579 = PCURVE('',#207,#580);
#580 = DEFINITIONAL_REPRESENTATION('',(#581),#585);
#581 = LINE('',#582,#583);
#582 = CARTESIAN_POINT('',(0.,-0.));
#583 = VECTOR('',#584,1.);
#584 = DIRECTION('',(0.,1.));
#585 = ( GEOMETRIC_REPRESENTATION_CONTEXT(2)
PARAMETRIC_REPRESENTATION_CONTEXT() REPRESENTATION_CONTEXT('2D SPACE',''
  ) );
#586 = PCURVE('',#207,#587);
#587 = DEFINITIONAL_REPRESENTATION('',(#588),#592);
#588 = LINE('',#589,#590);
#589 = CARTESIAN_POINT('',(6.28318530718,-0.));
#590 = VECTOR('',#591,1.);
#591 = DIRECTION('',(0.,1.));
#592 = ( GEOMETRIC_REPRESENTATION_CONTEXT(2)
PARAMETRIC_REPRESENTATION_CONTEXT() REPRESENTATION_CONTEXT('2D SPACE',''
  ) );
#593 = ORIENTED_EDGE('',*,*,#594,.F.);
#594 = EDGE_CURVE('',#595,#572,#597,.T.);
#595 = VERTEX_POINT('',#596);
#596 = CARTESIAN_POINT('',(-9.128696221697,1.211130705306,505.));
#597 = SURFACE_CURVE('',#598,(#603,#610),.PCURVE_S1.);
#598 = CIRCLE('',#599,6.5);
#599 = AXIS2_PLACEMENT_3D('',#600,#601,#602);
#600 = CARTESIAN_POINT('',(-15.,4.,505.));
#601 = DIRECTION('',(0.284470665869,0.598885612356,0.748607015445));
#602 = DIRECTION('',(-2.737144699563E-17,0.780868809443,-0.624695047554)
  );
#603 = PCURVE('',#207,#604);
#604 = DEFINITIONAL_REPRESENTATION('',(#605),#609);
#605 = LINE('',#606,#607);
#606 = CARTESIAN_POINT('',(0.,6.679071791799));
#607 = VECTOR('',#608,1.);
#608 = DIRECTION('',(1.,0.));
#609 = ( GEOMETRIC_REPRESENTATION_CONTEXT(2)
PARAMETRIC_REPRESENTATION_CONTEXT() REPRESENTATION_CONTEXT('2D SPACE',''
  ) );
#610 = PCURVE('',#611,#616);
#611 = PLANE('',#612);
#612 = AXIS2_PLACEMENT_3D('',#613,#614,#615);
#613 = CARTESIAN_POINT('',(-15.,4.,505.));
#614 = DIRECTION('',(0.284470665869,0.598885612356,0.748607015445));
#615 = DIRECTION('',(-2.737144699563E-17,0.780868809443,-0.624695047554)
  );
#616 = DEFINITIONAL_REPRESENTATION('',(#617),#621);
#617 = CIRCLE('',#618,6.5);
#618 = AXIS2_PLACEMENT_2D('',#619,#620);
#619 = CARTESIAN_POINT('',(0.,0.));
#620 = DIRECTION('',(1.,0.));
#621 = ( GEOMETRIC_REPRESENTATION_CONTEXT(2)
PARAMETRIC_REPRESENTATION_CONTEXT() REPRESENTATION_CONTEXT('2D SPACE',''
  ) );
#622 = ORIENTED_EDGE('',*,*,#623,.F.);
#623 = EDGE_CURVE('',#624,#595,#626,.T.);
#624 = VERTEX_POINT('',#625);
#625 = CARTESIAN_POINT('',(-9.795460478034,0.,505.));
#626 = SURFACE_CURVE('',#627,(#632,#642),.PCURVE_S1.);
#627 = ELLIPSE('',#628,8.682793329338,6.5);
#628 = AXIS2_PLACEMENT_3D('',#629,#630,#631);
#629 = CARTESIAN_POINT('',(-15.,4.,505.));
#630 = DIRECTION('',(0.,-0.,1.));
#631 = DIRECTION('',(0.429056814568,0.903277504354,0.));
#632 = PCURVE('',#207,#633);
#633 = DEFINITIONAL_REPRESENTATION('',(#634),#641);
#634 = B_SPLINE_CURVE_WITH_KNOTS('',5,(#635,#636,#637,#638,#639,#640),
  .UNSPECIFIED.,.F.,.F.,(6,6),(4.439421554739,4.712389084609),
  .PIECEWISE_BEZIER_KNOTS.);
#635 = CARTESIAN_POINT('',(4.097776966198,5.127091462871));
#636 = CARTESIAN_POINT('',(4.152370472172,5.429739745605));
#637 = CARTESIAN_POINT('',(4.206963978146,5.738170018847));
#638 = CARTESIAN_POINT('',(4.26155748412,6.050503132287));
#639 = CARTESIAN_POINT('',(4.316150990094,6.364787767531));
#640 = CARTESIAN_POINT('',(4.370744496068,6.679072391799));
#641 = ( GEOMETRIC_REPRESENTATION_CONTEXT(2)
PARAMETRIC_REPRESENTATION_CONTEXT() REPRESENTATION_CONTEXT('2D SPACE',''
  ) );
#642 = PCURVE('',#643,#648);
#643 = PLANE('',#644);
#644 = AXIS2_PLACEMENT_3D('',#645,#646,#647);
#645 = CARTESIAN_POINT('',(-8.5,0.,505.));
#646 = DIRECTION('',(0.,-0.,1.));
#647 = DIRECTION('',(-1.,0.,0.));
#648 = DEFINITIONAL_REPRESENTATION('',(#649),#653);
#649 = ELLIPSE('',#650,8.682793329338,6.5);
#650 = AXIS2_PLACEMENT_2D('',#651,#652);
#651 = CARTESIAN_POINT('',(6.5,-4.));
#652 = DIRECTION('',(-0.429056814568,-0.903277504354));
#653 = ( GEOMETRIC_REPRESENTATION_CONTEXT(2)
PARAMETRIC_REPRESENTATION_CONTEXT() REPRESENTATION_CONTEXT('2D SPACE',''
  ) );
#654 = ORIENTED_EDGE('',*,*,#655,.F.);
#655 = EDGE_CURVE('',#656,#624,#658,.T.);
#656 = VERTEX_POINT('',#657);
#657 = CARTESIAN_POINT('',(-10.04913030826,-2.22044604925E-14,
    506.31866951714));
#658 = SURFACE_CURVE('',#659,(#664,#674),.PCURVE_S1.);
#659 = ELLIPSE('',#660,10.853491661673,6.5);
#660 = AXIS2_PLACEMENT_3D('',#661,#662,#663);
#661 = CARTESIAN_POINT('',(-16.9,0.,500.));
#662 = DIRECTION('',(0.,1.,0.));
#663 = DIRECTION('',(0.355217760624,-0.,0.934783580588));
#664 = PCURVE('',#207,#665);
#665 = DEFINITIONAL_REPRESENTATION('',(#666),#673);
#666 = B_SPLINE_CURVE_WITH_KNOTS('',5,(#667,#668,#669,#670,#671,#672),
  .UNSPECIFIED.,.F.,.F.,(6,6),(0.6944134394,1.014176338472),
  .PIECEWISE_BEZIER_KNOTS.);
#667 = CARTESIAN_POINT('',(4.059771558898,6.679072391799));
#668 = CARTESIAN_POINT('',(4.123724138713,6.323354177319));
#669 = CARTESIAN_POINT('',(4.187676718527,5.933489958168));
#670 = CARTESIAN_POINT('',(4.251629298342,5.512509445915));
#671 = CARTESIAN_POINT('',(4.315581878156,5.064029953984));
#672 = CARTESIAN_POINT('',(4.379534457971,4.592074052559));
#673 = ( GEOMETRIC_REPRESENTATION_CONTEXT(2)
PARAMETRIC_REPRESENTATION_CONTEXT() REPRESENTATION_CONTEXT('2D SPACE',''
  ) );
#674 = PCURVE('',#675,#680);
#675 = PLANE('',#676);
#676 = AXIS2_PLACEMENT_3D('',#677,#678,#679);
#677 = CARTESIAN_POINT('',(-15.,0.,517.5));
#678 = DIRECTION('',(0.,1.,0.));
#679 = DIRECTION('',(0.,-0.,1.));
#680 = DEFINITIONAL_REPRESENTATION('',(#681),#685);
#681 = ELLIPSE('',#682,10.853491661673,6.5);
#682 = AXIS2_PLACEMENT_2D('',#683,#684);
#683 = CARTESIAN_POINT('',(-17.5,-1.9));
#684 = DIRECTION('',(0.934783580588,0.355217760624));
#685 = ( GEOMETRIC_REPRESENTATION_CONTEXT(2)
PARAMETRIC_REPRESENTATION_CONTEXT() REPRESENTATION_CONTEXT('2D SPACE',''
  ) );
#686 = ORIENTED_EDGE('',*,*,#687,.F.);
#687 = EDGE_CURVE('',#688,#656,#690,.T.);
#688 = VERTEX_POINT('',#689);
#689 = CARTESIAN_POINT('',(-17.82573861868,-2.13162820728E-14,
    509.2737806751));
#690 = SURFACE_CURVE('',#691,(#696,#703),.PCURVE_S1.);
#691 = CIRCLE('',#692,6.5);
#692 = AXIS2_PLACEMENT_3D('',#693,#694,#695);
#693 = CARTESIAN_POINT('',(-15.,4.,505.));
#694 = DIRECTION('',(0.284470665869,0.598885612356,0.748607015445));
#695 = DIRECTION('',(-2.737144699563E-17,0.780868809443,-0.624695047554)
  );
#696 = PCURVE('',#207,#697);
#697 = DEFINITIONAL_REPRESENTATION('',(#698),#702);
#698 = LINE('',#699,#700);
#699 = CARTESIAN_POINT('',(0.,6.679071791799));
#700 = VECTOR('',#701,1.);
#701 = DIRECTION('',(1.,0.));
#702 = ( GEOMETRIC_REPRESENTATION_CONTEXT(2)
PARAMETRIC_REPRESENTATION_CONTEXT() REPRESENTATION_CONTEXT('2D SPACE',''
  ) );
#703 = PCURVE('',#704,#709);
#704 = PLANE('',#705);
#705 = AXIS2_PLACEMENT_3D('',#706,#707,#708);
#706 = CARTESIAN_POINT('',(-15.,4.,505.));
#707 = DIRECTION('',(0.284470665869,0.598885612356,0.748607015445));
#708 = DIRECTION('',(-2.737144699563E-17,0.780868809443,-0.624695047554)
  );
#709 = DEFINITIONAL_REPRESENTATION('',(#710),#714);
#710 = CIRCLE('',#711,6.5);
#711 = AXIS2_PLACEMENT_2D('',#712,#713);
#712 = CARTESIAN_POINT('',(0.,0.));
#713 = DIRECTION('',(1.,0.));
#714 = ( GEOMETRIC_REPRESENTATION_CONTEXT(2)
PARAMETRIC_REPRESENTATION_CONTEXT() REPRESENTATION_CONTEXT('2D SPACE',''
  ) );
#715 = ORIENTED_EDGE('',*,*,#716,.F.);
#716 = EDGE_CURVE('',#717,#688,#719,.T.);
#717 = VERTEX_POINT('',#718);
#718 = CARTESIAN_POINT('',(-21.5,0.,505.31065268153));
#719 = SURFACE_CURVE('',#720,(#725,#736),.PCURVE_S1.);
#720 = ELLIPSE('',#721,10.853491661673,6.5);
#721 = AXIS2_PLACEMENT_3D('',#722,#723,#724);
#722 = CARTESIAN_POINT('',(-16.9,0.,500.));
#723 = DIRECTION('',(0.,1.,0.));
#724 = DIRECTION('',(0.355217760624,-0.,0.934783580588));
#725 = PCURVE('',#207,#726);
#726 = DEFINITIONAL_REPRESENTATION('',(#727),#735);
#727 = B_SPLINE_CURVE_WITH_KNOTS('',6,(#728,#729,#730,#731,#732,#733,
    #734),.UNSPECIFIED.,.F.,.F.,(7,7),(4.82147803689,5.58877186778),
  .PIECEWISE_BEZIER_KNOTS.);
#728 = CARTESIAN_POINT('',(1.903650849209,0.946306354915));
#729 = CARTESIAN_POINT('',(2.031533154357,2.051233045986));
#730 = CARTESIAN_POINT('',(2.159415459506,3.137587400409));
#731 = CARTESIAN_POINT('',(2.287297764654,4.172853973062));
#732 = CARTESIAN_POINT('',(2.415180069802,5.125380591298));
#733 = CARTESIAN_POINT('',(2.54306237495,5.96776308445));
#734 = CARTESIAN_POINT('',(2.670944680099,6.679072391799));
#735 = ( GEOMETRIC_REPRESENTATION_CONTEXT(2)
PARAMETRIC_REPRESENTATION_CONTEXT() REPRESENTATION_CONTEXT('2D SPACE',''
  ) );
#736 = PCURVE('',#675,#737);
#737 = DEFINITIONAL_REPRESENTATION('',(#738),#742);
#738 = ELLIPSE('',#739,10.853491661673,6.5);
#739 = AXIS2_PLACEMENT_2D('',#740,#741);
#740 = CARTESIAN_POINT('',(-17.5,-1.9));
#741 = DIRECTION('',(0.934783580588,0.355217760624));
#742 = ( GEOMETRIC_REPRESENTATION_CONTEXT(2)
PARAMETRIC_REPRESENTATION_CONTEXT() REPRESENTATION_CONTEXT('2D SPACE',''
  ) );
#743 = ORIENTED_EDGE('',*,*,#744,.F.);
#744 = EDGE_CURVE('',#745,#717,#747,.T.);
#745 = VERTEX_POINT('',#746);
#746 = CARTESIAN_POINT('',(-21.5,5.156467550818,505.));
#747 = SURFACE_CURVE('',#748,(#753,#765),.PCURVE_S1.);
#748 = ELLIPSE('',#749,22.849456129837,6.5);
#749 = AXIS2_PLACEMENT_3D('',#750,#751,#752);
#750 = CARTESIAN_POINT('',(-21.5,-9.684210526316,487.8947368421));
#751 = DIRECTION('',(1.,0.,0.));
#752 = DIRECTION('',(-0.,0.624695047554,0.780868809443));
#753 = PCURVE('',#207,#754);
#754 = DEFINITIONAL_REPRESENTATION('',(#755),#764);
#755 = B_SPLINE_CURVE_WITH_KNOTS('',7,(#756,#757,#758,#759,#760,#761,
    #762,#763),.UNSPECIFIED.,.F.,.F.,(8,8),(5.860391502698,
    6.885685830658),.PIECEWISE_BEZIER_KNOTS.);
#756 = CARTESIAN_POINT('',(1.148002522313,3.806184230455));
#757 = CARTESIAN_POINT('',(1.294473140593,5.122663855871));
#758 = CARTESIAN_POINT('',(1.440943758873,5.939143969667));
#759 = CARTESIAN_POINT('',(1.587414377154,6.209502052818));
#760 = CARTESIAN_POINT('',(1.733884995433,5.913855941231));
#761 = CARTESIAN_POINT('',(1.880355613713,5.062764767232));
#762 = CARTESIAN_POINT('',(2.026826231993,3.696230260127));
#763 = CARTESIAN_POINT('',(2.173296850273,1.877958295529));
#764 = ( GEOMETRIC_REPRESENTATION_CONTEXT(2)
PARAMETRIC_REPRESENTATION_CONTEXT() REPRESENTATION_CONTEXT('2D SPACE',''
  ) );
#765 = PCURVE('',#766,#771);
#766 = PLANE('',#767);
#767 = AXIS2_PLACEMENT_3D('',#768,#769,#770);
#768 = CARTESIAN_POINT('',(-21.5,0.,505.));
#769 = DIRECTION('',(1.,0.,0.));
#770 = DIRECTION('',(0.,0.,1.));
#771 = DEFINITIONAL_REPRESENTATION('',(#772),#776);
#772 = ELLIPSE('',#773,22.849456129837,6.5);
#773 = AXIS2_PLACEMENT_2D('',#774,#775);
#774 = CARTESIAN_POINT('',(-17.10526315789,9.684210526316));
#775 = DIRECTION('',(0.780868809443,-0.624695047554));
#776 = ( GEOMETRIC_REPRESENTATION_CONTEXT(2)
PARAMETRIC_REPRESENTATION_CONTEXT() REPRESENTATION_CONTEXT('2D SPACE',''
  ) );
#777 = ORIENTED_EDGE('',*,*,#778,.F.);
#778 = EDGE_CURVE('',#779,#745,#781,.T.);
#779 = VERTEX_POINT('',#780);
#780 = CARTESIAN_POINT('',(-20.8713037783,6.788869294694,505.));
#781 = SURFACE_CURVE('',#782,(#787,#799),.PCURVE_S1.);
#782 = ELLIPSE('',#783,8.682793329338,6.5);
#783 = AXIS2_PLACEMENT_3D('',#784,#785,#786);
#784 = CARTESIAN_POINT('',(-15.,4.,505.));
#785 = DIRECTION('',(0.,-0.,1.));
#786 = DIRECTION('',(0.429056814568,0.903277504354,0.));
#787 = PCURVE('',#207,#788);
#788 = DEFINITIONAL_REPRESENTATION('',(#789),#798);
#789 = B_SPLINE_CURVE_WITH_KNOTS('',7,(#790,#791,#792,#793,#794,#795,
    #796,#797),.UNSPECIFIED.,.F.,.F.,(8,8),(1.570796222571,
    2.527052929523),.PIECEWISE_BEZIER_KNOTS.);
#790 = CARTESIAN_POINT('',(1.22915163403,6.679072391799));
#791 = CARTESIAN_POINT('',(1.365759735023,5.892645051651));
#792 = CARTESIAN_POINT('',(1.502367836016,5.106217763076));
#793 = CARTESIAN_POINT('',(1.638975937009,4.343761023344));
#794 = CARTESIAN_POINT('',(1.775584038004,3.62924776018));
#795 = CARTESIAN_POINT('',(1.912192138995,2.984817621504));
#796 = CARTESIAN_POINT('',(2.048800239989,2.428971480639));
#797 = CARTESIAN_POINT('',(2.185408340982,1.975531223042));
#798 = ( GEOMETRIC_REPRESENTATION_CONTEXT(2)
PARAMETRIC_REPRESENTATION_CONTEXT() REPRESENTATION_CONTEXT('2D SPACE',''
  ) );
#799 = PCURVE('',#643,#800);
#800 = DEFINITIONAL_REPRESENTATION('',(#801),#805);
#801 = ELLIPSE('',#802,8.682793329338,6.5);
#802 = AXIS2_PLACEMENT_2D('',#803,#804);
#803 = CARTESIAN_POINT('',(6.5,-4.));
#804 = DIRECTION('',(-0.429056814568,-0.903277504354));
#805 = ( GEOMETRIC_REPRESENTATION_CONTEXT(2)
PARAMETRIC_REPRESENTATION_CONTEXT() REPRESENTATION_CONTEXT('2D SPACE',''
  ) );
#806 = ORIENTED_EDGE('',*,*,#807,.F.);
#807 = EDGE_CURVE('',#572,#779,#808,.T.);
#808 = SURFACE_CURVE('',#809,(#814,#821),.PCURVE_S1.);
#809 = CIRCLE('',#810,6.5);
#810 = AXIS2_PLACEMENT_3D('',#811,#812,#813);
#811 = CARTESIAN_POINT('',(-15.,4.,505.));
#812 = DIRECTION('',(0.284470665869,0.598885612356,0.748607015445));
#813 = DIRECTION('',(-2.737144699563E-17,0.780868809443,-0.624695047554)
  );
#814 = PCURVE('',#207,#815);
#815 = DEFINITIONAL_REPRESENTATION('',(#816),#820);
#816 = LINE('',#817,#818);
#817 = CARTESIAN_POINT('',(0.,6.679071791799));
#818 = VECTOR('',#819,1.);
#819 = DIRECTION('',(1.,0.));
#820 = ( GEOMETRIC_REPRESENTATION_CONTEXT(2)
PARAMETRIC_REPRESENTATION_CONTEXT() REPRESENTATION_CONTEXT('2D SPACE',''
  ) );
#821 = PCURVE('',#611,#822);
#822 = DEFINITIONAL_REPRESENTATION('',(#823),#827);
#823 = CIRCLE('',#824,6.5);
#824 = AXIS2_PLACEMENT_2D('',#825,#826);
#825 = CARTESIAN_POINT('',(0.,0.));
#826 = DIRECTION('',(1.,0.));
#827 = ( GEOMETRIC_REPRESENTATION_CONTEXT(2)
PARAMETRIC_REPRESENTATION_CONTEXT() REPRESENTATION_CONTEXT('2D SPACE',''
  ) );
#828 = ORIENTED_EDGE('',*,*,#571,.F.);
#829 = ORIENTED_EDGE('',*,*,#488,.F.);
#830 = ORIENTED_EDGE('',*,*,#190,.F.);
#831 = ORIENTED_EDGE('',*,*,#543,.T.);
#832 = ORIENTED_EDGE('',*,*,#350,.T.);
#833 = ADVANCED_FACE('',(#834),#443,.T.);
#834 = FACE_BOUND('',#835,.F.);
#835 = EDGE_LOOP('',(#836,#837,#860,#887));
#836 = ORIENTED_EDGE('',*,*,#422,.T.);
#837 = ORIENTED_EDGE('',*,*,#838,.T.);
#838 = EDGE_CURVE('',#423,#839,#841,.T.);
#839 = VERTEX_POINT('',#840);
#840 = CARTESIAN_POINT('',(-9.15,3.9,475.));
#841 = SEAM_CURVE('',#842,(#846,#853),.PCURVE_S1.);
#842 = LINE('',#843,#844);
#843 = CARTESIAN_POINT('',(-15.,3.9,475.));
#844 = VECTOR('',#845,1.);
#845 = DIRECTION('',(1.,0.,0.));
#846 = PCURVE('',#443,#847);
#847 = DEFINITIONAL_REPRESENTATION('',(#848),#852);
#848 = LINE('',#849,#850);
#849 = CARTESIAN_POINT('',(-0.,0.));
#850 = VECTOR('',#851,1.);
#851 = DIRECTION('',(-0.,-1.));
#852 = ( GEOMETRIC_REPRESENTATION_CONTEXT(2)
PARAMETRIC_REPRESENTATION_CONTEXT() REPRESENTATION_CONTEXT('2D SPACE',''
  ) );
#853 = PCURVE('',#443,#854);
#854 = DEFINITIONAL_REPRESENTATION('',(#855),#859);
#855 = LINE('',#856,#857);
#856 = CARTESIAN_POINT('',(-6.28318530718,0.));
#857 = VECTOR('',#858,1.);
#858 = DIRECTION('',(-0.,-1.));
#859 = ( GEOMETRIC_REPRESENTATION_CONTEXT(2)
PARAMETRIC_REPRESENTATION_CONTEXT() REPRESENTATION_CONTEXT('2D SPACE',''
  ) );
#860 = ORIENTED_EDGE('',*,*,#861,.T.);
#861 = EDGE_CURVE('',#839,#839,#862,.T.);
#862 = SURFACE_CURVE('',#863,(#868,#875),.PCURVE_S1.);
#863 = CIRCLE('',#864,3.9);
#864 = AXIS2_PLACEMENT_3D('',#865,#866,#867);
#865 = CARTESIAN_POINT('',(-9.15,0.,475.));
#866 = DIRECTION('',(1.,0.,0.));
#867 = DIRECTION('',(0.,1.,0.));
#868 = PCURVE('',#443,#869);
#869 = DEFINITIONAL_REPRESENTATION('',(#870),#874);
#870 = LINE('',#871,#872);
#871 = CARTESIAN_POINT('',(-0.,-5.85));
#872 = VECTOR('',#873,1.);
#873 = DIRECTION('',(-1.,0.));
#874 = ( GEOMETRIC_REPRESENTATION_CONTEXT(2)
PARAMETRIC_REPRESENTATION_CONTEXT() REPRESENTATION_CONTEXT('2D SPACE',''
  ) );
#875 = PCURVE('',#876,#881);
#876 = PLANE('',#877);
#877 = AXIS2_PLACEMENT_3D('',#878,#879,#880);
#878 = CARTESIAN_POINT('',(-9.15,-1.769673483538E-16,475.));
#879 = DIRECTION('',(1.,0.,0.));
#880 = DIRECTION('',(-0.,0.,1.));
#881 = DEFINITIONAL_REPRESENTATION('',(#882),#886);
#882 = CIRCLE('',#883,3.9);
#883 = AXIS2_PLACEMENT_2D('',#884,#885);
#884 = CARTESIAN_POINT('',(0.,-1.769673483538E-16));
#885 = DIRECTION('',(0.,-1.));
#886 = ( GEOMETRIC_REPRESENTATION_CONTEXT(2)
PARAMETRIC_REPRESENTATION_CONTEXT() REPRESENTATION_CONTEXT('2D SPACE',''
  ) );
#887 = ORIENTED_EDGE('',*,*,#838,.F.);
#888 = ADVANCED_FACE('',(#889),#611,.T.);
#889 = FACE_BOUND('',#890,.T.);
#890 = EDGE_LOOP('',(#891,#892,#893));
#891 = ORIENTED_EDGE('',*,*,#594,.T.);
#892 = ORIENTED_EDGE('',*,*,#807,.T.);
#893 = ORIENTED_EDGE('',*,*,#894,.T.);
#894 = EDGE_CURVE('',#779,#595,#895,.T.);
#895 = SURFACE_CURVE('',#896,(#900,#906),.PCURVE_S1.);
#896 = LINE('',#897,#898);
#897 = CARTESIAN_POINT('',(-11.57317695053,2.372259051504,505.));
#898 = VECTOR('',#899,1.);
#899 = DIRECTION('',(0.903277504354,-0.429056814568,-0.));
#900 = PCURVE('',#611,#901);
#901 = DEFINITIONAL_REPRESENTATION('',(#902),#905);
#902 = B_SPLINE_CURVE_WITH_KNOTS('',1,(#903,#904),.UNSPECIFIED.,.F.,.F.,
  (2,2),(-10.69247694676,3.104945910193),.PIECEWISE_BEZIER_KNOTS.);
#903 = CARTESIAN_POINT('',(2.311324160186,6.5));
#904 = CARTESIAN_POINT('',(-2.311324160186,-6.5));
#905 = ( GEOMETRIC_REPRESENTATION_CONTEXT(2)
PARAMETRIC_REPRESENTATION_CONTEXT() REPRESENTATION_CONTEXT('2D SPACE',''
  ) );
#906 = PCURVE('',#643,#907);
#907 = DEFINITIONAL_REPRESENTATION('',(#908),#911);
#908 = B_SPLINE_CURVE_WITH_KNOTS('',1,(#909,#910),.UNSPECIFIED.,.F.,.F.,
  (2,2),(-10.69247694676,3.104945910193),.PIECEWISE_BEZIER_KNOTS.);
#909 = CARTESIAN_POINT('',(12.731450842379,-6.95993915013));
#910 = CARTESIAN_POINT('',(0.268549157621,-1.04006084987));
#911 = ( GEOMETRIC_REPRESENTATION_CONTEXT(2)
PARAMETRIC_REPRESENTATION_CONTEXT() REPRESENTATION_CONTEXT('2D SPACE',''
  ) );
#912 = ADVANCED_FACE('',(#913),#643,.F.);
#913 = FACE_BOUND('',#914,.F.);
#914 = EDGE_LOOP('',(#915,#938,#966,#994,#1015,#1016,#1017));
#915 = ORIENTED_EDGE('',*,*,#916,.F.);
#916 = EDGE_CURVE('',#917,#624,#919,.T.);
#917 = VERTEX_POINT('',#918);
#918 = CARTESIAN_POINT('',(-8.5,0.,505.));
#919 = SURFACE_CURVE('',#920,(#924,#931),.PCURVE_S1.);
#920 = LINE('',#921,#922);
#921 = CARTESIAN_POINT('',(-8.5,0.,505.));
#922 = VECTOR('',#923,1.);
#923 = DIRECTION('',(-1.,0.,0.));
#924 = PCURVE('',#643,#925);
#925 = DEFINITIONAL_REPRESENTATION('',(#926),#930);
#926 = LINE('',#927,#928);
#927 = CARTESIAN_POINT('',(0.,0.));
#928 = VECTOR('',#929,1.);
#929 = DIRECTION('',(1.,0.));
#930 = ( GEOMETRIC_REPRESENTATION_CONTEXT(2)
PARAMETRIC_REPRESENTATION_CONTEXT() REPRESENTATION_CONTEXT('2D SPACE',''
  ) );
#931 = PCURVE('',#675,#932);
#932 = DEFINITIONAL_REPRESENTATION('',(#933),#937);
#933 = LINE('',#934,#935);
#934 = CARTESIAN_POINT('',(-12.5,6.5));
#935 = VECTOR('',#936,1.);
#936 = DIRECTION('',(0.,-1.));
#937 = ( GEOMETRIC_REPRESENTATION_CONTEXT(2)
PARAMETRIC_REPRESENTATION_CONTEXT() REPRESENTATION_CONTEXT('2D SPACE',''
  ) );
#938 = ORIENTED_EDGE('',*,*,#939,.T.);
#939 = EDGE_CURVE('',#917,#940,#942,.T.);
#940 = VERTEX_POINT('',#941);
#941 = CARTESIAN_POINT('',(-8.5,8.,505.));
#942 = SURFACE_CURVE('',#943,(#947,#954),.PCURVE_S1.);
#943 = LINE('',#944,#945);
#944 = CARTESIAN_POINT('',(-8.5,0.,505.));
#945 = VECTOR('',#946,1.);
#946 = DIRECTION('',(0.,1.,0.));
#947 = PCURVE('',#643,#948);
#948 = DEFINITIONAL_REPRESENTATION('',(#949),#953);
#949 = LINE('',#950,#951);
#950 = CARTESIAN_POINT('',(0.,0.));
#951 = VECTOR('',#952,1.);
#952 = DIRECTION('',(0.,-1.));
#953 = ( GEOMETRIC_REPRESENTATION_CONTEXT(2)
PARAMETRIC_REPRESENTATION_CONTEXT() REPRESENTATION_CONTEXT('2D SPACE',''
  ) );
#954 = PCURVE('',#955,#960);
#955 = PLANE('',#956);
#956 = AXIS2_PLACEMENT_3D('',#957,#958,#959);
#957 = CARTESIAN_POINT('',(-8.5,0.,530.));
#958 = DIRECTION('',(-1.,0.,0.));
#959 = DIRECTION('',(0.,0.,-1.));
#960 = DEFINITIONAL_REPRESENTATION('',(#961),#965);
#961 = LINE('',#962,#963);
#962 = CARTESIAN_POINT('',(25.,0.));
#963 = VECTOR('',#964,1.);
#964 = DIRECTION('',(0.,-1.));
#965 = ( GEOMETRIC_REPRESENTATION_CONTEXT(2)
PARAMETRIC_REPRESENTATION_CONTEXT() REPRESENTATION_CONTEXT('2D SPACE',''
  ) );
#966 = ORIENTED_EDGE('',*,*,#967,.T.);
#967 = EDGE_CURVE('',#940,#968,#970,.T.);
#968 = VERTEX_POINT('',#969);
#969 = CARTESIAN_POINT('',(-21.5,8.,505.));
#970 = SURFACE_CURVE('',#971,(#975,#982),.PCURVE_S1.);
#971 = LINE('',#972,#973);
#972 = CARTESIAN_POINT('',(-8.5,8.,505.));
#973 = VECTOR('',#974,1.);
#974 = DIRECTION('',(-1.,0.,0.));
#975 = PCURVE('',#643,#976);
#976 = DEFINITIONAL_REPRESENTATION('',(#977),#981);
#977 = LINE('',#978,#979);
#978 = CARTESIAN_POINT('',(0.,-8.));
#979 = VECTOR('',#980,1.);
#980 = DIRECTION('',(1.,0.));
#981 = ( GEOMETRIC_REPRESENTATION_CONTEXT(2)
PARAMETRIC_REPRESENTATION_CONTEXT() REPRESENTATION_CONTEXT('2D SPACE',''
  ) );
#982 = PCURVE('',#983,#988);
#983 = PLANE('',#984);
#984 = AXIS2_PLACEMENT_3D('',#985,#986,#987);
#985 = CARTESIAN_POINT('',(-15.,8.,517.5));
#986 = DIRECTION('',(0.,1.,0.));
#987 = DIRECTION('',(0.,-0.,1.));
#988 = DEFINITIONAL_REPRESENTATION('',(#989),#993);
#989 = LINE('',#990,#991);
#990 = CARTESIAN_POINT('',(-12.5,6.5));
#991 = VECTOR('',#992,1.);
#992 = DIRECTION('',(0.,-1.));
#993 = ( GEOMETRIC_REPRESENTATION_CONTEXT(2)
PARAMETRIC_REPRESENTATION_CONTEXT() REPRESENTATION_CONTEXT('2D SPACE',''
  ) );
#994 = ORIENTED_EDGE('',*,*,#995,.F.);
#995 = EDGE_CURVE('',#745,#968,#996,.T.);
#996 = SURFACE_CURVE('',#997,(#1001,#1008),.PCURVE_S1.);
#997 = LINE('',#998,#999);
#998 = CARTESIAN_POINT('',(-21.5,0.,505.));
#999 = VECTOR('',#1000,1.);
#1000 = DIRECTION('',(0.,1.,0.));
#1001 = PCURVE('',#643,#1002);
#1002 = DEFINITIONAL_REPRESENTATION('',(#1003),#1007);
#1003 = LINE('',#1004,#1005);
#1004 = CARTESIAN_POINT('',(13.,0.));
#1005 = VECTOR('',#1006,1.);
#1006 = DIRECTION('',(0.,-1.));
#1007 = ( GEOMETRIC_REPRESENTATION_CONTEXT(2)
PARAMETRIC_REPRESENTATION_CONTEXT() REPRESENTATION_CONTEXT('2D SPACE',''
  ) );
#1008 = PCURVE('',#766,#1009);
#1009 = DEFINITIONAL_REPRESENTATION('',(#1010),#1014);
#1010 = LINE('',#1011,#1012);
#1011 = CARTESIAN_POINT('',(0.,0.));
#1012 = VECTOR('',#1013,1.);
#1013 = DIRECTION('',(0.,-1.));
#1014 = ( GEOMETRIC_REPRESENTATION_CONTEXT(2)
PARAMETRIC_REPRESENTATION_CONTEXT() REPRESENTATION_CONTEXT('2D SPACE',''
  ) );
#1015 = ORIENTED_EDGE('',*,*,#778,.F.);
#1016 = ORIENTED_EDGE('',*,*,#894,.T.);
#1017 = ORIENTED_EDGE('',*,*,#623,.F.);
#1018 = ADVANCED_FACE('',(#1019),#766,.F.);
#1019 = FACE_BOUND('',#1020,.F.);
#1020 = EDGE_LOOP('',(#1021,#1044,#1045,#1046,#1069));
#1021 = ORIENTED_EDGE('',*,*,#1022,.F.);
#1022 = EDGE_CURVE('',#717,#1023,#1025,.T.);
#1023 = VERTEX_POINT('',#1024);
#1024 = CARTESIAN_POINT('',(-21.5,3.608224830031E-16,515.92875272052));
#1025 = SURFACE_CURVE('',#1026,(#1030,#1037),.PCURVE_S1.);
#1026 = LINE('',#1027,#1028);
#1027 = CARTESIAN_POINT('',(-21.5,0.,505.));
#1028 = VECTOR('',#1029,1.);
#1029 = DIRECTION('',(0.,0.,1.));
#1030 = PCURVE('',#766,#1031);
#1031 = DEFINITIONAL_REPRESENTATION('',(#1032),#1036);
#1032 = LINE('',#1033,#1034);
#1033 = CARTESIAN_POINT('',(0.,0.));
#1034 = VECTOR('',#1035,1.);
#1035 = DIRECTION('',(1.,0.));
#1036 = ( GEOMETRIC_REPRESENTATION_CONTEXT(2)
PARAMETRIC_REPRESENTATION_CONTEXT() REPRESENTATION_CONTEXT('2D SPACE',''
  ) );
#1037 = PCURVE('',#675,#1038);
#1038 = DEFINITIONAL_REPRESENTATION('',(#1039),#1043);
#1039 = LINE('',#1040,#1041);
#1040 = CARTESIAN_POINT('',(-12.5,-6.5));
#1041 = VECTOR('',#1042,1.);
#1042 = DIRECTION('',(1.,0.));
#1043 = ( GEOMETRIC_REPRESENTATION_CONTEXT(2)
PARAMETRIC_REPRESENTATION_CONTEXT() REPRESENTATION_CONTEXT('2D SPACE',''
  ) );
#1044 = ORIENTED_EDGE('',*,*,#744,.F.);
#1045 = ORIENTED_EDGE('',*,*,#995,.T.);
#1046 = ORIENTED_EDGE('',*,*,#1047,.T.);
#1047 = EDGE_CURVE('',#968,#1048,#1050,.T.);
#1048 = VERTEX_POINT('',#1049);
#1049 = CARTESIAN_POINT('',(-21.5,8.,515.92875272053));
#1050 = SURFACE_CURVE('',#1051,(#1055,#1062),.PCURVE_S1.);
#1051 = LINE('',#1052,#1053);
#1052 = CARTESIAN_POINT('',(-21.5,8.,505.));
#1053 = VECTOR('',#1054,1.);
#1054 = DIRECTION('',(0.,0.,1.));
#1055 = PCURVE('',#766,#1056);
#1056 = DEFINITIONAL_REPRESENTATION('',(#1057),#1061);
#1057 = LINE('',#1058,#1059);
#1058 = CARTESIAN_POINT('',(0.,-8.));
#1059 = VECTOR('',#1060,1.);
#1060 = DIRECTION('',(1.,0.));
#1061 = ( GEOMETRIC_REPRESENTATION_CONTEXT(2)
PARAMETRIC_REPRESENTATION_CONTEXT() REPRESENTATION_CONTEXT('2D SPACE',''
  ) );
#1062 = PCURVE('',#983,#1063);
#1063 = DEFINITIONAL_REPRESENTATION('',(#1064),#1068);
#1064 = LINE('',#1065,#1066);
#1065 = CARTESIAN_POINT('',(-12.5,-6.5));
#1066 = VECTOR('',#1067,1.);
#1067 = DIRECTION('',(1.,0.));
#1068 = ( GEOMETRIC_REPRESENTATION_CONTEXT(2)
PARAMETRIC_REPRESENTATION_CONTEXT() REPRESENTATION_CONTEXT('2D SPACE',''
  ) );
#1069 = ORIENTED_EDGE('',*,*,#1070,.T.);
#1070 = EDGE_CURVE('',#1048,#1023,#1071,.T.);
#1071 = SURFACE_CURVE('',#1072,(#1076,#1082),.PCURVE_S1.);
#1072 = LINE('',#1073,#1074);
#1073 = CARTESIAN_POINT('',(-21.5,0.,515.92875272053));
#1074 = VECTOR('',#1075,1.);
#1075 = DIRECTION('',(-1.110223024625E-16,-1.,-0.));
#1076 = PCURVE('',#766,#1077);
#1077 = DEFINITIONAL_REPRESENTATION('',(#1078),#1081);
#1078 = B_SPLINE_CURVE_WITH_KNOTS('',1,(#1079,#1080),.UNSPECIFIED.,.F.,
  .F.,(2,2),(-8.0000006,5.999999992784E-07),.PIECEWISE_BEZIER_KNOTS.);
#1079 = CARTESIAN_POINT('',(10.92875272053,-8.0000006));
#1080 = CARTESIAN_POINT('',(10.92875272053,5.999999992784E-07));
#1081 = ( GEOMETRIC_REPRESENTATION_CONTEXT(2)
PARAMETRIC_REPRESENTATION_CONTEXT() REPRESENTATION_CONTEXT('2D SPACE',''
  ) );
#1082 = PCURVE('',#1083,#1088);
#1083 = CYLINDRICAL_SURFACE('',#1084,15.5);
#1084 = AXIS2_PLACEMENT_3D('',#1085,#1086,#1087);
#1085 = CARTESIAN_POINT('',(-15.,0.,530.));
#1086 = DIRECTION('',(-1.110223024625E-16,-1.,-0.));
#1087 = DIRECTION('',(-1.,1.110223024625E-16,0.));
#1088 = DEFINITIONAL_REPRESENTATION('',(#1089),#1092);
#1089 = B_SPLINE_CURVE_WITH_KNOTS('',1,(#1090,#1091),.UNSPECIFIED.,.F.,
  .F.,(2,2),(-8.,-3.608224830032E-16),.PIECEWISE_BEZIER_KNOTS.);
#1090 = CARTESIAN_POINT('',(-5.145123514652,-8.));
#1091 = CARTESIAN_POINT('',(-5.145123514652,3.608224830032E-16));
#1092 = ( GEOMETRIC_REPRESENTATION_CONTEXT(2)
PARAMETRIC_REPRESENTATION_CONTEXT() REPRESENTATION_CONTEXT('2D SPACE',''
  ) );
#1093 = ADVANCED_FACE('',(#1094,#1169),#675,.F.);
#1094 = FACE_BOUND('',#1095,.F.);
#1095 = EDGE_LOOP('',(#1096,#1097,#1098,#1126,#1147,#1148,#1149));
#1096 = ORIENTED_EDGE('',*,*,#716,.F.);
#1097 = ORIENTED_EDGE('',*,*,#1022,.T.);
#1098 = ORIENTED_EDGE('',*,*,#1099,.F.);
#1099 = EDGE_CURVE('',#1100,#1023,#1102,.T.);
#1100 = VERTEX_POINT('',#1101);
#1101 = CARTESIAN_POINT('',(-8.5,-3.608224830032E-16,515.92875272053));
#1102 = SURFACE_CURVE('',#1103,(#1108,#1119),.PCURVE_S1.);
#1103 = CIRCLE('',#1104,15.5);
#1104 = AXIS2_PLACEMENT_3D('',#1105,#1106,#1107);
#1105 = CARTESIAN_POINT('',(-15.,0.,530.));
#1106 = DIRECTION('',(-8.774343259134E-17,-1.,-1.488921519745E-17));
#1107 = DIRECTION('',(0.41935483871,-2.327886987117E-17,-0.907822405127)
  );
#1108 = PCURVE('',#675,#1109);
#1109 = DEFINITIONAL_REPRESENTATION('',(#1110),#1118);
#1110 = ( BOUNDED_CURVE() B_SPLINE_CURVE(2,(#1111,#1112,#1113,#1114,
#1115,#1116,#1117),.UNSPECIFIED.,.T.,.F.) B_SPLINE_CURVE_WITH_KNOTS((1,2
    ,2,2,2,1),(-2.094395102393,0.,2.094395102393,4.188790204786,
6.28318530718,8.377580409573),.UNSPECIFIED.) CURVE()
GEOMETRIC_REPRESENTATION_ITEM() RATIONAL_B_SPLINE_CURVE((1.,0.5,1.,0.5,
1.,0.5,1.)) REPRESENTATION_ITEM('') );
#1111 = CARTESIAN_POINT('',(-1.57124727947,6.5));
#1112 = CARTESIAN_POINT('',(9.687082969728,30.872115213908));
#1113 = CARTESIAN_POINT('',(25.164788764334,8.936057606954));
#1114 = CARTESIAN_POINT('',(40.64249455894,-13.));
#1115 = CARTESIAN_POINT('',(13.906458515136,-15.43605760695));
#1116 = CARTESIAN_POINT('',(-12.82957752866,-17.8721152139));
#1117 = CARTESIAN_POINT('',(-1.57124727947,6.5));
#1118 = ( GEOMETRIC_REPRESENTATION_CONTEXT(2)
PARAMETRIC_REPRESENTATION_CONTEXT() REPRESENTATION_CONTEXT('2D SPACE',''
  ) );
#1119 = PCURVE('',#1083,#1120);
#1120 = DEFINITIONAL_REPRESENTATION('',(#1121),#1125);
#1121 = LINE('',#1122,#1123);
#1122 = CARTESIAN_POINT('',(-10.56283975329,0.));
#1123 = VECTOR('',#1124,1.);
#1124 = DIRECTION('',(1.,-0.));
#1125 = ( GEOMETRIC_REPRESENTATION_CONTEXT(2)
PARAMETRIC_REPRESENTATION_CONTEXT() REPRESENTATION_CONTEXT('2D SPACE',''
  ) );
#1126 = ORIENTED_EDGE('',*,*,#1127,.T.);
#1127 = EDGE_CURVE('',#1100,#917,#1128,.T.);
#1128 = SURFACE_CURVE('',#1129,(#1133,#1140),.PCURVE_S1.);
#1129 = LINE('',#1130,#1131);
#1130 = CARTESIAN_POINT('',(-8.5,0.,530.));
#1131 = VECTOR('',#1132,1.);
#1132 = DIRECTION('',(0.,0.,-1.));
#1133 = PCURVE('',#675,#1134);
#1134 = DEFINITIONAL_REPRESENTATION('',(#1135),#1139);
#1135 = LINE('',#1136,#1137);
#1136 = CARTESIAN_POINT('',(12.5,6.5));
#1137 = VECTOR('',#1138,1.);
#1138 = DIRECTION('',(-1.,0.));
#1139 = ( GEOMETRIC_REPRESENTATION_CONTEXT(2)
PARAMETRIC_REPRESENTATION_CONTEXT() REPRESENTATION_CONTEXT('2D SPACE',''
  ) );
#1140 = PCURVE('',#955,#1141);
#1141 = DEFINITIONAL_REPRESENTATION('',(#1142),#1146);
#1142 = LINE('',#1143,#1144);
#1143 = CARTESIAN_POINT('',(0.,-0.));
#1144 = VECTOR('',#1145,1.);
#1145 = DIRECTION('',(1.,0.));
#1146 = ( GEOMETRIC_REPRESENTATION_CONTEXT(2)
PARAMETRIC_REPRESENTATION_CONTEXT() REPRESENTATION_CONTEXT('2D SPACE',''
  ) );
#1147 = ORIENTED_EDGE('',*,*,#916,.T.);
#1148 = ORIENTED_EDGE('',*,*,#655,.F.);
#1149 = ORIENTED_EDGE('',*,*,#1150,.T.);
#1150 = EDGE_CURVE('',#656,#688,#1151,.T.);
#1151 = SURFACE_CURVE('',#1152,(#1156,#1163),.PCURVE_S1.);
#1152 = LINE('',#1153,#1154);
#1153 = CARTESIAN_POINT('',(-16.012757777,-3.314056683837E-16,
    508.58484795526));
#1154 = VECTOR('',#1155,1.);
#1155 = DIRECTION('',(-0.934783580588,0.,0.355217760624));
#1156 = PCURVE('',#675,#1157);
#1157 = DEFINITIONAL_REPRESENTATION('',(#1158),#1162);
#1158 = LINE('',#1159,#1160);
#1159 = CARTESIAN_POINT('',(-8.91515204474,-1.012757777001));
#1160 = VECTOR('',#1161,1.);
#1161 = DIRECTION('',(0.355217760624,-0.934783580588));
#1162 = ( GEOMETRIC_REPRESENTATION_CONTEXT(2)
PARAMETRIC_REPRESENTATION_CONTEXT() REPRESENTATION_CONTEXT('2D SPACE',''
  ) );
#1163 = PCURVE('',#704,#1164);
#1164 = DEFINITIONAL_REPRESENTATION('',(#1165),#1168);
#1165 = B_SPLINE_CURVE_WITH_KNOTS('',1,(#1166,#1167),.UNSPECIFIED.,.F.,
  .F.,(2,2),(-7.749610465794,5.124262163504),.PIECEWISE_BEZIER_KNOTS.);
#1166 = CARTESIAN_POINT('',(-3.643251927427,-6.5));
#1167 = CARTESIAN_POINT('',(-6.5,6.05291149197));
#1168 = ( GEOMETRIC_REPRESENTATION_CONTEXT(2)
PARAMETRIC_REPRESENTATION_CONTEXT() REPRESENTATION_CONTEXT('2D SPACE',''
  ) );
#1169 = FACE_BOUND('',#1170,.F.);
#1170 = EDGE_LOOP('',(#1171));
#1171 = ORIENTED_EDGE('',*,*,#1172,.F.);
#1172 = EDGE_CURVE('',#1173,#1173,#1175,.T.);
#1173 = VERTEX_POINT('',#1174);
#1174 = CARTESIAN_POINT('',(-26.1,1.232347557334E-15,530.));
#1175 = SURFACE_CURVE('',#1176,(#1181,#1188),.PCURVE_S1.);
#1176 = CIRCLE('',#1177,11.1);
#1177 = AXIS2_PLACEMENT_3D('',#1178,#1179,#1180);
#1178 = CARTESIAN_POINT('',(-15.,-2.918469924976E-30,530.));
#1179 = DIRECTION('',(1.110223024625E-16,1.,9.413338834656E-33));
#1180 = DIRECTION('',(-1.,1.110223024625E-16,0.));
#1181 = PCURVE('',#675,#1182);
#1182 = DEFINITIONAL_REPRESENTATION('',(#1183),#1187);
#1183 = CIRCLE('',#1184,11.1);
#1184 = AXIS2_PLACEMENT_2D('',#1185,#1186);
#1185 = CARTESIAN_POINT('',(12.5,2.48689957516E-14));
#1186 = DIRECTION('',(0.,-1.));
#1187 = ( GEOMETRIC_REPRESENTATION_CONTEXT(2)
PARAMETRIC_REPRESENTATION_CONTEXT() REPRESENTATION_CONTEXT('2D SPACE',''
  ) );
#1188 = PCURVE('',#1189,#1194);
#1189 = CYLINDRICAL_SURFACE('',#1190,11.1);
#1190 = AXIS2_PLACEMENT_3D('',#1191,#1192,#1193);
#1191 = CARTESIAN_POINT('',(-15.,-1.E-02,530.));
#1192 = DIRECTION('',(-1.110223024625E-16,-1.,-0.));
#1193 = DIRECTION('',(-1.,1.110223024625E-16,0.));
#1194 = DEFINITIONAL_REPRESENTATION('',(#1195),#1199);
#1195 = LINE('',#1196,#1197);
#1196 = CARTESIAN_POINT('',(-0.,-1.E-02));
#1197 = VECTOR('',#1198,1.);
#1198 = DIRECTION('',(-1.,-0.));
#1199 = ( GEOMETRIC_REPRESENTATION_CONTEXT(2)
PARAMETRIC_REPRESENTATION_CONTEXT() REPRESENTATION_CONTEXT('2D SPACE',''
  ) );
#1200 = ADVANCED_FACE('',(#1201),#704,.T.);
#1201 = FACE_BOUND('',#1202,.T.);
#1202 = EDGE_LOOP('',(#1203,#1204));
#1203 = ORIENTED_EDGE('',*,*,#1150,.T.);
#1204 = ORIENTED_EDGE('',*,*,#687,.T.);
#1205 = ADVANCED_FACE('',(#1206,#1209),#876,.T.);
#1206 = FACE_BOUND('',#1207,.T.);
#1207 = EDGE_LOOP('',(#1208));
#1208 = ORIENTED_EDGE('',*,*,#861,.T.);
#1209 = FACE_BOUND('',#1210,.T.);
#1210 = EDGE_LOOP('',(#1211));
#1211 = ORIENTED_EDGE('',*,*,#1212,.F.);
#1212 = EDGE_CURVE('',#1213,#1213,#1215,.T.);
#1213 = VERTEX_POINT('',#1214);
#1214 = CARTESIAN_POINT('',(-9.15,2.8,475.));
#1215 = SURFACE_CURVE('',#1216,(#1221,#1228),.PCURVE_S1.);
#1216 = CIRCLE('',#1217,2.8);
#1217 = AXIS2_PLACEMENT_3D('',#1218,#1219,#1220);
#1218 = CARTESIAN_POINT('',(-9.15,0.,475.));
#1219 = DIRECTION('',(1.,0.,0.));
#1220 = DIRECTION('',(0.,1.,0.));
#1221 = PCURVE('',#876,#1222);
#1222 = DEFINITIONAL_REPRESENTATION('',(#1223),#1227);
#1223 = CIRCLE('',#1224,2.8);
#1224 = AXIS2_PLACEMENT_2D('',#1225,#1226);
#1225 = CARTESIAN_POINT('',(0.,-1.769673483538E-16));
#1226 = DIRECTION('',(0.,-1.));
#1227 = ( GEOMETRIC_REPRESENTATION_CONTEXT(2)
PARAMETRIC_REPRESENTATION_CONTEXT() REPRESENTATION_CONTEXT('2D SPACE',''
  ) );
#1228 = PCURVE('',#1229,#1234);
#1229 = CYLINDRICAL_SURFACE('',#1230,2.8);
#1230 = AXIS2_PLACEMENT_3D('',#1231,#1232,#1233);
#1231 = CARTESIAN_POINT('',(-9.15,0.,475.));
#1232 = DIRECTION('',(-1.,-0.,-0.));
#1233 = DIRECTION('',(0.,1.,0.));
#1234 = DEFINITIONAL_REPRESENTATION('',(#1235),#1239);
#1235 = LINE('',#1236,#1237);
#1236 = CARTESIAN_POINT('',(-0.,0.));
#1237 = VECTOR('',#1238,1.);
#1238 = DIRECTION('',(-1.,0.));
#1239 = ( GEOMETRIC_REPRESENTATION_CONTEXT(2)
PARAMETRIC_REPRESENTATION_CONTEXT() REPRESENTATION_CONTEXT('2D SPACE',''
  ) );
#1240 = ADVANCED_FACE('',(#1241),#983,.T.);
#1241 = FACE_BOUND('',#1242,.T.);
#1242 = EDGE_LOOP('',(#1243,#1244,#1267,#1295,#1318,#1339));
#1243 = ORIENTED_EDGE('',*,*,#1047,.T.);
#1244 = ORIENTED_EDGE('',*,*,#1245,.T.);
#1245 = EDGE_CURVE('',#1048,#1246,#1248,.T.);
#1246 = VERTEX_POINT('',#1247);
#1247 = CARTESIAN_POINT('',(-24.94373672217,8.,518.11));
#1248 = SURFACE_CURVE('',#1249,(#1254,#1261),.PCURVE_S1.);
#1249 = CIRCLE('',#1250,15.5);
#1250 = AXIS2_PLACEMENT_3D('',#1251,#1252,#1253);
#1251 = CARTESIAN_POINT('',(-15.,8.,530.));
#1252 = DIRECTION('',(1.110223024625E-16,1.,-0.));
#1253 = DIRECTION('',(-1.,1.110223024625E-16,0.));
#1254 = PCURVE('',#983,#1255);
#1255 = DEFINITIONAL_REPRESENTATION('',(#1256),#1260);
#1256 = CIRCLE('',#1257,15.5);
#1257 = AXIS2_PLACEMENT_2D('',#1258,#1259);
#1258 = CARTESIAN_POINT('',(12.5,0.));
#1259 = DIRECTION('',(0.,-1.));
#1260 = ( GEOMETRIC_REPRESENTATION_CONTEXT(2)
PARAMETRIC_REPRESENTATION_CONTEXT() REPRESENTATION_CONTEXT('2D SPACE',''
  ) );
#1261 = PCURVE('',#1083,#1262);
#1262 = DEFINITIONAL_REPRESENTATION('',(#1263),#1266);
#1263 = B_SPLINE_CURVE_WITH_KNOTS('',1,(#1264,#1265),.UNSPECIFIED.,.F.,
  .F.,(2,2),(5.145123514652,5.408881943719),.PIECEWISE_BEZIER_KNOTS.);
#1264 = CARTESIAN_POINT('',(-5.145123514652,-8.));
#1265 = CARTESIAN_POINT('',(-5.408881943719,-8.));
#1266 = ( GEOMETRIC_REPRESENTATION_CONTEXT(2)
PARAMETRIC_REPRESENTATION_CONTEXT() REPRESENTATION_CONTEXT('2D SPACE',''
  ) );
#1267 = ORIENTED_EDGE('',*,*,#1268,.T.);
#1268 = EDGE_CURVE('',#1246,#1269,#1271,.T.);
#1269 = VERTEX_POINT('',#1270);
#1270 = CARTESIAN_POINT('',(-5.056263277821,8.,518.11));
#1271 = SURFACE_CURVE('',#1272,(#1276,#1283),.PCURVE_S1.);
#1272 = LINE('',#1273,#1274);
#1273 = CARTESIAN_POINT('',(-24.94373672217,8.,518.11));
#1274 = VECTOR('',#1275,1.);
#1275 = DIRECTION('',(1.,-1.339805816237E-16,5.716504815943E-15));
#1276 = PCURVE('',#983,#1277);
#1277 = DEFINITIONAL_REPRESENTATION('',(#1278),#1282);
#1278 = LINE('',#1279,#1280);
#1279 = CARTESIAN_POINT('',(0.61,-9.943736722179));
#1280 = VECTOR('',#1281,1.);
#1281 = DIRECTION('',(5.716504815943E-15,1.));
#1282 = ( GEOMETRIC_REPRESENTATION_CONTEXT(2)
PARAMETRIC_REPRESENTATION_CONTEXT() REPRESENTATION_CONTEXT('2D SPACE',''
  ) );
#1283 = PCURVE('',#1284,#1289);
#1284 = PLANE('',#1285);
#1285 = AXIS2_PLACEMENT_3D('',#1286,#1287,#1288);
#1286 = CARTESIAN_POINT('',(-0.5,8.,518.11));
#1287 = DIRECTION('',(0.,0.,1.));
#1288 = DIRECTION('',(1.110223024625E-16,1.,0.));
#1289 = DEFINITIONAL_REPRESENTATION('',(#1290),#1294);
#1290 = LINE('',#1291,#1292);
#1291 = CARTESIAN_POINT('',(8.389137471167E-16,24.443736722179));
#1292 = VECTOR('',#1293,1.);
#1293 = DIRECTION('',(-2.295827916116E-17,-1.));
#1294 = ( GEOMETRIC_REPRESENTATION_CONTEXT(2)
PARAMETRIC_REPRESENTATION_CONTEXT() REPRESENTATION_CONTEXT('2D SPACE',''
  ) );
#1295 = ORIENTED_EDGE('',*,*,#1296,.T.);
#1296 = EDGE_CURVE('',#1269,#1297,#1299,.T.);
#1297 = VERTEX_POINT('',#1298);
#1298 = CARTESIAN_POINT('',(-8.5,8.,515.92875272053));
#1299 = SURFACE_CURVE('',#1300,(#1305,#1312),.PCURVE_S1.);
#1300 = CIRCLE('',#1301,15.5);
#1301 = AXIS2_PLACEMENT_3D('',#1302,#1303,#1304);
#1302 = CARTESIAN_POINT('',(-15.,8.,530.));
#1303 = DIRECTION('',(1.110223024625E-16,1.,-0.));
#1304 = DIRECTION('',(-1.,1.110223024625E-16,0.));
#1305 = PCURVE('',#983,#1306);
#1306 = DEFINITIONAL_REPRESENTATION('',(#1307),#1311);
#1307 = CIRCLE('',#1308,15.5);
#1308 = AXIS2_PLACEMENT_2D('',#1309,#1310);
#1309 = CARTESIAN_POINT('',(12.5,0.));
#1310 = DIRECTION('',(0.,-1.));
#1311 = ( GEOMETRIC_REPRESENTATION_CONTEXT(2)
PARAMETRIC_REPRESENTATION_CONTEXT() REPRESENTATION_CONTEXT('2D SPACE',''
  ) );
#1312 = PCURVE('',#1083,#1313);
#1313 = DEFINITIONAL_REPRESENTATION('',(#1314),#1317);
#1314 = B_SPLINE_CURVE_WITH_KNOTS('',1,(#1315,#1316),.UNSPECIFIED.,.F.,
  .F.,(2,2),(4.01589601705,4.279654446118),.PIECEWISE_BEZIER_KNOTS.);
#1315 = CARTESIAN_POINT('',(-10.29908132423,-8.));
#1316 = CARTESIAN_POINT('',(-10.56283975329,-8.));
#1317 = ( GEOMETRIC_REPRESENTATION_CONTEXT(2)
PARAMETRIC_REPRESENTATION_CONTEXT() REPRESENTATION_CONTEXT('2D SPACE',''
  ) );
#1318 = ORIENTED_EDGE('',*,*,#1319,.T.);
#1319 = EDGE_CURVE('',#1297,#940,#1320,.T.);
#1320 = SURFACE_CURVE('',#1321,(#1325,#1332),.PCURVE_S1.);
#1321 = LINE('',#1322,#1323);
#1322 = CARTESIAN_POINT('',(-8.5,8.,530.));
#1323 = VECTOR('',#1324,1.);
#1324 = DIRECTION('',(0.,0.,-1.));
#1325 = PCURVE('',#983,#1326);
#1326 = DEFINITIONAL_REPRESENTATION('',(#1327),#1331);
#1327 = LINE('',#1328,#1329);
#1328 = CARTESIAN_POINT('',(12.5,6.5));
#1329 = VECTOR('',#1330,1.);
#1330 = DIRECTION('',(-1.,0.));
#1331 = ( GEOMETRIC_REPRESENTATION_CONTEXT(2)
PARAMETRIC_REPRESENTATION_CONTEXT() REPRESENTATION_CONTEXT('2D SPACE',''
  ) );
#1332 = PCURVE('',#955,#1333);
#1333 = DEFINITIONAL_REPRESENTATION('',(#1334),#1338);
#1334 = LINE('',#1335,#1336);
#1335 = CARTESIAN_POINT('',(0.,-8.));
#1336 = VECTOR('',#1337,1.);
#1337 = DIRECTION('',(1.,0.));
#1338 = ( GEOMETRIC_REPRESENTATION_CONTEXT(2)
PARAMETRIC_REPRESENTATION_CONTEXT() REPRESENTATION_CONTEXT('2D SPACE',''
  ) );
#1339 = ORIENTED_EDGE('',*,*,#967,.T.);
#1340 = ADVANCED_FACE('',(#1341),#955,.F.);
#1341 = FACE_BOUND('',#1342,.F.);
#1342 = EDGE_LOOP('',(#1343,#1344,#1363,#1364));
#1343 = ORIENTED_EDGE('',*,*,#1127,.F.);
#1344 = ORIENTED_EDGE('',*,*,#1345,.F.);
#1345 = EDGE_CURVE('',#1297,#1100,#1346,.T.);
#1346 = SURFACE_CURVE('',#1347,(#1351,#1357),.PCURVE_S1.);
#1347 = LINE('',#1348,#1349);
#1348 = CARTESIAN_POINT('',(-8.5,0.,515.92875272053));
#1349 = VECTOR('',#1350,1.);
#1350 = DIRECTION('',(-1.110223024625E-16,-1.,-0.));
#1351 = PCURVE('',#955,#1352);
#1352 = DEFINITIONAL_REPRESENTATION('',(#1353),#1356);
#1353 = B_SPLINE_CURVE_WITH_KNOTS('',1,(#1354,#1355),.UNSPECIFIED.,.F.,
  .F.,(2,2),(-8.0000006,6.000000007216E-07),.PIECEWISE_BEZIER_KNOTS.);
#1354 = CARTESIAN_POINT('',(14.07124727947,-8.0000006));
#1355 = CARTESIAN_POINT('',(14.07124727947,6.000000007216E-07));
#1356 = ( GEOMETRIC_REPRESENTATION_CONTEXT(2)
PARAMETRIC_REPRESENTATION_CONTEXT() REPRESENTATION_CONTEXT('2D SPACE',''
  ) );
#1357 = PCURVE('',#1083,#1358);
#1358 = DEFINITIONAL_REPRESENTATION('',(#1359),#1362);
#1359 = B_SPLINE_CURVE_WITH_KNOTS('',1,(#1360,#1361),.UNSPECIFIED.,.F.,
  .F.,(2,2),(-8.,3.608224830032E-16),.PIECEWISE_BEZIER_KNOTS.);
#1360 = CARTESIAN_POINT('',(-10.56283975329,-8.));
#1361 = CARTESIAN_POINT('',(-10.56283975329,-3.608224830032E-16));
#1362 = ( GEOMETRIC_REPRESENTATION_CONTEXT(2)
PARAMETRIC_REPRESENTATION_CONTEXT() REPRESENTATION_CONTEXT('2D SPACE',''
  ) );
#1363 = ORIENTED_EDGE('',*,*,#1319,.T.);
#1364 = ORIENTED_EDGE('',*,*,#939,.F.);
#1365 = ADVANCED_FACE('',(#1366),#1083,.T.);
#1366 = FACE_BOUND('',#1367,.F.);
#1367 = EDGE_LOOP('',(#1368,#1403,#1429,#1430,#1431,#1432,#1433,#1434,
    #1462,#1490,#1524,#1559));
#1368 = ORIENTED_EDGE('',*,*,#1369,.F.);
#1369 = EDGE_CURVE('',#1370,#1372,#1374,.T.);
#1370 = VERTEX_POINT('',#1371);
#1371 = CARTESIAN_POINT('',(-2.518257333208,8.,520.81));
#1372 = VERTEX_POINT('',#1373);
#1373 = CARTESIAN_POINT('',(-25.50234222636,8.,541.39959682446));
#1374 = SURFACE_CURVE('',#1375,(#1380,#1387),.PCURVE_S1.);
#1375 = CIRCLE('',#1376,15.5);
#1376 = AXIS2_PLACEMENT_3D('',#1377,#1378,#1379);
#1377 = CARTESIAN_POINT('',(-15.,8.,530.));
#1378 = DIRECTION('',(-1.503635262143E-16,-1.,-1.092948871359E-17));
#1379 = DIRECTION('',(0.805273720438,-1.146036670581E-16,-0.592903225806
    ));
#1380 = PCURVE('',#1083,#1381);
#1381 = DEFINITIONAL_REPRESENTATION('',(#1382),#1386);
#1382 = LINE('',#1383,#1384);
#1383 = CARTESIAN_POINT('',(-10.05943730274,-8.));
#1384 = VECTOR('',#1385,1.);
#1385 = DIRECTION('',(1.,-0.));
#1386 = ( GEOMETRIC_REPRESENTATION_CONTEXT(2)
PARAMETRIC_REPRESENTATION_CONTEXT() REPRESENTATION_CONTEXT('2D SPACE',''
  ) );
#1387 = PCURVE('',#1388,#1393);
#1388 = PLANE('',#1389);
#1389 = AXIS2_PLACEMENT_3D('',#1390,#1391,#1392);
#1390 = CARTESIAN_POINT('',(-15.,8.,530.));
#1391 = DIRECTION('',(1.110223024625E-16,1.,0.));
#1392 = DIRECTION('',(0.,0.,1.));
#1393 = DEFINITIONAL_REPRESENTATION('',(#1394),#1402);
#1394 = ( BOUNDED_CURVE() B_SPLINE_CURVE(2,(#1395,#1396,#1397,#1398,
#1399,#1400,#1401),.UNSPECIFIED.,.T.,.F.) B_SPLINE_CURVE_WITH_KNOTS((1,2
    ,2,2,2,1),(-2.094395102393,0.,2.094395102393,4.188790204786,
6.28318530718,8.377580409573),.UNSPECIFIED.) CURVE()
GEOMETRIC_REPRESENTATION_ITEM() RATIONAL_B_SPLINE_CURVE((1.,0.5,1.,0.5,
1.,0.5,1.)) REPRESENTATION_ITEM('') );
#1395 = CARTESIAN_POINT('',(-9.189999999999,12.481742666792));
#1396 = CARTESIAN_POINT('',(12.429012465884,28.399289588349));
#1397 = CARTESIAN_POINT('',(15.404506232942,1.717902127383));
#1398 = CARTESIAN_POINT('',(18.379999999999,-24.96348533358));
#1399 = CARTESIAN_POINT('',(-6.214506232942,-14.19964479417));
#1400 = CARTESIAN_POINT('',(-30.80901246588,-3.435804254765));
#1401 = CARTESIAN_POINT('',(-9.189999999999,12.481742666792));
#1402 = ( GEOMETRIC_REPRESENTATION_CONTEXT(2)
PARAMETRIC_REPRESENTATION_CONTEXT() REPRESENTATION_CONTEXT('2D SPACE',''
  ) );
#1403 = ORIENTED_EDGE('',*,*,#1404,.T.);
#1404 = EDGE_CURVE('',#1370,#1269,#1405,.T.);
#1405 = SURFACE_CURVE('',#1406,(#1411,#1417),.PCURVE_S1.);
#1406 = CIRCLE('',#1407,15.5);
#1407 = AXIS2_PLACEMENT_3D('',#1408,#1409,#1410);
#1408 = CARTESIAN_POINT('',(-15.,8.,530.));
#1409 = DIRECTION('',(1.110223024625E-16,1.,-0.));
#1410 = DIRECTION('',(-1.,1.110223024625E-16,0.));
#1411 = PCURVE('',#1083,#1412);
#1412 = DEFINITIONAL_REPRESENTATION('',(#1413),#1416);
#1413 = B_SPLINE_CURVE_WITH_KNOTS('',1,(#1414,#1415),.UNSPECIFIED.,.F.,
  .F.,(2,2),(3.776251995562,4.01589601705),.PIECEWISE_BEZIER_KNOTS.);
#1414 = CARTESIAN_POINT('',(-10.05943730274,-8.));
#1415 = CARTESIAN_POINT('',(-10.29908132423,-8.));
#1416 = ( GEOMETRIC_REPRESENTATION_CONTEXT(2)
PARAMETRIC_REPRESENTATION_CONTEXT() REPRESENTATION_CONTEXT('2D SPACE',''
  ) );
#1417 = PCURVE('',#1418,#1423);
#1418 = PLANE('',#1419);
#1419 = AXIS2_PLACEMENT_3D('',#1420,#1421,#1422);
#1420 = CARTESIAN_POINT('',(-0.5,8.,518.11));
#1421 = DIRECTION('',(1.110223024625E-16,1.,0.));
#1422 = DIRECTION('',(0.,0.,1.));
#1423 = DEFINITIONAL_REPRESENTATION('',(#1424),#1428);
#1424 = CIRCLE('',#1425,15.5);
#1425 = AXIS2_PLACEMENT_2D('',#1426,#1427);
#1426 = CARTESIAN_POINT('',(11.89,-14.5));
#1427 = DIRECTION('',(0.,-1.));
#1428 = ( GEOMETRIC_REPRESENTATION_CONTEXT(2)
PARAMETRIC_REPRESENTATION_CONTEXT() REPRESENTATION_CONTEXT('2D SPACE',''
  ) );
#1429 = ORIENTED_EDGE('',*,*,#1296,.T.);
#1430 = ORIENTED_EDGE('',*,*,#1345,.T.);
#1431 = ORIENTED_EDGE('',*,*,#1099,.T.);
#1432 = ORIENTED_EDGE('',*,*,#1070,.F.);
#1433 = ORIENTED_EDGE('',*,*,#1245,.T.);
#1434 = ORIENTED_EDGE('',*,*,#1435,.T.);
#1435 = EDGE_CURVE('',#1246,#1436,#1438,.T.);
#1436 = VERTEX_POINT('',#1437);
#1437 = CARTESIAN_POINT('',(-27.48174266679,8.,520.81));
#1438 = SURFACE_CURVE('',#1439,(#1444,#1450),.PCURVE_S1.);
#1439 = CIRCLE('',#1440,15.5);
#1440 = AXIS2_PLACEMENT_3D('',#1441,#1442,#1443);
#1441 = CARTESIAN_POINT('',(-15.,8.,530.));
#1442 = DIRECTION('',(1.110223024625E-16,1.,-0.));
#1443 = DIRECTION('',(-1.,1.110223024625E-16,0.));
#1444 = PCURVE('',#1083,#1445);
#1445 = DEFINITIONAL_REPRESENTATION('',(#1446),#1449);
#1446 = B_SPLINE_CURVE_WITH_KNOTS('',1,(#1447,#1448),.UNSPECIFIED.,.F.,
  .F.,(2,2),(5.408881943719,5.648525965207),.PIECEWISE_BEZIER_KNOTS.);
#1447 = CARTESIAN_POINT('',(-5.408881943719,-8.));
#1448 = CARTESIAN_POINT('',(-5.648525965207,-8.));
#1449 = ( GEOMETRIC_REPRESENTATION_CONTEXT(2)
PARAMETRIC_REPRESENTATION_CONTEXT() REPRESENTATION_CONTEXT('2D SPACE',''
  ) );
#1450 = PCURVE('',#1451,#1456);
#1451 = PLANE('',#1452);
#1452 = AXIS2_PLACEMENT_3D('',#1453,#1454,#1455);
#1453 = CARTESIAN_POINT('',(-0.5,8.,518.11));
#1454 = DIRECTION('',(1.110223024625E-16,1.,0.));
#1455 = DIRECTION('',(0.,0.,1.));
#1456 = DEFINITIONAL_REPRESENTATION('',(#1457),#1461);
#1457 = CIRCLE('',#1458,15.5);
#1458 = AXIS2_PLACEMENT_2D('',#1459,#1460);
#1459 = CARTESIAN_POINT('',(11.89,-14.5));
#1460 = DIRECTION('',(0.,-1.));
#1461 = ( GEOMETRIC_REPRESENTATION_CONTEXT(2)
PARAMETRIC_REPRESENTATION_CONTEXT() REPRESENTATION_CONTEXT('2D SPACE',''
  ) );
#1462 = ORIENTED_EDGE('',*,*,#1463,.F.);
#1463 = EDGE_CURVE('',#1464,#1436,#1466,.T.);
#1464 = VERTEX_POINT('',#1465);
#1465 = CARTESIAN_POINT('',(-30.47418342131,8.,529.10576991587));
#1466 = SURFACE_CURVE('',#1467,(#1472,#1479),.PCURVE_S1.);
#1467 = CIRCLE('',#1468,15.5);
#1468 = AXIS2_PLACEMENT_3D('',#1469,#1470,#1471);
#1469 = CARTESIAN_POINT('',(-15.,8.,530.));
#1470 = DIRECTION('',(-1.503635262143E-16,-1.,-1.092948871359E-17));
#1471 = DIRECTION('',(0.805273720438,-1.146036670581E-16,-0.592903225806
    ));
#1472 = PCURVE('',#1083,#1473);
#1473 = DEFINITIONAL_REPRESENTATION('',(#1474),#1478);
#1474 = LINE('',#1475,#1476);
#1475 = CARTESIAN_POINT('',(-10.05943730274,-8.));
#1476 = VECTOR('',#1477,1.);
#1477 = DIRECTION('',(1.,-0.));
#1478 = ( GEOMETRIC_REPRESENTATION_CONTEXT(2)
PARAMETRIC_REPRESENTATION_CONTEXT() REPRESENTATION_CONTEXT('2D SPACE',''
  ) );
#1479 = PCURVE('',#1388,#1480);
#1480 = DEFINITIONAL_REPRESENTATION('',(#1481),#1489);
#1481 = ( BOUNDED_CURVE() B_SPLINE_CURVE(2,(#1482,#1483,#1484,#1485,
#1486,#1487,#1488),.UNSPECIFIED.,.T.,.F.) B_SPLINE_CURVE_WITH_KNOTS((1,2
    ,2,2,2,1),(-2.094395102393,0.,2.094395102393,4.188790204786,
6.28318530718,8.377580409573),.UNSPECIFIED.) CURVE()
GEOMETRIC_REPRESENTATION_ITEM() RATIONAL_B_SPLINE_CURVE((1.,0.5,1.,0.5,
1.,0.5,1.)) REPRESENTATION_ITEM('') );
#1482 = CARTESIAN_POINT('',(-9.189999999999,12.481742666792));
#1483 = CARTESIAN_POINT('',(12.429012465884,28.399289588349));
#1484 = CARTESIAN_POINT('',(15.404506232942,1.717902127383));
#1485 = CARTESIAN_POINT('',(18.379999999999,-24.96348533358));
#1486 = CARTESIAN_POINT('',(-6.214506232942,-14.19964479417));
#1487 = CARTESIAN_POINT('',(-30.80901246588,-3.435804254765));
#1488 = CARTESIAN_POINT('',(-9.189999999999,12.481742666792));
#1489 = ( GEOMETRIC_REPRESENTATION_CONTEXT(2)
PARAMETRIC_REPRESENTATION_CONTEXT() REPRESENTATION_CONTEXT('2D SPACE',''
  ) );
#1490 = ORIENTED_EDGE('',*,*,#1491,.T.);
#1491 = EDGE_CURVE('',#1464,#1492,#1494,.T.);
#1492 = VERTEX_POINT('',#1493);
#1493 = CARTESIAN_POINT('',(-30.42219108964,6.014942529874,
    528.44886428885));
#1494 = SURFACE_CURVE('',#1495,(#1501,#1510),.PCURVE_S1.);
#1495 = B_SPLINE_CURVE_WITH_KNOTS('',4,(#1496,#1497,#1498,#1499,#1500),
  .UNSPECIFIED.,.F.,.F.,(5,5),(0.,1.),.PIECEWISE_BEZIER_KNOTS.);
#1496 = CARTESIAN_POINT('',(-30.47418343337,8.0000006,529.10577012454));
#1497 = CARTESIAN_POINT('',(-30.46423912506,7.505224197512,
    528.93368903527));
#1498 = CARTESIAN_POINT('',(-30.45204405008,7.009395522807,
    528.76695028511));
#1499 = CARTESIAN_POINT('',(-30.4379319688,6.512669828574,
    528.60536820687));
#1500 = CARTESIAN_POINT('',(-30.42219107053,6.014941925638,
    528.44886409886));
#1501 = PCURVE('',#1083,#1502);
#1502 = DEFINITIONAL_REPRESENTATION('',(#1503),#1509);
#1503 = B_SPLINE_CURVE_WITH_KNOTS('',4,(#1504,#1505,#1506,#1507,#1508),
  .UNSPECIFIED.,.F.,.F.,(5,5),(0.,1.),.PIECEWISE_BEZIER_KNOTS.);
#1504 = CARTESIAN_POINT('',(-6.225461005348,-8.0000006));
#1505 = CARTESIAN_POINT('',(-6.214340477404,-7.505224197512));
#1506 = CARTESIAN_POINT('',(-6.203555655622,-7.009395522807));
#1507 = CARTESIAN_POINT('',(-6.193092214002,-6.512669828574));
#1508 = CARTESIAN_POINT('',(-6.18294423261,-6.014941925638));
#1509 = ( GEOMETRIC_REPRESENTATION_CONTEXT(2)
PARAMETRIC_REPRESENTATION_CONTEXT() REPRESENTATION_CONTEXT('2D SPACE',''
  ) );
#1510 = PCURVE('',#1511,#1516);
#1511 = CYLINDRICAL_SURFACE('',#1512,7.);
#1512 = AXIS2_PLACEMENT_3D('',#1513,#1514,#1515);
#1513 = CARTESIAN_POINT('',(-29.,4.,535.));
#1514 = DIRECTION('',(-0.34341479758,0.874146757476,0.34341479758));
#1515 = DIRECTION('',(-1.859920849025E-17,-0.365652372423,0.93075149344)
  );
#1516 = DEFINITIONAL_REPRESENTATION('',(#1517),#1523);
#1517 = B_SPLINE_CURVE_WITH_KNOTS('',4,(#1518,#1519,#1520,#1521,#1522),
  .UNSPECIFIED.,.F.,.F.,(5,5),(0.,1.),.PIECEWISE_BEZIER_KNOTS.);
#1518 = CARTESIAN_POINT('',(3.262765351993,1.978678200194));
#1519 = CARTESIAN_POINT('',(3.287290328749,1.483660797215));
#1520 = CARTESIAN_POINT('',(3.311560728123,0.988785245617));
#1521 = CARTESIAN_POINT('',(3.335651922711,0.494238116421));
#1522 = CARTESIAN_POINT('',(3.35964276631,-6.E-07));
#1523 = ( GEOMETRIC_REPRESENTATION_CONTEXT(2)
PARAMETRIC_REPRESENTATION_CONTEXT() REPRESENTATION_CONTEXT('2D SPACE',''
  ) );
#1524 = ORIENTED_EDGE('',*,*,#1525,.T.);
#1525 = EDGE_CURVE('',#1492,#1526,#1528,.T.);
#1526 = VERTEX_POINT('',#1527);
#1527 = CARTESIAN_POINT('',(-25.79912948688,2.853651322138,
    541.11884896586));
#1528 = SURFACE_CURVE('',#1529,(#1534,#1547),.PCURVE_S1.);
#1529 = ELLIPSE('',#1530,17.731576382838,15.5);
#1530 = AXIS2_PLACEMENT_3D('',#1531,#1532,#1533);
#1531 = CARTESIAN_POINT('',(-15.,11.464285714286,530.));
#1532 = DIRECTION('',(-0.34341479758,0.874146757476,0.34341479758));
#1533 = DIRECTION('',(-0.618115099964,-0.485661864257,0.618115099964));
#1534 = PCURVE('',#1083,#1535);
#1535 = DEFINITIONAL_REPRESENTATION('',(#1536),#1546);
#1536 = B_SPLINE_CURVE_WITH_KNOTS('',8,(#1537,#1538,#1539,#1540,#1541,
    #1542,#1543,#1544,#1545),.UNSPECIFIED.,.F.,.F.,(9,9),(5.304311477633
    ,6.585724978879),.PIECEWISE_BEZIER_KNOTS.);
#1537 = CARTESIAN_POINT('',(-6.08970964103,-6.659406774142));
#1538 = CARTESIAN_POINT('',(-6.249886328686,-5.514709935324));
#1539 = CARTESIAN_POINT('',(-6.410063016342,-4.510900743017));
#1540 = CARTESIAN_POINT('',(-6.570239703997,-3.692732254864));
#1541 = CARTESIAN_POINT('',(-6.730416391652,-3.097244513208));
#1542 = CARTESIAN_POINT('',(-6.890593079309,-2.750097534881));
#1543 = CARTESIAN_POINT('',(-7.050769766965,-2.662931176512));
#1544 = CARTESIAN_POINT('',(-7.210946454621,-2.832870089546));
#1545 = CARTESIAN_POINT('',(-7.371123142276,-3.243847051322));
#1546 = ( GEOMETRIC_REPRESENTATION_CONTEXT(2)
PARAMETRIC_REPRESENTATION_CONTEXT() REPRESENTATION_CONTEXT('2D SPACE',''
  ) );
#1547 = PCURVE('',#1548,#1553);
#1548 = PLANE('',#1549);
#1549 = AXIS2_PLACEMENT_3D('',#1550,#1551,#1552);
#1550 = CARTESIAN_POINT('',(-29.,4.,535.));
#1551 = DIRECTION('',(-0.34341479758,0.874146757476,0.34341479758));
#1552 = DIRECTION('',(-1.859920849025E-17,-0.365652372423,0.93075149344)
  );
#1553 = DEFINITIONAL_REPRESENTATION('',(#1554),#1558);
#1554 = ELLIPSE('',#1555,17.731576382838,15.5);
#1555 = AXIS2_PLACEMENT_2D('',#1556,#1557);
#1556 = CARTESIAN_POINT('',(-7.383091247073,14.906559792986));
#1557 = DIRECTION('',(0.75289496527,-0.658140692611));
#1558 = ( GEOMETRIC_REPRESENTATION_CONTEXT(2)
PARAMETRIC_REPRESENTATION_CONTEXT() REPRESENTATION_CONTEXT('2D SPACE',''
  ) );
#1559 = ORIENTED_EDGE('',*,*,#1560,.T.);
#1560 = EDGE_CURVE('',#1526,#1372,#1561,.T.);
#1561 = SURFACE_CURVE('',#1562,(#1580,#1601),.PCURVE_S1.);
#1562 = B_SPLINE_CURVE_WITH_KNOTS('',6,(#1563,#1564,#1565,#1566,#1567,
    #1568,#1569,#1570,#1571,#1572,#1573,#1574,#1575,#1576,#1577,#1578,
    #1579),.UNSPECIFIED.,.F.,.F.,(7,5,5,7),(0.,0.926529205059,
    0.99594685075,1.),.UNSPECIFIED.);
#1563 = CARTESIAN_POINT('',(-25.79912957305,2.853650634781,
    541.11884888216));
#1564 = CARTESIAN_POINT('',(-25.69987335509,3.645361106466,
    541.21525101606));
#1565 = CARTESIAN_POINT('',(-25.62108529454,4.439004459397,
    541.28970742493));
#1566 = CARTESIAN_POINT('',(-25.56228017544,5.233916240006,
    541.34436699535));
#1567 = CARTESIAN_POINT('',(-25.52293279178,6.029652634241,
    541.38063022865));
#1568 = CARTESIAN_POINT('',(-25.50265805179,6.825737035167,
    541.39930601236));
#1569 = CARTESIAN_POINT('',(-25.50113386177,7.681053631609,
    541.40070996201));
#1570 = CARTESIAN_POINT('',(-25.50113347411,7.740668569149,
    541.4007103169));
#1571 = CARTESIAN_POINT('',(-25.50123885382,7.800282588103,
    541.40061325419));
#1572 = CARTESIAN_POINT('',(-25.50144992732,7.859895529558,
    541.40041883625));
#1573 = CARTESIAN_POINT('',(-25.50176662867,7.919507236059,
    541.40012710483));
#1574 = CARTESIAN_POINT('',(-25.50221355509,7.982598071631,
    541.3997153668));
#1575 = CARTESIAN_POINT('',(-25.5022385705,7.986078586912,
    541.39969232085));
#1576 = CARTESIAN_POINT('',(-25.5022639458,7.98955909742,541.39966894321
    ));
#1577 = CARTESIAN_POINT('',(-25.50228968097,7.993039603125,
    541.3996452339));
#1578 = CARTESIAN_POINT('',(-25.50231577602,7.996520103995,
    541.39962119291));
#1579 = CARTESIAN_POINT('',(-25.50234223092,8.0000006,541.39959682026));
#1580 = PCURVE('',#1083,#1581);
#1581 = DEFINITIONAL_REPRESENTATION('',(#1582),#1600);
#1582 = B_SPLINE_CURVE_WITH_KNOTS('',6,(#1583,#1584,#1585,#1586,#1587,
    #1588,#1589,#1590,#1591,#1592,#1593,#1594,#1595,#1596,#1597,#1598,
    #1599),.UNSPECIFIED.,.F.,.F.,(7,5,5,7),(0.,0.926529205059,
    0.99594685075,1.),.UNSPECIFIED.);
#1583 = CARTESIAN_POINT('',(-7.083169516262,-2.853650634781));
#1584 = CARTESIAN_POINT('',(-7.092096359231,-3.645361106466));
#1585 = CARTESIAN_POINT('',(-7.099089484665,-4.439004459397));
#1586 = CARTESIAN_POINT('',(-7.104269177674,-5.233916240006));
#1587 = CARTESIAN_POINT('',(-7.107721363325,-6.029652634241));
#1588 = CARTESIAN_POINT('',(-7.109499779698,-6.825737035167));
#1589 = CARTESIAN_POINT('',(-7.109633473398,-7.681053631609));
#1590 = CARTESIAN_POINT('',(-7.109633507306,-7.740668569149));
#1591 = CARTESIAN_POINT('',(-7.109624264134,-7.800282588103));
#1592 = CARTESIAN_POINT('',(-7.1096057501,-7.859895529558));
#1593 = CARTESIAN_POINT('',(-7.109577970159,-7.919507236059));
#1594 = CARTESIAN_POINT('',(-7.109538765186,-7.982598071631));
#1595 = CARTESIAN_POINT('',(-7.109536570797,-7.986078586912));
#1596 = CARTESIAN_POINT('',(-7.109534344832,-7.98955909742));
#1597 = CARTESIAN_POINT('',(-7.109532087292,-7.993039603125));
#1598 = CARTESIAN_POINT('',(-7.109529798178,-7.996520103995));
#1599 = CARTESIAN_POINT('',(-7.109527477491,-8.0000006));
#1600 = ( GEOMETRIC_REPRESENTATION_CONTEXT(2)
PARAMETRIC_REPRESENTATION_CONTEXT() REPRESENTATION_CONTEXT('2D SPACE',''
  ) );
#1601 = PCURVE('',#1511,#1602);
#1602 = DEFINITIONAL_REPRESENTATION('',(#1603),#1621);
#1603 = B_SPLINE_CURVE_WITH_KNOTS('',6,(#1604,#1605,#1606,#1607,#1608,
    #1609,#1610,#1611,#1612,#1613,#1614,#1615,#1616,#1617,#1618,#1619,
    #1620),.UNSPECIFIED.,.F.,.F.,(7,5,5,7),(0.,0.926529205059,
    0.99594685075,1.),.UNSPECIFIED.);
#1604 = CARTESIAN_POINT('',(0.508510985455,-6.E-07));
#1605 = CARTESIAN_POINT('',(0.567124882823,0.691090406981));
#1606 = CARTESIAN_POINT('',(0.624543199422,1.383363617258));
#1607 = CARTESIAN_POINT('',(0.681036119113,2.076809529992));
#1608 = CARTESIAN_POINT('',(0.736857084701,2.77134077595));
#1609 = CARTESIAN_POINT('',(0.792249778937,3.46668626845));
#1610 = CARTESIAN_POINT('',(0.851603226701,4.214317205522));
#1611 = CARTESIAN_POINT('',(0.855739278873,4.266429398617));
#1612 = CARTESIAN_POINT('',(0.859874555134,4.318543656167));
#1613 = CARTESIAN_POINT('',(0.864009172726,4.370659835408));
#1614 = CARTESIAN_POINT('',(0.868143249959,4.4227777904));
#1615 = CARTESIAN_POINT('',(0.872518261636,4.477940523955));
#1616 = CARTESIAN_POINT('',(0.87275961563,4.48098368144));
#1617 = CARTESIAN_POINT('',(0.873000968214,4.484026844442));
#1618 = CARTESIAN_POINT('',(0.87324231941,4.48707001293));
#1619 = CARTESIAN_POINT('',(0.873483669242,4.490113186874));
#1620 = CARTESIAN_POINT('',(0.873725017734,4.493156366246));
#1621 = ( GEOMETRIC_REPRESENTATION_CONTEXT(2)
PARAMETRIC_REPRESENTATION_CONTEXT() REPRESENTATION_CONTEXT('2D SPACE',''
  ) );
#1622 = ADVANCED_FACE('',(#1623),#1189,.F.);
#1623 = FACE_BOUND('',#1624,.T.);
#1624 = EDGE_LOOP('',(#1625,#1648,#1649,#1650,#1684,#1721,#1750));
#1625 = ORIENTED_EDGE('',*,*,#1626,.F.);
#1626 = EDGE_CURVE('',#1173,#1627,#1629,.T.);
#1627 = VERTEX_POINT('',#1628);
#1628 = CARTESIAN_POINT('',(-26.1,7.103571428571,530.));
#1629 = SEAM_CURVE('',#1630,(#1634,#1641),.PCURVE_S1.);
#1630 = LINE('',#1631,#1632);
#1631 = CARTESIAN_POINT('',(-26.1,-9.999999999999E-03,530.));
#1632 = VECTOR('',#1633,1.);
#1633 = DIRECTION('',(1.110223024625E-16,1.,0.));
#1634 = PCURVE('',#1189,#1635);
#1635 = DEFINITIONAL_REPRESENTATION('',(#1636),#1640);
#1636 = LINE('',#1637,#1638);
#1637 = CARTESIAN_POINT('',(-6.28318530718,0.));
#1638 = VECTOR('',#1639,1.);
#1639 = DIRECTION('',(-0.,-1.));
#1640 = ( GEOMETRIC_REPRESENTATION_CONTEXT(2)
PARAMETRIC_REPRESENTATION_CONTEXT() REPRESENTATION_CONTEXT('2D SPACE',''
  ) );
#1641 = PCURVE('',#1189,#1642);
#1642 = DEFINITIONAL_REPRESENTATION('',(#1643),#1647);
#1643 = LINE('',#1644,#1645);
#1644 = CARTESIAN_POINT('',(-0.,0.));
#1645 = VECTOR('',#1646,1.);
#1646 = DIRECTION('',(-0.,-1.));
#1647 = ( GEOMETRIC_REPRESENTATION_CONTEXT(2)
PARAMETRIC_REPRESENTATION_CONTEXT() REPRESENTATION_CONTEXT('2D SPACE',''
  ) );
#1648 = ORIENTED_EDGE('',*,*,#1172,.F.);
#1649 = ORIENTED_EDGE('',*,*,#1626,.T.);
#1650 = ORIENTED_EDGE('',*,*,#1651,.T.);
#1651 = EDGE_CURVE('',#1627,#1652,#1654,.T.);
#1652 = VERTEX_POINT('',#1653);
#1653 = CARTESIAN_POINT('',(-22.77351078405,5.297586102224,
    537.92354277392));
#1654 = SURFACE_CURVE('',#1655,(#1660,#1672),.PCURVE_S1.);
#1655 = ELLIPSE('',#1656,12.698096635452,11.1);
#1656 = AXIS2_PLACEMENT_3D('',#1657,#1658,#1659);
#1657 = CARTESIAN_POINT('',(-15.,11.464285714286,530.));
#1658 = DIRECTION('',(-0.34341479758,0.874146757476,0.34341479758));
#1659 = DIRECTION('',(-0.618115099964,-0.485661864257,0.618115099964));
#1660 = PCURVE('',#1189,#1661);
#1661 = DEFINITIONAL_REPRESENTATION('',(#1662),#1671);
#1662 = B_SPLINE_CURVE_WITH_KNOTS('',7,(#1663,#1664,#1665,#1666,#1667,
    #1668,#1669,#1670),.UNSPECIFIED.,.F.,.F.,(8,8),(5.497787143782,
    6.485587431854),.PIECEWISE_BEZIER_KNOTS.);
#1663 = CARTESIAN_POINT('',(0.,-7.113571428571));
#1664 = CARTESIAN_POINT('',(-0.141114326867,-6.498212167482));
#1665 = CARTESIAN_POINT('',(-0.282228653735,-5.984161780887));
#1666 = CARTESIAN_POINT('',(-0.423342980602,-5.591433204842));
#1667 = CARTESIAN_POINT('',(-0.564457307469,-5.335104666131));
#1668 = CARTESIAN_POINT('',(-0.705571634337,-5.223661298974));
#1669 = CARTESIAN_POINT('',(-0.846685961204,-5.258253819795));
#1670 = CARTESIAN_POINT('',(-0.987800288072,-5.433193965286));
#1671 = ( GEOMETRIC_REPRESENTATION_CONTEXT(2)
PARAMETRIC_REPRESENTATION_CONTEXT() REPRESENTATION_CONTEXT('2D SPACE',''
  ) );
#1672 = PCURVE('',#1673,#1678);
#1673 = PLANE('',#1674);
#1674 = AXIS2_PLACEMENT_3D('',#1675,#1676,#1677);
#1675 = CARTESIAN_POINT('',(-29.,4.,535.));
#1676 = DIRECTION('',(-0.34341479758,0.874146757476,0.34341479758));
#1677 = DIRECTION('',(-1.859920849025E-17,-0.365652372423,0.93075149344)
  );
#1678 = DEFINITIONAL_REPRESENTATION('',(#1679),#1683);
#1679 = ELLIPSE('',#1680,12.698096635452,11.1);
#1680 = AXIS2_PLACEMENT_2D('',#1681,#1682);
#1681 = CARTESIAN_POINT('',(-7.383091247073,14.906559792986));
#1682 = DIRECTION('',(0.75289496527,-0.658140692611));
#1683 = ( GEOMETRIC_REPRESENTATION_CONTEXT(2)
PARAMETRIC_REPRESENTATION_CONTEXT() REPRESENTATION_CONTEXT('2D SPACE',''
  ) );
#1684 = ORIENTED_EDGE('',*,*,#1685,.T.);
#1685 = EDGE_CURVE('',#1652,#1686,#1688,.T.);
#1686 = VERTEX_POINT('',#1687);
#1687 = CARTESIAN_POINT('',(-23.09183052343,7.16,537.59817601665));
#1688 = SURFACE_CURVE('',#1689,(#1696,#1706),.PCURVE_S1.);
#1689 = B_SPLINE_CURVE_WITH_KNOTS('',5,(#1690,#1691,#1692,#1693,#1694,
    #1695),.UNSPECIFIED.,.F.,.F.,(6,6),(0.,1.),
  .PIECEWISE_BEZIER_KNOTS.);
#1690 = CARTESIAN_POINT('',(-22.77351068622,5.297585416567,
    537.9235428699));
#1691 = CARTESIAN_POINT('',(-22.82684332039,5.671389536787,
    537.87122008847));
#1692 = CARTESIAN_POINT('',(-22.88501754726,6.044206510282,
    537.81326707584));
#1693 = CARTESIAN_POINT('',(-22.94834029213,6.416821207368,
    537.74903201595));
#1694 = CARTESIAN_POINT('',(-23.01716905676,6.789098835955,
    537.67768825127));
#1695 = CARTESIAN_POINT('',(-23.09183064421,7.1600006,537.59817588802));
#1696 = PCURVE('',#1189,#1697);
#1697 = DEFINITIONAL_REPRESENTATION('',(#1698),#1705);
#1698 = B_SPLINE_CURVE_WITH_KNOTS('',5,(#1699,#1700,#1701,#1702,#1703,
    #1704),.UNSPECIFIED.,.F.,.F.,(6,6),(0.,1.),
  .PIECEWISE_BEZIER_KNOTS.);
#1699 = CARTESIAN_POINT('',(-0.794955856162,-5.307585416567));
#1700 = CARTESIAN_POINT('',(-0.788224948656,-5.681389536787));
#1701 = CARTESIAN_POINT('',(-0.780827470376,-6.054206510282));
#1702 = CARTESIAN_POINT('',(-0.772701870912,-6.426821207368));
#1703 = CARTESIAN_POINT('',(-0.763771785585,-6.799098835955));
#1704 = CARTESIAN_POINT('',(-0.753945534054,-7.1700006));
#1705 = ( GEOMETRIC_REPRESENTATION_CONTEXT(2)
PARAMETRIC_REPRESENTATION_CONTEXT() REPRESENTATION_CONTEXT('2D SPACE',''
  ) );
#1706 = PCURVE('',#1707,#1712);
#1707 = CYLINDRICAL_SURFACE('',#1708,7.);
#1708 = AXIS2_PLACEMENT_3D('',#1709,#1710,#1711);
#1709 = CARTESIAN_POINT('',(-29.,4.,535.));
#1710 = DIRECTION('',(-0.34341479758,0.874146757476,0.34341479758));
#1711 = DIRECTION('',(-1.859920849025E-17,-0.365652372423,0.93075149344)
  );
#1712 = DEFINITIONAL_REPRESENTATION('',(#1713),#1720);
#1713 = B_SPLINE_CURVE_WITH_KNOTS('',5,(#1714,#1715,#1716,#1717,#1718,
    #1719),.UNSPECIFIED.,.F.,.F.,(6,6),(0.,1.),
  .PIECEWISE_BEZIER_KNOTS.);
#1714 = CARTESIAN_POINT('',(1.244067457235,-6.E-07));
#1715 = CARTESIAN_POINT('',(1.272029869598,0.327105858));
#1716 = CARTESIAN_POINT('',(1.300397088872,0.653078574753));
#1717 = CARTESIAN_POINT('',(1.329330145022,0.97848520152));
#1718 = CARTESIAN_POINT('',(1.358957752568,1.3030467952));
#1719 = CARTESIAN_POINT('',(1.389404036014,1.625603541391));
#1720 = ( GEOMETRIC_REPRESENTATION_CONTEXT(2)
PARAMETRIC_REPRESENTATION_CONTEXT() REPRESENTATION_CONTEXT('2D SPACE',''
  ) );
#1721 = ORIENTED_EDGE('',*,*,#1722,.T.);
#1722 = EDGE_CURVE('',#1686,#1723,#1725,.T.);
#1723 = VERTEX_POINT('',#1724);
#1724 = CARTESIAN_POINT('',(-26.09908245481,7.16,529.85728118154));
#1725 = SURFACE_CURVE('',#1726,(#1731,#1738),.PCURVE_S1.);
#1726 = CIRCLE('',#1727,11.1);
#1727 = AXIS2_PLACEMENT_3D('',#1728,#1729,#1730);
#1728 = CARTESIAN_POINT('',(-15.,7.16,530.));
#1729 = DIRECTION('',(1.110223024625E-16,1.,-0.));
#1730 = DIRECTION('',(-1.,1.110223024625E-16,0.));
#1731 = PCURVE('',#1189,#1732);
#1732 = DEFINITIONAL_REPRESENTATION('',(#1733),#1737);
#1733 = LINE('',#1734,#1735);
#1734 = CARTESIAN_POINT('',(-0.,-7.17));
#1735 = VECTOR('',#1736,1.);
#1736 = DIRECTION('',(-1.,0.));
#1737 = ( GEOMETRIC_REPRESENTATION_CONTEXT(2)
PARAMETRIC_REPRESENTATION_CONTEXT() REPRESENTATION_CONTEXT('2D SPACE',''
  ) );
#1738 = PCURVE('',#1739,#1744);
#1739 = PLANE('',#1740);
#1740 = AXIS2_PLACEMENT_3D('',#1741,#1742,#1743);
#1741 = CARTESIAN_POINT('',(-15.,7.16,530.));
#1742 = DIRECTION('',(1.110223024625E-16,1.,0.));
#1743 = DIRECTION('',(0.,0.,1.));
#1744 = DEFINITIONAL_REPRESENTATION('',(#1745),#1749);
#1745 = CIRCLE('',#1746,11.1);
#1746 = AXIS2_PLACEMENT_2D('',#1747,#1748);
#1747 = CARTESIAN_POINT('',(0.,-1.7763568394E-15));
#1748 = DIRECTION('',(0.,-1.));
#1749 = ( GEOMETRIC_REPRESENTATION_CONTEXT(2)
PARAMETRIC_REPRESENTATION_CONTEXT() REPRESENTATION_CONTEXT('2D SPACE',''
  ) );
#1750 = ORIENTED_EDGE('',*,*,#1751,.T.);
#1751 = EDGE_CURVE('',#1723,#1627,#1752,.T.);
#1752 = SURFACE_CURVE('',#1753,(#1758,#1768),.PCURVE_S1.);
#1753 = ELLIPSE('',#1754,12.698096635452,11.1);
#1754 = AXIS2_PLACEMENT_3D('',#1755,#1756,#1757);
#1755 = CARTESIAN_POINT('',(-15.,11.464285714286,530.));
#1756 = DIRECTION('',(-0.34341479758,0.874146757476,0.34341479758));
#1757 = DIRECTION('',(-0.618115099964,-0.485661864257,0.618115099964));
#1758 = PCURVE('',#1189,#1759);
#1759 = DEFINITIONAL_REPRESENTATION('',(#1760),#1767);
#1760 = B_SPLINE_CURVE_WITH_KNOTS('',5,(#1761,#1762,#1763,#1764,#1765,
    #1766),.UNSPECIFIED.,.F.,.F.,(6,6),(5.484929102426,5.497787143782),
  .PIECEWISE_BEZIER_KNOTS.);
#1761 = CARTESIAN_POINT('',(-6.270327265823,-7.1700006));
#1762 = CARTESIAN_POINT('',(-6.272898874095,-7.158643291335));
#1763 = CARTESIAN_POINT('',(-6.275470482366,-7.147321563876));
#1764 = CARTESIAN_POINT('',(-6.278042090637,-7.136035574099));
#1765 = CARTESIAN_POINT('',(-6.280613698908,-7.124785477497));
#1766 = CARTESIAN_POINT('',(-6.28318530718,-7.113571428571));
#1767 = ( GEOMETRIC_REPRESENTATION_CONTEXT(2)
PARAMETRIC_REPRESENTATION_CONTEXT() REPRESENTATION_CONTEXT('2D SPACE',''
  ) );
#1768 = PCURVE('',#1673,#1769);
#1769 = DEFINITIONAL_REPRESENTATION('',(#1770),#1774);
#1770 = ELLIPSE('',#1771,12.698096635452,11.1);
#1771 = AXIS2_PLACEMENT_2D('',#1772,#1773);
#1772 = CARTESIAN_POINT('',(-7.383091247073,14.906559792986));
#1773 = DIRECTION('',(0.75289496527,-0.658140692611));
#1774 = ( GEOMETRIC_REPRESENTATION_CONTEXT(2)
PARAMETRIC_REPRESENTATION_CONTEXT() REPRESENTATION_CONTEXT('2D SPACE',''
  ) );
#1775 = ADVANCED_FACE('',(#1776,#1830,#1950),#1229,.T.);
#1776 = FACE_BOUND('',#1777,.F.);
#1777 = EDGE_LOOP('',(#1778,#1801,#1802,#1803));
#1778 = ORIENTED_EDGE('',*,*,#1779,.F.);
#1779 = EDGE_CURVE('',#1213,#1780,#1782,.T.);
#1780 = VERTEX_POINT('',#1781);
#1781 = CARTESIAN_POINT('',(-1.5,2.8,475.));
#1782 = SEAM_CURVE('',#1783,(#1787,#1794),.PCURVE_S1.);
#1783 = LINE('',#1784,#1785);
#1784 = CARTESIAN_POINT('',(-9.15,2.8,475.));
#1785 = VECTOR('',#1786,1.);
#1786 = DIRECTION('',(1.,0.,0.));
#1787 = PCURVE('',#1229,#1788);
#1788 = DEFINITIONAL_REPRESENTATION('',(#1789),#1793);
#1789 = LINE('',#1790,#1791);
#1790 = CARTESIAN_POINT('',(-6.28318530718,0.));
#1791 = VECTOR('',#1792,1.);
#1792 = DIRECTION('',(-0.,-1.));
#1793 = ( GEOMETRIC_REPRESENTATION_CONTEXT(2)
PARAMETRIC_REPRESENTATION_CONTEXT() REPRESENTATION_CONTEXT('2D SPACE',''
  ) );
#1794 = PCURVE('',#1229,#1795);
#1795 = DEFINITIONAL_REPRESENTATION('',(#1796),#1800);
#1796 = LINE('',#1797,#1798);
#1797 = CARTESIAN_POINT('',(-0.,0.));
#1798 = VECTOR('',#1799,1.);
#1799 = DIRECTION('',(-0.,-1.));
#1800 = ( GEOMETRIC_REPRESENTATION_CONTEXT(2)
PARAMETRIC_REPRESENTATION_CONTEXT() REPRESENTATION_CONTEXT('2D SPACE',''
  ) );
#1801 = ORIENTED_EDGE('',*,*,#1212,.F.);
#1802 = ORIENTED_EDGE('',*,*,#1779,.T.);
#1803 = ORIENTED_EDGE('',*,*,#1804,.T.);
#1804 = EDGE_CURVE('',#1780,#1780,#1805,.T.);
#1805 = SURFACE_CURVE('',#1806,(#1811,#1818),.PCURVE_S1.);
#1806 = CIRCLE('',#1807,2.8);
#1807 = AXIS2_PLACEMENT_3D('',#1808,#1809,#1810);
#1808 = CARTESIAN_POINT('',(-1.5,0.,475.));
#1809 = DIRECTION('',(1.,0.,0.));
#1810 = DIRECTION('',(0.,1.,0.));
#1811 = PCURVE('',#1229,#1812);
#1812 = DEFINITIONAL_REPRESENTATION('',(#1813),#1817);
#1813 = LINE('',#1814,#1815);
#1814 = CARTESIAN_POINT('',(-0.,-7.65));
#1815 = VECTOR('',#1816,1.);
#1816 = DIRECTION('',(-1.,0.));
#1817 = ( GEOMETRIC_REPRESENTATION_CONTEXT(2)
PARAMETRIC_REPRESENTATION_CONTEXT() REPRESENTATION_CONTEXT('2D SPACE',''
  ) );
#1818 = PCURVE('',#1819,#1824);
#1819 = PLANE('',#1820);
#1820 = AXIS2_PLACEMENT_3D('',#1821,#1822,#1823);
#1821 = CARTESIAN_POINT('',(-1.5,-1.761173900954E-16,475.));
#1822 = DIRECTION('',(1.,0.,0.));
#1823 = DIRECTION('',(-0.,0.,1.));
#1824 = DEFINITIONAL_REPRESENTATION('',(#1825),#1829);
#1825 = CIRCLE('',#1826,2.8);
#1826 = AXIS2_PLACEMENT_2D('',#1827,#1828);
#1827 = CARTESIAN_POINT('',(0.,-1.761173900954E-16));
#1828 = DIRECTION('',(0.,-1.));
#1829 = ( GEOMETRIC_REPRESENTATION_CONTEXT(2)
PARAMETRIC_REPRESENTATION_CONTEXT() REPRESENTATION_CONTEXT('2D SPACE',''
  ) );
#1830 = FACE_BOUND('',#1831,.F.);
#1831 = EDGE_LOOP('',(#1832,#1863,#1891,#1924));
#1832 = ORIENTED_EDGE('',*,*,#1833,.F.);
#1833 = EDGE_CURVE('',#1834,#1836,#1838,.T.);
#1834 = VERTEX_POINT('',#1835);
#1835 = CARTESIAN_POINT('',(-8.75,-0.904157066001,477.65));
#1836 = VERTEX_POINT('',#1837);
#1837 = CARTESIAN_POINT('',(-8.75,0.904157066001,477.65));
#1838 = SURFACE_CURVE('',#1839,(#1844,#1851),.PCURVE_S1.);
#1839 = CIRCLE('',#1840,2.8);
#1840 = AXIS2_PLACEMENT_3D('',#1841,#1842,#1843);
#1841 = CARTESIAN_POINT('',(-8.75,0.,475.));
#1842 = DIRECTION('',(-1.,0.,0.));
#1843 = DIRECTION('',(0.,1.,0.));
#1844 = PCURVE('',#1229,#1845);
#1845 = DEFINITIONAL_REPRESENTATION('',(#1846),#1850);
#1846 = LINE('',#1847,#1848);
#1847 = CARTESIAN_POINT('',(-6.28318530718,-0.4));
#1848 = VECTOR('',#1849,1.);
#1849 = DIRECTION('',(1.,-0.));
#1850 = ( GEOMETRIC_REPRESENTATION_CONTEXT(2)
PARAMETRIC_REPRESENTATION_CONTEXT() REPRESENTATION_CONTEXT('2D SPACE',''
  ) );
#1851 = PCURVE('',#1852,#1857);
#1852 = PLANE('',#1853);
#1853 = AXIS2_PLACEMENT_3D('',#1854,#1855,#1856);
#1854 = CARTESIAN_POINT('',(-8.75,1.75,477.65));
#1855 = DIRECTION('',(-1.,0.,0.));
#1856 = DIRECTION('',(0.,0.,1.));
#1857 = DEFINITIONAL_REPRESENTATION('',(#1858),#1862);
#1858 = CIRCLE('',#1859,2.8);
#1859 = AXIS2_PLACEMENT_2D('',#1860,#1861);
#1860 = CARTESIAN_POINT('',(-2.65,-1.75));
#1861 = DIRECTION('',(0.,1.));
#1862 = ( GEOMETRIC_REPRESENTATION_CONTEXT(2)
PARAMETRIC_REPRESENTATION_CONTEXT() REPRESENTATION_CONTEXT('2D SPACE',''
  ) );
#1863 = ORIENTED_EDGE('',*,*,#1864,.F.);
#1864 = EDGE_CURVE('',#1865,#1834,#1867,.T.);
#1865 = VERTEX_POINT('',#1866);
#1866 = CARTESIAN_POINT('',(-3.75,-0.904157066001,477.65));
#1867 = SURFACE_CURVE('',#1868,(#1872,#1879),.PCURVE_S1.);
#1868 = LINE('',#1869,#1870);
#1869 = CARTESIAN_POINT('',(-9.15,-0.904157066001,477.65));
#1870 = VECTOR('',#1871,1.);
#1871 = DIRECTION('',(-1.,-0.,-0.));
#1872 = PCURVE('',#1229,#1873);
#1873 = DEFINITIONAL_REPRESENTATION('',(#1874),#1878);
#1874 = LINE('',#1875,#1876);
#1875 = CARTESIAN_POINT('',(-1.899602342365,0.));
#1876 = VECTOR('',#1877,1.);
#1877 = DIRECTION('',(-0.,1.));
#1878 = ( GEOMETRIC_REPRESENTATION_CONTEXT(2)
PARAMETRIC_REPRESENTATION_CONTEXT() REPRESENTATION_CONTEXT('2D SPACE',''
  ) );
#1879 = PCURVE('',#1880,#1885);
#1880 = PLANE('',#1881);
#1881 = AXIS2_PLACEMENT_3D('',#1882,#1883,#1884);
#1882 = CARTESIAN_POINT('',(-3.75,1.75,477.65));
#1883 = DIRECTION('',(-0.,-0.,-1.));
#1884 = DIRECTION('',(-1.,0.,0.));
#1885 = DEFINITIONAL_REPRESENTATION('',(#1886),#1890);
#1886 = LINE('',#1887,#1888);
#1887 = CARTESIAN_POINT('',(5.4,-2.654157066001));
#1888 = VECTOR('',#1889,1.);
#1889 = DIRECTION('',(1.,0.));
#1890 = ( GEOMETRIC_REPRESENTATION_CONTEXT(2)
PARAMETRIC_REPRESENTATION_CONTEXT() REPRESENTATION_CONTEXT('2D SPACE',''
  ) );
#1891 = ORIENTED_EDGE('',*,*,#1892,.F.);
#1892 = EDGE_CURVE('',#1893,#1865,#1895,.T.);
#1893 = VERTEX_POINT('',#1894);
#1894 = CARTESIAN_POINT('',(-3.75,0.904157066001,477.65));
#1895 = SURFACE_CURVE('',#1896,(#1901,#1912),.PCURVE_S1.);
#1896 = ELLIPSE('',#1897,3.293711629583,2.8);
#1897 = AXIS2_PLACEMENT_3D('',#1898,#1899,#1900);
#1898 = CARTESIAN_POINT('',(-2.108407079646,0.,475.));
#1899 = DIRECTION('',(0.850104779924,0.,0.526613580484));
#1900 = DIRECTION('',(-0.526613580484,0.,0.850104779924));
#1901 = PCURVE('',#1229,#1902);
#1902 = DEFINITIONAL_REPRESENTATION('',(#1903),#1911);
#1903 = B_SPLINE_CURVE_WITH_KNOTS('',6,(#1904,#1905,#1906,#1907,#1908,
    #1909,#1910),.UNSPECIFIED.,.F.,.F.,(7,7),(5.84629405736,
    6.720076556999),.PIECEWISE_BEZIER_KNOTS.);
#1904 = CARTESIAN_POINT('',(-1.133905076976,-5.47));
#1905 = CARTESIAN_POINT('',(-1.279535493582,-5.363119576965));
#1906 = CARTESIAN_POINT('',(-1.425165910189,-5.296236007283));
#1907 = CARTESIAN_POINT('',(-1.570796326795,-5.273429115112));
#1908 = CARTESIAN_POINT('',(-1.716426743401,-5.296236007283));
#1909 = CARTESIAN_POINT('',(-1.862057160008,-5.363119576965));
#1910 = CARTESIAN_POINT('',(-2.007687576614,-5.47));
#1911 = ( GEOMETRIC_REPRESENTATION_CONTEXT(2)
PARAMETRIC_REPRESENTATION_CONTEXT() REPRESENTATION_CONTEXT('2D SPACE',''
  ) );
#1912 = PCURVE('',#1913,#1918);
#1913 = PLANE('',#1914);
#1914 = AXIS2_PLACEMENT_3D('',#1915,#1916,#1917);
#1915 = CARTESIAN_POINT('',(-4.45,1.75,478.78));
#1916 = DIRECTION('',(0.850104779924,0.,0.526613580484));
#1917 = DIRECTION('',(0.526613580484,0.,-0.850104779924));
#1918 = DEFINITIONAL_REPRESENTATION('',(#1919),#1923);
#1919 = ELLIPSE('',#1920,3.293711629583,2.8);
#1920 = AXIS2_PLACEMENT_2D('',#1921,#1922);
#1921 = CARTESIAN_POINT('',(4.446510699937,-1.75));
#1922 = DIRECTION('',(-1.,0.));
#1923 = ( GEOMETRIC_REPRESENTATION_CONTEXT(2)
PARAMETRIC_REPRESENTATION_CONTEXT() REPRESENTATION_CONTEXT('2D SPACE',''
  ) );
#1924 = ORIENTED_EDGE('',*,*,#1925,.T.);
#1925 = EDGE_CURVE('',#1893,#1836,#1926,.T.);
#1926 = SURFACE_CURVE('',#1927,(#1931,#1938),.PCURVE_S1.);
#1927 = LINE('',#1928,#1929);
#1928 = CARTESIAN_POINT('',(-9.15,0.904157066001,477.65));
#1929 = VECTOR('',#1930,1.);
#1930 = DIRECTION('',(-1.,-0.,-0.));
#1931 = PCURVE('',#1229,#1932);
#1932 = DEFINITIONAL_REPRESENTATION('',(#1933),#1937);
#1933 = LINE('',#1934,#1935);
#1934 = CARTESIAN_POINT('',(-1.241990311225,0.));
#1935 = VECTOR('',#1936,1.);
#1936 = DIRECTION('',(-0.,1.));
#1937 = ( GEOMETRIC_REPRESENTATION_CONTEXT(2)
PARAMETRIC_REPRESENTATION_CONTEXT() REPRESENTATION_CONTEXT('2D SPACE',''
  ) );
#1938 = PCURVE('',#1939,#1944);
#1939 = PLANE('',#1940);
#1940 = AXIS2_PLACEMENT_3D('',#1941,#1942,#1943);
#1941 = CARTESIAN_POINT('',(-3.75,1.75,477.65));
#1942 = DIRECTION('',(-0.,-0.,-1.));
#1943 = DIRECTION('',(-1.,0.,0.));
#1944 = DEFINITIONAL_REPRESENTATION('',(#1945),#1949);
#1945 = LINE('',#1946,#1947);
#1946 = CARTESIAN_POINT('',(5.4,-0.845842933999));
#1947 = VECTOR('',#1948,1.);
#1948 = DIRECTION('',(1.,0.));
#1949 = ( GEOMETRIC_REPRESENTATION_CONTEXT(2)
PARAMETRIC_REPRESENTATION_CONTEXT() REPRESENTATION_CONTEXT('2D SPACE',''
  ) );
#1950 = FACE_BOUND('',#1951,.F.);
#1951 = EDGE_LOOP('',(#1952,#1987,#2015,#2044));
#1952 = ORIENTED_EDGE('',*,*,#1953,.F.);
#1953 = EDGE_CURVE('',#1954,#1956,#1958,.T.);
#1954 = VERTEX_POINT('',#1955);
#1955 = CARTESIAN_POINT('',(-3.75,-0.904157066001,472.35));
#1956 = VERTEX_POINT('',#1957);
#1957 = CARTESIAN_POINT('',(-3.75,0.904157066001,472.35));
#1958 = SURFACE_CURVE('',#1959,(#1964,#1975),.PCURVE_S1.);
#1959 = ELLIPSE('',#1960,3.293711629583,2.8);
#1960 = AXIS2_PLACEMENT_3D('',#1961,#1962,#1963);
#1961 = CARTESIAN_POINT('',(-2.108407079646,0.,475.));
#1962 = DIRECTION('',(0.850104779924,0.,-0.526613580484));
#1963 = DIRECTION('',(-0.526613580484,0.,-0.850104779924));
#1964 = PCURVE('',#1229,#1965);
#1965 = DEFINITIONAL_REPRESENTATION('',(#1966),#1974);
#1966 = B_SPLINE_CURVE_WITH_KNOTS('',6,(#1967,#1968,#1969,#1970,#1971,
    #1972,#1973),.UNSPECIFIED.,.F.,.F.,(7,7),(5.84629405736,
    6.720076556999),.PIECEWISE_BEZIER_KNOTS.);
#1967 = CARTESIAN_POINT('',(-4.275497730565,-5.47));
#1968 = CARTESIAN_POINT('',(-4.421128147172,-5.363119576965));
#1969 = CARTESIAN_POINT('',(-4.566758563778,-5.296236007283));
#1970 = CARTESIAN_POINT('',(-4.712388980384,-5.273429115112));
#1971 = CARTESIAN_POINT('',(-4.858019396991,-5.296236007283));
#1972 = CARTESIAN_POINT('',(-5.003649813597,-5.363119576965));
#1973 = CARTESIAN_POINT('',(-5.149280230204,-5.47));
#1974 = ( GEOMETRIC_REPRESENTATION_CONTEXT(2)
PARAMETRIC_REPRESENTATION_CONTEXT() REPRESENTATION_CONTEXT('2D SPACE',''
  ) );
#1975 = PCURVE('',#1976,#1981);
#1976 = PLANE('',#1977);
#1977 = AXIS2_PLACEMENT_3D('',#1978,#1979,#1980);
#1978 = CARTESIAN_POINT('',(-3.75,1.75,472.35));
#1979 = DIRECTION('',(0.850104779924,0.,-0.526613580484));
#1980 = DIRECTION('',(-0.526613580484,0.,-0.850104779924));
#1981 = DEFINITIONAL_REPRESENTATION('',(#1982),#1986);
#1982 = ELLIPSE('',#1983,3.293711629583,2.8);
#1983 = AXIS2_PLACEMENT_2D('',#1984,#1985);
#1984 = CARTESIAN_POINT('',(-3.117262792284,-1.75));
#1985 = DIRECTION('',(1.,0.));
#1986 = ( GEOMETRIC_REPRESENTATION_CONTEXT(2)
PARAMETRIC_REPRESENTATION_CONTEXT() REPRESENTATION_CONTEXT('2D SPACE',''
  ) );
#1987 = ORIENTED_EDGE('',*,*,#1988,.T.);
#1988 = EDGE_CURVE('',#1954,#1989,#1991,.T.);
#1989 = VERTEX_POINT('',#1990);
#1990 = CARTESIAN_POINT('',(-8.75,-0.904157066001,472.35));
#1991 = SURFACE_CURVE('',#1992,(#1996,#2003),.PCURVE_S1.);
#1992 = LINE('',#1993,#1994);
#1993 = CARTESIAN_POINT('',(-9.15,-0.904157066001,472.35));
#1994 = VECTOR('',#1995,1.);
#1995 = DIRECTION('',(-1.,-0.,-0.));
#1996 = PCURVE('',#1229,#1997);
#1997 = DEFINITIONAL_REPRESENTATION('',(#1998),#2002);
#1998 = LINE('',#1999,#2000);
#1999 = CARTESIAN_POINT('',(-4.383582964814,0.));
#2000 = VECTOR('',#2001,1.);
#2001 = DIRECTION('',(-0.,1.));
#2002 = ( GEOMETRIC_REPRESENTATION_CONTEXT(2)
PARAMETRIC_REPRESENTATION_CONTEXT() REPRESENTATION_CONTEXT('2D SPACE',''
  ) );
#2003 = PCURVE('',#2004,#2009);
#2004 = PLANE('',#2005);
#2005 = AXIS2_PLACEMENT_3D('',#2006,#2007,#2008);
#2006 = CARTESIAN_POINT('',(-8.75,1.75,472.35));
#2007 = DIRECTION('',(-0.,0.,1.));
#2008 = DIRECTION('',(1.,0.,0.));
#2009 = DEFINITIONAL_REPRESENTATION('',(#2010),#2014);
#2010 = LINE('',#2011,#2012);
#2011 = CARTESIAN_POINT('',(-0.4,-2.654157066001));
#2012 = VECTOR('',#2013,1.);
#2013 = DIRECTION('',(-1.,0.));
#2014 = ( GEOMETRIC_REPRESENTATION_CONTEXT(2)
PARAMETRIC_REPRESENTATION_CONTEXT() REPRESENTATION_CONTEXT('2D SPACE',''
  ) );
#2015 = ORIENTED_EDGE('',*,*,#2016,.F.);
#2016 = EDGE_CURVE('',#2017,#1989,#2019,.T.);
#2017 = VERTEX_POINT('',#2018);
#2018 = CARTESIAN_POINT('',(-8.75,0.904157066001,472.35));
#2019 = SURFACE_CURVE('',#2020,(#2025,#2032),.PCURVE_S1.);
#2020 = CIRCLE('',#2021,2.8);
#2021 = AXIS2_PLACEMENT_3D('',#2022,#2023,#2024);
#2022 = CARTESIAN_POINT('',(-8.75,0.,475.));
#2023 = DIRECTION('',(-1.,0.,0.));
#2024 = DIRECTION('',(0.,1.,0.));
#2025 = PCURVE('',#1229,#2026);
#2026 = DEFINITIONAL_REPRESENTATION('',(#2027),#2031);
#2027 = LINE('',#2028,#2029);
#2028 = CARTESIAN_POINT('',(-6.28318530718,-0.4));
#2029 = VECTOR('',#2030,1.);
#2030 = DIRECTION('',(1.,-0.));
#2031 = ( GEOMETRIC_REPRESENTATION_CONTEXT(2)
PARAMETRIC_REPRESENTATION_CONTEXT() REPRESENTATION_CONTEXT('2D SPACE',''
  ) );
#2032 = PCURVE('',#2033,#2038);
#2033 = PLANE('',#2034);
#2034 = AXIS2_PLACEMENT_3D('',#2035,#2036,#2037);
#2035 = CARTESIAN_POINT('',(-8.75,1.75,471.25));
#2036 = DIRECTION('',(-1.,0.,0.));
#2037 = DIRECTION('',(0.,0.,1.));
#2038 = DEFINITIONAL_REPRESENTATION('',(#2039),#2043);
#2039 = CIRCLE('',#2040,2.8);
#2040 = AXIS2_PLACEMENT_2D('',#2041,#2042);
#2041 = CARTESIAN_POINT('',(3.75,-1.75));
#2042 = DIRECTION('',(0.,1.));
#2043 = ( GEOMETRIC_REPRESENTATION_CONTEXT(2)
PARAMETRIC_REPRESENTATION_CONTEXT() REPRESENTATION_CONTEXT('2D SPACE',''
  ) );
#2044 = ORIENTED_EDGE('',*,*,#2045,.F.);
#2045 = EDGE_CURVE('',#1956,#2017,#2046,.T.);
#2046 = SURFACE_CURVE('',#2047,(#2051,#2058),.PCURVE_S1.);
#2047 = LINE('',#2048,#2049);
#2048 = CARTESIAN_POINT('',(-9.15,0.904157066001,472.35));
#2049 = VECTOR('',#2050,1.);
#2050 = DIRECTION('',(-1.,-0.,-0.));
#2051 = PCURVE('',#1229,#2052);
#2052 = DEFINITIONAL_REPRESENTATION('',(#2053),#2057);
#2053 = LINE('',#2054,#2055);
#2054 = CARTESIAN_POINT('',(-5.041194995955,0.));
#2055 = VECTOR('',#2056,1.);
#2056 = DIRECTION('',(-0.,1.));
#2057 = ( GEOMETRIC_REPRESENTATION_CONTEXT(2)
PARAMETRIC_REPRESENTATION_CONTEXT() REPRESENTATION_CONTEXT('2D SPACE',''
  ) );
#2058 = PCURVE('',#2059,#2064);
#2059 = PLANE('',#2060);
#2060 = AXIS2_PLACEMENT_3D('',#2061,#2062,#2063);
#2061 = CARTESIAN_POINT('',(-8.75,1.75,472.35));
#2062 = DIRECTION('',(-0.,0.,1.));
#2063 = DIRECTION('',(1.,0.,0.));
#2064 = DEFINITIONAL_REPRESENTATION('',(#2065),#2069);
#2065 = LINE('',#2066,#2067);
#2066 = CARTESIAN_POINT('',(-0.4,-0.845842933999));
#2067 = VECTOR('',#2068,1.);
#2068 = DIRECTION('',(-1.,0.));
#2069 = ( GEOMETRIC_REPRESENTATION_CONTEXT(2)
PARAMETRIC_REPRESENTATION_CONTEXT() REPRESENTATION_CONTEXT('2D SPACE',''
  ) );
#2070 = ADVANCED_FACE('',(#2071),#1284,.F.);
#2071 = FACE_BOUND('',#2072,.F.);
#2072 = EDGE_LOOP('',(#2073,#2096,#2124,#2152,#2180,#2201));
#2073 = ORIENTED_EDGE('',*,*,#2074,.F.);
#2074 = EDGE_CURVE('',#2075,#1269,#2077,.T.);
#2075 = VERTEX_POINT('',#2076);
#2076 = CARTESIAN_POINT('',(-0.5,8.,518.11));
#2077 = SURFACE_CURVE('',#2078,(#2082,#2089),.PCURVE_S1.);
#2078 = LINE('',#2079,#2080);
#2079 = CARTESIAN_POINT('',(-0.5,8.,518.11));
#2080 = VECTOR('',#2081,1.);
#2081 = DIRECTION('',(-1.,1.110223024625E-16,0.));
#2082 = PCURVE('',#1284,#2083);
#2083 = DEFINITIONAL_REPRESENTATION('',(#2084),#2088);
#2084 = LINE('',#2085,#2086);
#2085 = CARTESIAN_POINT('',(0.,0.));
#2086 = VECTOR('',#2087,1.);
#2087 = DIRECTION('',(0.,1.));
#2088 = ( GEOMETRIC_REPRESENTATION_CONTEXT(2)
PARAMETRIC_REPRESENTATION_CONTEXT() REPRESENTATION_CONTEXT('2D SPACE',''
  ) );
#2089 = PCURVE('',#1418,#2090);
#2090 = DEFINITIONAL_REPRESENTATION('',(#2091),#2095);
#2091 = LINE('',#2092,#2093);
#2092 = CARTESIAN_POINT('',(0.,0.));
#2093 = VECTOR('',#2094,1.);
#2094 = DIRECTION('',(0.,-1.));
#2095 = ( GEOMETRIC_REPRESENTATION_CONTEXT(2)
PARAMETRIC_REPRESENTATION_CONTEXT() REPRESENTATION_CONTEXT('2D SPACE',''
  ) );
#2096 = ORIENTED_EDGE('',*,*,#2097,.T.);
#2097 = EDGE_CURVE('',#2075,#2098,#2100,.T.);
#2098 = VERTEX_POINT('',#2099);
#2099 = CARTESIAN_POINT('',(-0.5,20.4,518.11));
#2100 = SURFACE_CURVE('',#2101,(#2105,#2112),.PCURVE_S1.);
#2101 = LINE('',#2102,#2103);
#2102 = CARTESIAN_POINT('',(-0.5,8.,518.11));
#2103 = VECTOR('',#2104,1.);
#2104 = DIRECTION('',(1.110223024625E-16,1.,0.));
#2105 = PCURVE('',#1284,#2106);
#2106 = DEFINITIONAL_REPRESENTATION('',(#2107),#2111);
#2107 = LINE('',#2108,#2109);
#2108 = CARTESIAN_POINT('',(0.,0.));
#2109 = VECTOR('',#2110,1.);
#2110 = DIRECTION('',(1.,0.));
#2111 = ( GEOMETRIC_REPRESENTATION_CONTEXT(2)
PARAMETRIC_REPRESENTATION_CONTEXT() REPRESENTATION_CONTEXT('2D SPACE',''
  ) );
#2112 = PCURVE('',#2113,#2118);
#2113 = PLANE('',#2114);
#2114 = AXIS2_PLACEMENT_3D('',#2115,#2116,#2117);
#2115 = CARTESIAN_POINT('',(-0.5,8.,518.11));
#2116 = DIRECTION('',(-1.,1.110223024625E-16,0.));
#2117 = DIRECTION('',(0.,0.,1.));
#2118 = DEFINITIONAL_REPRESENTATION('',(#2119),#2123);
#2119 = LINE('',#2120,#2121);
#2120 = CARTESIAN_POINT('',(0.,0.));
#2121 = VECTOR('',#2122,1.);
#2122 = DIRECTION('',(0.,1.));
#2123 = ( GEOMETRIC_REPRESENTATION_CONTEXT(2)
PARAMETRIC_REPRESENTATION_CONTEXT() REPRESENTATION_CONTEXT('2D SPACE',''
  ) );
#2124 = ORIENTED_EDGE('',*,*,#2125,.T.);
#2125 = EDGE_CURVE('',#2098,#2126,#2128,.T.);
#2126 = VERTEX_POINT('',#2127);
#2127 = CARTESIAN_POINT('',(-29.5,20.4,518.11));
#2128 = SURFACE_CURVE('',#2129,(#2133,#2140),.PCURVE_S1.);
#2129 = LINE('',#2130,#2131);
#2130 = CARTESIAN_POINT('',(-0.5,20.4,518.11));
#2131 = VECTOR('',#2132,1.);
#2132 = DIRECTION('',(-1.,1.110223024625E-16,0.));
#2133 = PCURVE('',#1284,#2134);
#2134 = DEFINITIONAL_REPRESENTATION('',(#2135),#2139);
#2135 = LINE('',#2136,#2137);
#2136 = CARTESIAN_POINT('',(12.4,-3.996802888651E-16));
#2137 = VECTOR('',#2138,1.);
#2138 = DIRECTION('',(0.,1.));
#2139 = ( GEOMETRIC_REPRESENTATION_CONTEXT(2)
PARAMETRIC_REPRESENTATION_CONTEXT() REPRESENTATION_CONTEXT('2D SPACE',''
  ) );
#2140 = PCURVE('',#2141,#2146);
#2141 = PLANE('',#2142);
#2142 = AXIS2_PLACEMENT_3D('',#2143,#2144,#2145);
#2143 = CARTESIAN_POINT('',(-0.5,20.4,518.11));
#2144 = DIRECTION('',(1.110223024625E-16,1.,0.));
#2145 = DIRECTION('',(0.,0.,1.));
#2146 = DEFINITIONAL_REPRESENTATION('',(#2147),#2151);
#2147 = LINE('',#2148,#2149);
#2148 = CARTESIAN_POINT('',(0.,0.));
#2149 = VECTOR('',#2150,1.);
#2150 = DIRECTION('',(0.,-1.));
#2151 = ( GEOMETRIC_REPRESENTATION_CONTEXT(2)
PARAMETRIC_REPRESENTATION_CONTEXT() REPRESENTATION_CONTEXT('2D SPACE',''
  ) );
#2152 = ORIENTED_EDGE('',*,*,#2153,.F.);
#2153 = EDGE_CURVE('',#2154,#2126,#2156,.T.);
#2154 = VERTEX_POINT('',#2155);
#2155 = CARTESIAN_POINT('',(-29.5,8.,518.11));
#2156 = SURFACE_CURVE('',#2157,(#2161,#2168),.PCURVE_S1.);
#2157 = LINE('',#2158,#2159);
#2158 = CARTESIAN_POINT('',(-29.5,8.,518.11));
#2159 = VECTOR('',#2160,1.);
#2160 = DIRECTION('',(1.110223024625E-16,1.,0.));
#2161 = PCURVE('',#1284,#2162);
#2162 = DEFINITIONAL_REPRESENTATION('',(#2163),#2167);
#2163 = LINE('',#2164,#2165);
#2164 = CARTESIAN_POINT('',(3.330669073875E-16,29.));
#2165 = VECTOR('',#2166,1.);
#2166 = DIRECTION('',(1.,0.));
#2167 = ( GEOMETRIC_REPRESENTATION_CONTEXT(2)
PARAMETRIC_REPRESENTATION_CONTEXT() REPRESENTATION_CONTEXT('2D SPACE',''
  ) );
#2168 = PCURVE('',#2169,#2174);
#2169 = PLANE('',#2170);
#2170 = AXIS2_PLACEMENT_3D('',#2171,#2172,#2173);
#2171 = CARTESIAN_POINT('',(-29.5,8.,518.11));
#2172 = DIRECTION('',(-1.,1.110223024625E-16,0.));
#2173 = DIRECTION('',(0.,0.,1.));
#2174 = DEFINITIONAL_REPRESENTATION('',(#2175),#2179);
#2175 = LINE('',#2176,#2177);
#2176 = CARTESIAN_POINT('',(0.,0.));
#2177 = VECTOR('',#2178,1.);
#2178 = DIRECTION('',(0.,1.));
#2179 = ( GEOMETRIC_REPRESENTATION_CONTEXT(2)
PARAMETRIC_REPRESENTATION_CONTEXT() REPRESENTATION_CONTEXT('2D SPACE',''
  ) );
#2180 = ORIENTED_EDGE('',*,*,#2181,.F.);
#2181 = EDGE_CURVE('',#1246,#2154,#2182,.T.);
#2182 = SURFACE_CURVE('',#2183,(#2187,#2194),.PCURVE_S1.);
#2183 = LINE('',#2184,#2185);
#2184 = CARTESIAN_POINT('',(-0.5,8.,518.11));
#2185 = VECTOR('',#2186,1.);
#2186 = DIRECTION('',(-1.,1.110223024625E-16,0.));
#2187 = PCURVE('',#1284,#2188);
#2188 = DEFINITIONAL_REPRESENTATION('',(#2189),#2193);
#2189 = LINE('',#2190,#2191);
#2190 = CARTESIAN_POINT('',(0.,0.));
#2191 = VECTOR('',#2192,1.);
#2192 = DIRECTION('',(0.,1.));
#2193 = ( GEOMETRIC_REPRESENTATION_CONTEXT(2)
PARAMETRIC_REPRESENTATION_CONTEXT() REPRESENTATION_CONTEXT('2D SPACE',''
  ) );
#2194 = PCURVE('',#1451,#2195);
#2195 = DEFINITIONAL_REPRESENTATION('',(#2196),#2200);
#2196 = LINE('',#2197,#2198);
#2197 = CARTESIAN_POINT('',(0.,0.));
#2198 = VECTOR('',#2199,1.);
#2199 = DIRECTION('',(0.,-1.));
#2200 = ( GEOMETRIC_REPRESENTATION_CONTEXT(2)
PARAMETRIC_REPRESENTATION_CONTEXT() REPRESENTATION_CONTEXT('2D SPACE',''
  ) );
#2201 = ORIENTED_EDGE('',*,*,#1268,.T.);
#2202 = ADVANCED_FACE('',(#2203,#2268),#1388,.T.);
#2203 = FACE_BOUND('',#2204,.T.);
#2204 = EDGE_LOOP('',(#2205,#2206,#2232,#2233));
#2205 = ORIENTED_EDGE('',*,*,#1369,.F.);
#2206 = ORIENTED_EDGE('',*,*,#2207,.T.);
#2207 = EDGE_CURVE('',#1370,#1436,#2208,.T.);
#2208 = SURFACE_CURVE('',#2209,(#2213,#2220),.PCURVE_S1.);
#2209 = LINE('',#2210,#2211);
#2210 = CARTESIAN_POINT('',(-2.518257333208,8.,520.81));
#2211 = VECTOR('',#2212,1.);
#2212 = DIRECTION('',(-1.,1.423164126053E-16,-2.277062601685E-14));
#2213 = PCURVE('',#1388,#2214);
#2214 = DEFINITIONAL_REPRESENTATION('',(#2215),#2219);
#2215 = LINE('',#2216,#2217);
#2216 = CARTESIAN_POINT('',(-9.19,12.481742666792));
#2217 = VECTOR('',#2218,1.);
#2218 = DIRECTION('',(-2.277062601685E-14,-1.));
#2219 = ( GEOMETRIC_REPRESENTATION_CONTEXT(2)
PARAMETRIC_REPRESENTATION_CONTEXT() REPRESENTATION_CONTEXT('2D SPACE',''
  ) );
#2220 = PCURVE('',#2221,#2226);
#2221 = PLANE('',#2222);
#2222 = AXIS2_PLACEMENT_3D('',#2223,#2224,#2225);
#2223 = CARTESIAN_POINT('',(-0.5,8.,520.81));
#2224 = DIRECTION('',(0.,0.,1.));
#2225 = DIRECTION('',(1.110223024625E-16,1.,0.));
#2226 = DEFINITIONAL_REPRESENTATION('',(#2227),#2231);
#2227 = LINE('',#2228,#2229);
#2228 = CARTESIAN_POINT('',(-2.240715760946E-16,2.018257333208));
#2229 = VECTOR('',#2230,1.);
#2230 = DIRECTION('',(3.129411014278E-17,1.));
#2231 = ( GEOMETRIC_REPRESENTATION_CONTEXT(2)
PARAMETRIC_REPRESENTATION_CONTEXT() REPRESENTATION_CONTEXT('2D SPACE',''
  ) );
#2232 = ORIENTED_EDGE('',*,*,#1463,.F.);
#2233 = ORIENTED_EDGE('',*,*,#2234,.F.);
#2234 = EDGE_CURVE('',#1372,#1464,#2235,.T.);
#2235 = SURFACE_CURVE('',#2236,(#2241,#2248),.PCURVE_S1.);
#2236 = ELLIPSE('',#2237,8.007808689023,7.);
#2237 = AXIS2_PLACEMENT_3D('',#2238,#2239,#2240);
#2238 = CARTESIAN_POINT('',(-30.57142857142,8.,536.57142857142));
#2239 = DIRECTION('',(1.110223024625E-16,1.,-1.126491828437E-33));
#2240 = DIRECTION('',(-0.707106781187,7.850462293419E-17,0.707106781187)
  );
#2241 = PCURVE('',#1388,#2242);
#2242 = DEFINITIONAL_REPRESENTATION('',(#2243),#2247);
#2243 = ELLIPSE('',#2244,8.007808689023,7.);
#2244 = AXIS2_PLACEMENT_2D('',#2245,#2246);
#2245 = CARTESIAN_POINT('',(6.571428571429,-15.57142857142));
#2246 = DIRECTION('',(0.707106781187,-0.707106781187));
#2247 = ( GEOMETRIC_REPRESENTATION_CONTEXT(2)
PARAMETRIC_REPRESENTATION_CONTEXT() REPRESENTATION_CONTEXT('2D SPACE',''
  ) );
#2248 = PCURVE('',#1511,#2249);
#2249 = DEFINITIONAL_REPRESENTATION('',(#2250),#2267);
#2250 = B_SPLINE_CURVE_WITH_KNOTS('',8,(#2251,#2252,#2253,#2254,#2255,
    #2256,#2257,#2258,#2259,#2260,#2261,#2262,#2263,#2264,#2265,#2266),
  .UNSPECIFIED.,.F.,.F.,(9,7,9),(0.718346542829,2.563422728031,
    4.408498913233),.UNSPECIFIED.);
#2251 = CARTESIAN_POINT('',(-8.881784197001E-16,7.503964924493));
#2252 = CARTESIAN_POINT('',(0.23063452315,6.913640500625));
#2253 = CARTESIAN_POINT('',(0.4612690463,6.145313953961));
#2254 = CARTESIAN_POINT('',(0.69190356945,5.246843318179));
#2255 = CARTESIAN_POINT('',(0.922538092599,4.286236077003));
#2256 = CARTESIAN_POINT('',(1.153172615751,3.343708487603));
#2257 = CARTESIAN_POINT('',(1.383807138901,2.49727648717));
#2258 = CARTESIAN_POINT('',(1.614441662052,1.809099868089));
#2259 = CARTESIAN_POINT('',(2.075710708352,0.828738936012));
#2260 = CARTESIAN_POINT('',(2.3063452315,0.536553889016));
#2261 = CARTESIAN_POINT('',(2.536979754656,0.482093339616));
#2262 = CARTESIAN_POINT('',(2.767614277786,0.682630380807));
#2263 = CARTESIAN_POINT('',(2.998248800954,1.126176819574));
#2264 = CARTESIAN_POINT('',(3.228883324101,1.77116986518));
#2265 = CARTESIAN_POINT('',(3.459517847254,2.556283533149));
#2266 = CARTESIAN_POINT('',(3.690152370404,3.41214242534));
#2267 = ( GEOMETRIC_REPRESENTATION_CONTEXT(2)
PARAMETRIC_REPRESENTATION_CONTEXT() REPRESENTATION_CONTEXT('2D SPACE',''
  ) );
#2268 = FACE_BOUND('',#2269,.T.);
#2269 = EDGE_LOOP('',(#2270));
#2270 = ORIENTED_EDGE('',*,*,#2271,.T.);
#2271 = EDGE_CURVE('',#2272,#2272,#2274,.T.);
#2272 = VERTEX_POINT('',#2273);
#2273 = CARTESIAN_POINT('',(-19.6,8.,530.));
#2274 = SURFACE_CURVE('',#2275,(#2280,#2291),.PCURVE_S1.);
#2275 = CIRCLE('',#2276,4.6);
#2276 = AXIS2_PLACEMENT_3D('',#2277,#2278,#2279);
#2277 = CARTESIAN_POINT('',(-15.,8.,530.));
#2278 = DIRECTION('',(-1.110223024625E-16,-1.,-0.));
#2279 = DIRECTION('',(-1.,1.110223024625E-16,0.));
#2280 = PCURVE('',#1388,#2281);
#2281 = DEFINITIONAL_REPRESENTATION('',(#2282),#2290);
#2282 = ( BOUNDED_CURVE() B_SPLINE_CURVE(2,(#2283,#2284,#2285,#2286,
#2287,#2288,#2289),.UNSPECIFIED.,.T.,.F.) B_SPLINE_CURVE_WITH_KNOTS((1,2
    ,2,2,2,1),(-2.094395102393,0.,2.094395102393,4.188790204786,
6.28318530718,8.377580409573),.UNSPECIFIED.) CURVE()
GEOMETRIC_REPRESENTATION_ITEM() RATIONAL_B_SPLINE_CURVE((1.,0.5,1.,0.5,
1.,0.5,1.)) REPRESENTATION_ITEM('') );
#2283 = CARTESIAN_POINT('',(0.,-4.6));
#2284 = CARTESIAN_POINT('',(-7.967433714817,-4.6));
#2285 = CARTESIAN_POINT('',(-3.983716857408,2.3));
#2286 = CARTESIAN_POINT('',(-1.126675055216E-15,9.2));
#2287 = CARTESIAN_POINT('',(3.983716857408,2.3));
#2288 = CARTESIAN_POINT('',(7.967433714817,-4.6));
#2289 = CARTESIAN_POINT('',(0.,-4.6));
#2290 = ( GEOMETRIC_REPRESENTATION_CONTEXT(2)
PARAMETRIC_REPRESENTATION_CONTEXT() REPRESENTATION_CONTEXT('2D SPACE',''
  ) );
#2291 = PCURVE('',#2292,#2297);
#2292 = CYLINDRICAL_SURFACE('',#2293,4.6);
#2293 = AXIS2_PLACEMENT_3D('',#2294,#2295,#2296);
#2294 = CARTESIAN_POINT('',(-15.,7.15,530.));
#2295 = DIRECTION('',(-1.110223024625E-16,-1.,-0.));
#2296 = DIRECTION('',(-1.,1.110223024625E-16,0.));
#2297 = DEFINITIONAL_REPRESENTATION('',(#2298),#2302);
#2298 = LINE('',#2299,#2300);
#2299 = CARTESIAN_POINT('',(-6.28318530718,-0.85));
#2300 = VECTOR('',#2301,1.);
#2301 = DIRECTION('',(1.,-0.));
#2302 = ( GEOMETRIC_REPRESENTATION_CONTEXT(2)
PARAMETRIC_REPRESENTATION_CONTEXT() REPRESENTATION_CONTEXT('2D SPACE',''
  ) );
#2303 = ADVANCED_FACE('',(#2304,#2633),#1511,.T.);
#2304 = FACE_BOUND('',#2305,.T.);
#2305 = EDGE_LOOP('',(#2306,#2337,#2371,#2456,#2479,#2501,#2502,#2503,
    #2504,#2526,#2527,#2607));
#2306 = ORIENTED_EDGE('',*,*,#2307,.F.);
#2307 = EDGE_CURVE('',#2308,#2310,#2312,.T.);
#2308 = VERTEX_POINT('',#2309);
#2309 = CARTESIAN_POINT('',(-33.42841834081,34.309935658398,
    546.6917454378));
#2310 = VERTEX_POINT('',#2311);
#2311 = CARTESIAN_POINT('',(-46.57158165918,29.690064341602,
    545.30825456219));
#2312 = SURFACE_CURVE('',#2313,(#2318,#2325),.PCURVE_S1.);
#2313 = CIRCLE('',#2314,7.);
#2314 = AXIS2_PLACEMENT_3D('',#2315,#2316,#2317);
#2315 = CARTESIAN_POINT('',(-40.,32.,546.));
#2316 = DIRECTION('',(-0.34341479758,0.874146757476,0.34341479758));
#2317 = DIRECTION('',(-3.247699629806E-17,-0.365652372423,0.93075149344)
  );
#2318 = PCURVE('',#1511,#2319);
#2319 = DEFINITIONAL_REPRESENTATION('',(#2320),#2324);
#2320 = LINE('',#2321,#2322);
#2321 = CARTESIAN_POINT('',(0.,32.031234756094));
#2322 = VECTOR('',#2323,1.);
#2323 = DIRECTION('',(1.,0.));
#2324 = ( GEOMETRIC_REPRESENTATION_CONTEXT(2)
PARAMETRIC_REPRESENTATION_CONTEXT() REPRESENTATION_CONTEXT('2D SPACE',''
  ) );
#2325 = PCURVE('',#2326,#2331);
#2326 = PLANE('',#2327);
#2327 = AXIS2_PLACEMENT_3D('',#2328,#2329,#2330);
#2328 = CARTESIAN_POINT('',(-40.,32.,546.));
#2329 = DIRECTION('',(-0.34341479758,0.874146757476,0.34341479758));
#2330 = DIRECTION('',(-1.859920849025E-17,-0.365652372423,0.93075149344)
  );
#2331 = DEFINITIONAL_REPRESENTATION('',(#2332),#2336);
#2332 = CIRCLE('',#2333,7.);
#2333 = AXIS2_PLACEMENT_2D('',#2334,#2335);
#2334 = CARTESIAN_POINT('',(0.,0.));
#2335 = DIRECTION('',(1.,0.));
#2336 = ( GEOMETRIC_REPRESENTATION_CONTEXT(2)
PARAMETRIC_REPRESENTATION_CONTEXT() REPRESENTATION_CONTEXT('2D SPACE',''
  ) );
#2337 = ORIENTED_EDGE('',*,*,#2338,.F.);
#2338 = EDGE_CURVE('',#2339,#2308,#2341,.T.);
#2339 = VERTEX_POINT('',#2340);
#2340 = CARTESIAN_POINT('',(-31.49275338654,26.820730220741,
    546.89549964352));
#2341 = SURFACE_CURVE('',#2342,(#2347,#2359),.PCURVE_S1.);
#2342 = ELLIPSE('',#2343,18.544117598868,7.);
#2343 = AXIS2_PLACEMENT_3D('',#2344,#2345,#2346);
#2344 = CARTESIAN_POINT('',(-40.,32.,546.));
#2345 = DIRECTION('',(-0.104684784518,-3.223777270303E-18,0.994505452921
    ));
#2346 = DIRECTION('',(-0.328177658311,0.943984145211,-3.454501666427E-02
    ));
#2347 = PCURVE('',#1511,#2348);
#2348 = DEFINITIONAL_REPRESENTATION('',(#2349),#2358);
#2349 = B_SPLINE_CURVE_WITH_KNOTS('',7,(#2350,#2351,#2352,#2353,#2354,
    #2355,#2356,#2357),.UNSPECIFIED.,.F.,.F.,(8,8),(3.833955656693,
    4.712389015325),.PIECEWISE_BEZIER_KNOTS.);
#2350 = CARTESIAN_POINT('',(0.721051274428,18.813113751695));
#2351 = CARTESIAN_POINT('',(0.846541754232,20.188741139045));
#2352 = CARTESIAN_POINT('',(0.972032234037,21.807218610889));
#2353 = CARTESIAN_POINT('',(1.097522713841,23.633162090855));
#2354 = CARTESIAN_POINT('',(1.223013193646,25.621822210138));
#2355 = CARTESIAN_POINT('',(1.34850367345,27.721341335898));
#2356 = CARTESIAN_POINT('',(1.473994153255,29.876288306314));
#2357 = CARTESIAN_POINT('',(1.599484633059,32.031235356094));
#2358 = ( GEOMETRIC_REPRESENTATION_CONTEXT(2)
PARAMETRIC_REPRESENTATION_CONTEXT() REPRESENTATION_CONTEXT('2D SPACE',''
  ) );
#2359 = PCURVE('',#2360,#2365);
#2360 = PLANE('',#2361);
#2361 = AXIS2_PLACEMENT_3D('',#2362,#2363,#2364);
#2362 = CARTESIAN_POINT('',(-40.,32.,546.));
#2363 = DIRECTION('',(-0.104684784518,0.,0.994505452921));
#2364 = DIRECTION('',(0.994505452921,0.,0.104684784518));
#2365 = DEFINITIONAL_REPRESENTATION('',(#2366),#2370);
#2366 = ELLIPSE('',#2367,18.544117598868,7.);
#2367 = AXIS2_PLACEMENT_2D('',#2368,#2369);
#2368 = CARTESIAN_POINT('',(2.119915875741E-14,-4.973799150321E-14));
#2369 = DIRECTION('',(-0.329990808343,0.943984145211));
#2370 = ( GEOMETRIC_REPRESENTATION_CONTEXT(2)
PARAMETRIC_REPRESENTATION_CONTEXT() REPRESENTATION_CONTEXT('2D SPACE',''
  ) );
#2371 = ORIENTED_EDGE('',*,*,#2372,.F.);
#2372 = EDGE_CURVE('',#2373,#2339,#2375,.T.);
#2373 = VERTEX_POINT('',#2374);
#2374 = CARTESIAN_POINT('',(-37.27175222294,22.495802687814,
    549.78701267703));
#2375 = SURFACE_CURVE('',#2376,(#2399,#2425),.PCURVE_S1.);
#2376 = B_SPLINE_CURVE_WITH_KNOTS('',6,(#2377,#2378,#2379,#2380,#2381,
    #2382,#2383,#2384,#2385,#2386,#2387,#2388,#2389,#2390,#2391,#2392,
    #2393,#2394,#2395,#2396,#2397,#2398),.UNSPECIFIED.,.F.,.F.,(7,5,5,5,
    7),(0.,0.353502433654,0.479640276669,0.771607599925,1.),
  .UNSPECIFIED.);
#2377 = CARTESIAN_POINT('',(-37.27175222294,22.495802687814,
    549.78701267703));
#2378 = CARTESIAN_POINT('',(-36.761529308,22.664090930728,
    549.85312591531));
#2379 = CARTESIAN_POINT('',(-36.25819069866,22.865717498093,
    549.87837278796));
#2380 = CARTESIAN_POINT('',(-35.77002966441,23.09790046575,
    549.86201070999));
#2381 = CARTESIAN_POINT('',(-35.30450072658,23.355192730957,
    549.80518186933));
#2382 = CARTESIAN_POINT('',(-34.86751430556,23.629770090234,
    549.71084615646));
#2383 = CARTESIAN_POINT('',(-34.31900891554,24.013398942459,
    549.53911452155));
#2384 = CARTESIAN_POINT('',(-34.17863947797,24.115528458257,
    549.48975755827));
#2385 = CARTESIAN_POINT('',(-34.04218613482,24.218621772376,
    549.43635762592));
#2386 = CARTESIAN_POINT('',(-33.90967128781,24.322400043473,
    549.37906517186));
#2387 = CARTESIAN_POINT('',(-33.78110335604,24.426584550267,
    549.31803054313));
#2388 = CARTESIAN_POINT('',(-33.3680103892,24.772350027244,
    549.10381733426));
#2389 = CARTESIAN_POINT('',(-33.10066531656,25.014493395383,
    548.93499007904));
#2390 = CARTESIAN_POINT('',(-32.85392942278,25.254273706456,
    548.74855902191));
#2391 = CARTESIAN_POINT('',(-32.62705906834,25.488761929657,
    548.54594164109));
#2392 = CARTESIAN_POINT('',(-32.41912520193,25.715166802569,
    548.32836617641));
#2393 = CARTESIAN_POINT('',(-32.08046162249,26.099672364746,
    547.9158542306));
#2394 = CARTESIAN_POINT('',(-31.94269754754,26.26200551895,
    547.72620336395));
#2395 = CARTESIAN_POINT('',(-31.81552187764,26.416456748245,
    547.5286741445));
#2396 = CARTESIAN_POINT('',(-31.69849105419,26.561740238715,
    547.32395371101));
#2397 = CARTESIAN_POINT('',(-31.5910800289,26.696775969762,
    547.11269296811));
#2398 = CARTESIAN_POINT('',(-31.49275312584,26.820730549397,
    546.89549906764));
#2399 = PCURVE('',#1511,#2400);
#2400 = DEFINITIONAL_REPRESENTATION('',(#2401),#2424);
#2401 = B_SPLINE_CURVE_WITH_KNOTS('',6,(#2402,#2403,#2404,#2405,#2406,
    #2407,#2408,#2409,#2410,#2411,#2412,#2413,#2414,#2415,#2416,#2417,
    #2418,#2419,#2420,#2421,#2422,#2423),.UNSPECIFIED.,.F.,.F.,(7,5,5,5,
    7),(0.,0.353502433654,0.479640276669,0.771607599925,1.),
  .UNSPECIFIED.);
#2402 = CARTESIAN_POINT('',(8.881784197001E-16,24.086767027042));
#2403 = CARTESIAN_POINT('',(7.732651412928E-02,24.081361814197));
#2404 = CARTESIAN_POINT('',(0.154518491352,24.093429247296));
#2405 = CARTESIAN_POINT('',(0.231155719132,24.123130533161));
#2406 = CARTESIAN_POINT('',(0.306825506695,24.168656341749));
#2407 = CARTESIAN_POINT('',(0.381059307502,24.226213366976));
#2408 = CARTESIAN_POINT('',(0.478973850547,24.314221232098));
#2409 = CARTESIAN_POINT('',(0.504511845236,24.33834256363));
#2410 = CARTESIAN_POINT('',(0.529839986784,24.363262825713));
#2411 = CARTESIAN_POINT('',(0.554959629849,24.388797629012));
#2412 = CARTESIAN_POINT('',(0.579871366175,24.414757852867));
#2413 = CARTESIAN_POINT('',(0.661755871054,24.501581400063));
#2414 = CARTESIAN_POINT('',(0.717821785665,24.563462208485));
#2415 = CARTESIAN_POINT('',(0.772860893148,24.624309449152));
#2416 = CARTESIAN_POINT('',(0.826943313275,24.681794125462));
#2417 = CARTESIAN_POINT('',(0.880132055879,24.733579010189));
#2418 = CARTESIAN_POINT('',(0.973438256709,24.811728509647));
#2419 = CARTESIAN_POINT('',(1.013902794103,24.841192374133));
#2420 = CARTESIAN_POINT('',(1.05385674535,24.86469695156));
#2421 = CARTESIAN_POINT('',(1.093288766437,24.881201900893));
#2422 = CARTESIAN_POINT('',(1.132196275545,24.889806346564));
#2423 = CARTESIAN_POINT('',(1.170583695911,24.889806327551));
#2424 = ( GEOMETRIC_REPRESENTATION_CONTEXT(2)
PARAMETRIC_REPRESENTATION_CONTEXT() REPRESENTATION_CONTEXT('2D SPACE',''
  ) );
#2425 = PCURVE('',#2426,#2431);
#2426 = CYLINDRICAL_SURFACE('',#2427,10.);
#2427 = AXIS2_PLACEMENT_3D('',#2428,#2429,#2430);
#2428 = CARTESIAN_POINT('',(-40.,32.,546.));
#2429 = DIRECTION('',(-0.104684784518,0.,0.994505452921));
#2430 = DIRECTION('',(0.994505452921,0.,0.104684784518));
#2431 = DEFINITIONAL_REPRESENTATION('',(#2432),#2455);
#2432 = B_SPLINE_CURVE_WITH_KNOTS('',6,(#2433,#2434,#2435,#2436,#2437,
    #2438,#2439,#2440,#2441,#2442,#2443,#2444,#2445,#2446,#2447,#2448,
    #2449,#2450,#2451,#2452,#2453,#2454),.UNSPECIFIED.,.F.,.F.,(7,5,5,5,
    7),(0.,0.353502433654,0.479640276669,0.771607599925,1.),
  .UNSPECIFIED.);
#2433 = CARTESIAN_POINT('',(5.028602433554,3.480598726936));
#2434 = CARTESIAN_POINT('',(5.082719630864,3.492936127017));
#2435 = CARTESIAN_POINT('',(5.136816383172,3.465352385674));
#2436 = CARTESIAN_POINT('',(5.190299288856,3.397977177235));
#2437 = CARTESIAN_POINT('',(5.242593019887,3.29272678877));
#2438 = CARTESIAN_POINT('',(5.29309088075,3.153163578592));
#2439 = CARTESIAN_POINT('',(5.358316797666,2.924955362675));
#2440 = CARTESIAN_POINT('',(5.375195698179,2.861175049223));
#2441 = CARTESIAN_POINT('',(5.391791170597,2.793783936498));
#2442 = CARTESIAN_POINT('',(5.408093909249,2.722933990319));
#2443 = CARTESIAN_POINT('',(5.424094273599,2.648775612993));
#2444 = CARTESIAN_POINT('',(5.476094950427,2.392494860465));
#2445 = CARTESIAN_POINT('',(5.510734169244,2.196608273226));
#2446 = CARTESIAN_POINT('',(5.543633909209,1.985372076448));
#2447 = CARTESIAN_POINT('',(5.574712343528,1.760118112195));
#2448 = CARTESIAN_POINT('',(5.603874365341,1.521970614148));
#2449 = CARTESIAN_POINT('',(5.652253769555,1.076272310806));
#2450 = CARTESIAN_POINT('',(5.672265662508,0.873241687274));
#2451 = CARTESIAN_POINT('',(5.690979359827,0.663484443823));
#2452 = CARTESIAN_POINT('',(5.708330717975,0.44763750985));
#2453 = CARTESIAN_POINT('',(5.724269149554,0.226293249012));
#2454 = CARTESIAN_POINT('',(5.738759560858,-6.E-07));
#2455 = ( GEOMETRIC_REPRESENTATION_CONTEXT(2)
PARAMETRIC_REPRESENTATION_CONTEXT() REPRESENTATION_CONTEXT('2D SPACE',''
  ) );
#2456 = ORIENTED_EDGE('',*,*,#2457,.F.);
#2457 = EDGE_CURVE('',#2458,#2373,#2460,.T.);
#2458 = VERTEX_POINT('',#2459);
#2459 = CARTESIAN_POINT('',(-29.,1.440433393039,541.51526045408));
#2460 = SEAM_CURVE('',#2461,(#2465,#2472),.PCURVE_S1.);
#2461 = LINE('',#2462,#2463);
#2462 = CARTESIAN_POINT('',(-29.,1.440433393039,541.51526045408));
#2463 = VECTOR('',#2464,1.);
#2464 = DIRECTION('',(-0.34341479758,0.874146757476,0.34341479758));
#2465 = PCURVE('',#1511,#2466);
#2466 = DEFINITIONAL_REPRESENTATION('',(#2467),#2471);
#2467 = LINE('',#2468,#2469);
#2468 = CARTESIAN_POINT('',(6.28318530718,-0.));
#2469 = VECTOR('',#2470,1.);
#2470 = DIRECTION('',(0.,1.));
#2471 = ( GEOMETRIC_REPRESENTATION_CONTEXT(2)
PARAMETRIC_REPRESENTATION_CONTEXT() REPRESENTATION_CONTEXT('2D SPACE',''
  ) );
#2472 = PCURVE('',#1511,#2473);
#2473 = DEFINITIONAL_REPRESENTATION('',(#2474),#2478);
#2474 = LINE('',#2475,#2476);
#2475 = CARTESIAN_POINT('',(0.,-0.));
#2476 = VECTOR('',#2477,1.);
#2477 = DIRECTION('',(0.,1.));
#2478 = ( GEOMETRIC_REPRESENTATION_CONTEXT(2)
PARAMETRIC_REPRESENTATION_CONTEXT() REPRESENTATION_CONTEXT('2D SPACE',''
  ) );
#2479 = ORIENTED_EDGE('',*,*,#2480,.T.);
#2480 = EDGE_CURVE('',#2458,#1526,#2481,.T.);
#2481 = SURFACE_CURVE('',#2482,(#2487,#2494),.PCURVE_S1.);
#2482 = CIRCLE('',#2483,7.);
#2483 = AXIS2_PLACEMENT_3D('',#2484,#2485,#2486);
#2484 = CARTESIAN_POINT('',(-29.,4.,535.));
#2485 = DIRECTION('',(-0.34341479758,0.874146757476,0.34341479758));
#2486 = DIRECTION('',(-3.247699629806E-17,-0.365652372423,0.93075149344)
  );
#2487 = PCURVE('',#1511,#2488);
#2488 = DEFINITIONAL_REPRESENTATION('',(#2489),#2493);
#2489 = LINE('',#2490,#2491);
#2490 = CARTESIAN_POINT('',(0.,0.));
#2491 = VECTOR('',#2492,1.);
#2492 = DIRECTION('',(1.,0.));
#2493 = ( GEOMETRIC_REPRESENTATION_CONTEXT(2)
PARAMETRIC_REPRESENTATION_CONTEXT() REPRESENTATION_CONTEXT('2D SPACE',''
  ) );
#2494 = PCURVE('',#1548,#2495);
#2495 = DEFINITIONAL_REPRESENTATION('',(#2496),#2500);
#2496 = CIRCLE('',#2497,7.);
#2497 = AXIS2_PLACEMENT_2D('',#2498,#2499);
#2498 = CARTESIAN_POINT('',(0.,0.));
#2499 = DIRECTION('',(1.,0.));
#2500 = ( GEOMETRIC_REPRESENTATION_CONTEXT(2)
PARAMETRIC_REPRESENTATION_CONTEXT() REPRESENTATION_CONTEXT('2D SPACE',''
  ) );
#2501 = ORIENTED_EDGE('',*,*,#1560,.T.);
#2502 = ORIENTED_EDGE('',*,*,#2234,.T.);
#2503 = ORIENTED_EDGE('',*,*,#1491,.T.);
#2504 = ORIENTED_EDGE('',*,*,#2505,.T.);
#2505 = EDGE_CURVE('',#1492,#2458,#2506,.T.);
#2506 = SURFACE_CURVE('',#2507,(#2512,#2519),.PCURVE_S1.);
#2507 = CIRCLE('',#2508,7.);
#2508 = AXIS2_PLACEMENT_3D('',#2509,#2510,#2511);
#2509 = CARTESIAN_POINT('',(-29.,4.,535.));
#2510 = DIRECTION('',(-0.34341479758,0.874146757476,0.34341479758));
#2511 = DIRECTION('',(-3.247699629806E-17,-0.365652372423,0.93075149344)
  );
#2512 = PCURVE('',#1511,#2513);
#2513 = DEFINITIONAL_REPRESENTATION('',(#2514),#2518);
#2514 = LINE('',#2515,#2516);
#2515 = CARTESIAN_POINT('',(0.,0.));
#2516 = VECTOR('',#2517,1.);
#2517 = DIRECTION('',(1.,0.));
#2518 = ( GEOMETRIC_REPRESENTATION_CONTEXT(2)
PARAMETRIC_REPRESENTATION_CONTEXT() REPRESENTATION_CONTEXT('2D SPACE',''
  ) );
#2519 = PCURVE('',#1548,#2520);
#2520 = DEFINITIONAL_REPRESENTATION('',(#2521),#2525);
#2521 = CIRCLE('',#2522,7.);
#2522 = AXIS2_PLACEMENT_2D('',#2523,#2524);
#2523 = CARTESIAN_POINT('',(0.,0.));
#2524 = DIRECTION('',(1.,0.));
#2525 = ( GEOMETRIC_REPRESENTATION_CONTEXT(2)
PARAMETRIC_REPRESENTATION_CONTEXT() REPRESENTATION_CONTEXT('2D SPACE',''
  ) );
#2526 = ORIENTED_EDGE('',*,*,#2457,.T.);
#2527 = ORIENTED_EDGE('',*,*,#2528,.F.);
#2528 = EDGE_CURVE('',#2529,#2373,#2531,.T.);
#2529 = VERTEX_POINT('',#2530);
#2530 = CARTESIAN_POINT('',(-43.44545286984,22.619311417401,
    545.63732075054));
#2531 = SURFACE_CURVE('',#2532,(#2555,#2581),.PCURVE_S1.);
#2532 = B_SPLINE_CURVE_WITH_KNOTS('',6,(#2533,#2534,#2535,#2536,#2537,
    #2538,#2539,#2540,#2541,#2542,#2543,#2544,#2545,#2546,#2547,#2548,
    #2549,#2550,#2551,#2552,#2553,#2554),.UNSPECIFIED.,.F.,.F.,(7,5,5,5,
    7),(0.,0.240434828563,0.548405006463,0.680983000246,1.),
  .UNSPECIFIED.);
#2533 = CARTESIAN_POINT('',(-43.44545316546,22.619311550508,
    545.63732011611));
#2534 = CARTESIAN_POINT('',(-43.33319172966,22.568763965407,
    545.8782481879));
#2535 = CARTESIAN_POINT('',(-43.20583101937,22.515527994953,
    546.11571685435));
#2536 = CARTESIAN_POINT('',(-43.06336623179,22.46064809043,
    546.34916601825));
#2537 = CARTESIAN_POINT('',(-42.90594875534,22.405362889579,
    546.57797327704));
#2538 = CARTESIAN_POINT('',(-42.73391700564,22.351026345567,
    546.80145059176));
#2539 = CARTESIAN_POINT('',(-42.30946707067,22.232425875797,
    547.29729374756));
#2540 = CARTESIAN_POINT('',(-42.04786901288,22.169611338424,
    547.56596269782));
#2541 = CARTESIAN_POINT('',(-41.7636681381,22.11338145835,
    547.82378551595));
#2542 = CARTESIAN_POINT('',(-41.45768219039,22.066653686506,
    548.0695087988));
#2543 = CARTESIAN_POINT('',(-41.13093346904,22.032350819337,
    548.30163834559));
#2544 = CARTESIAN_POINT('',(-40.63561431537,22.005183448097,
    548.6117189487));
#2545 = CARTESIAN_POINT('',(-40.48293765231,21.999845194566,
    548.70218709723));
#2546 = CARTESIAN_POINT('',(-40.32679029976,21.997577195644,
    548.78963842259));
#2547 = CARTESIAN_POINT('',(-40.16732903192,21.998604899763,
    548.8739015838));
#2548 = CARTESIAN_POINT('',(-40.00472162902,22.003144599953,
    548.95480280515));
#2549 = CARTESIAN_POINT('',(-39.44072943888,22.031270165684,
    549.21831870132));
#2550 = CARTESIAN_POINT('',(-39.02367271682,22.072734500617,
    549.38466148899));
#2551 = CARTESIAN_POINT('',(-38.59284789694,22.138823022476,
    549.52722194913));
#2552 = CARTESIAN_POINT('',(-38.15364080373,22.231380862111,
    549.64304257453));
#2553 = CARTESIAN_POINT('',(-37.71152357261,22.350751680592,
    549.73002835276));
#2554 = CARTESIAN_POINT('',(-37.27175222294,22.495802687814,
    549.78701267703));
#2555 = PCURVE('',#1511,#2556);
#2556 = DEFINITIONAL_REPRESENTATION('',(#2557),#2580);
#2557 = B_SPLINE_CURVE_WITH_KNOTS('',6,(#2558,#2559,#2560,#2561,#2562,
    #2563,#2564,#2565,#2566,#2567,#2568,#2569,#2570,#2571,#2572,#2573,
    #2574,#2575,#2576,#2577,#2578,#2579),.UNSPECIFIED.,.F.,.F.,(7,5,5,5,
    7),(0.,0.240434828563,0.548405006463,0.680983000246,1.),
  .UNSPECIFIED.);
#2558 = CARTESIAN_POINT('',(5.169978153917,24.889806327551));
#2559 = CARTESIAN_POINT('',(5.208629928463,24.889806346694));
#2560 = CARTESIAN_POINT('',(5.247808464302,24.881082997214));
#2561 = CARTESIAN_POINT('',(5.287518463863,24.864355287805));
#2562 = CARTESIAN_POINT('',(5.327757539439,24.840544216397));
#2563 = CARTESIAN_POINT('',(5.368514404159,24.810713270932));
#2564 = CARTESIAN_POINT('',(5.462607114232,24.73155654333));
#2565 = CARTESIAN_POINT('',(5.516298974514,24.679075668269));
#2566 = CARTESIAN_POINT('',(5.570902923362,24.620863885941));
#2567 = CARTESIAN_POINT('',(5.626483712968,24.559321864847));
#2568 = CARTESIAN_POINT('',(5.683112871718,24.496842500061));
#2569 = CARTESIAN_POINT('',(5.765747672396,24.409480571237));
#2570 = CARTESIAN_POINT('',(5.790826572781,24.383450829796));
#2571 = CARTESIAN_POINT('',(5.816115931196,24.357877033623));
#2572 = CARTESIAN_POINT('',(5.841616098643,24.332951255279));
#2573 = CARTESIAN_POINT('',(5.867328219277,24.308860507682));
#2574 = CARTESIAN_POINT('',(5.955638961236,24.230258374095));
#2575 = CARTESIAN_POINT('',(6.0194900842,24.180405412999));
#2576 = CARTESIAN_POINT('',(6.084441362255,24.139182233338));
#2577 = CARTESIAN_POINT('',(6.150206465629,24.109035670353));
#2578 = CARTESIAN_POINT('',(6.216536035875,24.091425888254));
#2579 = CARTESIAN_POINT('',(6.28318530718,24.086767027042));
#2580 = ( GEOMETRIC_REPRESENTATION_CONTEXT(2)
PARAMETRIC_REPRESENTATION_CONTEXT() REPRESENTATION_CONTEXT('2D SPACE',''
  ) );
#2581 = PCURVE('',#2426,#2582);
#2582 = DEFINITIONAL_REPRESENTATION('',(#2583),#2606);
#2583 = B_SPLINE_CURVE_WITH_KNOTS('',6,(#2584,#2585,#2586,#2587,#2588,
    #2589,#2590,#2591,#2592,#2593,#2594,#2595,#2596,#2597,#2598,#2599,
    #2600,#2601,#2602,#2603,#2604,#2605),.UNSPECIFIED.,.F.,.F.,(7,5,5,5,
    7),(0.,0.240434828563,0.548405006463,0.680983000246,1.),
  .UNSPECIFIED.);
#2584 = CARTESIAN_POINT('',(4.358606076008,-6.E-07));
#2585 = CARTESIAN_POINT('',(4.373196275231,0.227851616944));
#2586 = CARTESIAN_POINT('',(4.389254313628,0.45068277211));
#2587 = CARTESIAN_POINT('',(4.406744369842,0.667935343007));
#2588 = CARTESIAN_POINT('',(4.42561480289,0.879006194938));
#2589 = CARTESIAN_POINT('',(4.445800172096,1.083246496382));
#2590 = CARTESIAN_POINT('',(4.494663837569,1.531931768642));
#2591 = CARTESIAN_POINT('',(4.524155023551,1.771739168397));
#2592 = CARTESIAN_POINT('',(4.555594053969,1.998393859573));
#2593 = CARTESIAN_POINT('',(4.588883577725,2.21073493128));
#2594 = CARTESIAN_POINT('',(4.623939559155,2.407383411862));
#2595 = CARTESIAN_POINT('',(4.676515628413,2.663907883629));
#2596 = CARTESIAN_POINT('',(4.692652505259,2.73789602708));
#2597 = CARTESIAN_POINT('',(4.709093804881,2.808520595063));
#2598 = CARTESIAN_POINT('',(4.725829557574,2.875627599908));
#2599 = CARTESIAN_POINT('',(4.74285013263,2.939061784753));
#2600 = CARTESIAN_POINT('',(4.801765246764,3.142088379533));
#2601 = CARTESIAN_POINT('',(4.845131831262,3.263857695842));
#2602 = CARTESIAN_POINT('',(4.889864504738,3.360534047382));
#2603 = CARTESIAN_POINT('',(4.93559134549,3.429739990997));
#2604 = CARTESIAN_POINT('',(4.981957737276,3.469964874699));
#2605 = CARTESIAN_POINT('',(5.028602433554,3.480598726936));
#2606 = ( GEOMETRIC_REPRESENTATION_CONTEXT(2)
PARAMETRIC_REPRESENTATION_CONTEXT() REPRESENTATION_CONTEXT('2D SPACE',''
  ) );
#2607 = ORIENTED_EDGE('',*,*,#2608,.F.);
#2608 = EDGE_CURVE('',#2310,#2529,#2609,.T.);
#2609 = SURFACE_CURVE('',#2610,(#2615,#2626),.PCURVE_S1.);
#2610 = ELLIPSE('',#2611,18.544117598868,7.);
#2611 = AXIS2_PLACEMENT_3D('',#2612,#2613,#2614);
#2612 = CARTESIAN_POINT('',(-40.,32.,546.));
#2613 = DIRECTION('',(-0.104684784518,-3.223777270303E-18,0.994505452921
    ));
#2614 = DIRECTION('',(-0.328177658311,0.943984145211,-3.454501666427E-02
    ));
#2615 = PCURVE('',#1511,#2616);
#2616 = DEFINITIONAL_REPRESENTATION('',(#2617),#2625);
#2617 = B_SPLINE_CURVE_WITH_KNOTS('',6,(#2618,#2619,#2620,#2621,#2622,
    #2623,#2624),.UNSPECIFIED.,.F.,.F.,(7,7),(1.570796291855,
    2.18683370175),.PIECEWISE_BEZIER_KNOTS.);
#2618 = CARTESIAN_POINT('',(4.741077216769,32.031235356094));
#2619 = CARTESIAN_POINT('',(4.843750118418,30.268116218721));
#2620 = CARTESIAN_POINT('',(4.946423020067,28.504997710304));
#2621 = CARTESIAN_POINT('',(5.049095921717,26.775330531569));
#2622 = CARTESIAN_POINT('',(5.151768823366,25.112587023957));
#2623 = CARTESIAN_POINT('',(5.254441725015,23.5480584102));
#2624 = CARTESIAN_POINT('',(5.357114626665,22.109045555903));
#2625 = ( GEOMETRIC_REPRESENTATION_CONTEXT(2)
PARAMETRIC_REPRESENTATION_CONTEXT() REPRESENTATION_CONTEXT('2D SPACE',''
  ) );
#2626 = PCURVE('',#2360,#2627);
#2627 = DEFINITIONAL_REPRESENTATION('',(#2628),#2632);
#2628 = ELLIPSE('',#2629,18.544117598868,7.);
#2629 = AXIS2_PLACEMENT_2D('',#2630,#2631);
#2630 = CARTESIAN_POINT('',(2.119915875741E-14,-4.973799150321E-14));
#2631 = DIRECTION('',(-0.329990808343,0.943984145211));
#2632 = ( GEOMETRIC_REPRESENTATION_CONTEXT(2)
PARAMETRIC_REPRESENTATION_CONTEXT() REPRESENTATION_CONTEXT('2D SPACE',''
  ) );
#2633 = FACE_BOUND('',#2634,.T.);
#2634 = EDGE_LOOP('',(#2635,#2669,#2699,#2728,#2763,#2795,#2827,#2859,
    #2891,#2923));
#2635 = ORIENTED_EDGE('',*,*,#2636,.T.);
#2636 = EDGE_CURVE('',#2637,#2639,#2641,.T.);
#2637 = VERTEX_POINT('',#2638);
#2638 = CARTESIAN_POINT('',(-27.20832714473,18.4,540.69));
#2639 = VERTEX_POINT('',#2640);
#2640 = CARTESIAN_POINT('',(-27.92635643305,20.4,540.69));
#2641 = SURFACE_CURVE('',#2642,(#2647,#2657),.PCURVE_S1.);
#2642 = ELLIPSE('',#2643,20.383513026605,7.);
#2643 = AXIS2_PLACEMENT_3D('',#2644,#2645,#2646);
#2644 = CARTESIAN_POINT('',(-34.69,18.483636363637,540.69));
#2645 = DIRECTION('',(0.,0.,1.));
#2646 = DIRECTION('',(-0.365652372423,0.93075149344,0.));
#2647 = PCURVE('',#1511,#2648);
#2648 = DEFINITIONAL_REPRESENTATION('',(#2649),#2656);
#2649 = B_SPLINE_CURVE_WITH_KNOTS('',5,(#2650,#2651,#2652,#2653,#2654,
    #2655),.UNSPECIFIED.,.F.,.F.,(6,6),(4.563469152955,4.689062650702),
  .PIECEWISE_BEZIER_KNOTS.);
#2650 = CARTESIAN_POINT('',(1.555979740502,13.728508729701));
#2651 = CARTESIAN_POINT('',(1.581098440052,14.20405544985));
#2652 = CARTESIAN_POINT('',(1.606217139601,14.68184233507));
#2653 = CARTESIAN_POINT('',(1.631335839151,15.161244291479));
#2654 = CARTESIAN_POINT('',(1.6564545387,15.64163032903));
#2655 = CARTESIAN_POINT('',(1.681573238249,16.122368527177));
#2656 = ( GEOMETRIC_REPRESENTATION_CONTEXT(2)
PARAMETRIC_REPRESENTATION_CONTEXT() REPRESENTATION_CONTEXT('2D SPACE',''
  ) );
#2657 = PCURVE('',#2658,#2663);
#2658 = PLANE('',#2659);
#2659 = AXIS2_PLACEMENT_3D('',#2660,#2661,#2662);
#2660 = CARTESIAN_POINT('',(-0.5,18.4,540.69));
#2661 = DIRECTION('',(0.,0.,1.));
#2662 = DIRECTION('',(1.110223024625E-16,1.,0.));
#2663 = DEFINITIONAL_REPRESENTATION('',(#2664),#2668);
#2664 = ELLIPSE('',#2665,20.383513026605,7.);
#2665 = AXIS2_PLACEMENT_2D('',#2666,#2667);
#2666 = CARTESIAN_POINT('',(8.36363636365E-02,34.19));
#2667 = DIRECTION('',(0.93075149344,0.365652372423));
#2668 = ( GEOMETRIC_REPRESENTATION_CONTEXT(2)
PARAMETRIC_REPRESENTATION_CONTEXT() REPRESENTATION_CONTEXT('2D SPACE',''
  ) );
#2669 = ORIENTED_EDGE('',*,*,#2670,.T.);
#2670 = EDGE_CURVE('',#2639,#2671,#2673,.T.);
#2671 = VERTEX_POINT('',#2672);
#2672 = CARTESIAN_POINT('',(-29.5,20.4,536.08044628839));
#2673 = SURFACE_CURVE('',#2674,(#2679,#2692),.PCURVE_S1.);
#2674 = ELLIPSE('',#2675,8.007808689023,7.);
#2675 = AXIS2_PLACEMENT_3D('',#2676,#2677,#2678);
#2676 = CARTESIAN_POINT('',(-35.44285714285,20.4,541.44285714285));
#2677 = DIRECTION('',(1.110223024625E-16,1.,-1.126491828437E-33));
#2678 = DIRECTION('',(-0.707106781187,7.850462293419E-17,0.707106781187)
  );
#2679 = PCURVE('',#1511,#2680);
#2680 = DEFINITIONAL_REPRESENTATION('',(#2681),#2691);
#2681 = B_SPLINE_CURVE_WITH_KNOTS('',8,(#2682,#2683,#2684,#2685,#2686,
    #2687,#2688,#2689,#2690),.UNSPECIFIED.,.F.,.F.,(9,9),(2.042645351283
    ,3.577509824292),.PIECEWISE_BEZIER_KNOTS.);
#2682 = CARTESIAN_POINT('',(1.324298808454,16.993429217702));
#2683 = CARTESIAN_POINT('',(1.516156867581,16.32880905967));
#2684 = CARTESIAN_POINT('',(1.708014926705,15.738553410689));
#2685 = CARTESIAN_POINT('',(1.899872985832,15.259941968223));
#2686 = CARTESIAN_POINT('',(2.091731044953,14.924410943043));
#2687 = CARTESIAN_POINT('',(2.283589104084,14.753178856652));
#2688 = CARTESIAN_POINT('',(2.47544716321,14.753951952368));
#2689 = CARTESIAN_POINT('',(2.667305222337,14.920702651054));
#2690 = CARTESIAN_POINT('',(2.859163281464,15.235759660562));
#2691 = ( GEOMETRIC_REPRESENTATION_CONTEXT(2)
PARAMETRIC_REPRESENTATION_CONTEXT() REPRESENTATION_CONTEXT('2D SPACE',''
  ) );
#2692 = PCURVE('',#2141,#2693);
#2693 = DEFINITIONAL_REPRESENTATION('',(#2694),#2698);
#2694 = ELLIPSE('',#2695,8.007808689023,7.);
#2695 = AXIS2_PLACEMENT_2D('',#2696,#2697);
#2696 = CARTESIAN_POINT('',(23.332857142857,-34.94285714285));
#2697 = DIRECTION('',(0.707106781187,-0.707106781187));
#2698 = ( GEOMETRIC_REPRESENTATION_CONTEXT(2)
PARAMETRIC_REPRESENTATION_CONTEXT() REPRESENTATION_CONTEXT('2D SPACE',''
  ) );
#2699 = ORIENTED_EDGE('',*,*,#2700,.T.);
#2700 = EDGE_CURVE('',#2671,#2701,#2703,.T.);
#2701 = VERTEX_POINT('',#2702);
#2702 = CARTESIAN_POINT('',(-29.5,18.4,534.54261789518));
#2703 = SURFACE_CURVE('',#2704,(#2709,#2721),.PCURVE_S1.);
#2704 = ELLIPSE('',#2705,20.383513026605,7.);
#2705 = AXIS2_PLACEMENT_3D('',#2706,#2707,#2708);
#2706 = CARTESIAN_POINT('',(-29.5,5.272727272727,535.5));
#2707 = DIRECTION('',(-1.,1.110223024625E-16,2.544904577846E-33));
#2708 = DIRECTION('',(1.033341738222E-16,0.93075149344,0.365652372423));
#2709 = PCURVE('',#1511,#2710);
#2710 = DEFINITIONAL_REPRESENTATION('',(#2711),#2720);
#2711 = B_SPLINE_CURVE_WITH_KNOTS('',7,(#2712,#2713,#2714,#2715,#2716,
    #2717,#2718,#2719),.UNSPECIFIED.,.F.,.F.,(8,8),(0.679422516694,
    1.627131947116),.PIECEWISE_BEZIER_KNOTS.);
#2712 = CARTESIAN_POINT('',(2.250218843489,16.348662095918));
#2713 = CARTESIAN_POINT('',(2.385605904977,14.720100463993));
#2714 = CARTESIAN_POINT('',(2.520992966467,12.773064273888));
#2715 = CARTESIAN_POINT('',(2.656380027954,10.556311832719));
#2716 = CARTESIAN_POINT('',(2.791767089446,8.132894656029));
#2717 = CARTESIAN_POINT('',(2.927154150933,5.576544534945));
#2718 = CARTESIAN_POINT('',(3.062541212422,2.965774017979));
#2719 = CARTESIAN_POINT('',(3.197928273911,0.37805402553));
#2720 = ( GEOMETRIC_REPRESENTATION_CONTEXT(2)
PARAMETRIC_REPRESENTATION_CONTEXT() REPRESENTATION_CONTEXT('2D SPACE',''
  ) );
#2721 = PCURVE('',#2169,#2722);
#2722 = DEFINITIONAL_REPRESENTATION('',(#2723),#2727);
#2723 = ELLIPSE('',#2724,20.383513026605,7.);
#2724 = AXIS2_PLACEMENT_2D('',#2725,#2726);
#2725 = CARTESIAN_POINT('',(17.39,-2.727272727273));
#2726 = DIRECTION('',(0.365652372423,0.93075149344));
#2727 = ( GEOMETRIC_REPRESENTATION_CONTEXT(2)
PARAMETRIC_REPRESENTATION_CONTEXT() REPRESENTATION_CONTEXT('2D SPACE',''
  ) );
#2728 = ORIENTED_EDGE('',*,*,#2729,.F.);
#2729 = EDGE_CURVE('',#2730,#2701,#2732,.T.);
#2730 = VERTEX_POINT('',#2731);
#2731 = CARTESIAN_POINT('',(-29.,18.4,534.98954038265));
#2732 = SURFACE_CURVE('',#2733,(#2738,#2751),.PCURVE_S1.);
#2733 = ELLIPSE('',#2734,8.007808689023,7.);
#2734 = AXIS2_PLACEMENT_3D('',#2735,#2736,#2737);
#2735 = CARTESIAN_POINT('',(-34.65714285714,18.4,540.65714285714));
#2736 = DIRECTION('',(1.110223024625E-16,1.,-1.126491828437E-33));
#2737 = DIRECTION('',(-0.707106781187,7.850462293419E-17,0.707106781187)
  );
#2738 = PCURVE('',#1511,#2739);
#2739 = DEFINITIONAL_REPRESENTATION('',(#2740),#2750);
#2740 = B_SPLINE_CURVE_WITH_KNOTS('',8,(#2741,#2742,#2743,#2744,#2745,
    #2746,#2747,#2748,#2749),.UNSPECIFIED.,.F.,.F.,(9,9),(2.017097383113
    ,3.689224123874),.PIECEWISE_BEZIER_KNOTS.);
#2741 = CARTESIAN_POINT('',(1.298750840285,14.794552451014));
#2742 = CARTESIAN_POINT('',(1.50776668288,14.061293393446));
#2743 = CARTESIAN_POINT('',(1.716782525474,13.41184722283));
#2744 = CARTESIAN_POINT('',(1.925798368069,12.89502954139));
#2745 = CARTESIAN_POINT('',(2.134814210662,12.551836909604));
#2746 = CARTESIAN_POINT('',(2.343830053261,12.408656457095));
#2747 = CARTESIAN_POINT('',(2.552845895854,12.472159830815));
#2748 = CARTESIAN_POINT('',(2.76186173845,12.729618910932));
#2749 = CARTESIAN_POINT('',(2.970877581045,13.152858770772));
#2750 = ( GEOMETRIC_REPRESENTATION_CONTEXT(2)
PARAMETRIC_REPRESENTATION_CONTEXT() REPRESENTATION_CONTEXT('2D SPACE',''
  ) );
#2751 = PCURVE('',#2752,#2757);
#2752 = PLANE('',#2753);
#2753 = AXIS2_PLACEMENT_3D('',#2754,#2755,#2756);
#2754 = CARTESIAN_POINT('',(-0.5,18.4,519.31));
#2755 = DIRECTION('',(1.110223024625E-16,1.,0.));
#2756 = DIRECTION('',(0.,0.,1.));
#2757 = DEFINITIONAL_REPRESENTATION('',(#2758),#2762);
#2758 = ELLIPSE('',#2759,8.007808689023,7.);
#2759 = AXIS2_PLACEMENT_2D('',#2760,#2761);
#2760 = CARTESIAN_POINT('',(21.347142857143,-34.15714285714));
#2761 = DIRECTION('',(0.707106781187,-0.707106781187));
#2762 = ( GEOMETRIC_REPRESENTATION_CONTEXT(2)
PARAMETRIC_REPRESENTATION_CONTEXT() REPRESENTATION_CONTEXT('2D SPACE',''
  ) );
#2763 = ORIENTED_EDGE('',*,*,#2764,.T.);
#2764 = EDGE_CURVE('',#2730,#2765,#2767,.T.);
#2765 = VERTEX_POINT('',#2766);
#2766 = CARTESIAN_POINT('',(-29.,18.024882222117,534.7));
#2767 = SURFACE_CURVE('',#2768,(#2773,#2783),.PCURVE_S1.);
#2768 = ELLIPSE('',#2769,20.383513026605,7.);
#2769 = AXIS2_PLACEMENT_3D('',#2770,#2771,#2772);
#2770 = CARTESIAN_POINT('',(-29.,4.,535.));
#2771 = DIRECTION('',(-1.,1.110223024625E-16,2.544904577846E-33));
#2772 = DIRECTION('',(1.033341738222E-16,0.93075149344,0.365652372423));
#2773 = PCURVE('',#1511,#2774);
#2774 = DEFINITIONAL_REPRESENTATION('',(#2775),#2782);
#2775 = B_SPLINE_CURVE_WITH_KNOTS('',5,(#2776,#2777,#2778,#2779,#2780,
    #2781),.UNSPECIFIED.,.F.,.F.,(6,6),(0.840729099096,0.913096105759),
  .PIECEWISE_BEZIER_KNOTS.);
#2776 = CARTESIAN_POINT('',(2.411525425891,12.767421904213));
#2777 = CARTESIAN_POINT('',(2.425998827223,12.560963746883));
#2778 = CARTESIAN_POINT('',(2.440472228556,12.351162450617));
#2779 = CARTESIAN_POINT('',(2.454945629889,12.13810811656));
#2780 = CARTESIAN_POINT('',(2.469419031222,11.921893765441));
#2781 = CARTESIAN_POINT('',(2.483892432554,11.702615094179));
#2782 = ( GEOMETRIC_REPRESENTATION_CONTEXT(2)
PARAMETRIC_REPRESENTATION_CONTEXT() REPRESENTATION_CONTEXT('2D SPACE',''
  ) );
#2783 = PCURVE('',#2784,#2789);
#2784 = PLANE('',#2785);
#2785 = AXIS2_PLACEMENT_3D('',#2786,#2787,#2788);
#2786 = CARTESIAN_POINT('',(-29.,16.8,534.7));
#2787 = DIRECTION('',(-1.,1.110223024625E-16,0.));
#2788 = DIRECTION('',(0.,0.,1.));
#2789 = DEFINITIONAL_REPRESENTATION('',(#2790),#2794);
#2790 = ELLIPSE('',#2791,20.383513026605,7.);
#2791 = AXIS2_PLACEMENT_2D('',#2792,#2793);
#2792 = CARTESIAN_POINT('',(0.3,-12.8));
#2793 = DIRECTION('',(0.365652372423,0.93075149344));
#2794 = ( GEOMETRIC_REPRESENTATION_CONTEXT(2)
PARAMETRIC_REPRESENTATION_CONTEXT() REPRESENTATION_CONTEXT('2D SPACE',''
  ) );
#2795 = ORIENTED_EDGE('',*,*,#2796,.F.);
#2796 = EDGE_CURVE('',#2797,#2765,#2799,.T.);
#2797 = VERTEX_POINT('',#2798);
#2798 = CARTESIAN_POINT('',(-27.7,16.303230742211,534.7));
#2799 = SURFACE_CURVE('',#2800,(#2805,#2815),.PCURVE_S1.);
#2800 = ELLIPSE('',#2801,20.383513026605,7.);
#2801 = AXIS2_PLACEMENT_3D('',#2802,#2803,#2804);
#2802 = CARTESIAN_POINT('',(-28.7,3.236363636364,534.7));
#2803 = DIRECTION('',(0.,0.,1.));
#2804 = DIRECTION('',(-0.365652372423,0.93075149344,0.));
#2805 = PCURVE('',#1511,#2806);
#2806 = DEFINITIONAL_REPRESENTATION('',(#2807),#2814);
#2807 = B_SPLINE_CURVE_WITH_KNOTS('',5,(#2808,#2809,#2810,#2811,#2812,
    #2813),.UNSPECIFIED.,.F.,.F.,(6,6),(5.314305102872,5.496442709481),
  .PIECEWISE_BEZIER_KNOTS.);
#2808 = CARTESIAN_POINT('',(2.30681569042,9.966115779973));
#2809 = CARTESIAN_POINT('',(2.343243211742,10.540919232488));
#2810 = CARTESIAN_POINT('',(2.379670733063,11.097742838064));
#2811 = CARTESIAN_POINT('',(2.416098254385,11.634997459921));
#2812 = CARTESIAN_POINT('',(2.452525775707,12.151193759791));
#2813 = CARTESIAN_POINT('',(2.488953297028,12.644966788458));
#2814 = ( GEOMETRIC_REPRESENTATION_CONTEXT(2)
PARAMETRIC_REPRESENTATION_CONTEXT() REPRESENTATION_CONTEXT('2D SPACE',''
  ) );
#2815 = PCURVE('',#2816,#2821);
#2816 = PLANE('',#2817);
#2817 = AXIS2_PLACEMENT_3D('',#2818,#2819,#2820);
#2818 = CARTESIAN_POINT('',(-27.7,15.9,534.7));
#2819 = DIRECTION('',(0.,0.,1.));
#2820 = DIRECTION('',(1.110223024625E-16,1.,0.));
#2821 = DEFINITIONAL_REPRESENTATION('',(#2822),#2826);
#2822 = ELLIPSE('',#2823,20.383513026605,7.);
#2823 = AXIS2_PLACEMENT_2D('',#2824,#2825);
#2824 = CARTESIAN_POINT('',(-12.66363636363,1.));
#2825 = DIRECTION('',(0.93075149344,0.365652372423));
#2826 = ( GEOMETRIC_REPRESENTATION_CONTEXT(2)
PARAMETRIC_REPRESENTATION_CONTEXT() REPRESENTATION_CONTEXT('2D SPACE',''
  ) );
#2827 = ORIENTED_EDGE('',*,*,#2828,.F.);
#2828 = EDGE_CURVE('',#2829,#2797,#2831,.T.);
#2829 = VERTEX_POINT('',#2830);
#2830 = CARTESIAN_POINT('',(-27.7,16.8,535.15545706091));
#2831 = SURFACE_CURVE('',#2832,(#2837,#2847),.PCURVE_S1.);
#2832 = ELLIPSE('',#2833,20.383513026605,7.);
#2833 = AXIS2_PLACEMENT_3D('',#2834,#2835,#2836);
#2834 = CARTESIAN_POINT('',(-27.7,0.690909090909,533.7));
#2835 = DIRECTION('',(-1.,1.110223024625E-16,2.544904577846E-33));
#2836 = DIRECTION('',(1.033341738222E-16,0.93075149344,0.365652372423));
#2837 = PCURVE('',#1511,#2838);
#2838 = DEFINITIONAL_REPRESENTATION('',(#2839),#2846);
#2839 = B_SPLINE_CURVE_WITH_KNOTS('',5,(#2840,#2841,#2842,#2843,#2844,
    #2845),.UNSPECIFIED.,.F.,.F.,(6,6),(0.696130395359,0.781680047304),
  .PIECEWISE_BEZIER_KNOTS.);
#2840 = CARTESIAN_POINT('',(2.266926722154,10.904140123432));
#2841 = CARTESIAN_POINT('',(2.284036652543,10.694097489429));
#2842 = CARTESIAN_POINT('',(2.301146582932,10.478679367092));
#2843 = CARTESIAN_POINT('',(2.318256513321,10.258013859312));
#2844 = CARTESIAN_POINT('',(2.33536644371,10.032235630957));
#2845 = CARTESIAN_POINT('',(2.352476374099,9.801485416585));
#2846 = ( GEOMETRIC_REPRESENTATION_CONTEXT(2)
PARAMETRIC_REPRESENTATION_CONTEXT() REPRESENTATION_CONTEXT('2D SPACE',''
  ) );
#2847 = PCURVE('',#2848,#2853);
#2848 = PLANE('',#2849);
#2849 = AXIS2_PLACEMENT_3D('',#2850,#2851,#2852);
#2850 = CARTESIAN_POINT('',(-27.7,15.9,534.7));
#2851 = DIRECTION('',(-1.,1.110223024625E-16,0.));
#2852 = DIRECTION('',(0.,0.,1.));
#2853 = DEFINITIONAL_REPRESENTATION('',(#2854),#2858);
#2854 = ELLIPSE('',#2855,20.383513026605,7.);
#2855 = AXIS2_PLACEMENT_2D('',#2856,#2857);
#2856 = CARTESIAN_POINT('',(-1.,-15.20909090909));
#2857 = DIRECTION('',(0.365652372423,0.93075149344));
#2858 = ( GEOMETRIC_REPRESENTATION_CONTEXT(2)
PARAMETRIC_REPRESENTATION_CONTEXT() REPRESENTATION_CONTEXT('2D SPACE',''
  ) );
#2859 = ORIENTED_EDGE('',*,*,#2860,.T.);
#2860 = EDGE_CURVE('',#2829,#2861,#2863,.T.);
#2861 = VERTEX_POINT('',#2862);
#2862 = CARTESIAN_POINT('',(-27.9,16.8,534.889054365));
#2863 = SURFACE_CURVE('',#2864,(#2869,#2879),.PCURVE_S1.);
#2864 = ELLIPSE('',#2865,8.007808689023,7.);
#2865 = AXIS2_PLACEMENT_3D('',#2866,#2867,#2868);
#2866 = CARTESIAN_POINT('',(-34.02857142857,16.8,540.02857142857));
#2867 = DIRECTION('',(1.110223024625E-16,1.,-1.126491828437E-33));
#2868 = DIRECTION('',(-0.707106781187,7.850462293419E-17,0.707106781187)
  );
#2869 = PCURVE('',#1511,#2870);
#2870 = DEFINITIONAL_REPRESENTATION('',(#2871),#2878);
#2871 = B_SPLINE_CURVE_WITH_KNOTS('',5,(#2872,#2873,#2874,#2875,#2876,
    #2877),.UNSPECIFIED.,.F.,.F.,(6,6),(2.989093447542,3.046089362398),
  .PIECEWISE_BEZIER_KNOTS.);
#2872 = CARTESIAN_POINT('',(2.270746904713,10.798897627049));
#2873 = CARTESIAN_POINT('',(2.282146087684,10.792163142417));
#2874 = CARTESIAN_POINT('',(2.293545270656,10.786053018369));
#2875 = CARTESIAN_POINT('',(2.304944453627,10.78056907803));
#2876 = CARTESIAN_POINT('',(2.316343636598,10.775712806366));
#2877 = CARTESIAN_POINT('',(2.32774281957,10.771485347772));
#2878 = ( GEOMETRIC_REPRESENTATION_CONTEXT(2)
PARAMETRIC_REPRESENTATION_CONTEXT() REPRESENTATION_CONTEXT('2D SPACE',''
  ) );
#2879 = PCURVE('',#2880,#2885);
#2880 = PLANE('',#2881);
#2881 = AXIS2_PLACEMENT_3D('',#2882,#2883,#2884);
#2882 = CARTESIAN_POINT('',(-27.7,16.8,534.7));
#2883 = DIRECTION('',(1.110223024625E-16,1.,0.));
#2884 = DIRECTION('',(0.,0.,1.));
#2885 = DEFINITIONAL_REPRESENTATION('',(#2886),#2890);
#2886 = ELLIPSE('',#2887,8.007808689023,7.);
#2887 = AXIS2_PLACEMENT_2D('',#2888,#2889);
#2888 = CARTESIAN_POINT('',(5.328571428571,-6.328571428571));
#2889 = DIRECTION('',(0.707106781187,-0.707106781187));
#2890 = ( GEOMETRIC_REPRESENTATION_CONTEXT(2)
PARAMETRIC_REPRESENTATION_CONTEXT() REPRESENTATION_CONTEXT('2D SPACE',''
  ) );
#2891 = ORIENTED_EDGE('',*,*,#2892,.F.);
#2892 = EDGE_CURVE('',#2893,#2861,#2895,.T.);
#2893 = VERTEX_POINT('',#2894);
#2894 = CARTESIAN_POINT('',(-27.9,18.4,536.48130076134));
#2895 = SURFACE_CURVE('',#2896,(#2901,#2911),.PCURVE_S1.);
#2896 = ELLIPSE('',#2897,20.383513026605,7.);
#2897 = AXIS2_PLACEMENT_3D('',#2898,#2899,#2900);
#2898 = CARTESIAN_POINT('',(-27.9,1.2,533.9));
#2899 = DIRECTION('',(-1.,1.110223024625E-16,2.544904577846E-33));
#2900 = DIRECTION('',(1.033341738222E-16,0.93075149344,0.365652372423));
#2901 = PCURVE('',#1511,#2902);
#2902 = DEFINITIONAL_REPRESENTATION('',(#2903),#2910);
#2903 = B_SPLINE_CURVE_WITH_KNOTS('',5,(#2904,#2905,#2906,#2907,#2908,
    #2909),.UNSPECIFIED.,.F.,.F.,(6,6),(0.569226996378,0.766649692859),
  .PIECEWISE_BEZIER_KNOTS.);
#2904 = CARTESIAN_POINT('',(2.140023323173,12.922096740368));
#2905 = CARTESIAN_POINT('',(2.179507862469,12.514688084408));
#2906 = CARTESIAN_POINT('',(2.218992401765,12.075854851447));
#2907 = CARTESIAN_POINT('',(2.258476941061,11.606920115415));
#2908 = CARTESIAN_POINT('',(2.297961480358,11.109411894093));
#2909 = CARTESIAN_POINT('',(2.337446019654,10.585033531485));
#2910 = ( GEOMETRIC_REPRESENTATION_CONTEXT(2)
PARAMETRIC_REPRESENTATION_CONTEXT() REPRESENTATION_CONTEXT('2D SPACE',''
  ) );
#2911 = PCURVE('',#2912,#2917);
#2912 = PLANE('',#2913);
#2913 = AXIS2_PLACEMENT_3D('',#2914,#2915,#2916);
#2914 = CARTESIAN_POINT('',(-27.9,16.8,534.7));
#2915 = DIRECTION('',(-1.,1.110223024625E-16,0.));
#2916 = DIRECTION('',(0.,0.,1.));
#2917 = DEFINITIONAL_REPRESENTATION('',(#2918),#2922);
#2918 = ELLIPSE('',#2919,20.383513026605,7.);
#2919 = AXIS2_PLACEMENT_2D('',#2920,#2921);
#2920 = CARTESIAN_POINT('',(-0.8,-15.6));
#2921 = DIRECTION('',(0.365652372423,0.93075149344));
#2922 = ( GEOMETRIC_REPRESENTATION_CONTEXT(2)
PARAMETRIC_REPRESENTATION_CONTEXT() REPRESENTATION_CONTEXT('2D SPACE',''
  ) );
#2923 = ORIENTED_EDGE('',*,*,#2924,.F.);
#2924 = EDGE_CURVE('',#2637,#2893,#2925,.T.);
#2925 = SURFACE_CURVE('',#2926,(#2931,#2944),.PCURVE_S1.);
#2926 = ELLIPSE('',#2927,8.007808689023,7.);
#2927 = AXIS2_PLACEMENT_3D('',#2928,#2929,#2930);
#2928 = CARTESIAN_POINT('',(-34.65714285714,18.4,540.65714285714));
#2929 = DIRECTION('',(1.110223024625E-16,1.,-1.126491828437E-33));
#2930 = DIRECTION('',(-0.707106781187,7.850462293419E-17,0.707106781187)
  );
#2931 = PCURVE('',#1511,#2932);
#2932 = DEFINITIONAL_REPRESENTATION('',(#2933),#2943);
#2933 = B_SPLINE_CURVE_WITH_KNOTS('',8,(#2934,#2935,#2936,#2937,#2938,
    #2939,#2940,#2941,#2942),.UNSPECIFIED.,.F.,.F.,(9,9),(2.017097383113
    ,3.689224123874),.PIECEWISE_BEZIER_KNOTS.);
#2934 = CARTESIAN_POINT('',(1.298750840285,14.794552451014));
#2935 = CARTESIAN_POINT('',(1.50776668288,14.061293393446));
#2936 = CARTESIAN_POINT('',(1.716782525474,13.41184722283));
#2937 = CARTESIAN_POINT('',(1.925798368069,12.89502954139));
#2938 = CARTESIAN_POINT('',(2.134814210662,12.551836909604));
#2939 = CARTESIAN_POINT('',(2.343830053261,12.408656457095));
#2940 = CARTESIAN_POINT('',(2.552845895854,12.472159830815));
#2941 = CARTESIAN_POINT('',(2.76186173845,12.729618910932));
#2942 = CARTESIAN_POINT('',(2.970877581045,13.152858770772));
#2943 = ( GEOMETRIC_REPRESENTATION_CONTEXT(2)
PARAMETRIC_REPRESENTATION_CONTEXT() REPRESENTATION_CONTEXT('2D SPACE',''
  ) );
#2944 = PCURVE('',#2752,#2945);
#2945 = DEFINITIONAL_REPRESENTATION('',(#2946),#2950);
#2946 = ELLIPSE('',#2947,8.007808689023,7.);
#2947 = AXIS2_PLACEMENT_2D('',#2948,#2949);
#2948 = CARTESIAN_POINT('',(21.347142857143,-34.15714285714));
#2949 = DIRECTION('',(0.707106781187,-0.707106781187));
#2950 = ( GEOMETRIC_REPRESENTATION_CONTEXT(2)
PARAMETRIC_REPRESENTATION_CONTEXT() REPRESENTATION_CONTEXT('2D SPACE',''
  ) );
#2951 = ADVANCED_FACE('',(#2952),#1548,.F.);
#2952 = FACE_BOUND('',#2953,.F.);
#2953 = EDGE_LOOP('',(#2954,#2955,#2956));
#2954 = ORIENTED_EDGE('',*,*,#2505,.T.);
#2955 = ORIENTED_EDGE('',*,*,#2480,.T.);
#2956 = ORIENTED_EDGE('',*,*,#1525,.F.);
#2957 = ADVANCED_FACE('',(#2958),#1451,.F.);
#2958 = FACE_BOUND('',#2959,.F.);
#2959 = EDGE_LOOP('',(#2960,#2983,#2984,#2985));
#2960 = ORIENTED_EDGE('',*,*,#2961,.F.);
#2961 = EDGE_CURVE('',#1436,#2962,#2964,.T.);
#2962 = VERTEX_POINT('',#2963);
#2963 = CARTESIAN_POINT('',(-29.5,8.,520.81));
#2964 = SURFACE_CURVE('',#2965,(#2969,#2976),.PCURVE_S1.);
#2965 = LINE('',#2966,#2967);
#2966 = CARTESIAN_POINT('',(-0.5,8.,520.81));
#2967 = VECTOR('',#2968,1.);
#2968 = DIRECTION('',(-1.,1.110223024625E-16,0.));
#2969 = PCURVE('',#1451,#2970);
#2970 = DEFINITIONAL_REPRESENTATION('',(#2971),#2975);
#2971 = LINE('',#2972,#2973);
#2972 = CARTESIAN_POINT('',(2.7,0.));
#2973 = VECTOR('',#2974,1.);
#2974 = DIRECTION('',(0.,-1.));
#2975 = ( GEOMETRIC_REPRESENTATION_CONTEXT(2)
PARAMETRIC_REPRESENTATION_CONTEXT() REPRESENTATION_CONTEXT('2D SPACE',''
  ) );
#2976 = PCURVE('',#2221,#2977);
#2977 = DEFINITIONAL_REPRESENTATION('',(#2978),#2982);
#2978 = LINE('',#2979,#2980);
#2979 = CARTESIAN_POINT('',(0.,0.));
#2980 = VECTOR('',#2981,1.);
#2981 = DIRECTION('',(0.,1.));
#2982 = ( GEOMETRIC_REPRESENTATION_CONTEXT(2)
PARAMETRIC_REPRESENTATION_CONTEXT() REPRESENTATION_CONTEXT('2D SPACE',''
  ) );
#2983 = ORIENTED_EDGE('',*,*,#1435,.F.);
#2984 = ORIENTED_EDGE('',*,*,#2181,.T.);
#2985 = ORIENTED_EDGE('',*,*,#2986,.T.);
#2986 = EDGE_CURVE('',#2154,#2962,#2987,.T.);
#2987 = SURFACE_CURVE('',#2988,(#2992,#2999),.PCURVE_S1.);
#2988 = LINE('',#2989,#2990);
#2989 = CARTESIAN_POINT('',(-29.5,8.,518.11));
#2990 = VECTOR('',#2991,1.);
#2991 = DIRECTION('',(0.,0.,1.));
#2992 = PCURVE('',#1451,#2993);
#2993 = DEFINITIONAL_REPRESENTATION('',(#2994),#2998);
#2994 = LINE('',#2995,#2996);
#2995 = CARTESIAN_POINT('',(0.,-29.));
#2996 = VECTOR('',#2997,1.);
#2997 = DIRECTION('',(1.,0.));
#2998 = ( GEOMETRIC_REPRESENTATION_CONTEXT(2)
PARAMETRIC_REPRESENTATION_CONTEXT() REPRESENTATION_CONTEXT('2D SPACE',''
  ) );
#2999 = PCURVE('',#2169,#3000);
#3000 = DEFINITIONAL_REPRESENTATION('',(#3001),#3005);
#3001 = LINE('',#3002,#3003);
#3002 = CARTESIAN_POINT('',(0.,0.));
#3003 = VECTOR('',#3004,1.);
#3004 = DIRECTION('',(1.,0.));
#3005 = ( GEOMETRIC_REPRESENTATION_CONTEXT(2)
PARAMETRIC_REPRESENTATION_CONTEXT() REPRESENTATION_CONTEXT('2D SPACE',''
  ) );
#3006 = ADVANCED_FACE('',(#3007),#1418,.F.);
#3007 = FACE_BOUND('',#3008,.F.);
#3008 = EDGE_LOOP('',(#3009,#3032,#3053,#3054));
#3009 = ORIENTED_EDGE('',*,*,#3010,.F.);
#3010 = EDGE_CURVE('',#3011,#1370,#3013,.T.);
#3011 = VERTEX_POINT('',#3012);
#3012 = CARTESIAN_POINT('',(-0.5,8.,520.81));
#3013 = SURFACE_CURVE('',#3014,(#3018,#3025),.PCURVE_S1.);
#3014 = LINE('',#3015,#3016);
#3015 = CARTESIAN_POINT('',(-0.5,8.,520.81));
#3016 = VECTOR('',#3017,1.);
#3017 = DIRECTION('',(-1.,1.110223024625E-16,0.));
#3018 = PCURVE('',#1418,#3019);
#3019 = DEFINITIONAL_REPRESENTATION('',(#3020),#3024);
#3020 = LINE('',#3021,#3022);
#3021 = CARTESIAN_POINT('',(2.7,0.));
#3022 = VECTOR('',#3023,1.);
#3023 = DIRECTION('',(0.,-1.));
#3024 = ( GEOMETRIC_REPRESENTATION_CONTEXT(2)
PARAMETRIC_REPRESENTATION_CONTEXT() REPRESENTATION_CONTEXT('2D SPACE',''
  ) );
#3025 = PCURVE('',#2221,#3026);
#3026 = DEFINITIONAL_REPRESENTATION('',(#3027),#3031);
#3027 = LINE('',#3028,#3029);
#3028 = CARTESIAN_POINT('',(0.,0.));
#3029 = VECTOR('',#3030,1.);
#3030 = DIRECTION('',(0.,1.));
#3031 = ( GEOMETRIC_REPRESENTATION_CONTEXT(2)
PARAMETRIC_REPRESENTATION_CONTEXT() REPRESENTATION_CONTEXT('2D SPACE',''
  ) );
#3032 = ORIENTED_EDGE('',*,*,#3033,.F.);
#3033 = EDGE_CURVE('',#2075,#3011,#3034,.T.);
#3034 = SURFACE_CURVE('',#3035,(#3039,#3046),.PCURVE_S1.);
#3035 = LINE('',#3036,#3037);
#3036 = CARTESIAN_POINT('',(-0.5,8.,518.11));
#3037 = VECTOR('',#3038,1.);
#3038 = DIRECTION('',(0.,0.,1.));
#3039 = PCURVE('',#1418,#3040);
#3040 = DEFINITIONAL_REPRESENTATION('',(#3041),#3045);
#3041 = LINE('',#3042,#3043);
#3042 = CARTESIAN_POINT('',(0.,0.));
#3043 = VECTOR('',#3044,1.);
#3044 = DIRECTION('',(1.,0.));
#3045 = ( GEOMETRIC_REPRESENTATION_CONTEXT(2)
PARAMETRIC_REPRESENTATION_CONTEXT() REPRESENTATION_CONTEXT('2D SPACE',''
  ) );
#3046 = PCURVE('',#2113,#3047);
#3047 = DEFINITIONAL_REPRESENTATION('',(#3048),#3052);
#3048 = LINE('',#3049,#3050);
#3049 = CARTESIAN_POINT('',(0.,0.));
#3050 = VECTOR('',#3051,1.);
#3051 = DIRECTION('',(1.,0.));
#3052 = ( GEOMETRIC_REPRESENTATION_CONTEXT(2)
PARAMETRIC_REPRESENTATION_CONTEXT() REPRESENTATION_CONTEXT('2D SPACE',''
  ) );
#3053 = ORIENTED_EDGE('',*,*,#2074,.T.);
#3054 = ORIENTED_EDGE('',*,*,#1404,.F.);
#3055 = ADVANCED_FACE('',(#3056),#1673,.F.);
#3056 = FACE_BOUND('',#3057,.F.);
#3057 = EDGE_LOOP('',(#3058,#3059,#3083,#3102));
#3058 = ORIENTED_EDGE('',*,*,#1651,.T.);
#3059 = ORIENTED_EDGE('',*,*,#3060,.T.);
#3060 = EDGE_CURVE('',#1652,#3061,#3063,.T.);
#3061 = VERTEX_POINT('',#3062);
#3062 = CARTESIAN_POINT('',(-23.15275624796,7.16,532.80360738839));
#3063 = SURFACE_CURVE('',#3064,(#3069,#3076),.PCURVE_S1.);
#3064 = CIRCLE('',#3065,7.);
#3065 = AXIS2_PLACEMENT_3D('',#3066,#3067,#3068);
#3066 = CARTESIAN_POINT('',(-29.,4.,535.));
#3067 = DIRECTION('',(-0.34341479758,0.874146757476,0.34341479758));
#3068 = DIRECTION('',(-3.247699629806E-17,-0.365652372423,0.93075149344)
  );
#3069 = PCURVE('',#1673,#3070);
#3070 = DEFINITIONAL_REPRESENTATION('',(#3071),#3075);
#3071 = CIRCLE('',#3072,7.);
#3072 = AXIS2_PLACEMENT_2D('',#3073,#3074);
#3073 = CARTESIAN_POINT('',(0.,0.));
#3074 = DIRECTION('',(1.,0.));
#3075 = ( GEOMETRIC_REPRESENTATION_CONTEXT(2)
PARAMETRIC_REPRESENTATION_CONTEXT() REPRESENTATION_CONTEXT('2D SPACE',''
  ) );
#3076 = PCURVE('',#1707,#3077);
#3077 = DEFINITIONAL_REPRESENTATION('',(#3078),#3082);
#3078 = LINE('',#3079,#3080);
#3079 = CARTESIAN_POINT('',(0.,0.));
#3080 = VECTOR('',#3081,1.);
#3081 = DIRECTION('',(1.,0.));
#3082 = ( GEOMETRIC_REPRESENTATION_CONTEXT(2)
PARAMETRIC_REPRESENTATION_CONTEXT() REPRESENTATION_CONTEXT('2D SPACE',''
  ) );
#3083 = ORIENTED_EDGE('',*,*,#3084,.F.);
#3084 = EDGE_CURVE('',#1723,#3061,#3085,.T.);
#3085 = SURFACE_CURVE('',#3086,(#3090,#3096),.PCURVE_S1.);
#3086 = LINE('',#3087,#3088);
#3087 = CARTESIAN_POINT('',(-22.72818181818,7.16,533.22818181818));
#3088 = VECTOR('',#3089,1.);
#3089 = DIRECTION('',(0.707106781187,-7.850462293419E-17,0.707106781187)
  );
#3090 = PCURVE('',#1673,#3091);
#3091 = DEFINITIONAL_REPRESENTATION('',(#3092),#3095);
#3092 = B_SPLINE_CURVE_WITH_KNOTS('',1,(#3093,#3094),.UNSPECIFIED.,.F.,
  .F.,(2,2),(-4.768471002583,0.427755290291),.PIECEWISE_BEZIER_KNOTS.);
#3093 = CARTESIAN_POINT('',(-5.942908724025,3.08778738569));
#3094 = CARTESIAN_POINT('',(-2.523060752669,7.));
#3095 = ( GEOMETRIC_REPRESENTATION_CONTEXT(2)
PARAMETRIC_REPRESENTATION_CONTEXT() REPRESENTATION_CONTEXT('2D SPACE',''
  ) );
#3096 = PCURVE('',#1739,#3097);
#3097 = DEFINITIONAL_REPRESENTATION('',(#3098),#3101);
#3098 = B_SPLINE_CURVE_WITH_KNOTS('',1,(#3099,#3100),.UNSPECIFIED.,.F.,
  .F.,(2,2),(-4.768471002583,0.427755290291),.PIECEWISE_BEZIER_KNOTS.);
#3099 = CARTESIAN_POINT('',(-0.143636363636,-11.1));
#3100 = CARTESIAN_POINT('',(3.530650484635,-7.425713151729));
#3101 = ( GEOMETRIC_REPRESENTATION_CONTEXT(2)
PARAMETRIC_REPRESENTATION_CONTEXT() REPRESENTATION_CONTEXT('2D SPACE',''
  ) );
#3102 = ORIENTED_EDGE('',*,*,#1751,.T.);
#3103 = ADVANCED_FACE('',(#3104,#3136),#1739,.F.);
#3104 = FACE_BOUND('',#3105,.F.);
#3105 = EDGE_LOOP('',(#3106,#3134,#3135));
#3106 = ORIENTED_EDGE('',*,*,#3107,.F.);
#3107 = EDGE_CURVE('',#1686,#3061,#3108,.T.);
#3108 = SURFACE_CURVE('',#3109,(#3114,#3121),.PCURVE_S1.);
#3109 = ELLIPSE('',#3110,8.007808689023,7.);
#3110 = AXIS2_PLACEMENT_3D('',#3111,#3112,#3113);
#3111 = CARTESIAN_POINT('',(-30.24142857142,7.16,536.24142857142));
#3112 = DIRECTION('',(1.110223024625E-16,1.,-1.126491828437E-33));
#3113 = DIRECTION('',(-0.707106781187,7.850462293419E-17,0.707106781187)
  );
#3114 = PCURVE('',#1739,#3115);
#3115 = DEFINITIONAL_REPRESENTATION('',(#3116),#3120);
#3116 = ELLIPSE('',#3117,8.007808689023,7.);
#3117 = AXIS2_PLACEMENT_2D('',#3118,#3119);
#3118 = CARTESIAN_POINT('',(6.241428571429,-15.24142857142));
#3119 = DIRECTION('',(0.707106781187,-0.707106781187));
#3120 = ( GEOMETRIC_REPRESENTATION_CONTEXT(2)
PARAMETRIC_REPRESENTATION_CONTEXT() REPRESENTATION_CONTEXT('2D SPACE',''
  ) );
#3121 = PCURVE('',#1707,#3122);
#3122 = DEFINITIONAL_REPRESENTATION('',(#3123),#3133);
#3123 = B_SPLINE_CURVE_WITH_KNOTS('',8,(#3124,#3125,#3126,#3127,#3128,
    #3129,#3130,#3131,#3132),.UNSPECIFIED.,.F.,.F.,(9,9),(1.110795779351
    ,2.763884362661),.PIECEWISE_BEZIER_KNOTS.);
#3124 = CARTESIAN_POINT('',(0.392449236522,5.341508487623));
#3125 = CARTESIAN_POINT('',(0.599085309436,4.621417843921));
#3126 = CARTESIAN_POINT('',(0.805721382347,3.817073982002));
#3127 = CARTESIAN_POINT('',(1.012357455268,2.975332459058));
#3128 = CARTESIAN_POINT('',(1.218993528165,2.15070557758));
#3129 = CARTESIAN_POINT('',(1.425629601096,1.399034912802));
#3130 = CARTESIAN_POINT('',(1.632265674002,0.769143485242));
#3131 = CARTESIAN_POINT('',(1.838901746918,0.296369550619));
#3132 = CARTESIAN_POINT('',(2.045537819832,-5.999999928008E-07));
#3133 = ( GEOMETRIC_REPRESENTATION_CONTEXT(2)
PARAMETRIC_REPRESENTATION_CONTEXT() REPRESENTATION_CONTEXT('2D SPACE',''
  ) );
#3134 = ORIENTED_EDGE('',*,*,#1722,.T.);
#3135 = ORIENTED_EDGE('',*,*,#3084,.T.);
#3136 = FACE_BOUND('',#3137,.F.);
#3137 = EDGE_LOOP('',(#3138));
#3138 = ORIENTED_EDGE('',*,*,#3139,.T.);
#3139 = EDGE_CURVE('',#3140,#3140,#3142,.T.);
#3140 = VERTEX_POINT('',#3141);
#3141 = CARTESIAN_POINT('',(-19.6,7.16,530.));
#3142 = SURFACE_CURVE('',#3143,(#3148,#3159),.PCURVE_S1.);
#3143 = CIRCLE('',#3144,4.6);
#3144 = AXIS2_PLACEMENT_3D('',#3145,#3146,#3147);
#3145 = CARTESIAN_POINT('',(-15.,7.16,530.));
#3146 = DIRECTION('',(-1.110223024625E-16,-1.,-0.));
#3147 = DIRECTION('',(-1.,1.110223024625E-16,0.));
#3148 = PCURVE('',#1739,#3149);
#3149 = DEFINITIONAL_REPRESENTATION('',(#3150),#3158);
#3150 = ( BOUNDED_CURVE() B_SPLINE_CURVE(2,(#3151,#3152,#3153,#3154,
#3155,#3156,#3157),.UNSPECIFIED.,.T.,.F.) B_SPLINE_CURVE_WITH_KNOTS((1,2
    ,2,2,2,1),(-2.094395102393,0.,2.094395102393,4.188790204786,
6.28318530718,8.377580409573),.UNSPECIFIED.) CURVE()
GEOMETRIC_REPRESENTATION_ITEM() RATIONAL_B_SPLINE_CURVE((1.,0.5,1.,0.5,
1.,0.5,1.)) REPRESENTATION_ITEM('') );
#3151 = CARTESIAN_POINT('',(0.,-4.6));
#3152 = CARTESIAN_POINT('',(-7.967433714817,-4.6));
#3153 = CARTESIAN_POINT('',(-3.983716857408,2.3));
#3154 = CARTESIAN_POINT('',(-1.126675055216E-15,9.2));
#3155 = CARTESIAN_POINT('',(3.983716857408,2.3));
#3156 = CARTESIAN_POINT('',(7.967433714817,-4.6));
#3157 = CARTESIAN_POINT('',(0.,-4.6));
#3158 = ( GEOMETRIC_REPRESENTATION_CONTEXT(2)
PARAMETRIC_REPRESENTATION_CONTEXT() REPRESENTATION_CONTEXT('2D SPACE',''
  ) );
#3159 = PCURVE('',#2292,#3160);
#3160 = DEFINITIONAL_REPRESENTATION('',(#3161),#3165);
#3161 = LINE('',#3162,#3163);
#3162 = CARTESIAN_POINT('',(-6.28318530718,-1.E-02));
#3163 = VECTOR('',#3164,1.);
#3164 = DIRECTION('',(1.,-0.));
#3165 = ( GEOMETRIC_REPRESENTATION_CONTEXT(2)
PARAMETRIC_REPRESENTATION_CONTEXT() REPRESENTATION_CONTEXT('2D SPACE',''
  ) );
#3166 = ADVANCED_FACE('',(#3167),#1707,.T.);
#3167 = FACE_BOUND('',#3168,.T.);
#3168 = EDGE_LOOP('',(#3169,#3170,#3171));
#3169 = ORIENTED_EDGE('',*,*,#1685,.F.);
#3170 = ORIENTED_EDGE('',*,*,#3060,.T.);
#3171 = ORIENTED_EDGE('',*,*,#3107,.F.);
#3172 = ADVANCED_FACE('',(#3173,#3176),#1819,.T.);
#3173 = FACE_BOUND('',#3174,.T.);
#3174 = EDGE_LOOP('',(#3175));
#3175 = ORIENTED_EDGE('',*,*,#1804,.T.);
#3176 = FACE_BOUND('',#3177,.T.);
#3177 = EDGE_LOOP('',(#3178));
#3178 = ORIENTED_EDGE('',*,*,#3179,.T.);
#3179 = EDGE_CURVE('',#3180,#3180,#3182,.T.);
#3180 = VERTEX_POINT('',#3181);
#3181 = CARTESIAN_POINT('',(-1.5,2.075,475.));
#3182 = SURFACE_CURVE('',#3183,(#3188,#3199),.PCURVE_S1.);
#3183 = CIRCLE('',#3184,2.075);
#3184 = AXIS2_PLACEMENT_3D('',#3185,#3186,#3187);
#3185 = CARTESIAN_POINT('',(-1.5,0.,475.));
#3186 = DIRECTION('',(-1.,0.,0.));
#3187 = DIRECTION('',(0.,1.,0.));
#3188 = PCURVE('',#1819,#3189);
#3189 = DEFINITIONAL_REPRESENTATION('',(#3190),#3198);
#3190 = ( BOUNDED_CURVE() B_SPLINE_CURVE(2,(#3191,#3192,#3193,#3194,
#3195,#3196,#3197),.UNSPECIFIED.,.T.,.F.) B_SPLINE_CURVE_WITH_KNOTS((1,2
    ,2,2,2,1),(-2.094395102393,0.,2.094395102393,4.188790204786,
6.28318530718,8.377580409573),.UNSPECIFIED.) CURVE()
GEOMETRIC_REPRESENTATION_ITEM() RATIONAL_B_SPLINE_CURVE((1.,0.5,1.,0.5,
1.,0.5,1.)) REPRESENTATION_ITEM('') );
#3191 = CARTESIAN_POINT('',(0.,-2.075));
#3192 = CARTESIAN_POINT('',(-3.594005425705,-2.075));
#3193 = CARTESIAN_POINT('',(-1.797002712853,1.0375));
#3194 = CARTESIAN_POINT('',(-5.082284216462E-16,4.15));
#3195 = CARTESIAN_POINT('',(1.797002712853,1.0375));
#3196 = CARTESIAN_POINT('',(3.594005425705,-2.075));
#3197 = CARTESIAN_POINT('',(0.,-2.075));
#3198 = ( GEOMETRIC_REPRESENTATION_CONTEXT(2)
PARAMETRIC_REPRESENTATION_CONTEXT() REPRESENTATION_CONTEXT('2D SPACE',''
  ) );
#3199 = PCURVE('',#3200,#3205);
#3200 = CYLINDRICAL_SURFACE('',#3201,2.075);
#3201 = AXIS2_PLACEMENT_3D('',#3202,#3203,#3204);
#3202 = CARTESIAN_POINT('',(-3.6,0.,475.));
#3203 = DIRECTION('',(-1.,-0.,-0.));
#3204 = DIRECTION('',(0.,1.,0.));
#3205 = DEFINITIONAL_REPRESENTATION('',(#3206),#3210);
#3206 = LINE('',#3207,#3208);
#3207 = CARTESIAN_POINT('',(-6.28318530718,-2.1));
#3208 = VECTOR('',#3209,1.);
#3209 = DIRECTION('',(1.,-0.));
#3210 = ( GEOMETRIC_REPRESENTATION_CONTEXT(2)
PARAMETRIC_REPRESENTATION_CONTEXT() REPRESENTATION_CONTEXT('2D SPACE',''
  ) );
#3211 = ADVANCED_FACE('',(#3212),#1852,.T.);
#3212 = FACE_BOUND('',#3213,.T.);
#3213 = EDGE_LOOP('',(#3214,#3244,#3265,#3266,#3289,#3317));
#3214 = ORIENTED_EDGE('',*,*,#3215,.F.);
#3215 = EDGE_CURVE('',#3216,#3218,#3220,.T.);
#3216 = VERTEX_POINT('',#3217);
#3217 = CARTESIAN_POINT('',(-8.75,1.75,477.65));
#3218 = VERTEX_POINT('',#3219);
#3219 = CARTESIAN_POINT('',(-8.75,1.75,478.75));
#3220 = SURFACE_CURVE('',#3221,(#3225,#3232),.PCURVE_S1.);
#3221 = LINE('',#3222,#3223);
#3222 = CARTESIAN_POINT('',(-8.75,1.75,477.65));
#3223 = VECTOR('',#3224,1.);
#3224 = DIRECTION('',(0.,0.,1.));
#3225 = PCURVE('',#1852,#3226);
#3226 = DEFINITIONAL_REPRESENTATION('',(#3227),#3231);
#3227 = LINE('',#3228,#3229);
#3228 = CARTESIAN_POINT('',(0.,0.));
#3229 = VECTOR('',#3230,1.);
#3230 = DIRECTION('',(1.,0.));
#3231 = ( GEOMETRIC_REPRESENTATION_CONTEXT(2)
PARAMETRIC_REPRESENTATION_CONTEXT() REPRESENTATION_CONTEXT('2D SPACE',''
  ) );
#3232 = PCURVE('',#3233,#3238);
#3233 = PLANE('',#3234);
#3234 = AXIS2_PLACEMENT_3D('',#3235,#3236,#3237);
#3235 = CARTESIAN_POINT('',(-6.395816982152,1.75,478.2974314905));
#3236 = DIRECTION('',(0.,1.,0.));
#3237 = DIRECTION('',(0.,-0.,1.));
#3238 = DEFINITIONAL_REPRESENTATION('',(#3239),#3243);
#3239 = LINE('',#3240,#3241);
#3240 = CARTESIAN_POINT('',(-0.647431490505,-2.354183017848));
#3241 = VECTOR('',#3242,1.);
#3242 = DIRECTION('',(1.,0.));
#3243 = ( GEOMETRIC_REPRESENTATION_CONTEXT(2)
PARAMETRIC_REPRESENTATION_CONTEXT() REPRESENTATION_CONTEXT('2D SPACE',''
  ) );
#3244 = ORIENTED_EDGE('',*,*,#3245,.T.);
#3245 = EDGE_CURVE('',#3216,#1836,#3246,.T.);
#3246 = SURFACE_CURVE('',#3247,(#3251,#3258),.PCURVE_S1.);
#3247 = LINE('',#3248,#3249);
#3248 = CARTESIAN_POINT('',(-8.75,1.75,477.65));
#3249 = VECTOR('',#3250,1.);
#3250 = DIRECTION('',(0.,-1.,0.));
#3251 = PCURVE('',#1852,#3252);
#3252 = DEFINITIONAL_REPRESENTATION('',(#3253),#3257);
#3253 = LINE('',#3254,#3255);
#3254 = CARTESIAN_POINT('',(0.,0.));
#3255 = VECTOR('',#3256,1.);
#3256 = DIRECTION('',(0.,-1.));
#3257 = ( GEOMETRIC_REPRESENTATION_CONTEXT(2)
PARAMETRIC_REPRESENTATION_CONTEXT() REPRESENTATION_CONTEXT('2D SPACE',''
  ) );
#3258 = PCURVE('',#1939,#3259);
#3259 = DEFINITIONAL_REPRESENTATION('',(#3260),#3264);
#3260 = LINE('',#3261,#3262);
#3261 = CARTESIAN_POINT('',(5.,0.));
#3262 = VECTOR('',#3263,1.);
#3263 = DIRECTION('',(0.,-1.));
#3264 = ( GEOMETRIC_REPRESENTATION_CONTEXT(2)
PARAMETRIC_REPRESENTATION_CONTEXT() REPRESENTATION_CONTEXT('2D SPACE',''
  ) );
#3265 = ORIENTED_EDGE('',*,*,#1833,.F.);
#3266 = ORIENTED_EDGE('',*,*,#3267,.T.);
#3267 = EDGE_CURVE('',#1834,#3268,#3270,.T.);
#3268 = VERTEX_POINT('',#3269);
#3269 = CARTESIAN_POINT('',(-8.75,-1.75,477.65));
#3270 = SURFACE_CURVE('',#3271,(#3275,#3282),.PCURVE_S1.);
#3271 = LINE('',#3272,#3273);
#3272 = CARTESIAN_POINT('',(-8.75,1.75,477.65));
#3273 = VECTOR('',#3274,1.);
#3274 = DIRECTION('',(0.,-1.,0.));
#3275 = PCURVE('',#1852,#3276);
#3276 = DEFINITIONAL_REPRESENTATION('',(#3277),#3281);
#3277 = LINE('',#3278,#3279);
#3278 = CARTESIAN_POINT('',(0.,0.));
#3279 = VECTOR('',#3280,1.);
#3280 = DIRECTION('',(0.,-1.));
#3281 = ( GEOMETRIC_REPRESENTATION_CONTEXT(2)
PARAMETRIC_REPRESENTATION_CONTEXT() REPRESENTATION_CONTEXT('2D SPACE',''
  ) );
#3282 = PCURVE('',#1880,#3283);
#3283 = DEFINITIONAL_REPRESENTATION('',(#3284),#3288);
#3284 = LINE('',#3285,#3286);
#3285 = CARTESIAN_POINT('',(5.,0.));
#3286 = VECTOR('',#3287,1.);
#3287 = DIRECTION('',(0.,-1.));
#3288 = ( GEOMETRIC_REPRESENTATION_CONTEXT(2)
PARAMETRIC_REPRESENTATION_CONTEXT() REPRESENTATION_CONTEXT('2D SPACE',''
  ) );
#3289 = ORIENTED_EDGE('',*,*,#3290,.T.);
#3290 = EDGE_CURVE('',#3268,#3291,#3293,.T.);
#3291 = VERTEX_POINT('',#3292);
#3292 = CARTESIAN_POINT('',(-8.75,-1.75,478.75));
#3293 = SURFACE_CURVE('',#3294,(#3298,#3305),.PCURVE_S1.);
#3294 = LINE('',#3295,#3296);
#3295 = CARTESIAN_POINT('',(-8.75,-1.75,477.65));
#3296 = VECTOR('',#3297,1.);
#3297 = DIRECTION('',(0.,0.,1.));
#3298 = PCURVE('',#1852,#3299);
#3299 = DEFINITIONAL_REPRESENTATION('',(#3300),#3304);
#3300 = LINE('',#3301,#3302);
#3301 = CARTESIAN_POINT('',(0.,-3.5));
#3302 = VECTOR('',#3303,1.);
#3303 = DIRECTION('',(1.,0.));
#3304 = ( GEOMETRIC_REPRESENTATION_CONTEXT(2)
PARAMETRIC_REPRESENTATION_CONTEXT() REPRESENTATION_CONTEXT('2D SPACE',''
  ) );
#3305 = PCURVE('',#3306,#3311);
#3306 = PLANE('',#3307);
#3307 = AXIS2_PLACEMENT_3D('',#3308,#3309,#3310);
#3308 = CARTESIAN_POINT('',(-6.395816982152,-1.75,478.2974314905));
#3309 = DIRECTION('',(0.,1.,0.));
#3310 = DIRECTION('',(0.,-0.,1.));
#3311 = DEFINITIONAL_REPRESENTATION('',(#3312),#3316);
#3312 = LINE('',#3313,#3314);
#3313 = CARTESIAN_POINT('',(-0.647431490505,-2.354183017848));
#3314 = VECTOR('',#3315,1.);
#3315 = DIRECTION('',(1.,0.));
#3316 = ( GEOMETRIC_REPRESENTATION_CONTEXT(2)
PARAMETRIC_REPRESENTATION_CONTEXT() REPRESENTATION_CONTEXT('2D SPACE',''
  ) );
#3317 = ORIENTED_EDGE('',*,*,#3318,.F.);
#3318 = EDGE_CURVE('',#3218,#3291,#3319,.T.);
#3319 = SURFACE_CURVE('',#3320,(#3324,#3331),.PCURVE_S1.);
#3320 = LINE('',#3321,#3322);
#3321 = CARTESIAN_POINT('',(-8.75,1.75,478.75));
#3322 = VECTOR('',#3323,1.);
#3323 = DIRECTION('',(0.,-1.,0.));
#3324 = PCURVE('',#1852,#3325);
#3325 = DEFINITIONAL_REPRESENTATION('',(#3326),#3330);
#3326 = LINE('',#3327,#3328);
#3327 = CARTESIAN_POINT('',(1.1,0.));
#3328 = VECTOR('',#3329,1.);
#3329 = DIRECTION('',(0.,-1.));
#3330 = ( GEOMETRIC_REPRESENTATION_CONTEXT(2)
PARAMETRIC_REPRESENTATION_CONTEXT() REPRESENTATION_CONTEXT('2D SPACE',''
  ) );
#3331 = PCURVE('',#3332,#3337);
#3332 = PLANE('',#3333);
#3333 = AXIS2_PLACEMENT_3D('',#3334,#3335,#3336);
#3334 = CARTESIAN_POINT('',(-8.75,1.75,478.75));
#3335 = DIRECTION('',(-0.533992991388,0.,0.845488903031));
#3336 = DIRECTION('',(0.845488903031,0.,0.533992991388));
#3337 = DEFINITIONAL_REPRESENTATION('',(#3338),#3342);
#3338 = LINE('',#3339,#3340);
#3339 = CARTESIAN_POINT('',(0.,0.));
#3340 = VECTOR('',#3341,1.);
#3341 = DIRECTION('',(0.,-1.));
#3342 = ( GEOMETRIC_REPRESENTATION_CONTEXT(2)
PARAMETRIC_REPRESENTATION_CONTEXT() REPRESENTATION_CONTEXT('2D SPACE',''
  ) );
#3343 = ADVANCED_FACE('',(#3344),#1880,.T.);
#3344 = FACE_BOUND('',#3345,.T.);
#3345 = EDGE_LOOP('',(#3346,#3347,#3370,#3391));
#3346 = ORIENTED_EDGE('',*,*,#1864,.F.);
#3347 = ORIENTED_EDGE('',*,*,#3348,.T.);
#3348 = EDGE_CURVE('',#1865,#3349,#3351,.T.);
#3349 = VERTEX_POINT('',#3350);
#3350 = CARTESIAN_POINT('',(-3.75,-1.75,477.65));
#3351 = SURFACE_CURVE('',#3352,(#3356,#3363),.PCURVE_S1.);
#3352 = LINE('',#3353,#3354);
#3353 = CARTESIAN_POINT('',(-3.75,1.75,477.65));
#3354 = VECTOR('',#3355,1.);
#3355 = DIRECTION('',(0.,-1.,0.));
#3356 = PCURVE('',#1880,#3357);
#3357 = DEFINITIONAL_REPRESENTATION('',(#3358),#3362);
#3358 = LINE('',#3359,#3360);
#3359 = CARTESIAN_POINT('',(0.,0.));
#3360 = VECTOR('',#3361,1.);
#3361 = DIRECTION('',(0.,-1.));
#3362 = ( GEOMETRIC_REPRESENTATION_CONTEXT(2)
PARAMETRIC_REPRESENTATION_CONTEXT() REPRESENTATION_CONTEXT('2D SPACE',''
  ) );
#3363 = PCURVE('',#1913,#3364);
#3364 = DEFINITIONAL_REPRESENTATION('',(#3365),#3369);
#3365 = LINE('',#3366,#3367);
#3366 = CARTESIAN_POINT('',(1.329247907653,0.));
#3367 = VECTOR('',#3368,1.);
#3368 = DIRECTION('',(0.,-1.));
#3369 = ( GEOMETRIC_REPRESENTATION_CONTEXT(2)
PARAMETRIC_REPRESENTATION_CONTEXT() REPRESENTATION_CONTEXT('2D SPACE',''
  ) );
#3370 = ORIENTED_EDGE('',*,*,#3371,.T.);
#3371 = EDGE_CURVE('',#3349,#3268,#3372,.T.);
#3372 = SURFACE_CURVE('',#3373,(#3377,#3384),.PCURVE_S1.);
#3373 = LINE('',#3374,#3375);
#3374 = CARTESIAN_POINT('',(-3.75,-1.75,477.65));
#3375 = VECTOR('',#3376,1.);
#3376 = DIRECTION('',(-1.,0.,0.));
#3377 = PCURVE('',#1880,#3378);
#3378 = DEFINITIONAL_REPRESENTATION('',(#3379),#3383);
#3379 = LINE('',#3380,#3381);
#3380 = CARTESIAN_POINT('',(0.,-3.5));
#3381 = VECTOR('',#3382,1.);
#3382 = DIRECTION('',(1.,0.));
#3383 = ( GEOMETRIC_REPRESENTATION_CONTEXT(2)
PARAMETRIC_REPRESENTATION_CONTEXT() REPRESENTATION_CONTEXT('2D SPACE',''
  ) );
#3384 = PCURVE('',#3306,#3385);
#3385 = DEFINITIONAL_REPRESENTATION('',(#3386),#3390);
#3386 = LINE('',#3387,#3388);
#3387 = CARTESIAN_POINT('',(-0.647431490505,2.645816982152));
#3388 = VECTOR('',#3389,1.);
#3389 = DIRECTION('',(0.,-1.));
#3390 = ( GEOMETRIC_REPRESENTATION_CONTEXT(2)
PARAMETRIC_REPRESENTATION_CONTEXT() REPRESENTATION_CONTEXT('2D SPACE',''
  ) );
#3391 = ORIENTED_EDGE('',*,*,#3267,.F.);
#3392 = ADVANCED_FACE('',(#3393),#1939,.T.);
#3393 = FACE_BOUND('',#3394,.T.);
#3394 = EDGE_LOOP('',(#3395,#3418,#3439,#3440));
#3395 = ORIENTED_EDGE('',*,*,#3396,.F.);
#3396 = EDGE_CURVE('',#3397,#3216,#3399,.T.);
#3397 = VERTEX_POINT('',#3398);
#3398 = CARTESIAN_POINT('',(-3.75,1.75,477.65));
#3399 = SURFACE_CURVE('',#3400,(#3404,#3411),.PCURVE_S1.);
#3400 = LINE('',#3401,#3402);
#3401 = CARTESIAN_POINT('',(-3.75,1.75,477.65));
#3402 = VECTOR('',#3403,1.);
#3403 = DIRECTION('',(-1.,0.,0.));
#3404 = PCURVE('',#1939,#3405);
#3405 = DEFINITIONAL_REPRESENTATION('',(#3406),#3410);
#3406 = LINE('',#3407,#3408);
#3407 = CARTESIAN_POINT('',(0.,0.));
#3408 = VECTOR('',#3409,1.);
#3409 = DIRECTION('',(1.,0.));
#3410 = ( GEOMETRIC_REPRESENTATION_CONTEXT(2)
PARAMETRIC_REPRESENTATION_CONTEXT() REPRESENTATION_CONTEXT('2D SPACE',''
  ) );
#3411 = PCURVE('',#3233,#3412);
#3412 = DEFINITIONAL_REPRESENTATION('',(#3413),#3417);
#3413 = LINE('',#3414,#3415);
#3414 = CARTESIAN_POINT('',(-0.647431490505,2.645816982152));
#3415 = VECTOR('',#3416,1.);
#3416 = DIRECTION('',(0.,-1.));
#3417 = ( GEOMETRIC_REPRESENTATION_CONTEXT(2)
PARAMETRIC_REPRESENTATION_CONTEXT() REPRESENTATION_CONTEXT('2D SPACE',''
  ) );
#3418 = ORIENTED_EDGE('',*,*,#3419,.T.);
#3419 = EDGE_CURVE('',#3397,#1893,#3420,.T.);
#3420 = SURFACE_CURVE('',#3421,(#3425,#3432),.PCURVE_S1.);
#3421 = LINE('',#3422,#3423);
#3422 = CARTESIAN_POINT('',(-3.75,1.75,477.65));
#3423 = VECTOR('',#3424,1.);
#3424 = DIRECTION('',(0.,-1.,0.));
#3425 = PCURVE('',#1939,#3426);
#3426 = DEFINITIONAL_REPRESENTATION('',(#3427),#3431);
#3427 = LINE('',#3428,#3429);
#3428 = CARTESIAN_POINT('',(0.,0.));
#3429 = VECTOR('',#3430,1.);
#3430 = DIRECTION('',(0.,-1.));
#3431 = ( GEOMETRIC_REPRESENTATION_CONTEXT(2)
PARAMETRIC_REPRESENTATION_CONTEXT() REPRESENTATION_CONTEXT('2D SPACE',''
  ) );
#3432 = PCURVE('',#1913,#3433);
#3433 = DEFINITIONAL_REPRESENTATION('',(#3434),#3438);
#3434 = LINE('',#3435,#3436);
#3435 = CARTESIAN_POINT('',(1.329247907653,0.));
#3436 = VECTOR('',#3437,1.);
#3437 = DIRECTION('',(0.,-1.));
#3438 = ( GEOMETRIC_REPRESENTATION_CONTEXT(2)
PARAMETRIC_REPRESENTATION_CONTEXT() REPRESENTATION_CONTEXT('2D SPACE',''
  ) );
#3439 = ORIENTED_EDGE('',*,*,#1925,.T.);
#3440 = ORIENTED_EDGE('',*,*,#3245,.F.);
#3441 = ADVANCED_FACE('',(#3442),#1913,.T.);
#3442 = FACE_BOUND('',#3443,.T.);
#3443 = EDGE_LOOP('',(#3444,#3467,#3495,#3516,#3517,#3518));
#3444 = ORIENTED_EDGE('',*,*,#3445,.F.);
#3445 = EDGE_CURVE('',#3446,#3397,#3448,.T.);
#3446 = VERTEX_POINT('',#3447);
#3447 = CARTESIAN_POINT('',(-4.45,1.75,478.78));
#3448 = SURFACE_CURVE('',#3449,(#3453,#3460),.PCURVE_S1.);
#3449 = LINE('',#3450,#3451);
#3450 = CARTESIAN_POINT('',(-4.45,1.75,478.78));
#3451 = VECTOR('',#3452,1.);
#3452 = DIRECTION('',(0.526613580484,0.,-0.850104779924));
#3453 = PCURVE('',#1913,#3454);
#3454 = DEFINITIONAL_REPRESENTATION('',(#3455),#3459);
#3455 = LINE('',#3456,#3457);
#3456 = CARTESIAN_POINT('',(0.,0.));
#3457 = VECTOR('',#3458,1.);
#3458 = DIRECTION('',(1.,0.));
#3459 = ( GEOMETRIC_REPRESENTATION_CONTEXT(2)
PARAMETRIC_REPRESENTATION_CONTEXT() REPRESENTATION_CONTEXT('2D SPACE',''
  ) );
#3460 = PCURVE('',#3233,#3461);
#3461 = DEFINITIONAL_REPRESENTATION('',(#3462),#3466);
#3462 = LINE('',#3463,#3464);
#3463 = CARTESIAN_POINT('',(0.482568509495,1.945816982152));
#3464 = VECTOR('',#3465,1.);
#3465 = DIRECTION('',(-0.850104779924,0.526613580484));
#3466 = ( GEOMETRIC_REPRESENTATION_CONTEXT(2)
PARAMETRIC_REPRESENTATION_CONTEXT() REPRESENTATION_CONTEXT('2D SPACE',''
  ) );
#3467 = ORIENTED_EDGE('',*,*,#3468,.T.);
#3468 = EDGE_CURVE('',#3446,#3469,#3471,.T.);
#3469 = VERTEX_POINT('',#3470);
#3470 = CARTESIAN_POINT('',(-4.45,-1.75,478.78));
#3471 = SURFACE_CURVE('',#3472,(#3476,#3483),.PCURVE_S1.);
#3472 = LINE('',#3473,#3474);
#3473 = CARTESIAN_POINT('',(-4.45,1.75,478.78));
#3474 = VECTOR('',#3475,1.);
#3475 = DIRECTION('',(0.,-1.,0.));
#3476 = PCURVE('',#1913,#3477);
#3477 = DEFINITIONAL_REPRESENTATION('',(#3478),#3482);
#3478 = LINE('',#3479,#3480);
#3479 = CARTESIAN_POINT('',(0.,0.));
#3480 = VECTOR('',#3481,1.);
#3481 = DIRECTION('',(0.,-1.));
#3482 = ( GEOMETRIC_REPRESENTATION_CONTEXT(2)
PARAMETRIC_REPRESENTATION_CONTEXT() REPRESENTATION_CONTEXT('2D SPACE',''
  ) );
#3483 = PCURVE('',#3484,#3489);
#3484 = PLANE('',#3485);
#3485 = AXIS2_PLACEMENT_3D('',#3486,#3487,#3488);
#3486 = CARTESIAN_POINT('',(-7.8,1.75,479.35));
#3487 = DIRECTION('',(0.167738498326,0.,0.985831525251));
#3488 = DIRECTION('',(0.985831525251,0.,-0.167738498326));
#3489 = DEFINITIONAL_REPRESENTATION('',(#3490),#3494);
#3490 = LINE('',#3491,#3492);
#3491 = CARTESIAN_POINT('',(3.398146553638,0.));
#3492 = VECTOR('',#3493,1.);
#3493 = DIRECTION('',(0.,-1.));
#3494 = ( GEOMETRIC_REPRESENTATION_CONTEXT(2)
PARAMETRIC_REPRESENTATION_CONTEXT() REPRESENTATION_CONTEXT('2D SPACE',''
  ) );
#3495 = ORIENTED_EDGE('',*,*,#3496,.T.);
#3496 = EDGE_CURVE('',#3469,#3349,#3497,.T.);
#3497 = SURFACE_CURVE('',#3498,(#3502,#3509),.PCURVE_S1.);
#3498 = LINE('',#3499,#3500);
#3499 = CARTESIAN_POINT('',(-4.45,-1.75,478.78));
#3500 = VECTOR('',#3501,1.);
#3501 = DIRECTION('',(0.526613580484,0.,-0.850104779924));
#3502 = PCURVE('',#1913,#3503);
#3503 = DEFINITIONAL_REPRESENTATION('',(#3504),#3508);
#3504 = LINE('',#3505,#3506);
#3505 = CARTESIAN_POINT('',(0.,-3.5));
#3506 = VECTOR('',#3507,1.);
#3507 = DIRECTION('',(1.,0.));
#3508 = ( GEOMETRIC_REPRESENTATION_CONTEXT(2)
PARAMETRIC_REPRESENTATION_CONTEXT() REPRESENTATION_CONTEXT('2D SPACE',''
  ) );
#3509 = PCURVE('',#3306,#3510);
#3510 = DEFINITIONAL_REPRESENTATION('',(#3511),#3515);
#3511 = LINE('',#3512,#3513);
#3512 = CARTESIAN_POINT('',(0.482568509495,1.945816982152));
#3513 = VECTOR('',#3514,1.);
#3514 = DIRECTION('',(-0.850104779924,0.526613580484));
#3515 = ( GEOMETRIC_REPRESENTATION_CONTEXT(2)
PARAMETRIC_REPRESENTATION_CONTEXT() REPRESENTATION_CONTEXT('2D SPACE',''
  ) );
#3516 = ORIENTED_EDGE('',*,*,#3348,.F.);
#3517 = ORIENTED_EDGE('',*,*,#1892,.F.);
#3518 = ORIENTED_EDGE('',*,*,#3419,.F.);
#3519 = ADVANCED_FACE('',(#3520),#1976,.T.);
#3520 = FACE_BOUND('',#3521,.T.);
#3521 = EDGE_LOOP('',(#3522,#3552,#3573,#3574,#3597,#3625));
#3522 = ORIENTED_EDGE('',*,*,#3523,.F.);
#3523 = EDGE_CURVE('',#3524,#3526,#3528,.T.);
#3524 = VERTEX_POINT('',#3525);
#3525 = CARTESIAN_POINT('',(-3.75,1.75,472.35));
#3526 = VERTEX_POINT('',#3527);
#3527 = CARTESIAN_POINT('',(-4.45,1.75,471.22));
#3528 = SURFACE_CURVE('',#3529,(#3533,#3540),.PCURVE_S1.);
#3529 = LINE('',#3530,#3531);
#3530 = CARTESIAN_POINT('',(-3.75,1.75,472.35));
#3531 = VECTOR('',#3532,1.);
#3532 = DIRECTION('',(-0.526613580484,0.,-0.850104779924));
#3533 = PCURVE('',#1976,#3534);
#3534 = DEFINITIONAL_REPRESENTATION('',(#3535),#3539);
#3535 = LINE('',#3536,#3537);
#3536 = CARTESIAN_POINT('',(0.,0.));
#3537 = VECTOR('',#3538,1.);
#3538 = DIRECTION('',(1.,0.));
#3539 = ( GEOMETRIC_REPRESENTATION_CONTEXT(2)
PARAMETRIC_REPRESENTATION_CONTEXT() REPRESENTATION_CONTEXT('2D SPACE',''
  ) );
#3540 = PCURVE('',#3541,#3546);
#3541 = PLANE('',#3542);
#3542 = AXIS2_PLACEMENT_3D('',#3543,#3544,#3545);
#3543 = CARTESIAN_POINT('',(-6.395816982152,1.75,471.70256850949));
#3544 = DIRECTION('',(0.,1.,0.));
#3545 = DIRECTION('',(0.,-0.,1.));
#3546 = DEFINITIONAL_REPRESENTATION('',(#3547),#3551);
#3547 = LINE('',#3548,#3549);
#3548 = CARTESIAN_POINT('',(0.647431490505,2.645816982152));
#3549 = VECTOR('',#3550,1.);
#3550 = DIRECTION('',(-0.850104779924,-0.526613580484));
#3551 = ( GEOMETRIC_REPRESENTATION_CONTEXT(2)
PARAMETRIC_REPRESENTATION_CONTEXT() REPRESENTATION_CONTEXT('2D SPACE',''
  ) );
#3552 = ORIENTED_EDGE('',*,*,#3553,.T.);
#3553 = EDGE_CURVE('',#3524,#1956,#3554,.T.);
#3554 = SURFACE_CURVE('',#3555,(#3559,#3566),.PCURVE_S1.);
#3555 = LINE('',#3556,#3557);
#3556 = CARTESIAN_POINT('',(-3.75,1.75,472.35));
#3557 = VECTOR('',#3558,1.);
#3558 = DIRECTION('',(0.,-1.,0.));
#3559 = PCURVE('',#1976,#3560);
#3560 = DEFINITIONAL_REPRESENTATION('',(#3561),#3565);
#3561 = LINE('',#3562,#3563);
#3562 = CARTESIAN_POINT('',(0.,0.));
#3563 = VECTOR('',#3564,1.);
#3564 = DIRECTION('',(-0.,-1.));
#3565 = ( GEOMETRIC_REPRESENTATION_CONTEXT(2)
PARAMETRIC_REPRESENTATION_CONTEXT() REPRESENTATION_CONTEXT('2D SPACE',''
  ) );
#3566 = PCURVE('',#2059,#3567);
#3567 = DEFINITIONAL_REPRESENTATION('',(#3568),#3572);
#3568 = LINE('',#3569,#3570);
#3569 = CARTESIAN_POINT('',(5.,0.));
#3570 = VECTOR('',#3571,1.);
#3571 = DIRECTION('',(0.,-1.));
#3572 = ( GEOMETRIC_REPRESENTATION_CONTEXT(2)
PARAMETRIC_REPRESENTATION_CONTEXT() REPRESENTATION_CONTEXT('2D SPACE',''
  ) );
#3573 = ORIENTED_EDGE('',*,*,#1953,.F.);
#3574 = ORIENTED_EDGE('',*,*,#3575,.T.);
#3575 = EDGE_CURVE('',#1954,#3576,#3578,.T.);
#3576 = VERTEX_POINT('',#3577);
#3577 = CARTESIAN_POINT('',(-3.75,-1.75,472.35));
#3578 = SURFACE_CURVE('',#3579,(#3583,#3590),.PCURVE_S1.);
#3579 = LINE('',#3580,#3581);
#3580 = CARTESIAN_POINT('',(-3.75,1.75,472.35));
#3581 = VECTOR('',#3582,1.);
#3582 = DIRECTION('',(0.,-1.,0.));
#3583 = PCURVE('',#1976,#3584);
#3584 = DEFINITIONAL_REPRESENTATION('',(#3585),#3589);
#3585 = LINE('',#3586,#3587);
#3586 = CARTESIAN_POINT('',(0.,0.));
#3587 = VECTOR('',#3588,1.);
#3588 = DIRECTION('',(-0.,-1.));
#3589 = ( GEOMETRIC_REPRESENTATION_CONTEXT(2)
PARAMETRIC_REPRESENTATION_CONTEXT() REPRESENTATION_CONTEXT('2D SPACE',''
  ) );
#3590 = PCURVE('',#2004,#3591);
#3591 = DEFINITIONAL_REPRESENTATION('',(#3592),#3596);
#3592 = LINE('',#3593,#3594);
#3593 = CARTESIAN_POINT('',(5.,0.));
#3594 = VECTOR('',#3595,1.);
#3595 = DIRECTION('',(0.,-1.));
#3596 = ( GEOMETRIC_REPRESENTATION_CONTEXT(2)
PARAMETRIC_REPRESENTATION_CONTEXT() REPRESENTATION_CONTEXT('2D SPACE',''
  ) );
#3597 = ORIENTED_EDGE('',*,*,#3598,.T.);
#3598 = EDGE_CURVE('',#3576,#3599,#3601,.T.);
#3599 = VERTEX_POINT('',#3600);
#3600 = CARTESIAN_POINT('',(-4.45,-1.75,471.22));
#3601 = SURFACE_CURVE('',#3602,(#3606,#3613),.PCURVE_S1.);
#3602 = LINE('',#3603,#3604);
#3603 = CARTESIAN_POINT('',(-3.75,-1.75,472.35));
#3604 = VECTOR('',#3605,1.);
#3605 = DIRECTION('',(-0.526613580484,0.,-0.850104779924));
#3606 = PCURVE('',#1976,#3607);
#3607 = DEFINITIONAL_REPRESENTATION('',(#3608),#3612);
#3608 = LINE('',#3609,#3610);
#3609 = CARTESIAN_POINT('',(-0.,-3.5));
#3610 = VECTOR('',#3611,1.);
#3611 = DIRECTION('',(1.,0.));
#3612 = ( GEOMETRIC_REPRESENTATION_CONTEXT(2)
PARAMETRIC_REPRESENTATION_CONTEXT() REPRESENTATION_CONTEXT('2D SPACE',''
  ) );
#3613 = PCURVE('',#3614,#3619);
#3614 = PLANE('',#3615);
#3615 = AXIS2_PLACEMENT_3D('',#3616,#3617,#3618);
#3616 = CARTESIAN_POINT('',(-6.395816982152,-1.75,471.70256850949));
#3617 = DIRECTION('',(0.,1.,0.));
#3618 = DIRECTION('',(0.,-0.,1.));
#3619 = DEFINITIONAL_REPRESENTATION('',(#3620),#3624);
#3620 = LINE('',#3621,#3622);
#3621 = CARTESIAN_POINT('',(0.647431490505,2.645816982152));
#3622 = VECTOR('',#3623,1.);
#3623 = DIRECTION('',(-0.850104779924,-0.526613580484));
#3624 = ( GEOMETRIC_REPRESENTATION_CONTEXT(2)
PARAMETRIC_REPRESENTATION_CONTEXT() REPRESENTATION_CONTEXT('2D SPACE',''
  ) );
#3625 = ORIENTED_EDGE('',*,*,#3626,.F.);
#3626 = EDGE_CURVE('',#3526,#3599,#3627,.T.);
#3627 = SURFACE_CURVE('',#3628,(#3632,#3639),.PCURVE_S1.);
#3628 = LINE('',#3629,#3630);
#3629 = CARTESIAN_POINT('',(-4.45,1.75,471.22));
#3630 = VECTOR('',#3631,1.);
#3631 = DIRECTION('',(0.,-1.,0.));
#3632 = PCURVE('',#1976,#3633);
#3633 = DEFINITIONAL_REPRESENTATION('',(#3634),#3638);
#3634 = LINE('',#3635,#3636);
#3635 = CARTESIAN_POINT('',(1.329247907653,0.));
#3636 = VECTOR('',#3637,1.);
#3637 = DIRECTION('',(-0.,-1.));
#3638 = ( GEOMETRIC_REPRESENTATION_CONTEXT(2)
PARAMETRIC_REPRESENTATION_CONTEXT() REPRESENTATION_CONTEXT('2D SPACE',''
  ) );
#3639 = PCURVE('',#3640,#3645);
#3640 = PLANE('',#3641);
#3641 = AXIS2_PLACEMENT_3D('',#3642,#3643,#3644);
#3642 = CARTESIAN_POINT('',(-4.45,1.75,471.22));
#3643 = DIRECTION('',(0.167738498326,0.,-0.985831525251));
#3644 = DIRECTION('',(-0.985831525251,0.,-0.167738498326));
#3645 = DEFINITIONAL_REPRESENTATION('',(#3646),#3650);
#3646 = LINE('',#3647,#3648);
#3647 = CARTESIAN_POINT('',(0.,0.));
#3648 = VECTOR('',#3649,1.);
#3649 = DIRECTION('',(-0.,-1.));
#3650 = ( GEOMETRIC_REPRESENTATION_CONTEXT(2)
PARAMETRIC_REPRESENTATION_CONTEXT() REPRESENTATION_CONTEXT('2D SPACE',''
  ) );
#3651 = ADVANCED_FACE('',(#3652),#2059,.T.);
#3652 = FACE_BOUND('',#3653,.T.);
#3653 = EDGE_LOOP('',(#3654,#3677,#3698,#3699));
#3654 = ORIENTED_EDGE('',*,*,#3655,.F.);
#3655 = EDGE_CURVE('',#3656,#3524,#3658,.T.);
#3656 = VERTEX_POINT('',#3657);
#3657 = CARTESIAN_POINT('',(-8.75,1.75,472.35));
#3658 = SURFACE_CURVE('',#3659,(#3663,#3670),.PCURVE_S1.);
#3659 = LINE('',#3660,#3661);
#3660 = CARTESIAN_POINT('',(-8.75,1.75,472.35));
#3661 = VECTOR('',#3662,1.);
#3662 = DIRECTION('',(1.,0.,0.));
#3663 = PCURVE('',#2059,#3664);
#3664 = DEFINITIONAL_REPRESENTATION('',(#3665),#3669);
#3665 = LINE('',#3666,#3667);
#3666 = CARTESIAN_POINT('',(0.,0.));
#3667 = VECTOR('',#3668,1.);
#3668 = DIRECTION('',(1.,0.));
#3669 = ( GEOMETRIC_REPRESENTATION_CONTEXT(2)
PARAMETRIC_REPRESENTATION_CONTEXT() REPRESENTATION_CONTEXT('2D SPACE',''
  ) );
#3670 = PCURVE('',#3541,#3671);
#3671 = DEFINITIONAL_REPRESENTATION('',(#3672),#3676);
#3672 = LINE('',#3673,#3674);
#3673 = CARTESIAN_POINT('',(0.647431490505,-2.354183017848));
#3674 = VECTOR('',#3675,1.);
#3675 = DIRECTION('',(0.,1.));
#3676 = ( GEOMETRIC_REPRESENTATION_CONTEXT(2)
PARAMETRIC_REPRESENTATION_CONTEXT() REPRESENTATION_CONTEXT('2D SPACE',''
  ) );
#3677 = ORIENTED_EDGE('',*,*,#3678,.T.);
#3678 = EDGE_CURVE('',#3656,#2017,#3679,.T.);
#3679 = SURFACE_CURVE('',#3680,(#3684,#3691),.PCURVE_S1.);
#3680 = LINE('',#3681,#3682);
#3681 = CARTESIAN_POINT('',(-8.75,1.75,472.35));
#3682 = VECTOR('',#3683,1.);
#3683 = DIRECTION('',(0.,-1.,0.));
#3684 = PCURVE('',#2059,#3685);
#3685 = DEFINITIONAL_REPRESENTATION('',(#3686),#3690);
#3686 = LINE('',#3687,#3688);
#3687 = CARTESIAN_POINT('',(0.,0.));
#3688 = VECTOR('',#3689,1.);
#3689 = DIRECTION('',(0.,-1.));
#3690 = ( GEOMETRIC_REPRESENTATION_CONTEXT(2)
PARAMETRIC_REPRESENTATION_CONTEXT() REPRESENTATION_CONTEXT('2D SPACE',''
  ) );
#3691 = PCURVE('',#2033,#3692);
#3692 = DEFINITIONAL_REPRESENTATION('',(#3693),#3697);
#3693 = LINE('',#3694,#3695);
#3694 = CARTESIAN_POINT('',(1.1,0.));
#3695 = VECTOR('',#3696,1.);
#3696 = DIRECTION('',(0.,-1.));
#3697 = ( GEOMETRIC_REPRESENTATION_CONTEXT(2)
PARAMETRIC_REPRESENTATION_CONTEXT() REPRESENTATION_CONTEXT('2D SPACE',''
  ) );
#3698 = ORIENTED_EDGE('',*,*,#2045,.F.);
#3699 = ORIENTED_EDGE('',*,*,#3553,.F.);
#3700 = ADVANCED_FACE('',(#3701),#2033,.T.);
#3701 = FACE_BOUND('',#3702,.T.);
#3702 = EDGE_LOOP('',(#3703,#3726,#3754,#3777,#3798,#3799));
#3703 = ORIENTED_EDGE('',*,*,#3704,.F.);
#3704 = EDGE_CURVE('',#3705,#3656,#3707,.T.);
#3705 = VERTEX_POINT('',#3706);
#3706 = CARTESIAN_POINT('',(-8.75,1.75,471.25));
#3707 = SURFACE_CURVE('',#3708,(#3712,#3719),.PCURVE_S1.);
#3708 = LINE('',#3709,#3710);
#3709 = CARTESIAN_POINT('',(-8.75,1.75,471.25));
#3710 = VECTOR('',#3711,1.);
#3711 = DIRECTION('',(0.,0.,1.));
#3712 = PCURVE('',#2033,#3713);
#3713 = DEFINITIONAL_REPRESENTATION('',(#3714),#3718);
#3714 = LINE('',#3715,#3716);
#3715 = CARTESIAN_POINT('',(0.,0.));
#3716 = VECTOR('',#3717,1.);
#3717 = DIRECTION('',(1.,0.));
#3718 = ( GEOMETRIC_REPRESENTATION_CONTEXT(2)
PARAMETRIC_REPRESENTATION_CONTEXT() REPRESENTATION_CONTEXT('2D SPACE',''
  ) );
#3719 = PCURVE('',#3541,#3720);
#3720 = DEFINITIONAL_REPRESENTATION('',(#3721),#3725);
#3721 = LINE('',#3722,#3723);
#3722 = CARTESIAN_POINT('',(-0.452568509495,-2.354183017848));
#3723 = VECTOR('',#3724,1.);
#3724 = DIRECTION('',(1.,0.));
#3725 = ( GEOMETRIC_REPRESENTATION_CONTEXT(2)
PARAMETRIC_REPRESENTATION_CONTEXT() REPRESENTATION_CONTEXT('2D SPACE',''
  ) );
#3726 = ORIENTED_EDGE('',*,*,#3727,.T.);
#3727 = EDGE_CURVE('',#3705,#3728,#3730,.T.);
#3728 = VERTEX_POINT('',#3729);
#3729 = CARTESIAN_POINT('',(-8.75,-1.75,471.25));
#3730 = SURFACE_CURVE('',#3731,(#3735,#3742),.PCURVE_S1.);
#3731 = LINE('',#3732,#3733);
#3732 = CARTESIAN_POINT('',(-8.75,1.75,471.25));
#3733 = VECTOR('',#3734,1.);
#3734 = DIRECTION('',(0.,-1.,0.));
#3735 = PCURVE('',#2033,#3736);
#3736 = DEFINITIONAL_REPRESENTATION('',(#3737),#3741);
#3737 = LINE('',#3738,#3739);
#3738 = CARTESIAN_POINT('',(0.,0.));
#3739 = VECTOR('',#3740,1.);
#3740 = DIRECTION('',(0.,-1.));
#3741 = ( GEOMETRIC_REPRESENTATION_CONTEXT(2)
PARAMETRIC_REPRESENTATION_CONTEXT() REPRESENTATION_CONTEXT('2D SPACE',''
  ) );
#3742 = PCURVE('',#3743,#3748);
#3743 = PLANE('',#3744);
#3744 = AXIS2_PLACEMENT_3D('',#3745,#3746,#3747);
#3745 = CARTESIAN_POINT('',(-7.8,1.75,470.65));
#3746 = DIRECTION('',(-0.533992991388,-0.,-0.845488903031));
#3747 = DIRECTION('',(-0.845488903031,0.,0.533992991388));
#3748 = DEFINITIONAL_REPRESENTATION('',(#3749),#3753);
#3749 = LINE('',#3750,#3751);
#3750 = CARTESIAN_POINT('',(1.123610252712,0.));
#3751 = VECTOR('',#3752,1.);
#3752 = DIRECTION('',(0.,-1.));
#3753 = ( GEOMETRIC_REPRESENTATION_CONTEXT(2)
PARAMETRIC_REPRESENTATION_CONTEXT() REPRESENTATION_CONTEXT('2D SPACE',''
  ) );
#3754 = ORIENTED_EDGE('',*,*,#3755,.T.);
#3755 = EDGE_CURVE('',#3728,#3756,#3758,.T.);
#3756 = VERTEX_POINT('',#3757);
#3757 = CARTESIAN_POINT('',(-8.75,-1.75,472.35));
#3758 = SURFACE_CURVE('',#3759,(#3763,#3770),.PCURVE_S1.);
#3759 = LINE('',#3760,#3761);
#3760 = CARTESIAN_POINT('',(-8.75,-1.75,471.25));
#3761 = VECTOR('',#3762,1.);
#3762 = DIRECTION('',(0.,0.,1.));
#3763 = PCURVE('',#2033,#3764);
#3764 = DEFINITIONAL_REPRESENTATION('',(#3765),#3769);
#3765 = LINE('',#3766,#3767);
#3766 = CARTESIAN_POINT('',(0.,-3.5));
#3767 = VECTOR('',#3768,1.);
#3768 = DIRECTION('',(1.,0.));
#3769 = ( GEOMETRIC_REPRESENTATION_CONTEXT(2)
PARAMETRIC_REPRESENTATION_CONTEXT() REPRESENTATION_CONTEXT('2D SPACE',''
  ) );
#3770 = PCURVE('',#3614,#3771);
#3771 = DEFINITIONAL_REPRESENTATION('',(#3772),#3776);
#3772 = LINE('',#3773,#3774);
#3773 = CARTESIAN_POINT('',(-0.452568509495,-2.354183017848));
#3774 = VECTOR('',#3775,1.);
#3775 = DIRECTION('',(1.,0.));
#3776 = ( GEOMETRIC_REPRESENTATION_CONTEXT(2)
PARAMETRIC_REPRESENTATION_CONTEXT() REPRESENTATION_CONTEXT('2D SPACE',''
  ) );
#3777 = ORIENTED_EDGE('',*,*,#3778,.F.);
#3778 = EDGE_CURVE('',#1989,#3756,#3779,.T.);
#3779 = SURFACE_CURVE('',#3780,(#3784,#3791),.PCURVE_S1.);
#3780 = LINE('',#3781,#3782);
#3781 = CARTESIAN_POINT('',(-8.75,1.75,472.35));
#3782 = VECTOR('',#3783,1.);
#3783 = DIRECTION('',(0.,-1.,0.));
#3784 = PCURVE('',#2033,#3785);
#3785 = DEFINITIONAL_REPRESENTATION('',(#3786),#3790);
#3786 = LINE('',#3787,#3788);
#3787 = CARTESIAN_POINT('',(1.1,0.));
#3788 = VECTOR('',#3789,1.);
#3789 = DIRECTION('',(0.,-1.));
#3790 = ( GEOMETRIC_REPRESENTATION_CONTEXT(2)
PARAMETRIC_REPRESENTATION_CONTEXT() REPRESENTATION_CONTEXT('2D SPACE',''
  ) );
#3791 = PCURVE('',#2004,#3792);
#3792 = DEFINITIONAL_REPRESENTATION('',(#3793),#3797);
#3793 = LINE('',#3794,#3795);
#3794 = CARTESIAN_POINT('',(0.,0.));
#3795 = VECTOR('',#3796,1.);
#3796 = DIRECTION('',(0.,-1.));
#3797 = ( GEOMETRIC_REPRESENTATION_CONTEXT(2)
PARAMETRIC_REPRESENTATION_CONTEXT() REPRESENTATION_CONTEXT('2D SPACE',''
  ) );
#3798 = ORIENTED_EDGE('',*,*,#2016,.F.);
#3799 = ORIENTED_EDGE('',*,*,#3678,.F.);
#3800 = ADVANCED_FACE('',(#3801),#2004,.T.);
#3801 = FACE_BOUND('',#3802,.T.);
#3802 = EDGE_LOOP('',(#3803,#3804,#3805,#3826));
#3803 = ORIENTED_EDGE('',*,*,#1988,.T.);
#3804 = ORIENTED_EDGE('',*,*,#3778,.T.);
#3805 = ORIENTED_EDGE('',*,*,#3806,.T.);
#3806 = EDGE_CURVE('',#3756,#3576,#3807,.T.);
#3807 = SURFACE_CURVE('',#3808,(#3812,#3819),.PCURVE_S1.);
#3808 = LINE('',#3809,#3810);
#3809 = CARTESIAN_POINT('',(-8.75,-1.75,472.35));
#3810 = VECTOR('',#3811,1.);
#3811 = DIRECTION('',(1.,0.,0.));
#3812 = PCURVE('',#2004,#3813);
#3813 = DEFINITIONAL_REPRESENTATION('',(#3814),#3818);
#3814 = LINE('',#3815,#3816);
#3815 = CARTESIAN_POINT('',(0.,-3.5));
#3816 = VECTOR('',#3817,1.);
#3817 = DIRECTION('',(1.,0.));
#3818 = ( GEOMETRIC_REPRESENTATION_CONTEXT(2)
PARAMETRIC_REPRESENTATION_CONTEXT() REPRESENTATION_CONTEXT('2D SPACE',''
  ) );
#3819 = PCURVE('',#3614,#3820);
#3820 = DEFINITIONAL_REPRESENTATION('',(#3821),#3825);
#3821 = LINE('',#3822,#3823);
#3822 = CARTESIAN_POINT('',(0.647431490505,-2.354183017848));
#3823 = VECTOR('',#3824,1.);
#3824 = DIRECTION('',(0.,1.));
#3825 = ( GEOMETRIC_REPRESENTATION_CONTEXT(2)
PARAMETRIC_REPRESENTATION_CONTEXT() REPRESENTATION_CONTEXT('2D SPACE',''
  ) );
#3826 = ORIENTED_EDGE('',*,*,#3575,.F.);
#3827 = ADVANCED_FACE('',(#3828),#2113,.F.);
#3828 = FACE_BOUND('',#3829,.F.);
#3829 = EDGE_LOOP('',(#3830,#3853,#3854,#3855,#3878,#3901));
#3830 = ORIENTED_EDGE('',*,*,#3831,.F.);
#3831 = EDGE_CURVE('',#2098,#3832,#3834,.T.);
#3832 = VERTEX_POINT('',#3833);
#3833 = CARTESIAN_POINT('',(-0.5,20.4,540.69));
#3834 = SURFACE_CURVE('',#3835,(#3839,#3846),.PCURVE_S1.);
#3835 = LINE('',#3836,#3837);
#3836 = CARTESIAN_POINT('',(-0.5,20.4,518.11));
#3837 = VECTOR('',#3838,1.);
#3838 = DIRECTION('',(0.,0.,1.));
#3839 = PCURVE('',#2113,#3840);
#3840 = DEFINITIONAL_REPRESENTATION('',(#3841),#3845);
#3841 = LINE('',#3842,#3843);
#3842 = CARTESIAN_POINT('',(0.,12.4));
#3843 = VECTOR('',#3844,1.);
#3844 = DIRECTION('',(1.,0.));
#3845 = ( GEOMETRIC_REPRESENTATION_CONTEXT(2)
PARAMETRIC_REPRESENTATION_CONTEXT() REPRESENTATION_CONTEXT('2D SPACE',''
  ) );
#3846 = PCURVE('',#2141,#3847);
#3847 = DEFINITIONAL_REPRESENTATION('',(#3848),#3852);
#3848 = LINE('',#3849,#3850);
#3849 = CARTESIAN_POINT('',(0.,0.));
#3850 = VECTOR('',#3851,1.);
#3851 = DIRECTION('',(1.,0.));
#3852 = ( GEOMETRIC_REPRESENTATION_CONTEXT(2)
PARAMETRIC_REPRESENTATION_CONTEXT() REPRESENTATION_CONTEXT('2D SPACE',''
  ) );
#3853 = ORIENTED_EDGE('',*,*,#2097,.F.);
#3854 = ORIENTED_EDGE('',*,*,#3033,.T.);
#3855 = ORIENTED_EDGE('',*,*,#3856,.T.);
#3856 = EDGE_CURVE('',#3011,#3857,#3859,.T.);
#3857 = VERTEX_POINT('',#3858);
#3858 = CARTESIAN_POINT('',(-0.5,18.4,520.81));
#3859 = SURFACE_CURVE('',#3860,(#3864,#3871),.PCURVE_S1.);
#3860 = LINE('',#3861,#3862);
#3861 = CARTESIAN_POINT('',(-0.5,8.,520.81));
#3862 = VECTOR('',#3863,1.);
#3863 = DIRECTION('',(1.110223024625E-16,1.,0.));
#3864 = PCURVE('',#2113,#3865);
#3865 = DEFINITIONAL_REPRESENTATION('',(#3866),#3870);
#3866 = LINE('',#3867,#3868);
#3867 = CARTESIAN_POINT('',(2.7,0.));
#3868 = VECTOR('',#3869,1.);
#3869 = DIRECTION('',(0.,1.));
#3870 = ( GEOMETRIC_REPRESENTATION_CONTEXT(2)
PARAMETRIC_REPRESENTATION_CONTEXT() REPRESENTATION_CONTEXT('2D SPACE',''
  ) );
#3871 = PCURVE('',#2221,#3872);
#3872 = DEFINITIONAL_REPRESENTATION('',(#3873),#3877);
#3873 = LINE('',#3874,#3875);
#3874 = CARTESIAN_POINT('',(0.,0.));
#3875 = VECTOR('',#3876,1.);
#3876 = DIRECTION('',(1.,0.));
#3877 = ( GEOMETRIC_REPRESENTATION_CONTEXT(2)
PARAMETRIC_REPRESENTATION_CONTEXT() REPRESENTATION_CONTEXT('2D SPACE',''
  ) );
#3878 = ORIENTED_EDGE('',*,*,#3879,.T.);
#3879 = EDGE_CURVE('',#3857,#3880,#3882,.T.);
#3880 = VERTEX_POINT('',#3881);
#3881 = CARTESIAN_POINT('',(-0.5,18.4,540.69));
#3882 = SURFACE_CURVE('',#3883,(#3887,#3894),.PCURVE_S1.);
#3883 = LINE('',#3884,#3885);
#3884 = CARTESIAN_POINT('',(-0.5,18.4,519.31));
#3885 = VECTOR('',#3886,1.);
#3886 = DIRECTION('',(0.,0.,1.));
#3887 = PCURVE('',#2113,#3888);
#3888 = DEFINITIONAL_REPRESENTATION('',(#3889),#3893);
#3889 = LINE('',#3890,#3891);
#3890 = CARTESIAN_POINT('',(1.2,10.4));
#3891 = VECTOR('',#3892,1.);
#3892 = DIRECTION('',(1.,0.));
#3893 = ( GEOMETRIC_REPRESENTATION_CONTEXT(2)
PARAMETRIC_REPRESENTATION_CONTEXT() REPRESENTATION_CONTEXT('2D SPACE',''
  ) );
#3894 = PCURVE('',#2752,#3895);
#3895 = DEFINITIONAL_REPRESENTATION('',(#3896),#3900);
#3896 = LINE('',#3897,#3898);
#3897 = CARTESIAN_POINT('',(0.,0.));
#3898 = VECTOR('',#3899,1.);
#3899 = DIRECTION('',(1.,0.));
#3900 = ( GEOMETRIC_REPRESENTATION_CONTEXT(2)
PARAMETRIC_REPRESENTATION_CONTEXT() REPRESENTATION_CONTEXT('2D SPACE',''
  ) );
#3901 = ORIENTED_EDGE('',*,*,#3902,.T.);
#3902 = EDGE_CURVE('',#3880,#3832,#3903,.T.);
#3903 = SURFACE_CURVE('',#3904,(#3908,#3915),.PCURVE_S1.);
#3904 = LINE('',#3905,#3906);
#3905 = CARTESIAN_POINT('',(-0.5,18.4,540.69));
#3906 = VECTOR('',#3907,1.);
#3907 = DIRECTION('',(1.110223024625E-16,1.,0.));
#3908 = PCURVE('',#2113,#3909);
#3909 = DEFINITIONAL_REPRESENTATION('',(#3910),#3914);
#3910 = LINE('',#3911,#3912);
#3911 = CARTESIAN_POINT('',(22.58,10.4));
#3912 = VECTOR('',#3913,1.);
#3913 = DIRECTION('',(0.,1.));
#3914 = ( GEOMETRIC_REPRESENTATION_CONTEXT(2)
PARAMETRIC_REPRESENTATION_CONTEXT() REPRESENTATION_CONTEXT('2D SPACE',''
  ) );
#3915 = PCURVE('',#3916,#3921);
#3916 = PLANE('',#3917);
#3917 = AXIS2_PLACEMENT_3D('',#3918,#3919,#3920);
#3918 = CARTESIAN_POINT('',(-0.5,18.4,540.69));
#3919 = DIRECTION('',(0.,0.,1.));
#3920 = DIRECTION('',(1.110223024625E-16,1.,0.));
#3921 = DEFINITIONAL_REPRESENTATION('',(#3922),#3926);
#3922 = LINE('',#3923,#3924);
#3923 = CARTESIAN_POINT('',(0.,0.));
#3924 = VECTOR('',#3925,1.);
#3925 = DIRECTION('',(1.,0.));
#3926 = ( GEOMETRIC_REPRESENTATION_CONTEXT(2)
PARAMETRIC_REPRESENTATION_CONTEXT() REPRESENTATION_CONTEXT('2D SPACE',''
  ) );
#3927 = ADVANCED_FACE('',(#3928,#4194),#2141,.T.);
#3928 = FACE_BOUND('',#3929,.T.);
#3929 = EDGE_LOOP('',(#3930,#3931,#3932,#3953,#3954,#3977,#4005,#4033,
    #4061,#4089,#4117,#4145,#4173));
#3930 = ORIENTED_EDGE('',*,*,#3831,.F.);
#3931 = ORIENTED_EDGE('',*,*,#2125,.T.);
#3932 = ORIENTED_EDGE('',*,*,#3933,.F.);
#3933 = EDGE_CURVE('',#2671,#2126,#3934,.T.);
#3934 = SURFACE_CURVE('',#3935,(#3939,#3946),.PCURVE_S1.);
#3935 = LINE('',#3936,#3937);
#3936 = CARTESIAN_POINT('',(-29.5,20.4,540.69));
#3937 = VECTOR('',#3938,1.);
#3938 = DIRECTION('',(0.,0.,-1.));
#3939 = PCURVE('',#2141,#3940);
#3940 = DEFINITIONAL_REPRESENTATION('',(#3941),#3945);
#3941 = LINE('',#3942,#3943);
#3942 = CARTESIAN_POINT('',(22.58,-29.));
#3943 = VECTOR('',#3944,1.);
#3944 = DIRECTION('',(-1.,0.));
#3945 = ( GEOMETRIC_REPRESENTATION_CONTEXT(2)
PARAMETRIC_REPRESENTATION_CONTEXT() REPRESENTATION_CONTEXT('2D SPACE',''
  ) );
#3946 = PCURVE('',#2169,#3947);
#3947 = DEFINITIONAL_REPRESENTATION('',(#3948),#3952);
#3948 = LINE('',#3949,#3950);
#3949 = CARTESIAN_POINT('',(22.58,12.4));
#3950 = VECTOR('',#3951,1.);
#3951 = DIRECTION('',(-1.,0.));
#3952 = ( GEOMETRIC_REPRESENTATION_CONTEXT(2)
PARAMETRIC_REPRESENTATION_CONTEXT() REPRESENTATION_CONTEXT('2D SPACE',''
  ) );
#3953 = ORIENTED_EDGE('',*,*,#2670,.F.);
#3954 = ORIENTED_EDGE('',*,*,#3955,.F.);
#3955 = EDGE_CURVE('',#3956,#2639,#3958,.T.);
#3956 = VERTEX_POINT('',#3957);
#3957 = CARTESIAN_POINT('',(-23.,20.4,540.69));
#3958 = SURFACE_CURVE('',#3959,(#3963,#3970),.PCURVE_S1.);
#3959 = LINE('',#3960,#3961);
#3960 = CARTESIAN_POINT('',(-0.5,20.4,540.69));
#3961 = VECTOR('',#3962,1.);
#3962 = DIRECTION('',(-1.,1.110223024625E-16,0.));
#3963 = PCURVE('',#2141,#3964);
#3964 = DEFINITIONAL_REPRESENTATION('',(#3965),#3969);
#3965 = LINE('',#3966,#3967);
#3966 = CARTESIAN_POINT('',(22.58,0.));
#3967 = VECTOR('',#3968,1.);
#3968 = DIRECTION('',(0.,-1.));
#3969 = ( GEOMETRIC_REPRESENTATION_CONTEXT(2)
PARAMETRIC_REPRESENTATION_CONTEXT() REPRESENTATION_CONTEXT('2D SPACE',''
  ) );
#3970 = PCURVE('',#2658,#3971);
#3971 = DEFINITIONAL_REPRESENTATION('',(#3972),#3976);
#3972 = LINE('',#3973,#3974);
#3973 = CARTESIAN_POINT('',(2.,2.22044604925E-16));
#3974 = VECTOR('',#3975,1.);
#3975 = DIRECTION('',(0.,1.));
#3976 = ( GEOMETRIC_REPRESENTATION_CONTEXT(2)
PARAMETRIC_REPRESENTATION_CONTEXT() REPRESENTATION_CONTEXT('2D SPACE',''
  ) );
#3977 = ORIENTED_EDGE('',*,*,#3978,.T.);
#3978 = EDGE_CURVE('',#3956,#3979,#3981,.T.);
#3979 = VERTEX_POINT('',#3980);
#3980 = CARTESIAN_POINT('',(-23.,20.4,540.99));
#3981 = SURFACE_CURVE('',#3982,(#3986,#3993),.PCURVE_S1.);
#3982 = LINE('',#3983,#3984);
#3983 = CARTESIAN_POINT('',(-23.,20.4,539.79));
#3984 = VECTOR('',#3985,1.);
#3985 = DIRECTION('',(0.,0.,1.));
#3986 = PCURVE('',#2141,#3987);
#3987 = DEFINITIONAL_REPRESENTATION('',(#3988),#3992);
#3988 = LINE('',#3989,#3990);
#3989 = CARTESIAN_POINT('',(21.68,-22.5));
#3990 = VECTOR('',#3991,1.);
#3991 = DIRECTION('',(1.,0.));
#3992 = ( GEOMETRIC_REPRESENTATION_CONTEXT(2)
PARAMETRIC_REPRESENTATION_CONTEXT() REPRESENTATION_CONTEXT('2D SPACE',''
  ) );
#3993 = PCURVE('',#3994,#3999);
#3994 = PLANE('',#3995);
#3995 = AXIS2_PLACEMENT_3D('',#3996,#3997,#3998);
#3996 = CARTESIAN_POINT('',(-23.,16.6,539.79));
#3997 = DIRECTION('',(-1.,1.110223024625E-16,0.));
#3998 = DIRECTION('',(0.,0.,1.));
#3999 = DEFINITIONAL_REPRESENTATION('',(#4000),#4004);
#4000 = LINE('',#4001,#4002);
#4001 = CARTESIAN_POINT('',(0.,3.8));
#4002 = VECTOR('',#4003,1.);
#4003 = DIRECTION('',(1.,0.));
#4004 = ( GEOMETRIC_REPRESENTATION_CONTEXT(2)
PARAMETRIC_REPRESENTATION_CONTEXT() REPRESENTATION_CONTEXT('2D SPACE',''
  ) );
#4005 = ORIENTED_EDGE('',*,*,#4006,.F.);
#4006 = EDGE_CURVE('',#4007,#3979,#4009,.T.);
#4007 = VERTEX_POINT('',#4008);
#4008 = CARTESIAN_POINT('',(-19.,20.4,540.99));
#4009 = SURFACE_CURVE('',#4010,(#4014,#4021),.PCURVE_S1.);
#4010 = LINE('',#4011,#4012);
#4011 = CARTESIAN_POINT('',(-19.,20.4,540.99));
#4012 = VECTOR('',#4013,1.);
#4013 = DIRECTION('',(-1.,1.110223024625E-16,0.));
#4014 = PCURVE('',#2141,#4015);
#4015 = DEFINITIONAL_REPRESENTATION('',(#4016),#4020);
#4016 = LINE('',#4017,#4018);
#4017 = CARTESIAN_POINT('',(22.88,-18.5));
#4018 = VECTOR('',#4019,1.);
#4019 = DIRECTION('',(0.,-1.));
#4020 = ( GEOMETRIC_REPRESENTATION_CONTEXT(2)
PARAMETRIC_REPRESENTATION_CONTEXT() REPRESENTATION_CONTEXT('2D SPACE',''
  ) );
#4021 = PCURVE('',#4022,#4027);
#4022 = PLANE('',#4023);
#4023 = AXIS2_PLACEMENT_3D('',#4024,#4025,#4026);
#4024 = CARTESIAN_POINT('',(-19.,16.6,540.99));
#4025 = DIRECTION('',(0.,0.,1.));
#4026 = DIRECTION('',(1.110223024625E-16,1.,0.));
#4027 = DEFINITIONAL_REPRESENTATION('',(#4028),#4032);
#4028 = LINE('',#4029,#4030);
#4029 = CARTESIAN_POINT('',(3.8,-3.130828929443E-15));
#4030 = VECTOR('',#4031,1.);
#4031 = DIRECTION('',(0.,1.));
#4032 = ( GEOMETRIC_REPRESENTATION_CONTEXT(2)
PARAMETRIC_REPRESENTATION_CONTEXT() REPRESENTATION_CONTEXT('2D SPACE',''
  ) );
#4033 = ORIENTED_EDGE('',*,*,#4034,.F.);
#4034 = EDGE_CURVE('',#4035,#4007,#4037,.T.);
#4035 = VERTEX_POINT('',#4036);
#4036 = CARTESIAN_POINT('',(-19.,20.4,540.69));
#4037 = SURFACE_CURVE('',#4038,(#4042,#4049),.PCURVE_S1.);
#4038 = LINE('',#4039,#4040);
#4039 = CARTESIAN_POINT('',(-19.,20.4,539.79));
#4040 = VECTOR('',#4041,1.);
#4041 = DIRECTION('',(0.,0.,1.));
#4042 = PCURVE('',#2141,#4043);
#4043 = DEFINITIONAL_REPRESENTATION('',(#4044),#4048);
#4044 = LINE('',#4045,#4046);
#4045 = CARTESIAN_POINT('',(21.68,-18.5));
#4046 = VECTOR('',#4047,1.);
#4047 = DIRECTION('',(1.,0.));
#4048 = ( GEOMETRIC_REPRESENTATION_CONTEXT(2)
PARAMETRIC_REPRESENTATION_CONTEXT() REPRESENTATION_CONTEXT('2D SPACE',''
  ) );
#4049 = PCURVE('',#4050,#4055);
#4050 = PLANE('',#4051);
#4051 = AXIS2_PLACEMENT_3D('',#4052,#4053,#4054);
#4052 = CARTESIAN_POINT('',(-19.,16.6,539.79));
#4053 = DIRECTION('',(-1.,1.110223024625E-16,0.));
#4054 = DIRECTION('',(0.,0.,1.));
#4055 = DEFINITIONAL_REPRESENTATION('',(#4056),#4060);
#4056 = LINE('',#4057,#4058);
#4057 = CARTESIAN_POINT('',(0.,3.8));
#4058 = VECTOR('',#4059,1.);
#4059 = DIRECTION('',(1.,0.));
#4060 = ( GEOMETRIC_REPRESENTATION_CONTEXT(2)
PARAMETRIC_REPRESENTATION_CONTEXT() REPRESENTATION_CONTEXT('2D SPACE',''
  ) );
#4061 = ORIENTED_EDGE('',*,*,#4062,.F.);
#4062 = EDGE_CURVE('',#4063,#4035,#4065,.T.);
#4063 = VERTEX_POINT('',#4064);
#4064 = CARTESIAN_POINT('',(-11.,20.4,540.69));
#4065 = SURFACE_CURVE('',#4066,(#4070,#4077),.PCURVE_S1.);
#4066 = LINE('',#4067,#4068);
#4067 = CARTESIAN_POINT('',(-0.5,20.4,540.69));
#4068 = VECTOR('',#4069,1.);
#4069 = DIRECTION('',(-1.,1.110223024625E-16,0.));
#4070 = PCURVE('',#2141,#4071);
#4071 = DEFINITIONAL_REPRESENTATION('',(#4072),#4076);
#4072 = LINE('',#4073,#4074);
#4073 = CARTESIAN_POINT('',(22.58,0.));
#4074 = VECTOR('',#4075,1.);
#4075 = DIRECTION('',(0.,-1.));
#4076 = ( GEOMETRIC_REPRESENTATION_CONTEXT(2)
PARAMETRIC_REPRESENTATION_CONTEXT() REPRESENTATION_CONTEXT('2D SPACE',''
  ) );
#4077 = PCURVE('',#4078,#4083);
#4078 = PLANE('',#4079);
#4079 = AXIS2_PLACEMENT_3D('',#4080,#4081,#4082);
#4080 = CARTESIAN_POINT('',(-0.5,18.4,540.69));
#4081 = DIRECTION('',(0.,0.,1.));
#4082 = DIRECTION('',(1.110223024625E-16,1.,0.));
#4083 = DEFINITIONAL_REPRESENTATION('',(#4084),#4088);
#4084 = LINE('',#4085,#4086);
#4085 = CARTESIAN_POINT('',(2.,2.22044604925E-16));
#4086 = VECTOR('',#4087,1.);
#4087 = DIRECTION('',(0.,1.));
#4088 = ( GEOMETRIC_REPRESENTATION_CONTEXT(2)
PARAMETRIC_REPRESENTATION_CONTEXT() REPRESENTATION_CONTEXT('2D SPACE',''
  ) );
#4089 = ORIENTED_EDGE('',*,*,#4090,.T.);
#4090 = EDGE_CURVE('',#4063,#4091,#4093,.T.);
#4091 = VERTEX_POINT('',#4092);
#4092 = CARTESIAN_POINT('',(-11.,20.4,540.99));
#4093 = SURFACE_CURVE('',#4094,(#4098,#4105),.PCURVE_S1.);
#4094 = LINE('',#4095,#4096);
#4095 = CARTESIAN_POINT('',(-11.,20.4,539.79));
#4096 = VECTOR('',#4097,1.);
#4097 = DIRECTION('',(0.,0.,1.));
#4098 = PCURVE('',#2141,#4099);
#4099 = DEFINITIONAL_REPRESENTATION('',(#4100),#4104);
#4100 = LINE('',#4101,#4102);
#4101 = CARTESIAN_POINT('',(21.68,-10.5));
#4102 = VECTOR('',#4103,1.);
#4103 = DIRECTION('',(1.,0.));
#4104 = ( GEOMETRIC_REPRESENTATION_CONTEXT(2)
PARAMETRIC_REPRESENTATION_CONTEXT() REPRESENTATION_CONTEXT('2D SPACE',''
  ) );
#4105 = PCURVE('',#4106,#4111);
#4106 = PLANE('',#4107);
#4107 = AXIS2_PLACEMENT_3D('',#4108,#4109,#4110);
#4108 = CARTESIAN_POINT('',(-11.,16.6,539.79));
#4109 = DIRECTION('',(-1.,1.110223024625E-16,0.));
#4110 = DIRECTION('',(0.,0.,1.));
#4111 = DEFINITIONAL_REPRESENTATION('',(#4112),#4116);
#4112 = LINE('',#4113,#4114);
#4113 = CARTESIAN_POINT('',(0.,3.8));
#4114 = VECTOR('',#4115,1.);
#4115 = DIRECTION('',(1.,0.));
#4116 = ( GEOMETRIC_REPRESENTATION_CONTEXT(2)
PARAMETRIC_REPRESENTATION_CONTEXT() REPRESENTATION_CONTEXT('2D SPACE',''
  ) );
#4117 = ORIENTED_EDGE('',*,*,#4118,.F.);
#4118 = EDGE_CURVE('',#4119,#4091,#4121,.T.);
#4119 = VERTEX_POINT('',#4120);
#4120 = CARTESIAN_POINT('',(-7.,20.4,540.99));
#4121 = SURFACE_CURVE('',#4122,(#4126,#4133),.PCURVE_S1.);
#4122 = LINE('',#4123,#4124);
#4123 = CARTESIAN_POINT('',(-7.,20.4,540.99));
#4124 = VECTOR('',#4125,1.);
#4125 = DIRECTION('',(-1.,1.110223024625E-16,0.));
#4126 = PCURVE('',#2141,#4127);
#4127 = DEFINITIONAL_REPRESENTATION('',(#4128),#4132);
#4128 = LINE('',#4129,#4130);
#4129 = CARTESIAN_POINT('',(22.88,-6.5));
#4130 = VECTOR('',#4131,1.);
#4131 = DIRECTION('',(0.,-1.));
#4132 = ( GEOMETRIC_REPRESENTATION_CONTEXT(2)
PARAMETRIC_REPRESENTATION_CONTEXT() REPRESENTATION_CONTEXT('2D SPACE',''
  ) );
#4133 = PCURVE('',#4134,#4139);
#4134 = PLANE('',#4135);
#4135 = AXIS2_PLACEMENT_3D('',#4136,#4137,#4138);
#4136 = CARTESIAN_POINT('',(-7.,16.6,540.99));
#4137 = DIRECTION('',(0.,0.,1.));
#4138 = DIRECTION('',(1.110223024625E-16,1.,0.));
#4139 = DEFINITIONAL_REPRESENTATION('',(#4140),#4144);
#4140 = LINE('',#4141,#4142);
#4141 = CARTESIAN_POINT('',(3.8,4.218847493576E-16));
#4142 = VECTOR('',#4143,1.);
#4143 = DIRECTION('',(0.,1.));
#4144 = ( GEOMETRIC_REPRESENTATION_CONTEXT(2)
PARAMETRIC_REPRESENTATION_CONTEXT() REPRESENTATION_CONTEXT('2D SPACE',''
  ) );
#4145 = ORIENTED_EDGE('',*,*,#4146,.F.);
#4146 = EDGE_CURVE('',#4147,#4119,#4149,.T.);
#4147 = VERTEX_POINT('',#4148);
#4148 = CARTESIAN_POINT('',(-7.,20.4,540.69));
#4149 = SURFACE_CURVE('',#4150,(#4154,#4161),.PCURVE_S1.);
#4150 = LINE('',#4151,#4152);
#4151 = CARTESIAN_POINT('',(-7.,20.4,539.79));
#4152 = VECTOR('',#4153,1.);
#4153 = DIRECTION('',(0.,0.,1.));
#4154 = PCURVE('',#2141,#4155);
#4155 = DEFINITIONAL_REPRESENTATION('',(#4156),#4160);
#4156 = LINE('',#4157,#4158);
#4157 = CARTESIAN_POINT('',(21.68,-6.5));
#4158 = VECTOR('',#4159,1.);
#4159 = DIRECTION('',(1.,0.));
#4160 = ( GEOMETRIC_REPRESENTATION_CONTEXT(2)
PARAMETRIC_REPRESENTATION_CONTEXT() REPRESENTATION_CONTEXT('2D SPACE',''
  ) );
#4161 = PCURVE('',#4162,#4167);
#4162 = PLANE('',#4163);
#4163 = AXIS2_PLACEMENT_3D('',#4164,#4165,#4166);
#4164 = CARTESIAN_POINT('',(-7.,16.6,539.79));
#4165 = DIRECTION('',(-1.,1.110223024625E-16,0.));
#4166 = DIRECTION('',(0.,0.,1.));
#4167 = DEFINITIONAL_REPRESENTATION('',(#4168),#4172);
#4168 = LINE('',#4169,#4170);
#4169 = CARTESIAN_POINT('',(0.,3.8));
#4170 = VECTOR('',#4171,1.);
#4171 = DIRECTION('',(1.,0.));
#4172 = ( GEOMETRIC_REPRESENTATION_CONTEXT(2)
PARAMETRIC_REPRESENTATION_CONTEXT() REPRESENTATION_CONTEXT('2D SPACE',''
  ) );
#4173 = ORIENTED_EDGE('',*,*,#4174,.F.);
#4174 = EDGE_CURVE('',#3832,#4147,#4175,.T.);
#4175 = SURFACE_CURVE('',#4176,(#4180,#4187),.PCURVE_S1.);
#4176 = LINE('',#4177,#4178);
#4177 = CARTESIAN_POINT('',(-0.5,20.4,540.69));
#4178 = VECTOR('',#4179,1.);
#4179 = DIRECTION('',(-1.,1.110223024625E-16,0.));
#4180 = PCURVE('',#2141,#4181);
#4181 = DEFINITIONAL_REPRESENTATION('',(#4182),#4186);
#4182 = LINE('',#4183,#4184);
#4183 = CARTESIAN_POINT('',(22.58,0.));
#4184 = VECTOR('',#4185,1.);
#4185 = DIRECTION('',(0.,-1.));
#4186 = ( GEOMETRIC_REPRESENTATION_CONTEXT(2)
PARAMETRIC_REPRESENTATION_CONTEXT() REPRESENTATION_CONTEXT('2D SPACE',''
  ) );
#4187 = PCURVE('',#3916,#4188);
#4188 = DEFINITIONAL_REPRESENTATION('',(#4189),#4193);
#4189 = LINE('',#4190,#4191);
#4190 = CARTESIAN_POINT('',(2.,2.22044604925E-16));
#4191 = VECTOR('',#4192,1.);
#4192 = DIRECTION('',(0.,1.));
#4193 = ( GEOMETRIC_REPRESENTATION_CONTEXT(2)
PARAMETRIC_REPRESENTATION_CONTEXT() REPRESENTATION_CONTEXT('2D SPACE',''
  ) );
#4194 = FACE_BOUND('',#4195,.T.);
#4195 = EDGE_LOOP('',(#4196,#4226,#4254,#4282));
#4196 = ORIENTED_EDGE('',*,*,#4197,.F.);
#4197 = EDGE_CURVE('',#4198,#4200,#4202,.T.);
#4198 = VERTEX_POINT('',#4199);
#4199 = CARTESIAN_POINT('',(-22.5,20.4,535.));
#4200 = VERTEX_POINT('',#4201);
#4201 = CARTESIAN_POINT('',(-7.5,20.4,535.));
#4202 = SURFACE_CURVE('',#4203,(#4207,#4214),.PCURVE_S1.);
#4203 = LINE('',#4204,#4205);
#4204 = CARTESIAN_POINT('',(-4.,20.4,535.));
#4205 = VECTOR('',#4206,1.);
#4206 = DIRECTION('',(1.,-1.110223024625E-16,0.));
#4207 = PCURVE('',#2141,#4208);
#4208 = DEFINITIONAL_REPRESENTATION('',(#4209),#4213);
#4209 = LINE('',#4210,#4211);
#4210 = CARTESIAN_POINT('',(16.89,-3.5));
#4211 = VECTOR('',#4212,1.);
#4212 = DIRECTION('',(0.,1.));
#4213 = ( GEOMETRIC_REPRESENTATION_CONTEXT(2)
PARAMETRIC_REPRESENTATION_CONTEXT() REPRESENTATION_CONTEXT('2D SPACE',''
  ) );
#4214 = PCURVE('',#4215,#4220);
#4215 = PLANE('',#4216);
#4216 = AXIS2_PLACEMENT_3D('',#4217,#4218,#4219);
#4217 = CARTESIAN_POINT('',(-7.5,18.3,535.));
#4218 = DIRECTION('',(0.,0.,1.));
#4219 = DIRECTION('',(1.110223024625E-16,1.,0.));
#4220 = DEFINITIONAL_REPRESENTATION('',(#4221),#4225);
#4221 = LINE('',#4222,#4223);
#4222 = CARTESIAN_POINT('',(2.1,-3.5));
#4223 = VECTOR('',#4224,1.);
#4224 = DIRECTION('',(0.,-1.));
#4225 = ( GEOMETRIC_REPRESENTATION_CONTEXT(2)
PARAMETRIC_REPRESENTATION_CONTEXT() REPRESENTATION_CONTEXT('2D SPACE',''
  ) );
#4226 = ORIENTED_EDGE('',*,*,#4227,.F.);
#4227 = EDGE_CURVE('',#4228,#4198,#4230,.T.);
#4228 = VERTEX_POINT('',#4229);
#4229 = CARTESIAN_POINT('',(-22.5,20.4,525.));
#4230 = SURFACE_CURVE('',#4231,(#4235,#4242),.PCURVE_S1.);
#4231 = LINE('',#4232,#4233);
#4232 = CARTESIAN_POINT('',(-22.5,20.4,522.155));
#4233 = VECTOR('',#4234,1.);
#4234 = DIRECTION('',(0.,0.,1.));
#4235 = PCURVE('',#2141,#4236);
#4236 = DEFINITIONAL_REPRESENTATION('',(#4237),#4241);
#4237 = LINE('',#4238,#4239);
#4238 = CARTESIAN_POINT('',(4.045,-22.));
#4239 = VECTOR('',#4240,1.);
#4240 = DIRECTION('',(1.,0.));
#4241 = ( GEOMETRIC_REPRESENTATION_CONTEXT(2)
PARAMETRIC_REPRESENTATION_CONTEXT() REPRESENTATION_CONTEXT('2D SPACE',''
  ) );
#4242 = PCURVE('',#4243,#4248);
#4243 = PLANE('',#4244);
#4244 = AXIS2_PLACEMENT_3D('',#4245,#4246,#4247);
#4245 = CARTESIAN_POINT('',(-22.5,18.3,525.));
#4246 = DIRECTION('',(-1.,1.110223024625E-16,0.));
#4247 = DIRECTION('',(0.,0.,1.));
#4248 = DEFINITIONAL_REPRESENTATION('',(#4249),#4253);
#4249 = LINE('',#4250,#4251);
#4250 = CARTESIAN_POINT('',(-2.845,2.1));
#4251 = VECTOR('',#4252,1.);
#4252 = DIRECTION('',(1.,0.));
#4253 = ( GEOMETRIC_REPRESENTATION_CONTEXT(2)
PARAMETRIC_REPRESENTATION_CONTEXT() REPRESENTATION_CONTEXT('2D SPACE',''
  ) );
#4254 = ORIENTED_EDGE('',*,*,#4255,.T.);
#4255 = EDGE_CURVE('',#4228,#4256,#4258,.T.);
#4256 = VERTEX_POINT('',#4257);
#4257 = CARTESIAN_POINT('',(-7.5,20.4,525.));
#4258 = SURFACE_CURVE('',#4259,(#4263,#4270),.PCURVE_S1.);
#4259 = LINE('',#4260,#4261);
#4260 = CARTESIAN_POINT('',(-4.,20.4,525.));
#4261 = VECTOR('',#4262,1.);
#4262 = DIRECTION('',(1.,-1.110223024625E-16,0.));
#4263 = PCURVE('',#2141,#4264);
#4264 = DEFINITIONAL_REPRESENTATION('',(#4265),#4269);
#4265 = LINE('',#4266,#4267);
#4266 = CARTESIAN_POINT('',(6.89,-3.5));
#4267 = VECTOR('',#4268,1.);
#4268 = DIRECTION('',(0.,1.));
#4269 = ( GEOMETRIC_REPRESENTATION_CONTEXT(2)
PARAMETRIC_REPRESENTATION_CONTEXT() REPRESENTATION_CONTEXT('2D SPACE',''
  ) );
#4270 = PCURVE('',#4271,#4276);
#4271 = PLANE('',#4272);
#4272 = AXIS2_PLACEMENT_3D('',#4273,#4274,#4275);
#4273 = CARTESIAN_POINT('',(-7.5,18.3,525.));
#4274 = DIRECTION('',(0.,0.,1.));
#4275 = DIRECTION('',(1.110223024625E-16,1.,0.));
#4276 = DEFINITIONAL_REPRESENTATION('',(#4277),#4281);
#4277 = LINE('',#4278,#4279);
#4278 = CARTESIAN_POINT('',(2.1,-3.5));
#4279 = VECTOR('',#4280,1.);
#4280 = DIRECTION('',(0.,-1.));
#4281 = ( GEOMETRIC_REPRESENTATION_CONTEXT(2)
PARAMETRIC_REPRESENTATION_CONTEXT() REPRESENTATION_CONTEXT('2D SPACE',''
  ) );
#4282 = ORIENTED_EDGE('',*,*,#4283,.T.);
#4283 = EDGE_CURVE('',#4256,#4200,#4284,.T.);
#4284 = SURFACE_CURVE('',#4285,(#4289,#4296),.PCURVE_S1.);
#4285 = LINE('',#4286,#4287);
#4286 = CARTESIAN_POINT('',(-7.5,20.4,522.155));
#4287 = VECTOR('',#4288,1.);
#4288 = DIRECTION('',(0.,0.,1.));
#4289 = PCURVE('',#2141,#4290);
#4290 = DEFINITIONAL_REPRESENTATION('',(#4291),#4295);
#4291 = LINE('',#4292,#4293);
#4292 = CARTESIAN_POINT('',(4.045,-7.));
#4293 = VECTOR('',#4294,1.);
#4294 = DIRECTION('',(1.,0.));
#4295 = ( GEOMETRIC_REPRESENTATION_CONTEXT(2)
PARAMETRIC_REPRESENTATION_CONTEXT() REPRESENTATION_CONTEXT('2D SPACE',''
  ) );
#4296 = PCURVE('',#4297,#4302);
#4297 = PLANE('',#4298);
#4298 = AXIS2_PLACEMENT_3D('',#4299,#4300,#4301);
#4299 = CARTESIAN_POINT('',(-7.5,18.3,525.));
#4300 = DIRECTION('',(-1.,1.110223024625E-16,0.));
#4301 = DIRECTION('',(0.,0.,1.));
#4302 = DEFINITIONAL_REPRESENTATION('',(#4303),#4307);
#4303 = LINE('',#4304,#4305);
#4304 = CARTESIAN_POINT('',(-2.845,2.1));
#4305 = VECTOR('',#4306,1.);
#4306 = DIRECTION('',(1.,0.));
#4307 = ( GEOMETRIC_REPRESENTATION_CONTEXT(2)
PARAMETRIC_REPRESENTATION_CONTEXT() REPRESENTATION_CONTEXT('2D SPACE',''
  ) );
#4308 = ADVANCED_FACE('',(#4309),#2169,.T.);
#4309 = FACE_BOUND('',#4310,.T.);
#4310 = EDGE_LOOP('',(#4311,#4312,#4313,#4314,#4337,#4358));
#4311 = ORIENTED_EDGE('',*,*,#3933,.T.);
#4312 = ORIENTED_EDGE('',*,*,#2153,.F.);
#4313 = ORIENTED_EDGE('',*,*,#2986,.T.);
#4314 = ORIENTED_EDGE('',*,*,#4315,.T.);
#4315 = EDGE_CURVE('',#2962,#4316,#4318,.T.);
#4316 = VERTEX_POINT('',#4317);
#4317 = CARTESIAN_POINT('',(-29.5,18.4,520.81));
#4318 = SURFACE_CURVE('',#4319,(#4323,#4330),.PCURVE_S1.);
#4319 = LINE('',#4320,#4321);
#4320 = CARTESIAN_POINT('',(-29.5,8.,520.81));
#4321 = VECTOR('',#4322,1.);
#4322 = DIRECTION('',(1.110223024625E-16,1.,0.));
#4323 = PCURVE('',#2169,#4324);
#4324 = DEFINITIONAL_REPRESENTATION('',(#4325),#4329);
#4325 = LINE('',#4326,#4327);
#4326 = CARTESIAN_POINT('',(2.7,0.));
#4327 = VECTOR('',#4328,1.);
#4328 = DIRECTION('',(0.,1.));
#4329 = ( GEOMETRIC_REPRESENTATION_CONTEXT(2)
PARAMETRIC_REPRESENTATION_CONTEXT() REPRESENTATION_CONTEXT('2D SPACE',''
  ) );
#4330 = PCURVE('',#2221,#4331);
#4331 = DEFINITIONAL_REPRESENTATION('',(#4332),#4336);
#4332 = LINE('',#4333,#4334);
#4333 = CARTESIAN_POINT('',(3.330669073875E-16,29.));
#4334 = VECTOR('',#4335,1.);
#4335 = DIRECTION('',(1.,0.));
#4336 = ( GEOMETRIC_REPRESENTATION_CONTEXT(2)
PARAMETRIC_REPRESENTATION_CONTEXT() REPRESENTATION_CONTEXT('2D SPACE',''
  ) );
#4337 = ORIENTED_EDGE('',*,*,#4338,.T.);
#4338 = EDGE_CURVE('',#4316,#2701,#4339,.T.);
#4339 = SURFACE_CURVE('',#4340,(#4344,#4351),.PCURVE_S1.);
#4340 = LINE('',#4341,#4342);
#4341 = CARTESIAN_POINT('',(-29.5,18.4,519.31));
#4342 = VECTOR('',#4343,1.);
#4343 = DIRECTION('',(0.,0.,1.));
#4344 = PCURVE('',#2169,#4345);
#4345 = DEFINITIONAL_REPRESENTATION('',(#4346),#4350);
#4346 = LINE('',#4347,#4348);
#4347 = CARTESIAN_POINT('',(1.2,10.4));
#4348 = VECTOR('',#4349,1.);
#4349 = DIRECTION('',(1.,0.));
#4350 = ( GEOMETRIC_REPRESENTATION_CONTEXT(2)
PARAMETRIC_REPRESENTATION_CONTEXT() REPRESENTATION_CONTEXT('2D SPACE',''
  ) );
#4351 = PCURVE('',#2752,#4352);
#4352 = DEFINITIONAL_REPRESENTATION('',(#4353),#4357);
#4353 = LINE('',#4354,#4355);
#4354 = CARTESIAN_POINT('',(0.,-29.));
#4355 = VECTOR('',#4356,1.);
#4356 = DIRECTION('',(1.,0.));
#4357 = ( GEOMETRIC_REPRESENTATION_CONTEXT(2)
PARAMETRIC_REPRESENTATION_CONTEXT() REPRESENTATION_CONTEXT('2D SPACE',''
  ) );
#4358 = ORIENTED_EDGE('',*,*,#2700,.F.);
#4359 = ADVANCED_FACE('',(#4360),#2221,.T.);
#4360 = FACE_BOUND('',#4361,.T.);
#4361 = EDGE_LOOP('',(#4362,#4363,#4364,#4385,#4386,#4387));
#4362 = ORIENTED_EDGE('',*,*,#3010,.F.);
#4363 = ORIENTED_EDGE('',*,*,#3856,.T.);
#4364 = ORIENTED_EDGE('',*,*,#4365,.F.);
#4365 = EDGE_CURVE('',#4316,#3857,#4366,.T.);
#4366 = SURFACE_CURVE('',#4367,(#4371,#4378),.PCURVE_S1.);
#4367 = LINE('',#4368,#4369);
#4368 = CARTESIAN_POINT('',(-0.5,18.4,520.81));
#4369 = VECTOR('',#4370,1.);
#4370 = DIRECTION('',(1.,-1.110223024625E-16,0.));
#4371 = PCURVE('',#2221,#4372);
#4372 = DEFINITIONAL_REPRESENTATION('',(#4373),#4377);
#4373 = LINE('',#4374,#4375);
#4374 = CARTESIAN_POINT('',(10.4,-6.217248937901E-16));
#4375 = VECTOR('',#4376,1.);
#4376 = DIRECTION('',(0.,-1.));
#4377 = ( GEOMETRIC_REPRESENTATION_CONTEXT(2)
PARAMETRIC_REPRESENTATION_CONTEXT() REPRESENTATION_CONTEXT('2D SPACE',''
  ) );
#4378 = PCURVE('',#2752,#4379);
#4379 = DEFINITIONAL_REPRESENTATION('',(#4380),#4384);
#4380 = LINE('',#4381,#4382);
#4381 = CARTESIAN_POINT('',(1.5,0.));
#4382 = VECTOR('',#4383,1.);
#4383 = DIRECTION('',(0.,1.));
#4384 = ( GEOMETRIC_REPRESENTATION_CONTEXT(2)
PARAMETRIC_REPRESENTATION_CONTEXT() REPRESENTATION_CONTEXT('2D SPACE',''
  ) );
#4385 = ORIENTED_EDGE('',*,*,#4315,.F.);
#4386 = ORIENTED_EDGE('',*,*,#2961,.F.);
#4387 = ORIENTED_EDGE('',*,*,#2207,.F.);
#4388 = ADVANCED_FACE('',(#4389),#2292,.F.);
#4389 = FACE_BOUND('',#4390,.T.);
#4390 = EDGE_LOOP('',(#4391,#4410,#4411,#4412));
#4391 = ORIENTED_EDGE('',*,*,#4392,.T.);
#4392 = EDGE_CURVE('',#3140,#2272,#4393,.T.);
#4393 = SEAM_CURVE('',#4394,(#4398,#4404),.PCURVE_S1.);
#4394 = LINE('',#4395,#4396);
#4395 = CARTESIAN_POINT('',(-19.6,7.15,530.));
#4396 = VECTOR('',#4397,1.);
#4397 = DIRECTION('',(1.110223024625E-16,1.,0.));
#4398 = PCURVE('',#2292,#4399);
#4399 = DEFINITIONAL_REPRESENTATION('',(#4400),#4403);
#4400 = B_SPLINE_CURVE_WITH_KNOTS('',1,(#4401,#4402),.UNSPECIFIED.,.F.,
  .F.,(2,2),(1.E-02,0.85),.PIECEWISE_BEZIER_KNOTS.);
#4401 = CARTESIAN_POINT('',(0.,-1.E-02));
#4402 = CARTESIAN_POINT('',(0.,-0.85));
#4403 = ( GEOMETRIC_REPRESENTATION_CONTEXT(2)
PARAMETRIC_REPRESENTATION_CONTEXT() REPRESENTATION_CONTEXT('2D SPACE',''
  ) );
#4404 = PCURVE('',#2292,#4405);
#4405 = DEFINITIONAL_REPRESENTATION('',(#4406),#4409);
#4406 = B_SPLINE_CURVE_WITH_KNOTS('',1,(#4407,#4408),.UNSPECIFIED.,.F.,
  .F.,(2,2),(1.E-02,0.85),.PIECEWISE_BEZIER_KNOTS.);
#4407 = CARTESIAN_POINT('',(-6.28318530718,-1.E-02));
#4408 = CARTESIAN_POINT('',(-6.28318530718,-0.85));
#4409 = ( GEOMETRIC_REPRESENTATION_CONTEXT(2)
PARAMETRIC_REPRESENTATION_CONTEXT() REPRESENTATION_CONTEXT('2D SPACE',''
  ) );
#4410 = ORIENTED_EDGE('',*,*,#2271,.F.);
#4411 = ORIENTED_EDGE('',*,*,#4392,.F.);
#4412 = ORIENTED_EDGE('',*,*,#3139,.T.);
#4413 = ADVANCED_FACE('',(#4414),#2326,.T.);
#4414 = FACE_BOUND('',#4415,.T.);
#4415 = EDGE_LOOP('',(#4416,#4435));
#4416 = ORIENTED_EDGE('',*,*,#4417,.F.);
#4417 = EDGE_CURVE('',#2308,#2310,#4418,.T.);
#4418 = SURFACE_CURVE('',#4419,(#4423,#4429),.PCURVE_S1.);
#4419 = LINE('',#4420,#4421);
#4420 = CARTESIAN_POINT('',(-40.,32.,546.));
#4421 = VECTOR('',#4422,1.);
#4422 = DIRECTION('',(-0.938797379884,-0.329990808343,
    -9.882077682985E-02));
#4423 = PCURVE('',#2326,#4424);
#4424 = DEFINITIONAL_REPRESENTATION('',(#4425),#4428);
#4425 = B_SPLINE_CURVE_WITH_KNOTS('',1,(#4426,#4427),.UNSPECIFIED.,.F.,
  .F.,(2,2),(-7.002881547333,7.002881547333),.PIECEWISE_BEZIER_KNOTS.);
#4426 = CARTESIAN_POINT('',(-0.200873009589,7.));
#4427 = CARTESIAN_POINT('',(0.200873009589,-7.));
#4428 = ( GEOMETRIC_REPRESENTATION_CONTEXT(2)
PARAMETRIC_REPRESENTATION_CONTEXT() REPRESENTATION_CONTEXT('2D SPACE',''
  ) );
#4429 = PCURVE('',#2360,#4430);
#4430 = DEFINITIONAL_REPRESENTATION('',(#4431),#4434);
#4431 = B_SPLINE_CURVE_WITH_KNOTS('',1,(#4432,#4433),.UNSPECIFIED.,.F.,
  .F.,(2,2),(-7.002881547333,7.002881547333),.PIECEWISE_BEZIER_KNOTS.);
#4432 = CARTESIAN_POINT('',(6.610609151472,2.310886542531));
#4433 = CARTESIAN_POINT('',(-6.610609151472,-2.310886542531));
#4434 = ( GEOMETRIC_REPRESENTATION_CONTEXT(2)
PARAMETRIC_REPRESENTATION_CONTEXT() REPRESENTATION_CONTEXT('2D SPACE',''
  ) );
#4435 = ORIENTED_EDGE('',*,*,#2307,.T.);
#4436 = ADVANCED_FACE('',(#4437),#2360,.F.);
#4437 = FACE_BOUND('',#4438,.F.);
#4438 = EDGE_LOOP('',(#4439,#4463,#4485,#4486,#4487));
#4439 = ORIENTED_EDGE('',*,*,#4440,.T.);
#4440 = EDGE_CURVE('',#2339,#4441,#4443,.T.);
#4441 = VERTEX_POINT('',#4442);
#4442 = CARTESIAN_POINT('',(-30.05494547078,32.,547.04684784518));
#4443 = SURFACE_CURVE('',#4444,(#4449,#4456),.PCURVE_S1.);
#4444 = CIRCLE('',#4445,10.);
#4445 = AXIS2_PLACEMENT_3D('',#4446,#4447,#4448);
#4446 = CARTESIAN_POINT('',(-40.,32.,546.));
#4447 = DIRECTION('',(-0.104684784518,0.,0.994505452921));
#4448 = DIRECTION('',(0.994505452921,0.,0.104684784518));
#4449 = PCURVE('',#2360,#4450);
#4450 = DEFINITIONAL_REPRESENTATION('',(#4451),#4455);
#4451 = CIRCLE('',#4452,10.);
#4452 = AXIS2_PLACEMENT_2D('',#4453,#4454);
#4453 = CARTESIAN_POINT('',(0.,0.));
#4454 = DIRECTION('',(1.,0.));
#4455 = ( GEOMETRIC_REPRESENTATION_CONTEXT(2)
PARAMETRIC_REPRESENTATION_CONTEXT() REPRESENTATION_CONTEXT('2D SPACE',''
  ) );
#4456 = PCURVE('',#2426,#4457);
#4457 = DEFINITIONAL_REPRESENTATION('',(#4458),#4462);
#4458 = LINE('',#4459,#4460);
#4459 = CARTESIAN_POINT('',(0.,0.));
#4460 = VECTOR('',#4461,1.);
#4461 = DIRECTION('',(1.,0.));
#4462 = ( GEOMETRIC_REPRESENTATION_CONTEXT(2)
PARAMETRIC_REPRESENTATION_CONTEXT() REPRESENTATION_CONTEXT('2D SPACE',''
  ) );
#4463 = ORIENTED_EDGE('',*,*,#4464,.T.);
#4464 = EDGE_CURVE('',#4441,#2529,#4465,.T.);
#4465 = SURFACE_CURVE('',#4466,(#4471,#4478),.PCURVE_S1.);
#4466 = CIRCLE('',#4467,10.);
#4467 = AXIS2_PLACEMENT_3D('',#4468,#4469,#4470);
#4468 = CARTESIAN_POINT('',(-40.,32.,546.));
#4469 = DIRECTION('',(-0.104684784518,0.,0.994505452921));
#4470 = DIRECTION('',(0.994505452921,0.,0.104684784518));
#4471 = PCURVE('',#2360,#4472);
#4472 = DEFINITIONAL_REPRESENTATION('',(#4473),#4477);
#4473 = CIRCLE('',#4474,10.);
#4474 = AXIS2_PLACEMENT_2D('',#4475,#4476);
#4475 = CARTESIAN_POINT('',(0.,0.));
#4476 = DIRECTION('',(1.,0.));
#4477 = ( GEOMETRIC_REPRESENTATION_CONTEXT(2)
PARAMETRIC_REPRESENTATION_CONTEXT() REPRESENTATION_CONTEXT('2D SPACE',''
  ) );
#4478 = PCURVE('',#2426,#4479);
#4479 = DEFINITIONAL_REPRESENTATION('',(#4480),#4484);
#4480 = LINE('',#4481,#4482);
#4481 = CARTESIAN_POINT('',(0.,0.));
#4482 = VECTOR('',#4483,1.);
#4483 = DIRECTION('',(1.,0.));
#4484 = ( GEOMETRIC_REPRESENTATION_CONTEXT(2)
PARAMETRIC_REPRESENTATION_CONTEXT() REPRESENTATION_CONTEXT('2D SPACE',''
  ) );
#4485 = ORIENTED_EDGE('',*,*,#2608,.F.);
#4486 = ORIENTED_EDGE('',*,*,#4417,.F.);
#4487 = ORIENTED_EDGE('',*,*,#2338,.F.);
#4488 = ADVANCED_FACE('',(#4489),#2426,.T.);
#4489 = FACE_BOUND('',#4490,.T.);
#4490 = EDGE_LOOP('',(#4491,#4514,#4541,#4542,#4543,#4544,#4545));
#4491 = ORIENTED_EDGE('',*,*,#4492,.T.);
#4492 = EDGE_CURVE('',#4441,#4493,#4495,.T.);
#4493 = VERTEX_POINT('',#4494);
#4494 = CARTESIAN_POINT('',(-38.05494547078,32.,623.04684784518));
#4495 = SEAM_CURVE('',#4496,(#4500,#4507),.PCURVE_S1.);
#4496 = LINE('',#4497,#4498);
#4497 = CARTESIAN_POINT('',(-30.05494547078,32.,547.04684784518));
#4498 = VECTOR('',#4499,1.);
#4499 = DIRECTION('',(-0.104684784518,-1.110149496599E-33,0.994505452921
    ));
#4500 = PCURVE('',#2426,#4501);
#4501 = DEFINITIONAL_REPRESENTATION('',(#4502),#4506);
#4502 = LINE('',#4503,#4504);
#4503 = CARTESIAN_POINT('',(6.28318530718,-0.));
#4504 = VECTOR('',#4505,1.);
#4505 = DIRECTION('',(0.,1.));
#4506 = ( GEOMETRIC_REPRESENTATION_CONTEXT(2)
PARAMETRIC_REPRESENTATION_CONTEXT() REPRESENTATION_CONTEXT('2D SPACE',''
  ) );
#4507 = PCURVE('',#2426,#4508);
#4508 = DEFINITIONAL_REPRESENTATION('',(#4509),#4513);
#4509 = LINE('',#4510,#4511);
#4510 = CARTESIAN_POINT('',(0.,-0.));
#4511 = VECTOR('',#4512,1.);
#4512 = DIRECTION('',(0.,1.));
#4513 = ( GEOMETRIC_REPRESENTATION_CONTEXT(2)
PARAMETRIC_REPRESENTATION_CONTEXT() REPRESENTATION_CONTEXT('2D SPACE',''
  ) );
#4514 = ORIENTED_EDGE('',*,*,#4515,.F.);
#4515 = EDGE_CURVE('',#4493,#4493,#4516,.T.);
#4516 = SURFACE_CURVE('',#4517,(#4522,#4529),.PCURVE_S1.);
#4517 = CIRCLE('',#4518,10.);
#4518 = AXIS2_PLACEMENT_3D('',#4519,#4520,#4521);
#4519 = CARTESIAN_POINT('',(-48.,32.,622.));
#4520 = DIRECTION('',(-0.104684784518,0.,0.994505452921));
#4521 = DIRECTION('',(0.994505452921,0.,0.104684784518));
#4522 = PCURVE('',#2426,#4523);
#4523 = DEFINITIONAL_REPRESENTATION('',(#4524),#4528);
#4524 = LINE('',#4525,#4526);
#4525 = CARTESIAN_POINT('',(0.,76.419892698171));
#4526 = VECTOR('',#4527,1.);
#4527 = DIRECTION('',(1.,0.));
#4528 = ( GEOMETRIC_REPRESENTATION_CONTEXT(2)
PARAMETRIC_REPRESENTATION_CONTEXT() REPRESENTATION_CONTEXT('2D SPACE',''
  ) );
#4529 = PCURVE('',#4530,#4535);
#4530 = PLANE('',#4531);
#4531 = AXIS2_PLACEMENT_3D('',#4532,#4533,#4534);
#4532 = CARTESIAN_POINT('',(-48.,32.,622.));
#4533 = DIRECTION('',(-0.104684784518,0.,0.994505452921));
#4534 = DIRECTION('',(0.994505452921,0.,0.104684784518));
#4535 = DEFINITIONAL_REPRESENTATION('',(#4536),#4540);
#4536 = CIRCLE('',#4537,10.);
#4537 = AXIS2_PLACEMENT_2D('',#4538,#4539);
#4538 = CARTESIAN_POINT('',(0.,0.));
#4539 = DIRECTION('',(1.,0.));
#4540 = ( GEOMETRIC_REPRESENTATION_CONTEXT(2)
PARAMETRIC_REPRESENTATION_CONTEXT() REPRESENTATION_CONTEXT('2D SPACE',''
  ) );
#4541 = ORIENTED_EDGE('',*,*,#4492,.F.);
#4542 = ORIENTED_EDGE('',*,*,#4464,.T.);
#4543 = ORIENTED_EDGE('',*,*,#2528,.T.);
#4544 = ORIENTED_EDGE('',*,*,#2372,.T.);
#4545 = ORIENTED_EDGE('',*,*,#4440,.T.);
#4546 = ADVANCED_FACE('',(#4547),#2658,.T.);
#4547 = FACE_BOUND('',#4548,.T.);
#4548 = EDGE_LOOP('',(#4549,#4572,#4593,#4594));
#4549 = ORIENTED_EDGE('',*,*,#4550,.F.);
#4550 = EDGE_CURVE('',#4551,#2637,#4553,.T.);
#4551 = VERTEX_POINT('',#4552);
#4552 = CARTESIAN_POINT('',(-23.,18.4,540.69));
#4553 = SURFACE_CURVE('',#4554,(#4558,#4565),.PCURVE_S1.);
#4554 = LINE('',#4555,#4556);
#4555 = CARTESIAN_POINT('',(-0.5,18.4,540.69));
#4556 = VECTOR('',#4557,1.);
#4557 = DIRECTION('',(-1.,1.110223024625E-16,0.));
#4558 = PCURVE('',#2658,#4559);
#4559 = DEFINITIONAL_REPRESENTATION('',(#4560),#4564);
#4560 = LINE('',#4561,#4562);
#4561 = CARTESIAN_POINT('',(0.,0.));
#4562 = VECTOR('',#4563,1.);
#4563 = DIRECTION('',(0.,1.));
#4564 = ( GEOMETRIC_REPRESENTATION_CONTEXT(2)
PARAMETRIC_REPRESENTATION_CONTEXT() REPRESENTATION_CONTEXT('2D SPACE',''
  ) );
#4565 = PCURVE('',#2752,#4566);
#4566 = DEFINITIONAL_REPRESENTATION('',(#4567),#4571);
#4567 = LINE('',#4568,#4569);
#4568 = CARTESIAN_POINT('',(21.38,0.));
#4569 = VECTOR('',#4570,1.);
#4570 = DIRECTION('',(0.,-1.));
#4571 = ( GEOMETRIC_REPRESENTATION_CONTEXT(2)
PARAMETRIC_REPRESENTATION_CONTEXT() REPRESENTATION_CONTEXT('2D SPACE',''
  ) );
#4572 = ORIENTED_EDGE('',*,*,#4573,.F.);
#4573 = EDGE_CURVE('',#3956,#4551,#4574,.T.);
#4574 = SURFACE_CURVE('',#4575,(#4579,#4586),.PCURVE_S1.);
#4575 = LINE('',#4576,#4577);
#4576 = CARTESIAN_POINT('',(-23.,17.5,540.69));
#4577 = VECTOR('',#4578,1.);
#4578 = DIRECTION('',(-1.110223024625E-16,-1.,0.));
#4579 = PCURVE('',#2658,#4580);
#4580 = DEFINITIONAL_REPRESENTATION('',(#4581),#4585);
#4581 = LINE('',#4582,#4583);
#4582 = CARTESIAN_POINT('',(-0.9,22.5));
#4583 = VECTOR('',#4584,1.);
#4584 = DIRECTION('',(-1.,0.));
#4585 = ( GEOMETRIC_REPRESENTATION_CONTEXT(2)
PARAMETRIC_REPRESENTATION_CONTEXT() REPRESENTATION_CONTEXT('2D SPACE',''
  ) );
#4586 = PCURVE('',#3994,#4587);
#4587 = DEFINITIONAL_REPRESENTATION('',(#4588),#4592);
#4588 = LINE('',#4589,#4590);
#4589 = CARTESIAN_POINT('',(0.9,0.9));
#4590 = VECTOR('',#4591,1.);
#4591 = DIRECTION('',(0.,-1.));
#4592 = ( GEOMETRIC_REPRESENTATION_CONTEXT(2)
PARAMETRIC_REPRESENTATION_CONTEXT() REPRESENTATION_CONTEXT('2D SPACE',''
  ) );
#4593 = ORIENTED_EDGE('',*,*,#3955,.T.);
#4594 = ORIENTED_EDGE('',*,*,#2636,.F.);
#4595 = ADVANCED_FACE('',(#4596,#4863,#4977,#5071,#5185),#2752,.F.);
#4596 = FACE_BOUND('',#4597,.F.);
#4597 = EDGE_LOOP('',(#4598,#4599,#4600,#4601,#4602,#4625,#4648,#4669,
    #4670,#4671,#4694,#4722,#4745,#4768,#4791,#4819,#4842));
#4598 = ORIENTED_EDGE('',*,*,#3879,.F.);
#4599 = ORIENTED_EDGE('',*,*,#4365,.F.);
#4600 = ORIENTED_EDGE('',*,*,#4338,.T.);
#4601 = ORIENTED_EDGE('',*,*,#2729,.F.);
#4602 = ORIENTED_EDGE('',*,*,#4603,.F.);
#4603 = EDGE_CURVE('',#4604,#2730,#4606,.T.);
#4604 = VERTEX_POINT('',#4605);
#4605 = CARTESIAN_POINT('',(-29.,18.4,534.7));
#4606 = SURFACE_CURVE('',#4607,(#4611,#4618),.PCURVE_S1.);
#4607 = LINE('',#4608,#4609);
#4608 = CARTESIAN_POINT('',(-29.,18.4,527.005));
#4609 = VECTOR('',#4610,1.);
#4610 = DIRECTION('',(0.,0.,1.));
#4611 = PCURVE('',#2752,#4612);
#4612 = DEFINITIONAL_REPRESENTATION('',(#4613),#4617);
#4613 = LINE('',#4614,#4615);
#4614 = CARTESIAN_POINT('',(7.695,-28.5));
#4615 = VECTOR('',#4616,1.);
#4616 = DIRECTION('',(1.,0.));
#4617 = ( GEOMETRIC_REPRESENTATION_CONTEXT(2)
PARAMETRIC_REPRESENTATION_CONTEXT() REPRESENTATION_CONTEXT('2D SPACE',''
  ) );
#4618 = PCURVE('',#2784,#4619);
#4619 = DEFINITIONAL_REPRESENTATION('',(#4620),#4624);
#4620 = LINE('',#4621,#4622);
#4621 = CARTESIAN_POINT('',(-7.695,1.6));
#4622 = VECTOR('',#4623,1.);
#4623 = DIRECTION('',(1.,0.));
#4624 = ( GEOMETRIC_REPRESENTATION_CONTEXT(2)
PARAMETRIC_REPRESENTATION_CONTEXT() REPRESENTATION_CONTEXT('2D SPACE',''
  ) );
#4625 = ORIENTED_EDGE('',*,*,#4626,.T.);
#4626 = EDGE_CURVE('',#4604,#4627,#4629,.T.);
#4627 = VERTEX_POINT('',#4628);
#4628 = CARTESIAN_POINT('',(-27.9,18.4,534.7));
#4629 = SURFACE_CURVE('',#4630,(#4634,#4641),.PCURVE_S1.);
#4630 = LINE('',#4631,#4632);
#4631 = CARTESIAN_POINT('',(-14.2,18.4,534.7));
#4632 = VECTOR('',#4633,1.);
#4633 = DIRECTION('',(1.,-1.110223024625E-16,0.));
#4634 = PCURVE('',#2752,#4635);
#4635 = DEFINITIONAL_REPRESENTATION('',(#4636),#4640);
#4636 = LINE('',#4637,#4638);
#4637 = CARTESIAN_POINT('',(15.39,-13.7));
#4638 = VECTOR('',#4639,1.);
#4639 = DIRECTION('',(0.,1.));
#4640 = ( GEOMETRIC_REPRESENTATION_CONTEXT(2)
PARAMETRIC_REPRESENTATION_CONTEXT() REPRESENTATION_CONTEXT('2D SPACE',''
  ) );
#4641 = PCURVE('',#2816,#4642);
#4642 = DEFINITIONAL_REPRESENTATION('',(#4643),#4647);
#4643 = LINE('',#4644,#4645);
#4644 = CARTESIAN_POINT('',(2.5,-13.5));
#4645 = VECTOR('',#4646,1.);
#4646 = DIRECTION('',(0.,-1.));
#4647 = ( GEOMETRIC_REPRESENTATION_CONTEXT(2)
PARAMETRIC_REPRESENTATION_CONTEXT() REPRESENTATION_CONTEXT('2D SPACE',''
  ) );
#4648 = ORIENTED_EDGE('',*,*,#4649,.T.);
#4649 = EDGE_CURVE('',#4627,#2893,#4650,.T.);
#4650 = SURFACE_CURVE('',#4651,(#4655,#4662),.PCURVE_S1.);
#4651 = LINE('',#4652,#4653);
#4652 = CARTESIAN_POINT('',(-27.9,18.4,527.005));
#4653 = VECTOR('',#4654,1.);
#4654 = DIRECTION('',(0.,0.,1.));
#4655 = PCURVE('',#2752,#4656);
#4656 = DEFINITIONAL_REPRESENTATION('',(#4657),#4661);
#4657 = LINE('',#4658,#4659);
#4658 = CARTESIAN_POINT('',(7.695,-27.4));
#4659 = VECTOR('',#4660,1.);
#4660 = DIRECTION('',(1.,0.));
#4661 = ( GEOMETRIC_REPRESENTATION_CONTEXT(2)
PARAMETRIC_REPRESENTATION_CONTEXT() REPRESENTATION_CONTEXT('2D SPACE',''
  ) );
#4662 = PCURVE('',#2912,#4663);
#4663 = DEFINITIONAL_REPRESENTATION('',(#4664),#4668);
#4664 = LINE('',#4665,#4666);
#4665 = CARTESIAN_POINT('',(-7.695,1.6));
#4666 = VECTOR('',#4667,1.);
#4667 = DIRECTION('',(1.,0.));
#4668 = ( GEOMETRIC_REPRESENTATION_CONTEXT(2)
PARAMETRIC_REPRESENTATION_CONTEXT() REPRESENTATION_CONTEXT('2D SPACE',''
  ) );
#4669 = ORIENTED_EDGE('',*,*,#2924,.F.);
#4670 = ORIENTED_EDGE('',*,*,#4550,.F.);
#4671 = ORIENTED_EDGE('',*,*,#4672,.F.);
#4672 = EDGE_CURVE('',#4673,#4551,#4675,.T.);
#4673 = VERTEX_POINT('',#4674);
#4674 = CARTESIAN_POINT('',(-23.,18.4,539.79));
#4675 = SURFACE_CURVE('',#4676,(#4680,#4687),.PCURVE_S1.);
#4676 = LINE('',#4677,#4678);
#4677 = CARTESIAN_POINT('',(-23.,18.4,529.55));
#4678 = VECTOR('',#4679,1.);
#4679 = DIRECTION('',(0.,0.,1.));
#4680 = PCURVE('',#2752,#4681);
#4681 = DEFINITIONAL_REPRESENTATION('',(#4682),#4686);
#4682 = LINE('',#4683,#4684);
#4683 = CARTESIAN_POINT('',(10.24,-22.5));
#4684 = VECTOR('',#4685,1.);
#4685 = DIRECTION('',(1.,0.));
#4686 = ( GEOMETRIC_REPRESENTATION_CONTEXT(2)
PARAMETRIC_REPRESENTATION_CONTEXT() REPRESENTATION_CONTEXT('2D SPACE',''
  ) );
#4687 = PCURVE('',#3994,#4688);
#4688 = DEFINITIONAL_REPRESENTATION('',(#4689),#4693);
#4689 = LINE('',#4690,#4691);
#4690 = CARTESIAN_POINT('',(-10.24,1.8));
#4691 = VECTOR('',#4692,1.);
#4692 = DIRECTION('',(1.,0.));
#4693 = ( GEOMETRIC_REPRESENTATION_CONTEXT(2)
PARAMETRIC_REPRESENTATION_CONTEXT() REPRESENTATION_CONTEXT('2D SPACE',''
  ) );
#4694 = ORIENTED_EDGE('',*,*,#4695,.T.);
#4695 = EDGE_CURVE('',#4673,#4696,#4698,.T.);
#4696 = VERTEX_POINT('',#4697);
#4697 = CARTESIAN_POINT('',(-19.,18.4,539.79));
#4698 = SURFACE_CURVE('',#4699,(#4703,#4710),.PCURVE_S1.);
#4699 = LINE('',#4700,#4701);
#4700 = CARTESIAN_POINT('',(-9.75,18.4,539.79));
#4701 = VECTOR('',#4702,1.);
#4702 = DIRECTION('',(1.,-1.110223024625E-16,0.));
#4703 = PCURVE('',#2752,#4704);
#4704 = DEFINITIONAL_REPRESENTATION('',(#4705),#4709);
#4705 = LINE('',#4706,#4707);
#4706 = CARTESIAN_POINT('',(20.48,-9.25));
#4707 = VECTOR('',#4708,1.);
#4708 = DIRECTION('',(0.,1.));
#4709 = ( GEOMETRIC_REPRESENTATION_CONTEXT(2)
PARAMETRIC_REPRESENTATION_CONTEXT() REPRESENTATION_CONTEXT('2D SPACE',''
  ) );
#4710 = PCURVE('',#4711,#4716);
#4711 = PLANE('',#4712);
#4712 = AXIS2_PLACEMENT_3D('',#4713,#4714,#4715);
#4713 = CARTESIAN_POINT('',(-19.,16.6,539.79));
#4714 = DIRECTION('',(0.,0.,1.));
#4715 = DIRECTION('',(1.110223024625E-16,1.,0.));
#4716 = DEFINITIONAL_REPRESENTATION('',(#4717),#4721);
#4717 = LINE('',#4718,#4719);
#4718 = CARTESIAN_POINT('',(1.8,-9.25));
#4719 = VECTOR('',#4720,1.);
#4720 = DIRECTION('',(0.,-1.));
#4721 = ( GEOMETRIC_REPRESENTATION_CONTEXT(2)
PARAMETRIC_REPRESENTATION_CONTEXT() REPRESENTATION_CONTEXT('2D SPACE',''
  ) );
#4722 = ORIENTED_EDGE('',*,*,#4723,.T.);
#4723 = EDGE_CURVE('',#4696,#4724,#4726,.T.);
#4724 = VERTEX_POINT('',#4725);
#4725 = CARTESIAN_POINT('',(-19.,18.4,540.69));
#4726 = SURFACE_CURVE('',#4727,(#4731,#4738),.PCURVE_S1.);
#4727 = LINE('',#4728,#4729);
#4728 = CARTESIAN_POINT('',(-19.,18.4,529.55));
#4729 = VECTOR('',#4730,1.);
#4730 = DIRECTION('',(0.,0.,1.));
#4731 = PCURVE('',#2752,#4732);
#4732 = DEFINITIONAL_REPRESENTATION('',(#4733),#4737);
#4733 = LINE('',#4734,#4735);
#4734 = CARTESIAN_POINT('',(10.24,-18.5));
#4735 = VECTOR('',#4736,1.);
#4736 = DIRECTION('',(1.,0.));
#4737 = ( GEOMETRIC_REPRESENTATION_CONTEXT(2)
PARAMETRIC_REPRESENTATION_CONTEXT() REPRESENTATION_CONTEXT('2D SPACE',''
  ) );
#4738 = PCURVE('',#4050,#4739);
#4739 = DEFINITIONAL_REPRESENTATION('',(#4740),#4744);
#4740 = LINE('',#4741,#4742);
#4741 = CARTESIAN_POINT('',(-10.24,1.8));
#4742 = VECTOR('',#4743,1.);
#4743 = DIRECTION('',(1.,0.));
#4744 = ( GEOMETRIC_REPRESENTATION_CONTEXT(2)
PARAMETRIC_REPRESENTATION_CONTEXT() REPRESENTATION_CONTEXT('2D SPACE',''
  ) );
#4745 = ORIENTED_EDGE('',*,*,#4746,.F.);
#4746 = EDGE_CURVE('',#4747,#4724,#4749,.T.);
#4747 = VERTEX_POINT('',#4748);
#4748 = CARTESIAN_POINT('',(-11.,18.4,540.69));
#4749 = SURFACE_CURVE('',#4750,(#4754,#4761),.PCURVE_S1.);
#4750 = LINE('',#4751,#4752);
#4751 = CARTESIAN_POINT('',(-0.5,18.4,540.69));
#4752 = VECTOR('',#4753,1.);
#4753 = DIRECTION('',(-1.,1.110223024625E-16,0.));
#4754 = PCURVE('',#2752,#4755);
#4755 = DEFINITIONAL_REPRESENTATION('',(#4756),#4760);
#4756 = LINE('',#4757,#4758);
#4757 = CARTESIAN_POINT('',(21.38,0.));
#4758 = VECTOR('',#4759,1.);
#4759 = DIRECTION('',(0.,-1.));
#4760 = ( GEOMETRIC_REPRESENTATION_CONTEXT(2)
PARAMETRIC_REPRESENTATION_CONTEXT() REPRESENTATION_CONTEXT('2D SPACE',''
  ) );
#4761 = PCURVE('',#4078,#4762);
#4762 = DEFINITIONAL_REPRESENTATION('',(#4763),#4767);
#4763 = LINE('',#4764,#4765);
#4764 = CARTESIAN_POINT('',(0.,0.));
#4765 = VECTOR('',#4766,1.);
#4766 = DIRECTION('',(0.,1.));
#4767 = ( GEOMETRIC_REPRESENTATION_CONTEXT(2)
PARAMETRIC_REPRESENTATION_CONTEXT() REPRESENTATION_CONTEXT('2D SPACE',''
  ) );
#4768 = ORIENTED_EDGE('',*,*,#4769,.F.);
#4769 = EDGE_CURVE('',#4770,#4747,#4772,.T.);
#4770 = VERTEX_POINT('',#4771);
#4771 = CARTESIAN_POINT('',(-11.,18.4,539.79));
#4772 = SURFACE_CURVE('',#4773,(#4777,#4784),.PCURVE_S1.);
#4773 = LINE('',#4774,#4775);
#4774 = CARTESIAN_POINT('',(-11.,18.4,529.55));
#4775 = VECTOR('',#4776,1.);
#4776 = DIRECTION('',(0.,0.,1.));
#4777 = PCURVE('',#2752,#4778);
#4778 = DEFINITIONAL_REPRESENTATION('',(#4779),#4783);
#4779 = LINE('',#4780,#4781);
#4780 = CARTESIAN_POINT('',(10.24,-10.5));
#4781 = VECTOR('',#4782,1.);
#4782 = DIRECTION('',(1.,0.));
#4783 = ( GEOMETRIC_REPRESENTATION_CONTEXT(2)
PARAMETRIC_REPRESENTATION_CONTEXT() REPRESENTATION_CONTEXT('2D SPACE',''
  ) );
#4784 = PCURVE('',#4106,#4785);
#4785 = DEFINITIONAL_REPRESENTATION('',(#4786),#4790);
#4786 = LINE('',#4787,#4788);
#4787 = CARTESIAN_POINT('',(-10.24,1.8));
#4788 = VECTOR('',#4789,1.);
#4789 = DIRECTION('',(1.,0.));
#4790 = ( GEOMETRIC_REPRESENTATION_CONTEXT(2)
PARAMETRIC_REPRESENTATION_CONTEXT() REPRESENTATION_CONTEXT('2D SPACE',''
  ) );
#4791 = ORIENTED_EDGE('',*,*,#4792,.T.);
#4792 = EDGE_CURVE('',#4770,#4793,#4795,.T.);
#4793 = VERTEX_POINT('',#4794);
#4794 = CARTESIAN_POINT('',(-7.,18.4,539.79));
#4795 = SURFACE_CURVE('',#4796,(#4800,#4807),.PCURVE_S1.);
#4796 = LINE('',#4797,#4798);
#4797 = CARTESIAN_POINT('',(-3.75,18.4,539.79));
#4798 = VECTOR('',#4799,1.);
#4799 = DIRECTION('',(1.,-1.110223024625E-16,0.));
#4800 = PCURVE('',#2752,#4801);
#4801 = DEFINITIONAL_REPRESENTATION('',(#4802),#4806);
#4802 = LINE('',#4803,#4804);
#4803 = CARTESIAN_POINT('',(20.48,-3.25));
#4804 = VECTOR('',#4805,1.);
#4805 = DIRECTION('',(0.,1.));
#4806 = ( GEOMETRIC_REPRESENTATION_CONTEXT(2)
PARAMETRIC_REPRESENTATION_CONTEXT() REPRESENTATION_CONTEXT('2D SPACE',''
  ) );
#4807 = PCURVE('',#4808,#4813);
#4808 = PLANE('',#4809);
#4809 = AXIS2_PLACEMENT_3D('',#4810,#4811,#4812);
#4810 = CARTESIAN_POINT('',(-7.,16.6,539.79));
#4811 = DIRECTION('',(0.,0.,1.));
#4812 = DIRECTION('',(1.110223024625E-16,1.,0.));
#4813 = DEFINITIONAL_REPRESENTATION('',(#4814),#4818);
#4814 = LINE('',#4815,#4816);
#4815 = CARTESIAN_POINT('',(1.8,-3.25));
#4816 = VECTOR('',#4817,1.);
#4817 = DIRECTION('',(0.,-1.));
#4818 = ( GEOMETRIC_REPRESENTATION_CONTEXT(2)
PARAMETRIC_REPRESENTATION_CONTEXT() REPRESENTATION_CONTEXT('2D SPACE',''
  ) );
#4819 = ORIENTED_EDGE('',*,*,#4820,.T.);
#4820 = EDGE_CURVE('',#4793,#4821,#4823,.T.);
#4821 = VERTEX_POINT('',#4822);
#4822 = CARTESIAN_POINT('',(-7.,18.4,540.69));
#4823 = SURFACE_CURVE('',#4824,(#4828,#4835),.PCURVE_S1.);
#4824 = LINE('',#4825,#4826);
#4825 = CARTESIAN_POINT('',(-7.,18.4,529.55));
#4826 = VECTOR('',#4827,1.);
#4827 = DIRECTION('',(0.,0.,1.));
#4828 = PCURVE('',#2752,#4829);
#4829 = DEFINITIONAL_REPRESENTATION('',(#4830),#4834);
#4830 = LINE('',#4831,#4832);
#4831 = CARTESIAN_POINT('',(10.24,-6.5));
#4832 = VECTOR('',#4833,1.);
#4833 = DIRECTION('',(1.,0.));
#4834 = ( GEOMETRIC_REPRESENTATION_CONTEXT(2)
PARAMETRIC_REPRESENTATION_CONTEXT() REPRESENTATION_CONTEXT('2D SPACE',''
  ) );
#4835 = PCURVE('',#4162,#4836);
#4836 = DEFINITIONAL_REPRESENTATION('',(#4837),#4841);
#4837 = LINE('',#4838,#4839);
#4838 = CARTESIAN_POINT('',(-10.24,1.8));
#4839 = VECTOR('',#4840,1.);
#4840 = DIRECTION('',(1.,0.));
#4841 = ( GEOMETRIC_REPRESENTATION_CONTEXT(2)
PARAMETRIC_REPRESENTATION_CONTEXT() REPRESENTATION_CONTEXT('2D SPACE',''
  ) );
#4842 = ORIENTED_EDGE('',*,*,#4843,.F.);
#4843 = EDGE_CURVE('',#3880,#4821,#4844,.T.);
#4844 = SURFACE_CURVE('',#4845,(#4849,#4856),.PCURVE_S1.);
#4845 = LINE('',#4846,#4847);
#4846 = CARTESIAN_POINT('',(-0.5,18.4,540.69));
#4847 = VECTOR('',#4848,1.);
#4848 = DIRECTION('',(-1.,1.110223024625E-16,0.));
#4849 = PCURVE('',#2752,#4850);
#4850 = DEFINITIONAL_REPRESENTATION('',(#4851),#4855);
#4851 = LINE('',#4852,#4853);
#4852 = CARTESIAN_POINT('',(21.38,0.));
#4853 = VECTOR('',#4854,1.);
#4854 = DIRECTION('',(0.,-1.));
#4855 = ( GEOMETRIC_REPRESENTATION_CONTEXT(2)
PARAMETRIC_REPRESENTATION_CONTEXT() REPRESENTATION_CONTEXT('2D SPACE',''
  ) );
#4856 = PCURVE('',#3916,#4857);
#4857 = DEFINITIONAL_REPRESENTATION('',(#4858),#4862);
#4858 = LINE('',#4859,#4860);
#4859 = CARTESIAN_POINT('',(0.,0.));
#4860 = VECTOR('',#4861,1.);
#4861 = DIRECTION('',(0.,1.));
#4862 = ( GEOMETRIC_REPRESENTATION_CONTEXT(2)
PARAMETRIC_REPRESENTATION_CONTEXT() REPRESENTATION_CONTEXT('2D SPACE',''
  ) );
#4863 = FACE_BOUND('',#4864,.F.);
#4864 = EDGE_LOOP('',(#4865,#4895,#4923,#4951));
#4865 = ORIENTED_EDGE('',*,*,#4866,.T.);
#4866 = EDGE_CURVE('',#4867,#4869,#4871,.T.);
#4867 = VERTEX_POINT('',#4868);
#4868 = CARTESIAN_POINT('',(-29.,18.4,522.3));
#4869 = VERTEX_POINT('',#4870);
#4870 = CARTESIAN_POINT('',(-27.9,18.4,522.3));
#4871 = SURFACE_CURVE('',#4872,(#4876,#4883),.PCURVE_S1.);
#4872 = LINE('',#4873,#4874);
#4873 = CARTESIAN_POINT('',(-14.2,18.4,522.3));
#4874 = VECTOR('',#4875,1.);
#4875 = DIRECTION('',(1.,-1.110223024625E-16,0.));
#4876 = PCURVE('',#2752,#4877);
#4877 = DEFINITIONAL_REPRESENTATION('',(#4878),#4882);
#4878 = LINE('',#4879,#4880);
#4879 = CARTESIAN_POINT('',(2.99,-13.7));
#4880 = VECTOR('',#4881,1.);
#4881 = DIRECTION('',(0.,1.));
#4882 = ( GEOMETRIC_REPRESENTATION_CONTEXT(2)
PARAMETRIC_REPRESENTATION_CONTEXT() REPRESENTATION_CONTEXT('2D SPACE',''
  ) );
#4883 = PCURVE('',#4884,#4889);
#4884 = PLANE('',#4885);
#4885 = AXIS2_PLACEMENT_3D('',#4886,#4887,#4888);
#4886 = CARTESIAN_POINT('',(-27.7,15.9,522.3));
#4887 = DIRECTION('',(0.,0.,1.));
#4888 = DIRECTION('',(1.110223024625E-16,1.,0.));
#4889 = DEFINITIONAL_REPRESENTATION('',(#4890),#4894);
#4890 = LINE('',#4891,#4892);
#4891 = CARTESIAN_POINT('',(2.5,-13.5));
#4892 = VECTOR('',#4893,1.);
#4893 = DIRECTION('',(0.,-1.));
#4894 = ( GEOMETRIC_REPRESENTATION_CONTEXT(2)
PARAMETRIC_REPRESENTATION_CONTEXT() REPRESENTATION_CONTEXT('2D SPACE',''
  ) );
#4895 = ORIENTED_EDGE('',*,*,#4896,.T.);
#4896 = EDGE_CURVE('',#4869,#4897,#4899,.T.);
#4897 = VERTEX_POINT('',#4898);
#4898 = CARTESIAN_POINT('',(-27.9,18.4,525.3));
#4899 = SURFACE_CURVE('',#4900,(#4904,#4911),.PCURVE_S1.);
#4900 = LINE('',#4901,#4902);
#4901 = CARTESIAN_POINT('',(-27.9,18.4,520.805));
#4902 = VECTOR('',#4903,1.);
#4903 = DIRECTION('',(0.,0.,1.));
#4904 = PCURVE('',#2752,#4905);
#4905 = DEFINITIONAL_REPRESENTATION('',(#4906),#4910);
#4906 = LINE('',#4907,#4908);
#4907 = CARTESIAN_POINT('',(1.495,-27.4));
#4908 = VECTOR('',#4909,1.);
#4909 = DIRECTION('',(1.,0.));
#4910 = ( GEOMETRIC_REPRESENTATION_CONTEXT(2)
PARAMETRIC_REPRESENTATION_CONTEXT() REPRESENTATION_CONTEXT('2D SPACE',''
  ) );
#4911 = PCURVE('',#4912,#4917);
#4912 = PLANE('',#4913);
#4913 = AXIS2_PLACEMENT_3D('',#4914,#4915,#4916);
#4914 = CARTESIAN_POINT('',(-27.9,16.8,522.3));
#4915 = DIRECTION('',(-1.,1.110223024625E-16,0.));
#4916 = DIRECTION('',(0.,0.,1.));
#4917 = DEFINITIONAL_REPRESENTATION('',(#4918),#4922);
#4918 = LINE('',#4919,#4920);
#4919 = CARTESIAN_POINT('',(-1.495,1.6));
#4920 = VECTOR('',#4921,1.);
#4921 = DIRECTION('',(1.,0.));
#4922 = ( GEOMETRIC_REPRESENTATION_CONTEXT(2)
PARAMETRIC_REPRESENTATION_CONTEXT() REPRESENTATION_CONTEXT('2D SPACE',''
  ) );
#4923 = ORIENTED_EDGE('',*,*,#4924,.F.);
#4924 = EDGE_CURVE('',#4925,#4897,#4927,.T.);
#4925 = VERTEX_POINT('',#4926);
#4926 = CARTESIAN_POINT('',(-29.,18.4,525.3));
#4927 = SURFACE_CURVE('',#4928,(#4932,#4939),.PCURVE_S1.);
#4928 = LINE('',#4929,#4930);
#4929 = CARTESIAN_POINT('',(-14.2,18.4,525.3));
#4930 = VECTOR('',#4931,1.);
#4931 = DIRECTION('',(1.,-1.110223024625E-16,0.));
#4932 = PCURVE('',#2752,#4933);
#4933 = DEFINITIONAL_REPRESENTATION('',(#4934),#4938);
#4934 = LINE('',#4935,#4936);
#4935 = CARTESIAN_POINT('',(5.99,-13.7));
#4936 = VECTOR('',#4937,1.);
#4937 = DIRECTION('',(0.,1.));
#4938 = ( GEOMETRIC_REPRESENTATION_CONTEXT(2)
PARAMETRIC_REPRESENTATION_CONTEXT() REPRESENTATION_CONTEXT('2D SPACE',''
  ) );
#4939 = PCURVE('',#4940,#4945);
#4940 = PLANE('',#4941);
#4941 = AXIS2_PLACEMENT_3D('',#4942,#4943,#4944);
#4942 = CARTESIAN_POINT('',(-27.7,15.9,525.3));
#4943 = DIRECTION('',(0.,0.,1.));
#4944 = DIRECTION('',(1.110223024625E-16,1.,0.));
#4945 = DEFINITIONAL_REPRESENTATION('',(#4946),#4950);
#4946 = LINE('',#4947,#4948);
#4947 = CARTESIAN_POINT('',(2.5,-13.5));
#4948 = VECTOR('',#4949,1.);
#4949 = DIRECTION('',(0.,-1.));
#4950 = ( GEOMETRIC_REPRESENTATION_CONTEXT(2)
PARAMETRIC_REPRESENTATION_CONTEXT() REPRESENTATION_CONTEXT('2D SPACE',''
  ) );
#4951 = ORIENTED_EDGE('',*,*,#4952,.F.);
#4952 = EDGE_CURVE('',#4867,#4925,#4953,.T.);
#4953 = SURFACE_CURVE('',#4954,(#4958,#4965),.PCURVE_S1.);
#4954 = LINE('',#4955,#4956);
#4955 = CARTESIAN_POINT('',(-29.,18.4,520.805));
#4956 = VECTOR('',#4957,1.);
#4957 = DIRECTION('',(0.,0.,1.));
#4958 = PCURVE('',#2752,#4959);
#4959 = DEFINITIONAL_REPRESENTATION('',(#4960),#4964);
#4960 = LINE('',#4961,#4962);
#4961 = CARTESIAN_POINT('',(1.495,-28.5));
#4962 = VECTOR('',#4963,1.);
#4963 = DIRECTION('',(1.,0.));
#4964 = ( GEOMETRIC_REPRESENTATION_CONTEXT(2)
PARAMETRIC_REPRESENTATION_CONTEXT() REPRESENTATION_CONTEXT('2D SPACE',''
  ) );
#4965 = PCURVE('',#4966,#4971);
#4966 = PLANE('',#4967);
#4967 = AXIS2_PLACEMENT_3D('',#4968,#4969,#4970);
#4968 = CARTESIAN_POINT('',(-29.,16.8,522.3));
#4969 = DIRECTION('',(-1.,1.110223024625E-16,0.));
#4970 = DIRECTION('',(0.,0.,1.));
#4971 = DEFINITIONAL_REPRESENTATION('',(#4972),#4976);
#4972 = LINE('',#4973,#4974);
#4973 = CARTESIAN_POINT('',(-1.495,1.6));
#4974 = VECTOR('',#4975,1.);
#4975 = DIRECTION('',(1.,0.));
#4976 = ( GEOMETRIC_REPRESENTATION_CONTEXT(2)
PARAMETRIC_REPRESENTATION_CONTEXT() REPRESENTATION_CONTEXT('2D SPACE',''
  ) );
#4977 = FACE_BOUND('',#4978,.F.);
#4978 = EDGE_LOOP('',(#4979,#5004,#5027,#5050));
#4979 = ORIENTED_EDGE('',*,*,#4980,.T.);
#4980 = EDGE_CURVE('',#4981,#4983,#4985,.T.);
#4981 = VERTEX_POINT('',#4982);
#4982 = CARTESIAN_POINT('',(-22.5,18.4,525.));
#4983 = VERTEX_POINT('',#4984);
#4984 = CARTESIAN_POINT('',(-7.5,18.4,525.));
#4985 = SURFACE_CURVE('',#4986,(#4990,#4997),.PCURVE_S1.);
#4986 = LINE('',#4987,#4988);
#4987 = CARTESIAN_POINT('',(-4.,18.4,525.));
#4988 = VECTOR('',#4989,1.);
#4989 = DIRECTION('',(1.,-1.110223024625E-16,0.));
#4990 = PCURVE('',#2752,#4991);
#4991 = DEFINITIONAL_REPRESENTATION('',(#4992),#4996);
#4992 = LINE('',#4993,#4994);
#4993 = CARTESIAN_POINT('',(5.69,-3.5));
#4994 = VECTOR('',#4995,1.);
#4995 = DIRECTION('',(0.,1.));
#4996 = ( GEOMETRIC_REPRESENTATION_CONTEXT(2)
PARAMETRIC_REPRESENTATION_CONTEXT() REPRESENTATION_CONTEXT('2D SPACE',''
  ) );
#4997 = PCURVE('',#4271,#4998);
#4998 = DEFINITIONAL_REPRESENTATION('',(#4999),#5003);
#4999 = LINE('',#5000,#5001);
#5000 = CARTESIAN_POINT('',(0.1,-3.5));
#5001 = VECTOR('',#5002,1.);
#5002 = DIRECTION('',(0.,-1.));
#5003 = ( GEOMETRIC_REPRESENTATION_CONTEXT(2)
PARAMETRIC_REPRESENTATION_CONTEXT() REPRESENTATION_CONTEXT('2D SPACE',''
  ) );
#5004 = ORIENTED_EDGE('',*,*,#5005,.T.);
#5005 = EDGE_CURVE('',#4983,#5006,#5008,.T.);
#5006 = VERTEX_POINT('',#5007);
#5007 = CARTESIAN_POINT('',(-7.5,18.4,535.));
#5008 = SURFACE_CURVE('',#5009,(#5013,#5020),.PCURVE_S1.);
#5009 = LINE('',#5010,#5011);
#5010 = CARTESIAN_POINT('',(-7.5,18.4,522.155));
#5011 = VECTOR('',#5012,1.);
#5012 = DIRECTION('',(0.,0.,1.));
#5013 = PCURVE('',#2752,#5014);
#5014 = DEFINITIONAL_REPRESENTATION('',(#5015),#5019);
#5015 = LINE('',#5016,#5017);
#5016 = CARTESIAN_POINT('',(2.845,-7.));
#5017 = VECTOR('',#5018,1.);
#5018 = DIRECTION('',(1.,0.));
#5019 = ( GEOMETRIC_REPRESENTATION_CONTEXT(2)
PARAMETRIC_REPRESENTATION_CONTEXT() REPRESENTATION_CONTEXT('2D SPACE',''
  ) );
#5020 = PCURVE('',#4297,#5021);
#5021 = DEFINITIONAL_REPRESENTATION('',(#5022),#5026);
#5022 = LINE('',#5023,#5024);
#5023 = CARTESIAN_POINT('',(-2.845,0.1));
#5024 = VECTOR('',#5025,1.);
#5025 = DIRECTION('',(1.,0.));
#5026 = ( GEOMETRIC_REPRESENTATION_CONTEXT(2)
PARAMETRIC_REPRESENTATION_CONTEXT() REPRESENTATION_CONTEXT('2D SPACE',''
  ) );
#5027 = ORIENTED_EDGE('',*,*,#5028,.F.);
#5028 = EDGE_CURVE('',#5029,#5006,#5031,.T.);
#5029 = VERTEX_POINT('',#5030);
#5030 = CARTESIAN_POINT('',(-22.5,18.4,535.));
#5031 = SURFACE_CURVE('',#5032,(#5036,#5043),.PCURVE_S1.);
#5032 = LINE('',#5033,#5034);
#5033 = CARTESIAN_POINT('',(-4.,18.4,535.));
#5034 = VECTOR('',#5035,1.);
#5035 = DIRECTION('',(1.,-1.110223024625E-16,0.));
#5036 = PCURVE('',#2752,#5037);
#5037 = DEFINITIONAL_REPRESENTATION('',(#5038),#5042);
#5038 = LINE('',#5039,#5040);
#5039 = CARTESIAN_POINT('',(15.69,-3.5));
#5040 = VECTOR('',#5041,1.);
#5041 = DIRECTION('',(0.,1.));
#5042 = ( GEOMETRIC_REPRESENTATION_CONTEXT(2)
PARAMETRIC_REPRESENTATION_CONTEXT() REPRESENTATION_CONTEXT('2D SPACE',''
  ) );
#5043 = PCURVE('',#4215,#5044);
#5044 = DEFINITIONAL_REPRESENTATION('',(#5045),#5049);
#5045 = LINE('',#5046,#5047);
#5046 = CARTESIAN_POINT('',(0.1,-3.5));
#5047 = VECTOR('',#5048,1.);
#5048 = DIRECTION('',(0.,-1.));
#5049 = ( GEOMETRIC_REPRESENTATION_CONTEXT(2)
PARAMETRIC_REPRESENTATION_CONTEXT() REPRESENTATION_CONTEXT('2D SPACE',''
  ) );
#5050 = ORIENTED_EDGE('',*,*,#5051,.F.);
#5051 = EDGE_CURVE('',#4981,#5029,#5052,.T.);
#5052 = SURFACE_CURVE('',#5053,(#5057,#5064),.PCURVE_S1.);
#5053 = LINE('',#5054,#5055);
#5054 = CARTESIAN_POINT('',(-22.5,18.4,522.155));
#5055 = VECTOR('',#5056,1.);
#5056 = DIRECTION('',(0.,0.,1.));
#5057 = PCURVE('',#2752,#5058);
#5058 = DEFINITIONAL_REPRESENTATION('',(#5059),#5063);
#5059 = LINE('',#5060,#5061);
#5060 = CARTESIAN_POINT('',(2.845,-22.));
#5061 = VECTOR('',#5062,1.);
#5062 = DIRECTION('',(1.,0.));
#5063 = ( GEOMETRIC_REPRESENTATION_CONTEXT(2)
PARAMETRIC_REPRESENTATION_CONTEXT() REPRESENTATION_CONTEXT('2D SPACE',''
  ) );
#5064 = PCURVE('',#4243,#5065);
#5065 = DEFINITIONAL_REPRESENTATION('',(#5066),#5070);
#5066 = LINE('',#5067,#5068);
#5067 = CARTESIAN_POINT('',(-2.845,0.1));
#5068 = VECTOR('',#5069,1.);
#5069 = DIRECTION('',(1.,0.));
#5070 = ( GEOMETRIC_REPRESENTATION_CONTEXT(2)
PARAMETRIC_REPRESENTATION_CONTEXT() REPRESENTATION_CONTEXT('2D SPACE',''
  ) );
#5071 = FACE_BOUND('',#5072,.F.);
#5072 = EDGE_LOOP('',(#5073,#5103,#5131,#5159));
#5073 = ORIENTED_EDGE('',*,*,#5074,.T.);
#5074 = EDGE_CURVE('',#5075,#5077,#5079,.T.);
#5075 = VERTEX_POINT('',#5076);
#5076 = CARTESIAN_POINT('',(-2.1,18.4,522.3));
#5077 = VERTEX_POINT('',#5078);
#5078 = CARTESIAN_POINT('',(-1.,18.4,522.3));
#5079 = SURFACE_CURVE('',#5080,(#5084,#5091),.PCURVE_S1.);
#5080 = LINE('',#5081,#5082);
#5081 = CARTESIAN_POINT('',(-0.75,18.4,522.3));
#5082 = VECTOR('',#5083,1.);
#5083 = DIRECTION('',(1.,-1.110223024625E-16,0.));
#5084 = PCURVE('',#2752,#5085);
#5085 = DEFINITIONAL_REPRESENTATION('',(#5086),#5090);
#5086 = LINE('',#5087,#5088);
#5087 = CARTESIAN_POINT('',(2.99,-0.25));
#5088 = VECTOR('',#5089,1.);
#5089 = DIRECTION('',(0.,1.));
#5090 = ( GEOMETRIC_REPRESENTATION_CONTEXT(2)
PARAMETRIC_REPRESENTATION_CONTEXT() REPRESENTATION_CONTEXT('2D SPACE',''
  ) );
#5091 = PCURVE('',#5092,#5097);
#5092 = PLANE('',#5093);
#5093 = AXIS2_PLACEMENT_3D('',#5094,#5095,#5096);
#5094 = CARTESIAN_POINT('',(-0.8,15.9,522.3));
#5095 = DIRECTION('',(0.,0.,1.));
#5096 = DIRECTION('',(1.110223024625E-16,1.,0.));
#5097 = DEFINITIONAL_REPRESENTATION('',(#5098),#5102);
#5098 = LINE('',#5099,#5100);
#5099 = CARTESIAN_POINT('',(2.5,-5.E-02));
#5100 = VECTOR('',#5101,1.);
#5101 = DIRECTION('',(0.,-1.));
#5102 = ( GEOMETRIC_REPRESENTATION_CONTEXT(2)
PARAMETRIC_REPRESENTATION_CONTEXT() REPRESENTATION_CONTEXT('2D SPACE',''
  ) );
#5103 = ORIENTED_EDGE('',*,*,#5104,.T.);
#5104 = EDGE_CURVE('',#5077,#5105,#5107,.T.);
#5105 = VERTEX_POINT('',#5106);
#5106 = CARTESIAN_POINT('',(-1.,18.4,525.3));
#5107 = SURFACE_CURVE('',#5108,(#5112,#5119),.PCURVE_S1.);
#5108 = LINE('',#5109,#5110);
#5109 = CARTESIAN_POINT('',(-1.,18.4,520.805));
#5110 = VECTOR('',#5111,1.);
#5111 = DIRECTION('',(0.,0.,1.));
#5112 = PCURVE('',#2752,#5113);
#5113 = DEFINITIONAL_REPRESENTATION('',(#5114),#5118);
#5114 = LINE('',#5115,#5116);
#5115 = CARTESIAN_POINT('',(1.495,-0.5));
#5116 = VECTOR('',#5117,1.);
#5117 = DIRECTION('',(1.,0.));
#5118 = ( GEOMETRIC_REPRESENTATION_CONTEXT(2)
PARAMETRIC_REPRESENTATION_CONTEXT() REPRESENTATION_CONTEXT('2D SPACE',''
  ) );
#5119 = PCURVE('',#5120,#5125);
#5120 = PLANE('',#5121);
#5121 = AXIS2_PLACEMENT_3D('',#5122,#5123,#5124);
#5122 = CARTESIAN_POINT('',(-1.,16.8,522.3));
#5123 = DIRECTION('',(-1.,1.110223024625E-16,0.));
#5124 = DIRECTION('',(0.,0.,1.));
#5125 = DEFINITIONAL_REPRESENTATION('',(#5126),#5130);
#5126 = LINE('',#5127,#5128);
#5127 = CARTESIAN_POINT('',(-1.495,1.6));
#5128 = VECTOR('',#5129,1.);
#5129 = DIRECTION('',(1.,0.));
#5130 = ( GEOMETRIC_REPRESENTATION_CONTEXT(2)
PARAMETRIC_REPRESENTATION_CONTEXT() REPRESENTATION_CONTEXT('2D SPACE',''
  ) );
#5131 = ORIENTED_EDGE('',*,*,#5132,.F.);
#5132 = EDGE_CURVE('',#5133,#5105,#5135,.T.);
#5133 = VERTEX_POINT('',#5134);
#5134 = CARTESIAN_POINT('',(-2.1,18.4,525.3));
#5135 = SURFACE_CURVE('',#5136,(#5140,#5147),.PCURVE_S1.);
#5136 = LINE('',#5137,#5138);
#5137 = CARTESIAN_POINT('',(-0.75,18.4,525.3));
#5138 = VECTOR('',#5139,1.);
#5139 = DIRECTION('',(1.,-1.110223024625E-16,0.));
#5140 = PCURVE('',#2752,#5141);
#5141 = DEFINITIONAL_REPRESENTATION('',(#5142),#5146);
#5142 = LINE('',#5143,#5144);
#5143 = CARTESIAN_POINT('',(5.99,-0.25));
#5144 = VECTOR('',#5145,1.);
#5145 = DIRECTION('',(0.,1.));
#5146 = ( GEOMETRIC_REPRESENTATION_CONTEXT(2)
PARAMETRIC_REPRESENTATION_CONTEXT() REPRESENTATION_CONTEXT('2D SPACE',''
  ) );
#5147 = PCURVE('',#5148,#5153);
#5148 = PLANE('',#5149);
#5149 = AXIS2_PLACEMENT_3D('',#5150,#5151,#5152);
#5150 = CARTESIAN_POINT('',(-0.8,15.9,525.3));
#5151 = DIRECTION('',(0.,0.,1.));
#5152 = DIRECTION('',(1.110223024625E-16,1.,0.));
#5153 = DEFINITIONAL_REPRESENTATION('',(#5154),#5158);
#5154 = LINE('',#5155,#5156);
#5155 = CARTESIAN_POINT('',(2.5,-5.E-02));
#5156 = VECTOR('',#5157,1.);
#5157 = DIRECTION('',(0.,-1.));
#5158 = ( GEOMETRIC_REPRESENTATION_CONTEXT(2)
PARAMETRIC_REPRESENTATION_CONTEXT() REPRESENTATION_CONTEXT('2D SPACE',''
  ) );
#5159 = ORIENTED_EDGE('',*,*,#5160,.F.);
#5160 = EDGE_CURVE('',#5075,#5133,#5161,.T.);
#5161 = SURFACE_CURVE('',#5162,(#5166,#5173),.PCURVE_S1.);
#5162 = LINE('',#5163,#5164);
#5163 = CARTESIAN_POINT('',(-2.1,18.4,520.805));
#5164 = VECTOR('',#5165,1.);
#5165 = DIRECTION('',(0.,0.,1.));
#5166 = PCURVE('',#2752,#5167);
#5167 = DEFINITIONAL_REPRESENTATION('',(#5168),#5172);
#5168 = LINE('',#5169,#5170);
#5169 = CARTESIAN_POINT('',(1.495,-1.6));
#5170 = VECTOR('',#5171,1.);
#5171 = DIRECTION('',(1.,0.));
#5172 = ( GEOMETRIC_REPRESENTATION_CONTEXT(2)
PARAMETRIC_REPRESENTATION_CONTEXT() REPRESENTATION_CONTEXT('2D SPACE',''
  ) );
#5173 = PCURVE('',#5174,#5179);
#5174 = PLANE('',#5175);
#5175 = AXIS2_PLACEMENT_3D('',#5176,#5177,#5178);
#5176 = CARTESIAN_POINT('',(-2.1,16.8,522.3));
#5177 = DIRECTION('',(-1.,1.110223024625E-16,0.));
#5178 = DIRECTION('',(0.,0.,1.));
#5179 = DEFINITIONAL_REPRESENTATION('',(#5180),#5184);
#5180 = LINE('',#5181,#5182);
#5181 = CARTESIAN_POINT('',(-1.495,1.6));
#5182 = VECTOR('',#5183,1.);
#5183 = DIRECTION('',(1.,0.));
#5184 = ( GEOMETRIC_REPRESENTATION_CONTEXT(2)
PARAMETRIC_REPRESENTATION_CONTEXT() REPRESENTATION_CONTEXT('2D SPACE',''
  ) );
#5185 = FACE_BOUND('',#5186,.F.);
#5186 = EDGE_LOOP('',(#5187,#5217,#5245,#5273));
#5187 = ORIENTED_EDGE('',*,*,#5188,.T.);
#5188 = EDGE_CURVE('',#5189,#5191,#5193,.T.);
#5189 = VERTEX_POINT('',#5190);
#5190 = CARTESIAN_POINT('',(-2.1,18.4,534.7));
#5191 = VERTEX_POINT('',#5192);
#5192 = CARTESIAN_POINT('',(-1.,18.4,534.7));
#5193 = SURFACE_CURVE('',#5194,(#5198,#5205),.PCURVE_S1.);
#5194 = LINE('',#5195,#5196);
#5195 = CARTESIAN_POINT('',(-0.75,18.4,534.7));
#5196 = VECTOR('',#5197,1.);
#5197 = DIRECTION('',(1.,-1.110223024625E-16,0.));
#5198 = PCURVE('',#2752,#5199);
#5199 = DEFINITIONAL_REPRESENTATION('',(#5200),#5204);
#5200 = LINE('',#5201,#5202);
#5201 = CARTESIAN_POINT('',(15.39,-0.25));
#5202 = VECTOR('',#5203,1.);
#5203 = DIRECTION('',(0.,1.));
#5204 = ( GEOMETRIC_REPRESENTATION_CONTEXT(2)
PARAMETRIC_REPRESENTATION_CONTEXT() REPRESENTATION_CONTEXT('2D SPACE',''
  ) );
#5205 = PCURVE('',#5206,#5211);
#5206 = PLANE('',#5207);
#5207 = AXIS2_PLACEMENT_3D('',#5208,#5209,#5210);
#5208 = CARTESIAN_POINT('',(-0.8,15.9,534.7));
#5209 = DIRECTION('',(0.,0.,1.));
#5210 = DIRECTION('',(1.110223024625E-16,1.,0.));
#5211 = DEFINITIONAL_REPRESENTATION('',(#5212),#5216);
#5212 = LINE('',#5213,#5214);
#5213 = CARTESIAN_POINT('',(2.5,-5.E-02));
#5214 = VECTOR('',#5215,1.);
#5215 = DIRECTION('',(0.,-1.));
#5216 = ( GEOMETRIC_REPRESENTATION_CONTEXT(2)
PARAMETRIC_REPRESENTATION_CONTEXT() REPRESENTATION_CONTEXT('2D SPACE',''
  ) );
#5217 = ORIENTED_EDGE('',*,*,#5218,.T.);
#5218 = EDGE_CURVE('',#5191,#5219,#5221,.T.);
#5219 = VERTEX_POINT('',#5220);
#5220 = CARTESIAN_POINT('',(-1.,18.4,537.7));
#5221 = SURFACE_CURVE('',#5222,(#5226,#5233),.PCURVE_S1.);
#5222 = LINE('',#5223,#5224);
#5223 = CARTESIAN_POINT('',(-1.,18.4,527.005));
#5224 = VECTOR('',#5225,1.);
#5225 = DIRECTION('',(0.,0.,1.));
#5226 = PCURVE('',#2752,#5227);
#5227 = DEFINITIONAL_REPRESENTATION('',(#5228),#5232);
#5228 = LINE('',#5229,#5230);
#5229 = CARTESIAN_POINT('',(7.695,-0.5));
#5230 = VECTOR('',#5231,1.);
#5231 = DIRECTION('',(1.,0.));
#5232 = ( GEOMETRIC_REPRESENTATION_CONTEXT(2)
PARAMETRIC_REPRESENTATION_CONTEXT() REPRESENTATION_CONTEXT('2D SPACE',''
  ) );
#5233 = PCURVE('',#5234,#5239);
#5234 = PLANE('',#5235);
#5235 = AXIS2_PLACEMENT_3D('',#5236,#5237,#5238);
#5236 = CARTESIAN_POINT('',(-1.,16.8,534.7));
#5237 = DIRECTION('',(-1.,1.110223024625E-16,0.));
#5238 = DIRECTION('',(0.,0.,1.));
#5239 = DEFINITIONAL_REPRESENTATION('',(#5240),#5244);
#5240 = LINE('',#5241,#5242);
#5241 = CARTESIAN_POINT('',(-7.695,1.6));
#5242 = VECTOR('',#5243,1.);
#5243 = DIRECTION('',(1.,0.));
#5244 = ( GEOMETRIC_REPRESENTATION_CONTEXT(2)
PARAMETRIC_REPRESENTATION_CONTEXT() REPRESENTATION_CONTEXT('2D SPACE',''
  ) );
#5245 = ORIENTED_EDGE('',*,*,#5246,.F.);
#5246 = EDGE_CURVE('',#5247,#5219,#5249,.T.);
#5247 = VERTEX_POINT('',#5248);
#5248 = CARTESIAN_POINT('',(-2.1,18.4,537.7));
#5249 = SURFACE_CURVE('',#5250,(#5254,#5261),.PCURVE_S1.);
#5250 = LINE('',#5251,#5252);
#5251 = CARTESIAN_POINT('',(-0.75,18.4,537.7));
#5252 = VECTOR('',#5253,1.);
#5253 = DIRECTION('',(1.,-1.110223024625E-16,0.));
#5254 = PCURVE('',#2752,#5255);
#5255 = DEFINITIONAL_REPRESENTATION('',(#5256),#5260);
#5256 = LINE('',#5257,#5258);
#5257 = CARTESIAN_POINT('',(18.39,-0.25));
#5258 = VECTOR('',#5259,1.);
#5259 = DIRECTION('',(0.,1.));
#5260 = ( GEOMETRIC_REPRESENTATION_CONTEXT(2)
PARAMETRIC_REPRESENTATION_CONTEXT() REPRESENTATION_CONTEXT('2D SPACE',''
  ) );
#5261 = PCURVE('',#5262,#5267);
#5262 = PLANE('',#5263);
#5263 = AXIS2_PLACEMENT_3D('',#5264,#5265,#5266);
#5264 = CARTESIAN_POINT('',(-0.8,15.9,537.7));
#5265 = DIRECTION('',(0.,0.,1.));
#5266 = DIRECTION('',(1.110223024625E-16,1.,0.));
#5267 = DEFINITIONAL_REPRESENTATION('',(#5268),#5272);
#5268 = LINE('',#5269,#5270);
#5269 = CARTESIAN_POINT('',(2.5,-5.E-02));
#5270 = VECTOR('',#5271,1.);
#5271 = DIRECTION('',(0.,-1.));
#5272 = ( GEOMETRIC_REPRESENTATION_CONTEXT(2)
PARAMETRIC_REPRESENTATION_CONTEXT() REPRESENTATION_CONTEXT('2D SPACE',''
  ) );
#5273 = ORIENTED_EDGE('',*,*,#5274,.F.);
#5274 = EDGE_CURVE('',#5189,#5247,#5275,.T.);
#5275 = SURFACE_CURVE('',#5276,(#5280,#5287),.PCURVE_S1.);
#5276 = LINE('',#5277,#5278);
#5277 = CARTESIAN_POINT('',(-2.1,18.4,527.005));
#5278 = VECTOR('',#5279,1.);
#5279 = DIRECTION('',(0.,0.,1.));
#5280 = PCURVE('',#2752,#5281);
#5281 = DEFINITIONAL_REPRESENTATION('',(#5282),#5286);
#5282 = LINE('',#5283,#5284);
#5283 = CARTESIAN_POINT('',(7.695,-1.6));
#5284 = VECTOR('',#5285,1.);
#5285 = DIRECTION('',(1.,0.));
#5286 = ( GEOMETRIC_REPRESENTATION_CONTEXT(2)
PARAMETRIC_REPRESENTATION_CONTEXT() REPRESENTATION_CONTEXT('2D SPACE',''
  ) );
#5287 = PCURVE('',#5288,#5293);
#5288 = PLANE('',#5289);
#5289 = AXIS2_PLACEMENT_3D('',#5290,#5291,#5292);
#5290 = CARTESIAN_POINT('',(-2.1,16.8,534.7));
#5291 = DIRECTION('',(-1.,1.110223024625E-16,0.));
#5292 = DIRECTION('',(0.,0.,1.));
#5293 = DEFINITIONAL_REPRESENTATION('',(#5294),#5298);
#5294 = LINE('',#5295,#5296);
#5295 = CARTESIAN_POINT('',(-7.695,1.6));
#5296 = VECTOR('',#5297,1.);
#5297 = DIRECTION('',(1.,0.));
#5298 = ( GEOMETRIC_REPRESENTATION_CONTEXT(2)
PARAMETRIC_REPRESENTATION_CONTEXT() REPRESENTATION_CONTEXT('2D SPACE',''
  ) );
#5299 = ADVANCED_FACE('',(#5300),#2912,.F.);
#5300 = FACE_BOUND('',#5301,.F.);
#5301 = EDGE_LOOP('',(#5302,#5325,#5346,#5347));
#5302 = ORIENTED_EDGE('',*,*,#5303,.F.);
#5303 = EDGE_CURVE('',#5304,#4627,#5306,.T.);
#5304 = VERTEX_POINT('',#5305);
#5305 = CARTESIAN_POINT('',(-27.9,16.8,534.7));
#5306 = SURFACE_CURVE('',#5307,(#5311,#5318),.PCURVE_S1.);
#5307 = LINE('',#5308,#5309);
#5308 = CARTESIAN_POINT('',(-27.9,16.8,534.7));
#5309 = VECTOR('',#5310,1.);
#5310 = DIRECTION('',(1.110223024625E-16,1.,0.));
#5311 = PCURVE('',#2912,#5312);
#5312 = DEFINITIONAL_REPRESENTATION('',(#5313),#5317);
#5313 = LINE('',#5314,#5315);
#5314 = CARTESIAN_POINT('',(0.,0.));
#5315 = VECTOR('',#5316,1.);
#5316 = DIRECTION('',(0.,1.));
#5317 = ( GEOMETRIC_REPRESENTATION_CONTEXT(2)
PARAMETRIC_REPRESENTATION_CONTEXT() REPRESENTATION_CONTEXT('2D SPACE',''
  ) );
#5318 = PCURVE('',#2816,#5319);
#5319 = DEFINITIONAL_REPRESENTATION('',(#5320),#5324);
#5320 = LINE('',#5321,#5322);
#5321 = CARTESIAN_POINT('',(0.9,0.2));
#5322 = VECTOR('',#5323,1.);
#5323 = DIRECTION('',(1.,0.));
#5324 = ( GEOMETRIC_REPRESENTATION_CONTEXT(2)
PARAMETRIC_REPRESENTATION_CONTEXT() REPRESENTATION_CONTEXT('2D SPACE',''
  ) );
#5325 = ORIENTED_EDGE('',*,*,#5326,.T.);
#5326 = EDGE_CURVE('',#5304,#2861,#5327,.T.);
#5327 = SURFACE_CURVE('',#5328,(#5332,#5339),.PCURVE_S1.);
#5328 = LINE('',#5329,#5330);
#5329 = CARTESIAN_POINT('',(-27.9,16.8,534.7));
#5330 = VECTOR('',#5331,1.);
#5331 = DIRECTION('',(0.,0.,1.));
#5332 = PCURVE('',#2912,#5333);
#5333 = DEFINITIONAL_REPRESENTATION('',(#5334),#5338);
#5334 = LINE('',#5335,#5336);
#5335 = CARTESIAN_POINT('',(0.,0.));
#5336 = VECTOR('',#5337,1.);
#5337 = DIRECTION('',(1.,0.));
#5338 = ( GEOMETRIC_REPRESENTATION_CONTEXT(2)
PARAMETRIC_REPRESENTATION_CONTEXT() REPRESENTATION_CONTEXT('2D SPACE',''
  ) );
#5339 = PCURVE('',#2880,#5340);
#5340 = DEFINITIONAL_REPRESENTATION('',(#5341),#5345);
#5341 = LINE('',#5342,#5343);
#5342 = CARTESIAN_POINT('',(0.,-0.2));
#5343 = VECTOR('',#5344,1.);
#5344 = DIRECTION('',(1.,0.));
#5345 = ( GEOMETRIC_REPRESENTATION_CONTEXT(2)
PARAMETRIC_REPRESENTATION_CONTEXT() REPRESENTATION_CONTEXT('2D SPACE',''
  ) );
#5346 = ORIENTED_EDGE('',*,*,#2892,.F.);
#5347 = ORIENTED_EDGE('',*,*,#4649,.F.);
#5348 = ADVANCED_FACE('',(#5349),#2880,.T.);
#5349 = FACE_BOUND('',#5350,.T.);
#5350 = EDGE_LOOP('',(#5351,#5352,#5375,#5396));
#5351 = ORIENTED_EDGE('',*,*,#2860,.F.);
#5352 = ORIENTED_EDGE('',*,*,#5353,.F.);
#5353 = EDGE_CURVE('',#5354,#2829,#5356,.T.);
#5354 = VERTEX_POINT('',#5355);
#5355 = CARTESIAN_POINT('',(-27.7,16.8,534.7));
#5356 = SURFACE_CURVE('',#5357,(#5361,#5368),.PCURVE_S1.);
#5357 = LINE('',#5358,#5359);
#5358 = CARTESIAN_POINT('',(-27.7,16.8,534.7));
#5359 = VECTOR('',#5360,1.);
#5360 = DIRECTION('',(0.,0.,1.));
#5361 = PCURVE('',#2880,#5362);
#5362 = DEFINITIONAL_REPRESENTATION('',(#5363),#5367);
#5363 = LINE('',#5364,#5365);
#5364 = CARTESIAN_POINT('',(0.,0.));
#5365 = VECTOR('',#5366,1.);
#5366 = DIRECTION('',(1.,0.));
#5367 = ( GEOMETRIC_REPRESENTATION_CONTEXT(2)
PARAMETRIC_REPRESENTATION_CONTEXT() REPRESENTATION_CONTEXT('2D SPACE',''
  ) );
#5368 = PCURVE('',#2848,#5369);
#5369 = DEFINITIONAL_REPRESENTATION('',(#5370),#5374);
#5370 = LINE('',#5371,#5372);
#5371 = CARTESIAN_POINT('',(0.,0.9));
#5372 = VECTOR('',#5373,1.);
#5373 = DIRECTION('',(1.,0.));
#5374 = ( GEOMETRIC_REPRESENTATION_CONTEXT(2)
PARAMETRIC_REPRESENTATION_CONTEXT() REPRESENTATION_CONTEXT('2D SPACE',''
  ) );
#5375 = ORIENTED_EDGE('',*,*,#5376,.T.);
#5376 = EDGE_CURVE('',#5354,#5304,#5377,.T.);
#5377 = SURFACE_CURVE('',#5378,(#5382,#5389),.PCURVE_S1.);
#5378 = LINE('',#5379,#5380);
#5379 = CARTESIAN_POINT('',(-27.7,16.8,534.7));
#5380 = VECTOR('',#5381,1.);
#5381 = DIRECTION('',(-1.,1.110223024625E-16,0.));
#5382 = PCURVE('',#2880,#5383);
#5383 = DEFINITIONAL_REPRESENTATION('',(#5384),#5388);
#5384 = LINE('',#5385,#5386);
#5385 = CARTESIAN_POINT('',(0.,0.));
#5386 = VECTOR('',#5387,1.);
#5387 = DIRECTION('',(0.,-1.));
#5388 = ( GEOMETRIC_REPRESENTATION_CONTEXT(2)
PARAMETRIC_REPRESENTATION_CONTEXT() REPRESENTATION_CONTEXT('2D SPACE',''
  ) );
#5389 = PCURVE('',#2816,#5390);
#5390 = DEFINITIONAL_REPRESENTATION('',(#5391),#5395);
#5391 = LINE('',#5392,#5393);
#5392 = CARTESIAN_POINT('',(0.9,9.992007221626E-17));
#5393 = VECTOR('',#5394,1.);
#5394 = DIRECTION('',(0.,1.));
#5395 = ( GEOMETRIC_REPRESENTATION_CONTEXT(2)
PARAMETRIC_REPRESENTATION_CONTEXT() REPRESENTATION_CONTEXT('2D SPACE',''
  ) );
#5396 = ORIENTED_EDGE('',*,*,#5326,.T.);
#5397 = ADVANCED_FACE('',(#5398),#2848,.F.);
#5398 = FACE_BOUND('',#5399,.F.);
#5399 = EDGE_LOOP('',(#5400,#5421,#5422));
#5400 = ORIENTED_EDGE('',*,*,#5401,.F.);
#5401 = EDGE_CURVE('',#2797,#5354,#5402,.T.);
#5402 = SURFACE_CURVE('',#5403,(#5407,#5414),.PCURVE_S1.);
#5403 = LINE('',#5404,#5405);
#5404 = CARTESIAN_POINT('',(-27.7,15.9,534.7));
#5405 = VECTOR('',#5406,1.);
#5406 = DIRECTION('',(1.110223024625E-16,1.,0.));
#5407 = PCURVE('',#2848,#5408);
#5408 = DEFINITIONAL_REPRESENTATION('',(#5409),#5413);
#5409 = LINE('',#5410,#5411);
#5410 = CARTESIAN_POINT('',(0.,0.));
#5411 = VECTOR('',#5412,1.);
#5412 = DIRECTION('',(0.,1.));
#5413 = ( GEOMETRIC_REPRESENTATION_CONTEXT(2)
PARAMETRIC_REPRESENTATION_CONTEXT() REPRESENTATION_CONTEXT('2D SPACE',''
  ) );
#5414 = PCURVE('',#2816,#5415);
#5415 = DEFINITIONAL_REPRESENTATION('',(#5416),#5420);
#5416 = LINE('',#5417,#5418);
#5417 = CARTESIAN_POINT('',(0.,0.));
#5418 = VECTOR('',#5419,1.);
#5419 = DIRECTION('',(1.,0.));
#5420 = ( GEOMETRIC_REPRESENTATION_CONTEXT(2)
PARAMETRIC_REPRESENTATION_CONTEXT() REPRESENTATION_CONTEXT('2D SPACE',''
  ) );
#5421 = ORIENTED_EDGE('',*,*,#2828,.F.);
#5422 = ORIENTED_EDGE('',*,*,#5353,.F.);
#5423 = ADVANCED_FACE('',(#5424),#2816,.F.);
#5424 = FACE_BOUND('',#5425,.F.);
#5425 = EDGE_LOOP('',(#5426,#5427,#5428,#5429,#5430,#5431));
#5426 = ORIENTED_EDGE('',*,*,#2796,.F.);
#5427 = ORIENTED_EDGE('',*,*,#5401,.T.);
#5428 = ORIENTED_EDGE('',*,*,#5376,.T.);
#5429 = ORIENTED_EDGE('',*,*,#5303,.T.);
#5430 = ORIENTED_EDGE('',*,*,#4626,.F.);
#5431 = ORIENTED_EDGE('',*,*,#5432,.F.);
#5432 = EDGE_CURVE('',#2765,#4604,#5433,.T.);
#5433 = SURFACE_CURVE('',#5434,(#5438,#5445),.PCURVE_S1.);
#5434 = LINE('',#5435,#5436);
#5435 = CARTESIAN_POINT('',(-29.,16.8,534.7));
#5436 = VECTOR('',#5437,1.);
#5437 = DIRECTION('',(1.110223024625E-16,1.,0.));
#5438 = PCURVE('',#2816,#5439);
#5439 = DEFINITIONAL_REPRESENTATION('',(#5440),#5444);
#5440 = LINE('',#5441,#5442);
#5441 = CARTESIAN_POINT('',(0.9,1.3));
#5442 = VECTOR('',#5443,1.);
#5443 = DIRECTION('',(1.,0.));
#5444 = ( GEOMETRIC_REPRESENTATION_CONTEXT(2)
PARAMETRIC_REPRESENTATION_CONTEXT() REPRESENTATION_CONTEXT('2D SPACE',''
  ) );
#5445 = PCURVE('',#2784,#5446);
#5446 = DEFINITIONAL_REPRESENTATION('',(#5447),#5451);
#5447 = LINE('',#5448,#5449);
#5448 = CARTESIAN_POINT('',(0.,0.));
#5449 = VECTOR('',#5450,1.);
#5450 = DIRECTION('',(0.,1.));
#5451 = ( GEOMETRIC_REPRESENTATION_CONTEXT(2)
PARAMETRIC_REPRESENTATION_CONTEXT() REPRESENTATION_CONTEXT('2D SPACE',''
  ) );
#5452 = ADVANCED_FACE('',(#5453),#2784,.T.);
#5453 = FACE_BOUND('',#5454,.T.);
#5454 = EDGE_LOOP('',(#5455,#5456,#5457));
#5455 = ORIENTED_EDGE('',*,*,#5432,.F.);
#5456 = ORIENTED_EDGE('',*,*,#2764,.F.);
#5457 = ORIENTED_EDGE('',*,*,#4603,.F.);
#5458 = ADVANCED_FACE('',(#5459),#3200,.F.);
#5459 = FACE_BOUND('',#5460,.T.);
#5460 = EDGE_LOOP('',(#5461,#5490,#5511,#5512));
#5461 = ORIENTED_EDGE('',*,*,#5462,.F.);
#5462 = EDGE_CURVE('',#5463,#5463,#5465,.T.);
#5463 = VERTEX_POINT('',#5464);
#5464 = CARTESIAN_POINT('',(-3.6,2.075,475.));
#5465 = SURFACE_CURVE('',#5466,(#5471,#5478),.PCURVE_S1.);
#5466 = CIRCLE('',#5467,2.075);
#5467 = AXIS2_PLACEMENT_3D('',#5468,#5469,#5470);
#5468 = CARTESIAN_POINT('',(-3.6,0.,475.));
#5469 = DIRECTION('',(1.,0.,0.));
#5470 = DIRECTION('',(0.,1.,0.));
#5471 = PCURVE('',#3200,#5472);
#5472 = DEFINITIONAL_REPRESENTATION('',(#5473),#5477);
#5473 = LINE('',#5474,#5475);
#5474 = CARTESIAN_POINT('',(-0.,0.));
#5475 = VECTOR('',#5476,1.);
#5476 = DIRECTION('',(-1.,0.));
#5477 = ( GEOMETRIC_REPRESENTATION_CONTEXT(2)
PARAMETRIC_REPRESENTATION_CONTEXT() REPRESENTATION_CONTEXT('2D SPACE',''
  ) );
#5478 = PCURVE('',#5479,#5484);
#5479 = PLANE('',#5480);
#5480 = AXIS2_PLACEMENT_3D('',#5481,#5482,#5483);
#5481 = CARTESIAN_POINT('',(-3.6,-1.191855430019E-16,475.));
#5482 = DIRECTION('',(1.,0.,0.));
#5483 = DIRECTION('',(-0.,0.,1.));
#5484 = DEFINITIONAL_REPRESENTATION('',(#5485),#5489);
#5485 = CIRCLE('',#5486,2.075);
#5486 = AXIS2_PLACEMENT_2D('',#5487,#5488);
#5487 = CARTESIAN_POINT('',(0.,-1.191855430019E-16));
#5488 = DIRECTION('',(0.,-1.));
#5489 = ( GEOMETRIC_REPRESENTATION_CONTEXT(2)
PARAMETRIC_REPRESENTATION_CONTEXT() REPRESENTATION_CONTEXT('2D SPACE',''
  ) );
#5490 = ORIENTED_EDGE('',*,*,#5491,.T.);
#5491 = EDGE_CURVE('',#5463,#3180,#5492,.T.);
#5492 = SEAM_CURVE('',#5493,(#5497,#5504),.PCURVE_S1.);
#5493 = LINE('',#5494,#5495);
#5494 = CARTESIAN_POINT('',(-3.6,2.075,475.));
#5495 = VECTOR('',#5496,1.);
#5496 = DIRECTION('',(1.,0.,0.));
#5497 = PCURVE('',#3200,#5498);
#5498 = DEFINITIONAL_REPRESENTATION('',(#5499),#5503);
#5499 = LINE('',#5500,#5501);
#5500 = CARTESIAN_POINT('',(-6.28318530718,0.));
#5501 = VECTOR('',#5502,1.);
#5502 = DIRECTION('',(-0.,-1.));
#5503 = ( GEOMETRIC_REPRESENTATION_CONTEXT(2)
PARAMETRIC_REPRESENTATION_CONTEXT() REPRESENTATION_CONTEXT('2D SPACE',''
  ) );
#5504 = PCURVE('',#3200,#5505);
#5505 = DEFINITIONAL_REPRESENTATION('',(#5506),#5510);
#5506 = LINE('',#5507,#5508);
#5507 = CARTESIAN_POINT('',(-0.,0.));
#5508 = VECTOR('',#5509,1.);
#5509 = DIRECTION('',(-0.,-1.));
#5510 = ( GEOMETRIC_REPRESENTATION_CONTEXT(2)
PARAMETRIC_REPRESENTATION_CONTEXT() REPRESENTATION_CONTEXT('2D SPACE',''
  ) );
#5511 = ORIENTED_EDGE('',*,*,#3179,.F.);
#5512 = ORIENTED_EDGE('',*,*,#5491,.F.);
#5513 = ADVANCED_FACE('',(#5514),#3233,.T.);
#5514 = FACE_BOUND('',#5515,.T.);
#5515 = EDGE_LOOP('',(#5516,#5517,#5540,#5561,#5562));
#5516 = ORIENTED_EDGE('',*,*,#3215,.T.);
#5517 = ORIENTED_EDGE('',*,*,#5518,.T.);
#5518 = EDGE_CURVE('',#3218,#5519,#5521,.T.);
#5519 = VERTEX_POINT('',#5520);
#5520 = CARTESIAN_POINT('',(-7.8,1.75,479.35));
#5521 = SURFACE_CURVE('',#5522,(#5526,#5533),.PCURVE_S1.);
#5522 = LINE('',#5523,#5524);
#5523 = CARTESIAN_POINT('',(-8.75,1.75,478.75));
#5524 = VECTOR('',#5525,1.);
#5525 = DIRECTION('',(0.845488903031,0.,0.533992991388));
#5526 = PCURVE('',#3233,#5527);
#5527 = DEFINITIONAL_REPRESENTATION('',(#5528),#5532);
#5528 = LINE('',#5529,#5530);
#5529 = CARTESIAN_POINT('',(0.452568509495,-2.354183017848));
#5530 = VECTOR('',#5531,1.);
#5531 = DIRECTION('',(0.533992991388,0.845488903031));
#5532 = ( GEOMETRIC_REPRESENTATION_CONTEXT(2)
PARAMETRIC_REPRESENTATION_CONTEXT() REPRESENTATION_CONTEXT('2D SPACE',''
  ) );
#5533 = PCURVE('',#3332,#5534);
#5534 = DEFINITIONAL_REPRESENTATION('',(#5535),#5539);
#5535 = LINE('',#5536,#5537);
#5536 = CARTESIAN_POINT('',(0.,0.));
#5537 = VECTOR('',#5538,1.);
#5538 = DIRECTION('',(1.,0.));
#5539 = ( GEOMETRIC_REPRESENTATION_CONTEXT(2)
PARAMETRIC_REPRESENTATION_CONTEXT() REPRESENTATION_CONTEXT('2D SPACE',''
  ) );
#5540 = ORIENTED_EDGE('',*,*,#5541,.T.);
#5541 = EDGE_CURVE('',#5519,#3446,#5542,.T.);
#5542 = SURFACE_CURVE('',#5543,(#5547,#5554),.PCURVE_S1.);
#5543 = LINE('',#5544,#5545);
#5544 = CARTESIAN_POINT('',(-7.8,1.75,479.35));
#5545 = VECTOR('',#5546,1.);
#5546 = DIRECTION('',(0.985831525251,0.,-0.167738498326));
#5547 = PCURVE('',#3233,#5548);
#5548 = DEFINITIONAL_REPRESENTATION('',(#5549),#5553);
#5549 = LINE('',#5550,#5551);
#5550 = CARTESIAN_POINT('',(1.052568509495,-1.404183017848));
#5551 = VECTOR('',#5552,1.);
#5552 = DIRECTION('',(-0.167738498326,0.985831525251));
#5553 = ( GEOMETRIC_REPRESENTATION_CONTEXT(2)
PARAMETRIC_REPRESENTATION_CONTEXT() REPRESENTATION_CONTEXT('2D SPACE',''
  ) );
#5554 = PCURVE('',#3484,#5555);
#5555 = DEFINITIONAL_REPRESENTATION('',(#5556),#5560);
#5556 = LINE('',#5557,#5558);
#5557 = CARTESIAN_POINT('',(0.,0.));
#5558 = VECTOR('',#5559,1.);
#5559 = DIRECTION('',(1.,0.));
#5560 = ( GEOMETRIC_REPRESENTATION_CONTEXT(2)
PARAMETRIC_REPRESENTATION_CONTEXT() REPRESENTATION_CONTEXT('2D SPACE',''
  ) );
#5561 = ORIENTED_EDGE('',*,*,#3445,.T.);
#5562 = ORIENTED_EDGE('',*,*,#3396,.T.);
#5563 = ADVANCED_FACE('',(#5564),#3332,.T.);
#5564 = FACE_BOUND('',#5565,.T.);
#5565 = EDGE_LOOP('',(#5566,#5567,#5590,#5611));
#5566 = ORIENTED_EDGE('',*,*,#3318,.T.);
#5567 = ORIENTED_EDGE('',*,*,#5568,.T.);
#5568 = EDGE_CURVE('',#3291,#5569,#5571,.T.);
#5569 = VERTEX_POINT('',#5570);
#5570 = CARTESIAN_POINT('',(-7.8,-1.75,479.35));
#5571 = SURFACE_CURVE('',#5572,(#5576,#5583),.PCURVE_S1.);
#5572 = LINE('',#5573,#5574);
#5573 = CARTESIAN_POINT('',(-8.75,-1.75,478.75));
#5574 = VECTOR('',#5575,1.);
#5575 = DIRECTION('',(0.845488903031,0.,0.533992991388));
#5576 = PCURVE('',#3332,#5577);
#5577 = DEFINITIONAL_REPRESENTATION('',(#5578),#5582);
#5578 = LINE('',#5579,#5580);
#5579 = CARTESIAN_POINT('',(0.,-3.5));
#5580 = VECTOR('',#5581,1.);
#5581 = DIRECTION('',(1.,0.));
#5582 = ( GEOMETRIC_REPRESENTATION_CONTEXT(2)
PARAMETRIC_REPRESENTATION_CONTEXT() REPRESENTATION_CONTEXT('2D SPACE',''
  ) );
#5583 = PCURVE('',#3306,#5584);
#5584 = DEFINITIONAL_REPRESENTATION('',(#5585),#5589);
#5585 = LINE('',#5586,#5587);
#5586 = CARTESIAN_POINT('',(0.452568509495,-2.354183017848));
#5587 = VECTOR('',#5588,1.);
#5588 = DIRECTION('',(0.533992991388,0.845488903031));
#5589 = ( GEOMETRIC_REPRESENTATION_CONTEXT(2)
PARAMETRIC_REPRESENTATION_CONTEXT() REPRESENTATION_CONTEXT('2D SPACE',''
  ) );
#5590 = ORIENTED_EDGE('',*,*,#5591,.F.);
#5591 = EDGE_CURVE('',#5519,#5569,#5592,.T.);
#5592 = SURFACE_CURVE('',#5593,(#5597,#5604),.PCURVE_S1.);
#5593 = LINE('',#5594,#5595);
#5594 = CARTESIAN_POINT('',(-7.8,1.75,479.35));
#5595 = VECTOR('',#5596,1.);
#5596 = DIRECTION('',(0.,-1.,0.));
#5597 = PCURVE('',#3332,#5598);
#5598 = DEFINITIONAL_REPRESENTATION('',(#5599),#5603);
#5599 = LINE('',#5600,#5601);
#5600 = CARTESIAN_POINT('',(1.123610252712,0.));
#5601 = VECTOR('',#5602,1.);
#5602 = DIRECTION('',(0.,-1.));
#5603 = ( GEOMETRIC_REPRESENTATION_CONTEXT(2)
PARAMETRIC_REPRESENTATION_CONTEXT() REPRESENTATION_CONTEXT('2D SPACE',''
  ) );
#5604 = PCURVE('',#3484,#5605);
#5605 = DEFINITIONAL_REPRESENTATION('',(#5606),#5610);
#5606 = LINE('',#5607,#5608);
#5607 = CARTESIAN_POINT('',(0.,0.));
#5608 = VECTOR('',#5609,1.);
#5609 = DIRECTION('',(0.,-1.));
#5610 = ( GEOMETRIC_REPRESENTATION_CONTEXT(2)
PARAMETRIC_REPRESENTATION_CONTEXT() REPRESENTATION_CONTEXT('2D SPACE',''
  ) );
#5611 = ORIENTED_EDGE('',*,*,#5518,.F.);
#5612 = ADVANCED_FACE('',(#5613),#3306,.F.);
#5613 = FACE_BOUND('',#5614,.F.);
#5614 = EDGE_LOOP('',(#5615,#5616,#5617,#5638,#5639));
#5615 = ORIENTED_EDGE('',*,*,#3290,.T.);
#5616 = ORIENTED_EDGE('',*,*,#5568,.T.);
#5617 = ORIENTED_EDGE('',*,*,#5618,.T.);
#5618 = EDGE_CURVE('',#5569,#3469,#5619,.T.);
#5619 = SURFACE_CURVE('',#5620,(#5624,#5631),.PCURVE_S1.);
#5620 = LINE('',#5621,#5622);
#5621 = CARTESIAN_POINT('',(-7.8,-1.75,479.35));
#5622 = VECTOR('',#5623,1.);
#5623 = DIRECTION('',(0.985831525251,0.,-0.167738498326));
#5624 = PCURVE('',#3306,#5625);
#5625 = DEFINITIONAL_REPRESENTATION('',(#5626),#5630);
#5626 = LINE('',#5627,#5628);
#5627 = CARTESIAN_POINT('',(1.052568509495,-1.404183017848));
#5628 = VECTOR('',#5629,1.);
#5629 = DIRECTION('',(-0.167738498326,0.985831525251));
#5630 = ( GEOMETRIC_REPRESENTATION_CONTEXT(2)
PARAMETRIC_REPRESENTATION_CONTEXT() REPRESENTATION_CONTEXT('2D SPACE',''
  ) );
#5631 = PCURVE('',#3484,#5632);
#5632 = DEFINITIONAL_REPRESENTATION('',(#5633),#5637);
#5633 = LINE('',#5634,#5635);
#5634 = CARTESIAN_POINT('',(0.,-3.5));
#5635 = VECTOR('',#5636,1.);
#5636 = DIRECTION('',(1.,0.));
#5637 = ( GEOMETRIC_REPRESENTATION_CONTEXT(2)
PARAMETRIC_REPRESENTATION_CONTEXT() REPRESENTATION_CONTEXT('2D SPACE',''
  ) );
#5638 = ORIENTED_EDGE('',*,*,#3496,.T.);
#5639 = ORIENTED_EDGE('',*,*,#3371,.T.);
#5640 = ADVANCED_FACE('',(#5641),#3484,.T.);
#5641 = FACE_BOUND('',#5642,.T.);
#5642 = EDGE_LOOP('',(#5643,#5644,#5645,#5646));
#5643 = ORIENTED_EDGE('',*,*,#5591,.T.);
#5644 = ORIENTED_EDGE('',*,*,#5618,.T.);
#5645 = ORIENTED_EDGE('',*,*,#3468,.F.);
#5646 = ORIENTED_EDGE('',*,*,#5541,.F.);
#5647 = ADVANCED_FACE('',(#5648),#3541,.T.);
#5648 = FACE_BOUND('',#5649,.T.);
#5649 = EDGE_LOOP('',(#5650,#5651,#5674,#5695,#5696));
#5650 = ORIENTED_EDGE('',*,*,#3523,.T.);
#5651 = ORIENTED_EDGE('',*,*,#5652,.T.);
#5652 = EDGE_CURVE('',#3526,#5653,#5655,.T.);
#5653 = VERTEX_POINT('',#5654);
#5654 = CARTESIAN_POINT('',(-7.8,1.75,470.65));
#5655 = SURFACE_CURVE('',#5656,(#5660,#5667),.PCURVE_S1.);
#5656 = LINE('',#5657,#5658);
#5657 = CARTESIAN_POINT('',(-4.45,1.75,471.22));
#5658 = VECTOR('',#5659,1.);
#5659 = DIRECTION('',(-0.985831525251,0.,-0.167738498326));
#5660 = PCURVE('',#3541,#5661);
#5661 = DEFINITIONAL_REPRESENTATION('',(#5662),#5666);
#5662 = LINE('',#5663,#5664);
#5663 = CARTESIAN_POINT('',(-0.482568509495,1.945816982152));
#5664 = VECTOR('',#5665,1.);
#5665 = DIRECTION('',(-0.167738498326,-0.985831525251));
#5666 = ( GEOMETRIC_REPRESENTATION_CONTEXT(2)
PARAMETRIC_REPRESENTATION_CONTEXT() REPRESENTATION_CONTEXT('2D SPACE',''
  ) );
#5667 = PCURVE('',#3640,#5668);
#5668 = DEFINITIONAL_REPRESENTATION('',(#5669),#5673);
#5669 = LINE('',#5670,#5671);
#5670 = CARTESIAN_POINT('',(0.,0.));
#5671 = VECTOR('',#5672,1.);
#5672 = DIRECTION('',(1.,0.));
#5673 = ( GEOMETRIC_REPRESENTATION_CONTEXT(2)
PARAMETRIC_REPRESENTATION_CONTEXT() REPRESENTATION_CONTEXT('2D SPACE',''
  ) );
#5674 = ORIENTED_EDGE('',*,*,#5675,.T.);
#5675 = EDGE_CURVE('',#5653,#3705,#5676,.T.);
#5676 = SURFACE_CURVE('',#5677,(#5681,#5688),.PCURVE_S1.);
#5677 = LINE('',#5678,#5679);
#5678 = CARTESIAN_POINT('',(-7.8,1.75,470.65));
#5679 = VECTOR('',#5680,1.);
#5680 = DIRECTION('',(-0.845488903031,0.,0.533992991388));
#5681 = PCURVE('',#3541,#5682);
#5682 = DEFINITIONAL_REPRESENTATION('',(#5683),#5687);
#5683 = LINE('',#5684,#5685);
#5684 = CARTESIAN_POINT('',(-1.052568509495,-1.404183017848));
#5685 = VECTOR('',#5686,1.);
#5686 = DIRECTION('',(0.533992991388,-0.845488903031));
#5687 = ( GEOMETRIC_REPRESENTATION_CONTEXT(2)
PARAMETRIC_REPRESENTATION_CONTEXT() REPRESENTATION_CONTEXT('2D SPACE',''
  ) );
#5688 = PCURVE('',#3743,#5689);
#5689 = DEFINITIONAL_REPRESENTATION('',(#5690),#5694);
#5690 = LINE('',#5691,#5692);
#5691 = CARTESIAN_POINT('',(0.,0.));
#5692 = VECTOR('',#5693,1.);
#5693 = DIRECTION('',(1.,0.));
#5694 = ( GEOMETRIC_REPRESENTATION_CONTEXT(2)
PARAMETRIC_REPRESENTATION_CONTEXT() REPRESENTATION_CONTEXT('2D SPACE',''
  ) );
#5695 = ORIENTED_EDGE('',*,*,#3704,.T.);
#5696 = ORIENTED_EDGE('',*,*,#3655,.T.);
#5697 = ADVANCED_FACE('',(#5698),#3640,.T.);
#5698 = FACE_BOUND('',#5699,.T.);
#5699 = EDGE_LOOP('',(#5700,#5701,#5724,#5745));
#5700 = ORIENTED_EDGE('',*,*,#3626,.T.);
#5701 = ORIENTED_EDGE('',*,*,#5702,.T.);
#5702 = EDGE_CURVE('',#3599,#5703,#5705,.T.);
#5703 = VERTEX_POINT('',#5704);
#5704 = CARTESIAN_POINT('',(-7.8,-1.75,470.65));
#5705 = SURFACE_CURVE('',#5706,(#5710,#5717),.PCURVE_S1.);
#5706 = LINE('',#5707,#5708);
#5707 = CARTESIAN_POINT('',(-4.45,-1.75,471.22));
#5708 = VECTOR('',#5709,1.);
#5709 = DIRECTION('',(-0.985831525251,0.,-0.167738498326));
#5710 = PCURVE('',#3640,#5711);
#5711 = DEFINITIONAL_REPRESENTATION('',(#5712),#5716);
#5712 = LINE('',#5713,#5714);
#5713 = CARTESIAN_POINT('',(-0.,-3.5));
#5714 = VECTOR('',#5715,1.);
#5715 = DIRECTION('',(1.,0.));
#5716 = ( GEOMETRIC_REPRESENTATION_CONTEXT(2)
PARAMETRIC_REPRESENTATION_CONTEXT() REPRESENTATION_CONTEXT('2D SPACE',''
  ) );
#5717 = PCURVE('',#3614,#5718);
#5718 = DEFINITIONAL_REPRESENTATION('',(#5719),#5723);
#5719 = LINE('',#5720,#5721);
#5720 = CARTESIAN_POINT('',(-0.482568509495,1.945816982152));
#5721 = VECTOR('',#5722,1.);
#5722 = DIRECTION('',(-0.167738498326,-0.985831525251));
#5723 = ( GEOMETRIC_REPRESENTATION_CONTEXT(2)
PARAMETRIC_REPRESENTATION_CONTEXT() REPRESENTATION_CONTEXT('2D SPACE',''
  ) );
#5724 = ORIENTED_EDGE('',*,*,#5725,.F.);
#5725 = EDGE_CURVE('',#5653,#5703,#5726,.T.);
#5726 = SURFACE_CURVE('',#5727,(#5731,#5738),.PCURVE_S1.);
#5727 = LINE('',#5728,#5729);
#5728 = CARTESIAN_POINT('',(-7.8,1.75,470.65));
#5729 = VECTOR('',#5730,1.);
#5730 = DIRECTION('',(0.,-1.,0.));
#5731 = PCURVE('',#3640,#5732);
#5732 = DEFINITIONAL_REPRESENTATION('',(#5733),#5737);
#5733 = LINE('',#5734,#5735);
#5734 = CARTESIAN_POINT('',(3.398146553638,0.));
#5735 = VECTOR('',#5736,1.);
#5736 = DIRECTION('',(-0.,-1.));
#5737 = ( GEOMETRIC_REPRESENTATION_CONTEXT(2)
PARAMETRIC_REPRESENTATION_CONTEXT() REPRESENTATION_CONTEXT('2D SPACE',''
  ) );
#5738 = PCURVE('',#3743,#5739);
#5739 = DEFINITIONAL_REPRESENTATION('',(#5740),#5744);
#5740 = LINE('',#5741,#5742);
#5741 = CARTESIAN_POINT('',(0.,0.));
#5742 = VECTOR('',#5743,1.);
#5743 = DIRECTION('',(0.,-1.));
#5744 = ( GEOMETRIC_REPRESENTATION_CONTEXT(2)
PARAMETRIC_REPRESENTATION_CONTEXT() REPRESENTATION_CONTEXT('2D SPACE',''
  ) );
#5745 = ORIENTED_EDGE('',*,*,#5652,.F.);
#5746 = ADVANCED_FACE('',(#5747),#3614,.F.);
#5747 = FACE_BOUND('',#5748,.F.);
#5748 = EDGE_LOOP('',(#5749,#5750,#5751,#5772,#5773));
#5749 = ORIENTED_EDGE('',*,*,#3598,.T.);
#5750 = ORIENTED_EDGE('',*,*,#5702,.T.);
#5751 = ORIENTED_EDGE('',*,*,#5752,.T.);
#5752 = EDGE_CURVE('',#5703,#3728,#5753,.T.);
#5753 = SURFACE_CURVE('',#5754,(#5758,#5765),.PCURVE_S1.);
#5754 = LINE('',#5755,#5756);
#5755 = CARTESIAN_POINT('',(-7.8,-1.75,470.65));
#5756 = VECTOR('',#5757,1.);
#5757 = DIRECTION('',(-0.845488903031,0.,0.533992991388));
#5758 = PCURVE('',#3614,#5759);
#5759 = DEFINITIONAL_REPRESENTATION('',(#5760),#5764);
#5760 = LINE('',#5761,#5762);
#5761 = CARTESIAN_POINT('',(-1.052568509495,-1.404183017848));
#5762 = VECTOR('',#5763,1.);
#5763 = DIRECTION('',(0.533992991388,-0.845488903031));
#5764 = ( GEOMETRIC_REPRESENTATION_CONTEXT(2)
PARAMETRIC_REPRESENTATION_CONTEXT() REPRESENTATION_CONTEXT('2D SPACE',''
  ) );
#5765 = PCURVE('',#3743,#5766);
#5766 = DEFINITIONAL_REPRESENTATION('',(#5767),#5771);
#5767 = LINE('',#5768,#5769);
#5768 = CARTESIAN_POINT('',(0.,-3.5));
#5769 = VECTOR('',#5770,1.);
#5770 = DIRECTION('',(1.,0.));
#5771 = ( GEOMETRIC_REPRESENTATION_CONTEXT(2)
PARAMETRIC_REPRESENTATION_CONTEXT() REPRESENTATION_CONTEXT('2D SPACE',''
  ) );
#5772 = ORIENTED_EDGE('',*,*,#3755,.T.);
#5773 = ORIENTED_EDGE('',*,*,#3806,.T.);
#5774 = ADVANCED_FACE('',(#5775),#3743,.T.);
#5775 = FACE_BOUND('',#5776,.T.);
#5776 = EDGE_LOOP('',(#5777,#5778,#5779,#5780));
#5777 = ORIENTED_EDGE('',*,*,#5725,.T.);
#5778 = ORIENTED_EDGE('',*,*,#5752,.T.);
#5779 = ORIENTED_EDGE('',*,*,#3727,.F.);
#5780 = ORIENTED_EDGE('',*,*,#5675,.F.);
#5781 = ADVANCED_FACE('',(#5782),#3916,.T.);
#5782 = FACE_BOUND('',#5783,.T.);
#5783 = EDGE_LOOP('',(#5784,#5785,#5786,#5787));
#5784 = ORIENTED_EDGE('',*,*,#4843,.F.);
#5785 = ORIENTED_EDGE('',*,*,#3902,.T.);
#5786 = ORIENTED_EDGE('',*,*,#4174,.T.);
#5787 = ORIENTED_EDGE('',*,*,#5788,.T.);
#5788 = EDGE_CURVE('',#4147,#4821,#5789,.T.);
#5789 = SURFACE_CURVE('',#5790,(#5794,#5801),.PCURVE_S1.);
#5790 = LINE('',#5791,#5792);
#5791 = CARTESIAN_POINT('',(-7.,17.5,540.69));
#5792 = VECTOR('',#5793,1.);
#5793 = DIRECTION('',(-1.110223024625E-16,-1.,0.));
#5794 = PCURVE('',#3916,#5795);
#5795 = DEFINITIONAL_REPRESENTATION('',(#5796),#5800);
#5796 = LINE('',#5797,#5798);
#5797 = CARTESIAN_POINT('',(-0.9,6.5));
#5798 = VECTOR('',#5799,1.);
#5799 = DIRECTION('',(-1.,0.));
#5800 = ( GEOMETRIC_REPRESENTATION_CONTEXT(2)
PARAMETRIC_REPRESENTATION_CONTEXT() REPRESENTATION_CONTEXT('2D SPACE',''
  ) );
#5801 = PCURVE('',#4162,#5802);
#5802 = DEFINITIONAL_REPRESENTATION('',(#5803),#5807);
#5803 = LINE('',#5804,#5805);
#5804 = CARTESIAN_POINT('',(0.9,0.9));
#5805 = VECTOR('',#5806,1.);
#5806 = DIRECTION('',(0.,-1.));
#5807 = ( GEOMETRIC_REPRESENTATION_CONTEXT(2)
PARAMETRIC_REPRESENTATION_CONTEXT() REPRESENTATION_CONTEXT('2D SPACE',''
  ) );
#5808 = ADVANCED_FACE('',(#5809),#4162,.F.);
#5809 = FACE_BOUND('',#5810,.F.);
#5810 = EDGE_LOOP('',(#5811,#5834,#5862,#5890,#5918,#5946,#5974,#5995,
    #5996,#5997));
#5811 = ORIENTED_EDGE('',*,*,#5812,.F.);
#5812 = EDGE_CURVE('',#5813,#4793,#5815,.T.);
#5813 = VERTEX_POINT('',#5814);
#5814 = CARTESIAN_POINT('',(-7.,16.8,539.79));
#5815 = SURFACE_CURVE('',#5816,(#5820,#5827),.PCURVE_S1.);
#5816 = LINE('',#5817,#5818);
#5817 = CARTESIAN_POINT('',(-7.,16.6,539.79));
#5818 = VECTOR('',#5819,1.);
#5819 = DIRECTION('',(1.110223024625E-16,1.,0.));
#5820 = PCURVE('',#4162,#5821);
#5821 = DEFINITIONAL_REPRESENTATION('',(#5822),#5826);
#5822 = LINE('',#5823,#5824);
#5823 = CARTESIAN_POINT('',(0.,0.));
#5824 = VECTOR('',#5825,1.);
#5825 = DIRECTION('',(0.,1.));
#5826 = ( GEOMETRIC_REPRESENTATION_CONTEXT(2)
PARAMETRIC_REPRESENTATION_CONTEXT() REPRESENTATION_CONTEXT('2D SPACE',''
  ) );
#5827 = PCURVE('',#4808,#5828);
#5828 = DEFINITIONAL_REPRESENTATION('',(#5829),#5833);
#5829 = LINE('',#5830,#5831);
#5830 = CARTESIAN_POINT('',(0.,0.));
#5831 = VECTOR('',#5832,1.);
#5832 = DIRECTION('',(1.,0.));
#5833 = ( GEOMETRIC_REPRESENTATION_CONTEXT(2)
PARAMETRIC_REPRESENTATION_CONTEXT() REPRESENTATION_CONTEXT('2D SPACE',''
  ) );
#5834 = ORIENTED_EDGE('',*,*,#5835,.F.);
#5835 = EDGE_CURVE('',#5836,#5813,#5838,.T.);
#5836 = VERTEX_POINT('',#5837);
#5837 = CARTESIAN_POINT('',(-7.,16.8,538.69));
#5838 = SURFACE_CURVE('',#5839,(#5843,#5850),.PCURVE_S1.);
#5839 = LINE('',#5840,#5841);
#5840 = CARTESIAN_POINT('',(-7.,16.8,538.69));
#5841 = VECTOR('',#5842,1.);
#5842 = DIRECTION('',(0.,0.,1.));
#5843 = PCURVE('',#4162,#5844);
#5844 = DEFINITIONAL_REPRESENTATION('',(#5845),#5849);
#5845 = LINE('',#5846,#5847);
#5846 = CARTESIAN_POINT('',(-1.1,0.2));
#5847 = VECTOR('',#5848,1.);
#5848 = DIRECTION('',(1.,0.));
#5849 = ( GEOMETRIC_REPRESENTATION_CONTEXT(2)
PARAMETRIC_REPRESENTATION_CONTEXT() REPRESENTATION_CONTEXT('2D SPACE',''
  ) );
#5850 = PCURVE('',#5851,#5856);
#5851 = PLANE('',#5852);
#5852 = AXIS2_PLACEMENT_3D('',#5853,#5854,#5855);
#5853 = CARTESIAN_POINT('',(-7.,16.8,538.69));
#5854 = DIRECTION('',(1.110223024625E-16,1.,0.));
#5855 = DIRECTION('',(0.,0.,1.));
#5856 = DEFINITIONAL_REPRESENTATION('',(#5857),#5861);
#5857 = LINE('',#5858,#5859);
#5858 = CARTESIAN_POINT('',(0.,0.));
#5859 = VECTOR('',#5860,1.);
#5860 = DIRECTION('',(1.,0.));
#5861 = ( GEOMETRIC_REPRESENTATION_CONTEXT(2)
PARAMETRIC_REPRESENTATION_CONTEXT() REPRESENTATION_CONTEXT('2D SPACE',''
  ) );
#5862 = ORIENTED_EDGE('',*,*,#5863,.F.);
#5863 = EDGE_CURVE('',#5864,#5836,#5866,.T.);
#5864 = VERTEX_POINT('',#5865);
#5865 = CARTESIAN_POINT('',(-7.,15.9,538.69));
#5866 = SURFACE_CURVE('',#5867,(#5871,#5878),.PCURVE_S1.);
#5867 = LINE('',#5868,#5869);
#5868 = CARTESIAN_POINT('',(-7.,15.9,538.69));
#5869 = VECTOR('',#5870,1.);
#5870 = DIRECTION('',(1.110223024625E-16,1.,0.));
#5871 = PCURVE('',#4162,#5872);
#5872 = DEFINITIONAL_REPRESENTATION('',(#5873),#5877);
#5873 = LINE('',#5874,#5875);
#5874 = CARTESIAN_POINT('',(-1.1,-0.7));
#5875 = VECTOR('',#5876,1.);
#5876 = DIRECTION('',(0.,1.));
#5877 = ( GEOMETRIC_REPRESENTATION_CONTEXT(2)
PARAMETRIC_REPRESENTATION_CONTEXT() REPRESENTATION_CONTEXT('2D SPACE',''
  ) );
#5878 = PCURVE('',#5879,#5884);
#5879 = PLANE('',#5880);
#5880 = AXIS2_PLACEMENT_3D('',#5881,#5882,#5883);
#5881 = CARTESIAN_POINT('',(-7.,15.9,538.69));
#5882 = DIRECTION('',(0.,0.,1.));
#5883 = DIRECTION('',(1.110223024625E-16,1.,0.));
#5884 = DEFINITIONAL_REPRESENTATION('',(#5885),#5889);
#5885 = LINE('',#5886,#5887);
#5886 = CARTESIAN_POINT('',(0.,0.));
#5887 = VECTOR('',#5888,1.);
#5888 = DIRECTION('',(1.,0.));
#5889 = ( GEOMETRIC_REPRESENTATION_CONTEXT(2)
PARAMETRIC_REPRESENTATION_CONTEXT() REPRESENTATION_CONTEXT('2D SPACE',''
  ) );
#5890 = ORIENTED_EDGE('',*,*,#5891,.T.);
#5891 = EDGE_CURVE('',#5864,#5892,#5894,.T.);
#5892 = VERTEX_POINT('',#5893);
#5893 = CARTESIAN_POINT('',(-7.,15.9,540.59));
#5894 = SURFACE_CURVE('',#5895,(#5899,#5906),.PCURVE_S1.);
#5895 = LINE('',#5896,#5897);
#5896 = CARTESIAN_POINT('',(-7.,15.9,538.69));
#5897 = VECTOR('',#5898,1.);
#5898 = DIRECTION('',(0.,0.,1.));
#5899 = PCURVE('',#4162,#5900);
#5900 = DEFINITIONAL_REPRESENTATION('',(#5901),#5905);
#5901 = LINE('',#5902,#5903);
#5902 = CARTESIAN_POINT('',(-1.1,-0.7));
#5903 = VECTOR('',#5904,1.);
#5904 = DIRECTION('',(1.,0.));
#5905 = ( GEOMETRIC_REPRESENTATION_CONTEXT(2)
PARAMETRIC_REPRESENTATION_CONTEXT() REPRESENTATION_CONTEXT('2D SPACE',''
  ) );
#5906 = PCURVE('',#5907,#5912);
#5907 = PLANE('',#5908);
#5908 = AXIS2_PLACEMENT_3D('',#5909,#5910,#5911);
#5909 = CARTESIAN_POINT('',(-7.,15.9,538.69));
#5910 = DIRECTION('',(1.110223024625E-16,1.,0.));
#5911 = DIRECTION('',(0.,0.,1.));
#5912 = DEFINITIONAL_REPRESENTATION('',(#5913),#5917);
#5913 = LINE('',#5914,#5915);
#5914 = CARTESIAN_POINT('',(0.,0.));
#5915 = VECTOR('',#5916,1.);
#5916 = DIRECTION('',(1.,0.));
#5917 = ( GEOMETRIC_REPRESENTATION_CONTEXT(2)
PARAMETRIC_REPRESENTATION_CONTEXT() REPRESENTATION_CONTEXT('2D SPACE',''
  ) );
#5918 = ORIENTED_EDGE('',*,*,#5919,.T.);
#5919 = EDGE_CURVE('',#5892,#5920,#5922,.T.);
#5920 = VERTEX_POINT('',#5921);
#5921 = CARTESIAN_POINT('',(-7.,16.6,540.59));
#5922 = SURFACE_CURVE('',#5923,(#5927,#5934),.PCURVE_S1.);
#5923 = LINE('',#5924,#5925);
#5924 = CARTESIAN_POINT('',(-7.,15.9,540.59));
#5925 = VECTOR('',#5926,1.);
#5926 = DIRECTION('',(1.110223024625E-16,1.,0.));
#5927 = PCURVE('',#4162,#5928);
#5928 = DEFINITIONAL_REPRESENTATION('',(#5929),#5933);
#5929 = LINE('',#5930,#5931);
#5930 = CARTESIAN_POINT('',(0.8,-0.7));
#5931 = VECTOR('',#5932,1.);
#5932 = DIRECTION('',(0.,1.));
#5933 = ( GEOMETRIC_REPRESENTATION_CONTEXT(2)
PARAMETRIC_REPRESENTATION_CONTEXT() REPRESENTATION_CONTEXT('2D SPACE',''
  ) );
#5934 = PCURVE('',#5935,#5940);
#5935 = PLANE('',#5936);
#5936 = AXIS2_PLACEMENT_3D('',#5937,#5938,#5939);
#5937 = CARTESIAN_POINT('',(-7.,15.9,540.59));
#5938 = DIRECTION('',(0.,0.,1.));
#5939 = DIRECTION('',(1.110223024625E-16,1.,0.));
#5940 = DEFINITIONAL_REPRESENTATION('',(#5941),#5945);
#5941 = LINE('',#5942,#5943);
#5942 = CARTESIAN_POINT('',(0.,0.));
#5943 = VECTOR('',#5944,1.);
#5944 = DIRECTION('',(1.,0.));
#5945 = ( GEOMETRIC_REPRESENTATION_CONTEXT(2)
PARAMETRIC_REPRESENTATION_CONTEXT() REPRESENTATION_CONTEXT('2D SPACE',''
  ) );
#5946 = ORIENTED_EDGE('',*,*,#5947,.T.);
#5947 = EDGE_CURVE('',#5920,#5948,#5950,.T.);
#5948 = VERTEX_POINT('',#5949);
#5949 = CARTESIAN_POINT('',(-7.,16.6,540.99));
#5950 = SURFACE_CURVE('',#5951,(#5955,#5962),.PCURVE_S1.);
#5951 = LINE('',#5952,#5953);
#5952 = CARTESIAN_POINT('',(-7.,16.6,539.79));
#5953 = VECTOR('',#5954,1.);
#5954 = DIRECTION('',(0.,0.,1.));
#5955 = PCURVE('',#4162,#5956);
#5956 = DEFINITIONAL_REPRESENTATION('',(#5957),#5961);
#5957 = LINE('',#5958,#5959);
#5958 = CARTESIAN_POINT('',(0.,0.));
#5959 = VECTOR('',#5960,1.);
#5960 = DIRECTION('',(1.,0.));
#5961 = ( GEOMETRIC_REPRESENTATION_CONTEXT(2)
PARAMETRIC_REPRESENTATION_CONTEXT() REPRESENTATION_CONTEXT('2D SPACE',''
  ) );
#5962 = PCURVE('',#5963,#5968);
#5963 = PLANE('',#5964);
#5964 = AXIS2_PLACEMENT_3D('',#5965,#5966,#5967);
#5965 = CARTESIAN_POINT('',(-7.,16.6,539.79));
#5966 = DIRECTION('',(1.110223024625E-16,1.,0.));
#5967 = DIRECTION('',(0.,0.,1.));
#5968 = DEFINITIONAL_REPRESENTATION('',(#5969),#5973);
#5969 = LINE('',#5970,#5971);
#5970 = CARTESIAN_POINT('',(0.,0.));
#5971 = VECTOR('',#5972,1.);
#5972 = DIRECTION('',(1.,0.));
#5973 = ( GEOMETRIC_REPRESENTATION_CONTEXT(2)
PARAMETRIC_REPRESENTATION_CONTEXT() REPRESENTATION_CONTEXT('2D SPACE',''
  ) );
#5974 = ORIENTED_EDGE('',*,*,#5975,.T.);
#5975 = EDGE_CURVE('',#5948,#4119,#5976,.T.);
#5976 = SURFACE_CURVE('',#5977,(#5981,#5988),.PCURVE_S1.);
#5977 = LINE('',#5978,#5979);
#5978 = CARTESIAN_POINT('',(-7.,16.6,540.99));
#5979 = VECTOR('',#5980,1.);
#5980 = DIRECTION('',(1.110223024625E-16,1.,0.));
#5981 = PCURVE('',#4162,#5982);
#5982 = DEFINITIONAL_REPRESENTATION('',(#5983),#5987);
#5983 = LINE('',#5984,#5985);
#5984 = CARTESIAN_POINT('',(1.2,0.));
#5985 = VECTOR('',#5986,1.);
#5986 = DIRECTION('',(0.,1.));
#5987 = ( GEOMETRIC_REPRESENTATION_CONTEXT(2)
PARAMETRIC_REPRESENTATION_CONTEXT() REPRESENTATION_CONTEXT('2D SPACE',''
  ) );
#5988 = PCURVE('',#4134,#5989);
#5989 = DEFINITIONAL_REPRESENTATION('',(#5990),#5994);
#5990 = LINE('',#5991,#5992);
#5991 = CARTESIAN_POINT('',(0.,0.));
#5992 = VECTOR('',#5993,1.);
#5993 = DIRECTION('',(1.,0.));
#5994 = ( GEOMETRIC_REPRESENTATION_CONTEXT(2)
PARAMETRIC_REPRESENTATION_CONTEXT() REPRESENTATION_CONTEXT('2D SPACE',''
  ) );
#5995 = ORIENTED_EDGE('',*,*,#4146,.F.);
#5996 = ORIENTED_EDGE('',*,*,#5788,.T.);
#5997 = ORIENTED_EDGE('',*,*,#4820,.F.);
#5998 = ADVANCED_FACE('',(#5999),#4134,.T.);
#5999 = FACE_BOUND('',#6000,.T.);
#6000 = EDGE_LOOP('',(#6001,#6024,#6025,#6026));
#6001 = ORIENTED_EDGE('',*,*,#6002,.F.);
#6002 = EDGE_CURVE('',#5948,#6003,#6005,.T.);
#6003 = VERTEX_POINT('',#6004);
#6004 = CARTESIAN_POINT('',(-11.,16.6,540.99));
#6005 = SURFACE_CURVE('',#6006,(#6010,#6017),.PCURVE_S1.);
#6006 = LINE('',#6007,#6008);
#6007 = CARTESIAN_POINT('',(-7.,16.6,540.99));
#6008 = VECTOR('',#6009,1.);
#6009 = DIRECTION('',(-1.,1.110223024625E-16,0.));
#6010 = PCURVE('',#4134,#6011);
#6011 = DEFINITIONAL_REPRESENTATION('',(#6012),#6016);
#6012 = LINE('',#6013,#6014);
#6013 = CARTESIAN_POINT('',(0.,0.));
#6014 = VECTOR('',#6015,1.);
#6015 = DIRECTION('',(0.,1.));
#6016 = ( GEOMETRIC_REPRESENTATION_CONTEXT(2)
PARAMETRIC_REPRESENTATION_CONTEXT() REPRESENTATION_CONTEXT('2D SPACE',''
  ) );
#6017 = PCURVE('',#5963,#6018);
#6018 = DEFINITIONAL_REPRESENTATION('',(#6019),#6023);
#6019 = LINE('',#6020,#6021);
#6020 = CARTESIAN_POINT('',(1.2,0.));
#6021 = VECTOR('',#6022,1.);
#6022 = DIRECTION('',(0.,-1.));
#6023 = ( GEOMETRIC_REPRESENTATION_CONTEXT(2)
PARAMETRIC_REPRESENTATION_CONTEXT() REPRESENTATION_CONTEXT('2D SPACE',''
  ) );
#6024 = ORIENTED_EDGE('',*,*,#5975,.T.);
#6025 = ORIENTED_EDGE('',*,*,#4118,.T.);
#6026 = ORIENTED_EDGE('',*,*,#6027,.F.);
#6027 = EDGE_CURVE('',#6003,#4091,#6028,.T.);
#6028 = SURFACE_CURVE('',#6029,(#6033,#6040),.PCURVE_S1.);
#6029 = LINE('',#6030,#6031);
#6030 = CARTESIAN_POINT('',(-11.,16.6,540.99));
#6031 = VECTOR('',#6032,1.);
#6032 = DIRECTION('',(1.110223024625E-16,1.,0.));
#6033 = PCURVE('',#4134,#6034);
#6034 = DEFINITIONAL_REPRESENTATION('',(#6035),#6039);
#6035 = LINE('',#6036,#6037);
#6036 = CARTESIAN_POINT('',(-4.440892098501E-16,4.));
#6037 = VECTOR('',#6038,1.);
#6038 = DIRECTION('',(1.,0.));
#6039 = ( GEOMETRIC_REPRESENTATION_CONTEXT(2)
PARAMETRIC_REPRESENTATION_CONTEXT() REPRESENTATION_CONTEXT('2D SPACE',''
  ) );
#6040 = PCURVE('',#4106,#6041);
#6041 = DEFINITIONAL_REPRESENTATION('',(#6042),#6046);
#6042 = LINE('',#6043,#6044);
#6043 = CARTESIAN_POINT('',(1.2,0.));
#6044 = VECTOR('',#6045,1.);
#6045 = DIRECTION('',(0.,1.));
#6046 = ( GEOMETRIC_REPRESENTATION_CONTEXT(2)
PARAMETRIC_REPRESENTATION_CONTEXT() REPRESENTATION_CONTEXT('2D SPACE',''
  ) );
#6047 = ADVANCED_FACE('',(#6048),#4106,.T.);
#6048 = FACE_BOUND('',#6049,.T.);
#6049 = EDGE_LOOP('',(#6050,#6073,#6096,#6119,#6142,#6165,#6186,#6187,
    #6188,#6209));
#6050 = ORIENTED_EDGE('',*,*,#6051,.F.);
#6051 = EDGE_CURVE('',#6052,#4770,#6054,.T.);
#6052 = VERTEX_POINT('',#6053);
#6053 = CARTESIAN_POINT('',(-11.,16.8,539.79));
#6054 = SURFACE_CURVE('',#6055,(#6059,#6066),.PCURVE_S1.);
#6055 = LINE('',#6056,#6057);
#6056 = CARTESIAN_POINT('',(-11.,16.6,539.79));
#6057 = VECTOR('',#6058,1.);
#6058 = DIRECTION('',(1.110223024625E-16,1.,0.));
#6059 = PCURVE('',#4106,#6060);
#6060 = DEFINITIONAL_REPRESENTATION('',(#6061),#6065);
#6061 = LINE('',#6062,#6063);
#6062 = CARTESIAN_POINT('',(0.,0.));
#6063 = VECTOR('',#6064,1.);
#6064 = DIRECTION('',(0.,1.));
#6065 = ( GEOMETRIC_REPRESENTATION_CONTEXT(2)
PARAMETRIC_REPRESENTATION_CONTEXT() REPRESENTATION_CONTEXT('2D SPACE',''
  ) );
#6066 = PCURVE('',#4808,#6067);
#6067 = DEFINITIONAL_REPRESENTATION('',(#6068),#6072);
#6068 = LINE('',#6069,#6070);
#6069 = CARTESIAN_POINT('',(-4.440892098501E-16,4.));
#6070 = VECTOR('',#6071,1.);
#6071 = DIRECTION('',(1.,0.));
#6072 = ( GEOMETRIC_REPRESENTATION_CONTEXT(2)
PARAMETRIC_REPRESENTATION_CONTEXT() REPRESENTATION_CONTEXT('2D SPACE',''
  ) );
#6073 = ORIENTED_EDGE('',*,*,#6074,.F.);
#6074 = EDGE_CURVE('',#6075,#6052,#6077,.T.);
#6075 = VERTEX_POINT('',#6076);
#6076 = CARTESIAN_POINT('',(-11.,16.8,538.69));
#6077 = SURFACE_CURVE('',#6078,(#6082,#6089),.PCURVE_S1.);
#6078 = LINE('',#6079,#6080);
#6079 = CARTESIAN_POINT('',(-11.,16.8,538.69));
#6080 = VECTOR('',#6081,1.);
#6081 = DIRECTION('',(0.,0.,1.));
#6082 = PCURVE('',#4106,#6083);
#6083 = DEFINITIONAL_REPRESENTATION('',(#6084),#6088);
#6084 = LINE('',#6085,#6086);
#6085 = CARTESIAN_POINT('',(-1.1,0.2));
#6086 = VECTOR('',#6087,1.);
#6087 = DIRECTION('',(1.,0.));
#6088 = ( GEOMETRIC_REPRESENTATION_CONTEXT(2)
PARAMETRIC_REPRESENTATION_CONTEXT() REPRESENTATION_CONTEXT('2D SPACE',''
  ) );
#6089 = PCURVE('',#5851,#6090);
#6090 = DEFINITIONAL_REPRESENTATION('',(#6091),#6095);
#6091 = LINE('',#6092,#6093);
#6092 = CARTESIAN_POINT('',(0.,-4.));
#6093 = VECTOR('',#6094,1.);
#6094 = DIRECTION('',(1.,0.));
#6095 = ( GEOMETRIC_REPRESENTATION_CONTEXT(2)
PARAMETRIC_REPRESENTATION_CONTEXT() REPRESENTATION_CONTEXT('2D SPACE',''
  ) );
#6096 = ORIENTED_EDGE('',*,*,#6097,.F.);
#6097 = EDGE_CURVE('',#6098,#6075,#6100,.T.);
#6098 = VERTEX_POINT('',#6099);
#6099 = CARTESIAN_POINT('',(-11.,15.9,538.69));
#6100 = SURFACE_CURVE('',#6101,(#6105,#6112),.PCURVE_S1.);
#6101 = LINE('',#6102,#6103);
#6102 = CARTESIAN_POINT('',(-11.,15.9,538.69));
#6103 = VECTOR('',#6104,1.);
#6104 = DIRECTION('',(1.110223024625E-16,1.,0.));
#6105 = PCURVE('',#4106,#6106);
#6106 = DEFINITIONAL_REPRESENTATION('',(#6107),#6111);
#6107 = LINE('',#6108,#6109);
#6108 = CARTESIAN_POINT('',(-1.1,-0.7));
#6109 = VECTOR('',#6110,1.);
#6110 = DIRECTION('',(0.,1.));
#6111 = ( GEOMETRIC_REPRESENTATION_CONTEXT(2)
PARAMETRIC_REPRESENTATION_CONTEXT() REPRESENTATION_CONTEXT('2D SPACE',''
  ) );
#6112 = PCURVE('',#5879,#6113);
#6113 = DEFINITIONAL_REPRESENTATION('',(#6114),#6118);
#6114 = LINE('',#6115,#6116);
#6115 = CARTESIAN_POINT('',(-4.440892098501E-16,4.));
#6116 = VECTOR('',#6117,1.);
#6117 = DIRECTION('',(1.,0.));
#6118 = ( GEOMETRIC_REPRESENTATION_CONTEXT(2)
PARAMETRIC_REPRESENTATION_CONTEXT() REPRESENTATION_CONTEXT('2D SPACE',''
  ) );
#6119 = ORIENTED_EDGE('',*,*,#6120,.T.);
#6120 = EDGE_CURVE('',#6098,#6121,#6123,.T.);
#6121 = VERTEX_POINT('',#6122);
#6122 = CARTESIAN_POINT('',(-11.,15.9,540.59));
#6123 = SURFACE_CURVE('',#6124,(#6128,#6135),.PCURVE_S1.);
#6124 = LINE('',#6125,#6126);
#6125 = CARTESIAN_POINT('',(-11.,15.9,538.69));
#6126 = VECTOR('',#6127,1.);
#6127 = DIRECTION('',(0.,0.,1.));
#6128 = PCURVE('',#4106,#6129);
#6129 = DEFINITIONAL_REPRESENTATION('',(#6130),#6134);
#6130 = LINE('',#6131,#6132);
#6131 = CARTESIAN_POINT('',(-1.1,-0.7));
#6132 = VECTOR('',#6133,1.);
#6133 = DIRECTION('',(1.,0.));
#6134 = ( GEOMETRIC_REPRESENTATION_CONTEXT(2)
PARAMETRIC_REPRESENTATION_CONTEXT() REPRESENTATION_CONTEXT('2D SPACE',''
  ) );
#6135 = PCURVE('',#5907,#6136);
#6136 = DEFINITIONAL_REPRESENTATION('',(#6137),#6141);
#6137 = LINE('',#6138,#6139);
#6138 = CARTESIAN_POINT('',(0.,-4.));
#6139 = VECTOR('',#6140,1.);
#6140 = DIRECTION('',(1.,0.));
#6141 = ( GEOMETRIC_REPRESENTATION_CONTEXT(2)
PARAMETRIC_REPRESENTATION_CONTEXT() REPRESENTATION_CONTEXT('2D SPACE',''
  ) );
#6142 = ORIENTED_EDGE('',*,*,#6143,.T.);
#6143 = EDGE_CURVE('',#6121,#6144,#6146,.T.);
#6144 = VERTEX_POINT('',#6145);
#6145 = CARTESIAN_POINT('',(-11.,16.6,540.59));
#6146 = SURFACE_CURVE('',#6147,(#6151,#6158),.PCURVE_S1.);
#6147 = LINE('',#6148,#6149);
#6148 = CARTESIAN_POINT('',(-11.,15.9,540.59));
#6149 = VECTOR('',#6150,1.);
#6150 = DIRECTION('',(1.110223024625E-16,1.,0.));
#6151 = PCURVE('',#4106,#6152);
#6152 = DEFINITIONAL_REPRESENTATION('',(#6153),#6157);
#6153 = LINE('',#6154,#6155);
#6154 = CARTESIAN_POINT('',(0.8,-0.7));
#6155 = VECTOR('',#6156,1.);
#6156 = DIRECTION('',(0.,1.));
#6157 = ( GEOMETRIC_REPRESENTATION_CONTEXT(2)
PARAMETRIC_REPRESENTATION_CONTEXT() REPRESENTATION_CONTEXT('2D SPACE',''
  ) );
#6158 = PCURVE('',#5935,#6159);
#6159 = DEFINITIONAL_REPRESENTATION('',(#6160),#6164);
#6160 = LINE('',#6161,#6162);
#6161 = CARTESIAN_POINT('',(-4.440892098501E-16,4.));
#6162 = VECTOR('',#6163,1.);
#6163 = DIRECTION('',(1.,0.));
#6164 = ( GEOMETRIC_REPRESENTATION_CONTEXT(2)
PARAMETRIC_REPRESENTATION_CONTEXT() REPRESENTATION_CONTEXT('2D SPACE',''
  ) );
#6165 = ORIENTED_EDGE('',*,*,#6166,.T.);
#6166 = EDGE_CURVE('',#6144,#6003,#6167,.T.);
#6167 = SURFACE_CURVE('',#6168,(#6172,#6179),.PCURVE_S1.);
#6168 = LINE('',#6169,#6170);
#6169 = CARTESIAN_POINT('',(-11.,16.6,539.79));
#6170 = VECTOR('',#6171,1.);
#6171 = DIRECTION('',(0.,0.,1.));
#6172 = PCURVE('',#4106,#6173);
#6173 = DEFINITIONAL_REPRESENTATION('',(#6174),#6178);
#6174 = LINE('',#6175,#6176);
#6175 = CARTESIAN_POINT('',(0.,0.));
#6176 = VECTOR('',#6177,1.);
#6177 = DIRECTION('',(1.,0.));
#6178 = ( GEOMETRIC_REPRESENTATION_CONTEXT(2)
PARAMETRIC_REPRESENTATION_CONTEXT() REPRESENTATION_CONTEXT('2D SPACE',''
  ) );
#6179 = PCURVE('',#5963,#6180);
#6180 = DEFINITIONAL_REPRESENTATION('',(#6181),#6185);
#6181 = LINE('',#6182,#6183);
#6182 = CARTESIAN_POINT('',(0.,-4.));
#6183 = VECTOR('',#6184,1.);
#6184 = DIRECTION('',(1.,0.));
#6185 = ( GEOMETRIC_REPRESENTATION_CONTEXT(2)
PARAMETRIC_REPRESENTATION_CONTEXT() REPRESENTATION_CONTEXT('2D SPACE',''
  ) );
#6186 = ORIENTED_EDGE('',*,*,#6027,.T.);
#6187 = ORIENTED_EDGE('',*,*,#4090,.F.);
#6188 = ORIENTED_EDGE('',*,*,#6189,.T.);
#6189 = EDGE_CURVE('',#4063,#4747,#6190,.T.);
#6190 = SURFACE_CURVE('',#6191,(#6195,#6202),.PCURVE_S1.);
#6191 = LINE('',#6192,#6193);
#6192 = CARTESIAN_POINT('',(-11.,17.5,540.69));
#6193 = VECTOR('',#6194,1.);
#6194 = DIRECTION('',(-1.110223024625E-16,-1.,0.));
#6195 = PCURVE('',#4106,#6196);
#6196 = DEFINITIONAL_REPRESENTATION('',(#6197),#6201);
#6197 = LINE('',#6198,#6199);
#6198 = CARTESIAN_POINT('',(0.9,0.9));
#6199 = VECTOR('',#6200,1.);
#6200 = DIRECTION('',(0.,-1.));
#6201 = ( GEOMETRIC_REPRESENTATION_CONTEXT(2)
PARAMETRIC_REPRESENTATION_CONTEXT() REPRESENTATION_CONTEXT('2D SPACE',''
  ) );
#6202 = PCURVE('',#4078,#6203);
#6203 = DEFINITIONAL_REPRESENTATION('',(#6204),#6208);
#6204 = LINE('',#6205,#6206);
#6205 = CARTESIAN_POINT('',(-0.9,10.5));
#6206 = VECTOR('',#6207,1.);
#6207 = DIRECTION('',(-1.,0.));
#6208 = ( GEOMETRIC_REPRESENTATION_CONTEXT(2)
PARAMETRIC_REPRESENTATION_CONTEXT() REPRESENTATION_CONTEXT('2D SPACE',''
  ) );
#6209 = ORIENTED_EDGE('',*,*,#4769,.F.);
#6210 = ADVANCED_FACE('',(#6211),#4078,.T.);
#6211 = FACE_BOUND('',#6212,.T.);
#6212 = EDGE_LOOP('',(#6213,#6214,#6215,#6216));
#6213 = ORIENTED_EDGE('',*,*,#4746,.F.);
#6214 = ORIENTED_EDGE('',*,*,#6189,.F.);
#6215 = ORIENTED_EDGE('',*,*,#4062,.T.);
#6216 = ORIENTED_EDGE('',*,*,#6217,.T.);
#6217 = EDGE_CURVE('',#4035,#4724,#6218,.T.);
#6218 = SURFACE_CURVE('',#6219,(#6223,#6230),.PCURVE_S1.);
#6219 = LINE('',#6220,#6221);
#6220 = CARTESIAN_POINT('',(-19.,17.5,540.69));
#6221 = VECTOR('',#6222,1.);
#6222 = DIRECTION('',(-1.110223024625E-16,-1.,0.));
#6223 = PCURVE('',#4078,#6224);
#6224 = DEFINITIONAL_REPRESENTATION('',(#6225),#6229);
#6225 = LINE('',#6226,#6227);
#6226 = CARTESIAN_POINT('',(-0.9,18.5));
#6227 = VECTOR('',#6228,1.);
#6228 = DIRECTION('',(-1.,0.));
#6229 = ( GEOMETRIC_REPRESENTATION_CONTEXT(2)
PARAMETRIC_REPRESENTATION_CONTEXT() REPRESENTATION_CONTEXT('2D SPACE',''
  ) );
#6230 = PCURVE('',#4050,#6231);
#6231 = DEFINITIONAL_REPRESENTATION('',(#6232),#6236);
#6232 = LINE('',#6233,#6234);
#6233 = CARTESIAN_POINT('',(0.9,0.9));
#6234 = VECTOR('',#6235,1.);
#6235 = DIRECTION('',(0.,-1.));
#6236 = ( GEOMETRIC_REPRESENTATION_CONTEXT(2)
PARAMETRIC_REPRESENTATION_CONTEXT() REPRESENTATION_CONTEXT('2D SPACE',''
  ) );
#6237 = ADVANCED_FACE('',(#6238),#4050,.F.);
#6238 = FACE_BOUND('',#6239,.F.);
#6239 = EDGE_LOOP('',(#6240,#6263,#6291,#6319,#6347,#6375,#6403,#6424,
    #6425,#6426));
#6240 = ORIENTED_EDGE('',*,*,#6241,.F.);
#6241 = EDGE_CURVE('',#6242,#4696,#6244,.T.);
#6242 = VERTEX_POINT('',#6243);
#6243 = CARTESIAN_POINT('',(-19.,16.8,539.79));
#6244 = SURFACE_CURVE('',#6245,(#6249,#6256),.PCURVE_S1.);
#6245 = LINE('',#6246,#6247);
#6246 = CARTESIAN_POINT('',(-19.,16.6,539.79));
#6247 = VECTOR('',#6248,1.);
#6248 = DIRECTION('',(1.110223024625E-16,1.,0.));
#6249 = PCURVE('',#4050,#6250);
#6250 = DEFINITIONAL_REPRESENTATION('',(#6251),#6255);
#6251 = LINE('',#6252,#6253);
#6252 = CARTESIAN_POINT('',(0.,0.));
#6253 = VECTOR('',#6254,1.);
#6254 = DIRECTION('',(0.,1.));
#6255 = ( GEOMETRIC_REPRESENTATION_CONTEXT(2)
PARAMETRIC_REPRESENTATION_CONTEXT() REPRESENTATION_CONTEXT('2D SPACE',''
  ) );
#6256 = PCURVE('',#4711,#6257);
#6257 = DEFINITIONAL_REPRESENTATION('',(#6258),#6262);
#6258 = LINE('',#6259,#6260);
#6259 = CARTESIAN_POINT('',(0.,0.));
#6260 = VECTOR('',#6261,1.);
#6261 = DIRECTION('',(1.,0.));
#6262 = ( GEOMETRIC_REPRESENTATION_CONTEXT(2)
PARAMETRIC_REPRESENTATION_CONTEXT() REPRESENTATION_CONTEXT('2D SPACE',''
  ) );
#6263 = ORIENTED_EDGE('',*,*,#6264,.F.);
#6264 = EDGE_CURVE('',#6265,#6242,#6267,.T.);
#6265 = VERTEX_POINT('',#6266);
#6266 = CARTESIAN_POINT('',(-19.,16.8,538.69));
#6267 = SURFACE_CURVE('',#6268,(#6272,#6279),.PCURVE_S1.);
#6268 = LINE('',#6269,#6270);
#6269 = CARTESIAN_POINT('',(-19.,16.8,538.69));
#6270 = VECTOR('',#6271,1.);
#6271 = DIRECTION('',(0.,0.,1.));
#6272 = PCURVE('',#4050,#6273);
#6273 = DEFINITIONAL_REPRESENTATION('',(#6274),#6278);
#6274 = LINE('',#6275,#6276);
#6275 = CARTESIAN_POINT('',(-1.1,0.2));
#6276 = VECTOR('',#6277,1.);
#6277 = DIRECTION('',(1.,0.));
#6278 = ( GEOMETRIC_REPRESENTATION_CONTEXT(2)
PARAMETRIC_REPRESENTATION_CONTEXT() REPRESENTATION_CONTEXT('2D SPACE',''
  ) );
#6279 = PCURVE('',#6280,#6285);
#6280 = PLANE('',#6281);
#6281 = AXIS2_PLACEMENT_3D('',#6282,#6283,#6284);
#6282 = CARTESIAN_POINT('',(-19.,16.8,538.69));
#6283 = DIRECTION('',(1.110223024625E-16,1.,0.));
#6284 = DIRECTION('',(0.,0.,1.));
#6285 = DEFINITIONAL_REPRESENTATION('',(#6286),#6290);
#6286 = LINE('',#6287,#6288);
#6287 = CARTESIAN_POINT('',(0.,0.));
#6288 = VECTOR('',#6289,1.);
#6289 = DIRECTION('',(1.,0.));
#6290 = ( GEOMETRIC_REPRESENTATION_CONTEXT(2)
PARAMETRIC_REPRESENTATION_CONTEXT() REPRESENTATION_CONTEXT('2D SPACE',''
  ) );
#6291 = ORIENTED_EDGE('',*,*,#6292,.F.);
#6292 = EDGE_CURVE('',#6293,#6265,#6295,.T.);
#6293 = VERTEX_POINT('',#6294);
#6294 = CARTESIAN_POINT('',(-19.,15.9,538.69));
#6295 = SURFACE_CURVE('',#6296,(#6300,#6307),.PCURVE_S1.);
#6296 = LINE('',#6297,#6298);
#6297 = CARTESIAN_POINT('',(-19.,15.9,538.69));
#6298 = VECTOR('',#6299,1.);
#6299 = DIRECTION('',(1.110223024625E-16,1.,0.));
#6300 = PCURVE('',#4050,#6301);
#6301 = DEFINITIONAL_REPRESENTATION('',(#6302),#6306);
#6302 = LINE('',#6303,#6304);
#6303 = CARTESIAN_POINT('',(-1.1,-0.7));
#6304 = VECTOR('',#6305,1.);
#6305 = DIRECTION('',(0.,1.));
#6306 = ( GEOMETRIC_REPRESENTATION_CONTEXT(2)
PARAMETRIC_REPRESENTATION_CONTEXT() REPRESENTATION_CONTEXT('2D SPACE',''
  ) );
#6307 = PCURVE('',#6308,#6313);
#6308 = PLANE('',#6309);
#6309 = AXIS2_PLACEMENT_3D('',#6310,#6311,#6312);
#6310 = CARTESIAN_POINT('',(-19.,15.9,538.69));
#6311 = DIRECTION('',(0.,0.,1.));
#6312 = DIRECTION('',(1.110223024625E-16,1.,0.));
#6313 = DEFINITIONAL_REPRESENTATION('',(#6314),#6318);
#6314 = LINE('',#6315,#6316);
#6315 = CARTESIAN_POINT('',(0.,0.));
#6316 = VECTOR('',#6317,1.);
#6317 = DIRECTION('',(1.,0.));
#6318 = ( GEOMETRIC_REPRESENTATION_CONTEXT(2)
PARAMETRIC_REPRESENTATION_CONTEXT() REPRESENTATION_CONTEXT('2D SPACE',''
  ) );
#6319 = ORIENTED_EDGE('',*,*,#6320,.T.);
#6320 = EDGE_CURVE('',#6293,#6321,#6323,.T.);
#6321 = VERTEX_POINT('',#6322);
#6322 = CARTESIAN_POINT('',(-19.,15.9,540.59));
#6323 = SURFACE_CURVE('',#6324,(#6328,#6335),.PCURVE_S1.);
#6324 = LINE('',#6325,#6326);
#6325 = CARTESIAN_POINT('',(-19.,15.9,538.69));
#6326 = VECTOR('',#6327,1.);
#6327 = DIRECTION('',(0.,0.,1.));
#6328 = PCURVE('',#4050,#6329);
#6329 = DEFINITIONAL_REPRESENTATION('',(#6330),#6334);
#6330 = LINE('',#6331,#6332);
#6331 = CARTESIAN_POINT('',(-1.1,-0.7));
#6332 = VECTOR('',#6333,1.);
#6333 = DIRECTION('',(1.,0.));
#6334 = ( GEOMETRIC_REPRESENTATION_CONTEXT(2)
PARAMETRIC_REPRESENTATION_CONTEXT() REPRESENTATION_CONTEXT('2D SPACE',''
  ) );
#6335 = PCURVE('',#6336,#6341);
#6336 = PLANE('',#6337);
#6337 = AXIS2_PLACEMENT_3D('',#6338,#6339,#6340);
#6338 = CARTESIAN_POINT('',(-19.,15.9,538.69));
#6339 = DIRECTION('',(1.110223024625E-16,1.,0.));
#6340 = DIRECTION('',(0.,0.,1.));
#6341 = DEFINITIONAL_REPRESENTATION('',(#6342),#6346);
#6342 = LINE('',#6343,#6344);
#6343 = CARTESIAN_POINT('',(0.,0.));
#6344 = VECTOR('',#6345,1.);
#6345 = DIRECTION('',(1.,0.));
#6346 = ( GEOMETRIC_REPRESENTATION_CONTEXT(2)
PARAMETRIC_REPRESENTATION_CONTEXT() REPRESENTATION_CONTEXT('2D SPACE',''
  ) );
#6347 = ORIENTED_EDGE('',*,*,#6348,.T.);
#6348 = EDGE_CURVE('',#6321,#6349,#6351,.T.);
#6349 = VERTEX_POINT('',#6350);
#6350 = CARTESIAN_POINT('',(-19.,16.6,540.59));
#6351 = SURFACE_CURVE('',#6352,(#6356,#6363),.PCURVE_S1.);
#6352 = LINE('',#6353,#6354);
#6353 = CARTESIAN_POINT('',(-19.,15.9,540.59));
#6354 = VECTOR('',#6355,1.);
#6355 = DIRECTION('',(1.110223024625E-16,1.,0.));
#6356 = PCURVE('',#4050,#6357);
#6357 = DEFINITIONAL_REPRESENTATION('',(#6358),#6362);
#6358 = LINE('',#6359,#6360);
#6359 = CARTESIAN_POINT('',(0.8,-0.7));
#6360 = VECTOR('',#6361,1.);
#6361 = DIRECTION('',(0.,1.));
#6362 = ( GEOMETRIC_REPRESENTATION_CONTEXT(2)
PARAMETRIC_REPRESENTATION_CONTEXT() REPRESENTATION_CONTEXT('2D SPACE',''
  ) );
#6363 = PCURVE('',#6364,#6369);
#6364 = PLANE('',#6365);
#6365 = AXIS2_PLACEMENT_3D('',#6366,#6367,#6368);
#6366 = CARTESIAN_POINT('',(-19.,15.9,540.59));
#6367 = DIRECTION('',(0.,0.,1.));
#6368 = DIRECTION('',(1.110223024625E-16,1.,0.));
#6369 = DEFINITIONAL_REPRESENTATION('',(#6370),#6374);
#6370 = LINE('',#6371,#6372);
#6371 = CARTESIAN_POINT('',(0.,0.));
#6372 = VECTOR('',#6373,1.);
#6373 = DIRECTION('',(1.,0.));
#6374 = ( GEOMETRIC_REPRESENTATION_CONTEXT(2)
PARAMETRIC_REPRESENTATION_CONTEXT() REPRESENTATION_CONTEXT('2D SPACE',''
  ) );
#6375 = ORIENTED_EDGE('',*,*,#6376,.T.);
#6376 = EDGE_CURVE('',#6349,#6377,#6379,.T.);
#6377 = VERTEX_POINT('',#6378);
#6378 = CARTESIAN_POINT('',(-19.,16.6,540.99));
#6379 = SURFACE_CURVE('',#6380,(#6384,#6391),.PCURVE_S1.);
#6380 = LINE('',#6381,#6382);
#6381 = CARTESIAN_POINT('',(-19.,16.6,539.79));
#6382 = VECTOR('',#6383,1.);
#6383 = DIRECTION('',(0.,0.,1.));
#6384 = PCURVE('',#4050,#6385);
#6385 = DEFINITIONAL_REPRESENTATION('',(#6386),#6390);
#6386 = LINE('',#6387,#6388);
#6387 = CARTESIAN_POINT('',(0.,0.));
#6388 = VECTOR('',#6389,1.);
#6389 = DIRECTION('',(1.,0.));
#6390 = ( GEOMETRIC_REPRESENTATION_CONTEXT(2)
PARAMETRIC_REPRESENTATION_CONTEXT() REPRESENTATION_CONTEXT('2D SPACE',''
  ) );
#6391 = PCURVE('',#6392,#6397);
#6392 = PLANE('',#6393);
#6393 = AXIS2_PLACEMENT_3D('',#6394,#6395,#6396);
#6394 = CARTESIAN_POINT('',(-19.,16.6,539.79));
#6395 = DIRECTION('',(1.110223024625E-16,1.,0.));
#6396 = DIRECTION('',(0.,0.,1.));
#6397 = DEFINITIONAL_REPRESENTATION('',(#6398),#6402);
#6398 = LINE('',#6399,#6400);
#6399 = CARTESIAN_POINT('',(0.,0.));
#6400 = VECTOR('',#6401,1.);
#6401 = DIRECTION('',(1.,0.));
#6402 = ( GEOMETRIC_REPRESENTATION_CONTEXT(2)
PARAMETRIC_REPRESENTATION_CONTEXT() REPRESENTATION_CONTEXT('2D SPACE',''
  ) );
#6403 = ORIENTED_EDGE('',*,*,#6404,.T.);
#6404 = EDGE_CURVE('',#6377,#4007,#6405,.T.);
#6405 = SURFACE_CURVE('',#6406,(#6410,#6417),.PCURVE_S1.);
#6406 = LINE('',#6407,#6408);
#6407 = CARTESIAN_POINT('',(-19.,16.6,540.99));
#6408 = VECTOR('',#6409,1.);
#6409 = DIRECTION('',(1.110223024625E-16,1.,0.));
#6410 = PCURVE('',#4050,#6411);
#6411 = DEFINITIONAL_REPRESENTATION('',(#6412),#6416);
#6412 = LINE('',#6413,#6414);
#6413 = CARTESIAN_POINT('',(1.2,0.));
#6414 = VECTOR('',#6415,1.);
#6415 = DIRECTION('',(0.,1.));
#6416 = ( GEOMETRIC_REPRESENTATION_CONTEXT(2)
PARAMETRIC_REPRESENTATION_CONTEXT() REPRESENTATION_CONTEXT('2D SPACE',''
  ) );
#6417 = PCURVE('',#4022,#6418);
#6418 = DEFINITIONAL_REPRESENTATION('',(#6419),#6423);
#6419 = LINE('',#6420,#6421);
#6420 = CARTESIAN_POINT('',(0.,0.));
#6421 = VECTOR('',#6422,1.);
#6422 = DIRECTION('',(1.,0.));
#6423 = ( GEOMETRIC_REPRESENTATION_CONTEXT(2)
PARAMETRIC_REPRESENTATION_CONTEXT() REPRESENTATION_CONTEXT('2D SPACE',''
  ) );
#6424 = ORIENTED_EDGE('',*,*,#4034,.F.);
#6425 = ORIENTED_EDGE('',*,*,#6217,.T.);
#6426 = ORIENTED_EDGE('',*,*,#4723,.F.);
#6427 = ADVANCED_FACE('',(#6428),#4022,.T.);
#6428 = FACE_BOUND('',#6429,.T.);
#6429 = EDGE_LOOP('',(#6430,#6453,#6454,#6455));
#6430 = ORIENTED_EDGE('',*,*,#6431,.F.);
#6431 = EDGE_CURVE('',#6377,#6432,#6434,.T.);
#6432 = VERTEX_POINT('',#6433);
#6433 = CARTESIAN_POINT('',(-23.,16.6,540.99));
#6434 = SURFACE_CURVE('',#6435,(#6439,#6446),.PCURVE_S1.);
#6435 = LINE('',#6436,#6437);
#6436 = CARTESIAN_POINT('',(-19.,16.6,540.99));
#6437 = VECTOR('',#6438,1.);
#6438 = DIRECTION('',(-1.,1.110223024625E-16,0.));
#6439 = PCURVE('',#4022,#6440);
#6440 = DEFINITIONAL_REPRESENTATION('',(#6441),#6445);
#6441 = LINE('',#6442,#6443);
#6442 = CARTESIAN_POINT('',(0.,0.));
#6443 = VECTOR('',#6444,1.);
#6444 = DIRECTION('',(0.,1.));
#6445 = ( GEOMETRIC_REPRESENTATION_CONTEXT(2)
PARAMETRIC_REPRESENTATION_CONTEXT() REPRESENTATION_CONTEXT('2D SPACE',''
  ) );
#6446 = PCURVE('',#6392,#6447);
#6447 = DEFINITIONAL_REPRESENTATION('',(#6448),#6452);
#6448 = LINE('',#6449,#6450);
#6449 = CARTESIAN_POINT('',(1.2,0.));
#6450 = VECTOR('',#6451,1.);
#6451 = DIRECTION('',(0.,-1.));
#6452 = ( GEOMETRIC_REPRESENTATION_CONTEXT(2)
PARAMETRIC_REPRESENTATION_CONTEXT() REPRESENTATION_CONTEXT('2D SPACE',''
  ) );
#6453 = ORIENTED_EDGE('',*,*,#6404,.T.);
#6454 = ORIENTED_EDGE('',*,*,#4006,.T.);
#6455 = ORIENTED_EDGE('',*,*,#6456,.F.);
#6456 = EDGE_CURVE('',#6432,#3979,#6457,.T.);
#6457 = SURFACE_CURVE('',#6458,(#6462,#6469),.PCURVE_S1.);
#6458 = LINE('',#6459,#6460);
#6459 = CARTESIAN_POINT('',(-23.,16.6,540.99));
#6460 = VECTOR('',#6461,1.);
#6461 = DIRECTION('',(1.110223024625E-16,1.,0.));
#6462 = PCURVE('',#4022,#6463);
#6463 = DEFINITIONAL_REPRESENTATION('',(#6464),#6468);
#6464 = LINE('',#6465,#6466);
#6465 = CARTESIAN_POINT('',(-4.440892098501E-16,4.));
#6466 = VECTOR('',#6467,1.);
#6467 = DIRECTION('',(1.,0.));
#6468 = ( GEOMETRIC_REPRESENTATION_CONTEXT(2)
PARAMETRIC_REPRESENTATION_CONTEXT() REPRESENTATION_CONTEXT('2D SPACE',''
  ) );
#6469 = PCURVE('',#3994,#6470);
#6470 = DEFINITIONAL_REPRESENTATION('',(#6471),#6475);
#6471 = LINE('',#6472,#6473);
#6472 = CARTESIAN_POINT('',(1.2,0.));
#6473 = VECTOR('',#6474,1.);
#6474 = DIRECTION('',(0.,1.));
#6475 = ( GEOMETRIC_REPRESENTATION_CONTEXT(2)
PARAMETRIC_REPRESENTATION_CONTEXT() REPRESENTATION_CONTEXT('2D SPACE',''
  ) );
#6476 = ADVANCED_FACE('',(#6477),#3994,.T.);
#6477 = FACE_BOUND('',#6478,.T.);
#6478 = EDGE_LOOP('',(#6479,#6502,#6525,#6548,#6571,#6594,#6615,#6616,
    #6617,#6618));
#6479 = ORIENTED_EDGE('',*,*,#6480,.F.);
#6480 = EDGE_CURVE('',#6481,#4673,#6483,.T.);
#6481 = VERTEX_POINT('',#6482);
#6482 = CARTESIAN_POINT('',(-23.,16.8,539.79));
#6483 = SURFACE_CURVE('',#6484,(#6488,#6495),.PCURVE_S1.);
#6484 = LINE('',#6485,#6486);
#6485 = CARTESIAN_POINT('',(-23.,16.6,539.79));
#6486 = VECTOR('',#6487,1.);
#6487 = DIRECTION('',(1.110223024625E-16,1.,0.));
#6488 = PCURVE('',#3994,#6489);
#6489 = DEFINITIONAL_REPRESENTATION('',(#6490),#6494);
#6490 = LINE('',#6491,#6492);
#6491 = CARTESIAN_POINT('',(0.,0.));
#6492 = VECTOR('',#6493,1.);
#6493 = DIRECTION('',(0.,1.));
#6494 = ( GEOMETRIC_REPRESENTATION_CONTEXT(2)
PARAMETRIC_REPRESENTATION_CONTEXT() REPRESENTATION_CONTEXT('2D SPACE',''
  ) );
#6495 = PCURVE('',#4711,#6496);
#6496 = DEFINITIONAL_REPRESENTATION('',(#6497),#6501);
#6497 = LINE('',#6498,#6499);
#6498 = CARTESIAN_POINT('',(-4.440892098501E-16,4.));
#6499 = VECTOR('',#6500,1.);
#6500 = DIRECTION('',(1.,0.));
#6501 = ( GEOMETRIC_REPRESENTATION_CONTEXT(2)
PARAMETRIC_REPRESENTATION_CONTEXT() REPRESENTATION_CONTEXT('2D SPACE',''
  ) );
#6502 = ORIENTED_EDGE('',*,*,#6503,.F.);
#6503 = EDGE_CURVE('',#6504,#6481,#6506,.T.);
#6504 = VERTEX_POINT('',#6505);
#6505 = CARTESIAN_POINT('',(-23.,16.8,538.69));
#6506 = SURFACE_CURVE('',#6507,(#6511,#6518),.PCURVE_S1.);
#6507 = LINE('',#6508,#6509);
#6508 = CARTESIAN_POINT('',(-23.,16.8,538.69));
#6509 = VECTOR('',#6510,1.);
#6510 = DIRECTION('',(0.,0.,1.));
#6511 = PCURVE('',#3994,#6512);
#6512 = DEFINITIONAL_REPRESENTATION('',(#6513),#6517);
#6513 = LINE('',#6514,#6515);
#6514 = CARTESIAN_POINT('',(-1.1,0.2));
#6515 = VECTOR('',#6516,1.);
#6516 = DIRECTION('',(1.,0.));
#6517 = ( GEOMETRIC_REPRESENTATION_CONTEXT(2)
PARAMETRIC_REPRESENTATION_CONTEXT() REPRESENTATION_CONTEXT('2D SPACE',''
  ) );
#6518 = PCURVE('',#6280,#6519);
#6519 = DEFINITIONAL_REPRESENTATION('',(#6520),#6524);
#6520 = LINE('',#6521,#6522);
#6521 = CARTESIAN_POINT('',(0.,-4.));
#6522 = VECTOR('',#6523,1.);
#6523 = DIRECTION('',(1.,0.));
#6524 = ( GEOMETRIC_REPRESENTATION_CONTEXT(2)
PARAMETRIC_REPRESENTATION_CONTEXT() REPRESENTATION_CONTEXT('2D SPACE',''
  ) );
#6525 = ORIENTED_EDGE('',*,*,#6526,.F.);
#6526 = EDGE_CURVE('',#6527,#6504,#6529,.T.);
#6527 = VERTEX_POINT('',#6528);
#6528 = CARTESIAN_POINT('',(-23.,15.9,538.69));
#6529 = SURFACE_CURVE('',#6530,(#6534,#6541),.PCURVE_S1.);
#6530 = LINE('',#6531,#6532);
#6531 = CARTESIAN_POINT('',(-23.,15.9,538.69));
#6532 = VECTOR('',#6533,1.);
#6533 = DIRECTION('',(1.110223024625E-16,1.,0.));
#6534 = PCURVE('',#3994,#6535);
#6535 = DEFINITIONAL_REPRESENTATION('',(#6536),#6540);
#6536 = LINE('',#6537,#6538);
#6537 = CARTESIAN_POINT('',(-1.1,-0.7));
#6538 = VECTOR('',#6539,1.);
#6539 = DIRECTION('',(0.,1.));
#6540 = ( GEOMETRIC_REPRESENTATION_CONTEXT(2)
PARAMETRIC_REPRESENTATION_CONTEXT() REPRESENTATION_CONTEXT('2D SPACE',''
  ) );
#6541 = PCURVE('',#6308,#6542);
#6542 = DEFINITIONAL_REPRESENTATION('',(#6543),#6547);
#6543 = LINE('',#6544,#6545);
#6544 = CARTESIAN_POINT('',(-4.440892098501E-16,4.));
#6545 = VECTOR('',#6546,1.);
#6546 = DIRECTION('',(1.,0.));
#6547 = ( GEOMETRIC_REPRESENTATION_CONTEXT(2)
PARAMETRIC_REPRESENTATION_CONTEXT() REPRESENTATION_CONTEXT('2D SPACE',''
  ) );
#6548 = ORIENTED_EDGE('',*,*,#6549,.T.);
#6549 = EDGE_CURVE('',#6527,#6550,#6552,.T.);
#6550 = VERTEX_POINT('',#6551);
#6551 = CARTESIAN_POINT('',(-23.,15.9,540.59));
#6552 = SURFACE_CURVE('',#6553,(#6557,#6564),.PCURVE_S1.);
#6553 = LINE('',#6554,#6555);
#6554 = CARTESIAN_POINT('',(-23.,15.9,538.69));
#6555 = VECTOR('',#6556,1.);
#6556 = DIRECTION('',(0.,0.,1.));
#6557 = PCURVE('',#3994,#6558);
#6558 = DEFINITIONAL_REPRESENTATION('',(#6559),#6563);
#6559 = LINE('',#6560,#6561);
#6560 = CARTESIAN_POINT('',(-1.1,-0.7));
#6561 = VECTOR('',#6562,1.);
#6562 = DIRECTION('',(1.,0.));
#6563 = ( GEOMETRIC_REPRESENTATION_CONTEXT(2)
PARAMETRIC_REPRESENTATION_CONTEXT() REPRESENTATION_CONTEXT('2D SPACE',''
  ) );
#6564 = PCURVE('',#6336,#6565);
#6565 = DEFINITIONAL_REPRESENTATION('',(#6566),#6570);
#6566 = LINE('',#6567,#6568);
#6567 = CARTESIAN_POINT('',(0.,-4.));
#6568 = VECTOR('',#6569,1.);
#6569 = DIRECTION('',(1.,0.));
#6570 = ( GEOMETRIC_REPRESENTATION_CONTEXT(2)
PARAMETRIC_REPRESENTATION_CONTEXT() REPRESENTATION_CONTEXT('2D SPACE',''
  ) );
#6571 = ORIENTED_EDGE('',*,*,#6572,.T.);
#6572 = EDGE_CURVE('',#6550,#6573,#6575,.T.);
#6573 = VERTEX_POINT('',#6574);
#6574 = CARTESIAN_POINT('',(-23.,16.6,540.59));
#6575 = SURFACE_CURVE('',#6576,(#6580,#6587),.PCURVE_S1.);
#6576 = LINE('',#6577,#6578);
#6577 = CARTESIAN_POINT('',(-23.,15.9,540.59));
#6578 = VECTOR('',#6579,1.);
#6579 = DIRECTION('',(1.110223024625E-16,1.,0.));
#6580 = PCURVE('',#3994,#6581);
#6581 = DEFINITIONAL_REPRESENTATION('',(#6582),#6586);
#6582 = LINE('',#6583,#6584);
#6583 = CARTESIAN_POINT('',(0.8,-0.7));
#6584 = VECTOR('',#6585,1.);
#6585 = DIRECTION('',(0.,1.));
#6586 = ( GEOMETRIC_REPRESENTATION_CONTEXT(2)
PARAMETRIC_REPRESENTATION_CONTEXT() REPRESENTATION_CONTEXT('2D SPACE',''
  ) );
#6587 = PCURVE('',#6364,#6588);
#6588 = DEFINITIONAL_REPRESENTATION('',(#6589),#6593);
#6589 = LINE('',#6590,#6591);
#6590 = CARTESIAN_POINT('',(-4.440892098501E-16,4.));
#6591 = VECTOR('',#6592,1.);
#6592 = DIRECTION('',(1.,0.));
#6593 = ( GEOMETRIC_REPRESENTATION_CONTEXT(2)
PARAMETRIC_REPRESENTATION_CONTEXT() REPRESENTATION_CONTEXT('2D SPACE',''
  ) );
#6594 = ORIENTED_EDGE('',*,*,#6595,.T.);
#6595 = EDGE_CURVE('',#6573,#6432,#6596,.T.);
#6596 = SURFACE_CURVE('',#6597,(#6601,#6608),.PCURVE_S1.);
#6597 = LINE('',#6598,#6599);
#6598 = CARTESIAN_POINT('',(-23.,16.6,539.79));
#6599 = VECTOR('',#6600,1.);
#6600 = DIRECTION('',(0.,0.,1.));
#6601 = PCURVE('',#3994,#6602);
#6602 = DEFINITIONAL_REPRESENTATION('',(#6603),#6607);
#6603 = LINE('',#6604,#6605);
#6604 = CARTESIAN_POINT('',(0.,0.));
#6605 = VECTOR('',#6606,1.);
#6606 = DIRECTION('',(1.,0.));
#6607 = ( GEOMETRIC_REPRESENTATION_CONTEXT(2)
PARAMETRIC_REPRESENTATION_CONTEXT() REPRESENTATION_CONTEXT('2D SPACE',''
  ) );
#6608 = PCURVE('',#6392,#6609);
#6609 = DEFINITIONAL_REPRESENTATION('',(#6610),#6614);
#6610 = LINE('',#6611,#6612);
#6611 = CARTESIAN_POINT('',(0.,-4.));
#6612 = VECTOR('',#6613,1.);
#6613 = DIRECTION('',(1.,0.));
#6614 = ( GEOMETRIC_REPRESENTATION_CONTEXT(2)
PARAMETRIC_REPRESENTATION_CONTEXT() REPRESENTATION_CONTEXT('2D SPACE',''
  ) );
#6615 = ORIENTED_EDGE('',*,*,#6456,.T.);
#6616 = ORIENTED_EDGE('',*,*,#3978,.F.);
#6617 = ORIENTED_EDGE('',*,*,#4573,.T.);
#6618 = ORIENTED_EDGE('',*,*,#4672,.F.);
#6619 = ADVANCED_FACE('',(#6620),#4215,.F.);
#6620 = FACE_BOUND('',#6621,.F.);
#6621 = EDGE_LOOP('',(#6622,#6643,#6644,#6665));
#6622 = ORIENTED_EDGE('',*,*,#6623,.F.);
#6623 = EDGE_CURVE('',#5029,#4198,#6624,.T.);
#6624 = SURFACE_CURVE('',#6625,(#6629,#6636),.PCURVE_S1.);
#6625 = LINE('',#6626,#6627);
#6626 = CARTESIAN_POINT('',(-22.5,18.3,535.));
#6627 = VECTOR('',#6628,1.);
#6628 = DIRECTION('',(1.110223024625E-16,1.,0.));
#6629 = PCURVE('',#4215,#6630);
#6630 = DEFINITIONAL_REPRESENTATION('',(#6631),#6635);
#6631 = LINE('',#6632,#6633);
#6632 = CARTESIAN_POINT('',(-1.665334536938E-15,15.));
#6633 = VECTOR('',#6634,1.);
#6634 = DIRECTION('',(1.,0.));
#6635 = ( GEOMETRIC_REPRESENTATION_CONTEXT(2)
PARAMETRIC_REPRESENTATION_CONTEXT() REPRESENTATION_CONTEXT('2D SPACE',''
  ) );
#6636 = PCURVE('',#4243,#6637);
#6637 = DEFINITIONAL_REPRESENTATION('',(#6638),#6642);
#6638 = LINE('',#6639,#6640);
#6639 = CARTESIAN_POINT('',(10.,0.));
#6640 = VECTOR('',#6641,1.);
#6641 = DIRECTION('',(0.,1.));
#6642 = ( GEOMETRIC_REPRESENTATION_CONTEXT(2)
PARAMETRIC_REPRESENTATION_CONTEXT() REPRESENTATION_CONTEXT('2D SPACE',''
  ) );
#6643 = ORIENTED_EDGE('',*,*,#5028,.T.);
#6644 = ORIENTED_EDGE('',*,*,#6645,.T.);
#6645 = EDGE_CURVE('',#5006,#4200,#6646,.T.);
#6646 = SURFACE_CURVE('',#6647,(#6651,#6658),.PCURVE_S1.);
#6647 = LINE('',#6648,#6649);
#6648 = CARTESIAN_POINT('',(-7.5,18.3,535.));
#6649 = VECTOR('',#6650,1.);
#6650 = DIRECTION('',(1.110223024625E-16,1.,0.));
#6651 = PCURVE('',#4215,#6652);
#6652 = DEFINITIONAL_REPRESENTATION('',(#6653),#6657);
#6653 = LINE('',#6654,#6655);
#6654 = CARTESIAN_POINT('',(0.,0.));
#6655 = VECTOR('',#6656,1.);
#6656 = DIRECTION('',(1.,0.));
#6657 = ( GEOMETRIC_REPRESENTATION_CONTEXT(2)
PARAMETRIC_REPRESENTATION_CONTEXT() REPRESENTATION_CONTEXT('2D SPACE',''
  ) );
#6658 = PCURVE('',#4297,#6659);
#6659 = DEFINITIONAL_REPRESENTATION('',(#6660),#6664);
#6660 = LINE('',#6661,#6662);
#6661 = CARTESIAN_POINT('',(10.,0.));
#6662 = VECTOR('',#6663,1.);
#6663 = DIRECTION('',(0.,1.));
#6664 = ( GEOMETRIC_REPRESENTATION_CONTEXT(2)
PARAMETRIC_REPRESENTATION_CONTEXT() REPRESENTATION_CONTEXT('2D SPACE',''
  ) );
#6665 = ORIENTED_EDGE('',*,*,#4197,.F.);
#6666 = ADVANCED_FACE('',(#6667),#4243,.F.);
#6667 = FACE_BOUND('',#6668,.F.);
#6668 = EDGE_LOOP('',(#6669,#6690,#6691,#6692));
#6669 = ORIENTED_EDGE('',*,*,#6670,.F.);
#6670 = EDGE_CURVE('',#4981,#4228,#6671,.T.);
#6671 = SURFACE_CURVE('',#6672,(#6676,#6683),.PCURVE_S1.);
#6672 = LINE('',#6673,#6674);
#6673 = CARTESIAN_POINT('',(-22.5,18.3,525.));
#6674 = VECTOR('',#6675,1.);
#6675 = DIRECTION('',(1.110223024625E-16,1.,0.));
#6676 = PCURVE('',#4243,#6677);
#6677 = DEFINITIONAL_REPRESENTATION('',(#6678),#6682);
#6678 = LINE('',#6679,#6680);
#6679 = CARTESIAN_POINT('',(0.,0.));
#6680 = VECTOR('',#6681,1.);
#6681 = DIRECTION('',(0.,1.));
#6682 = ( GEOMETRIC_REPRESENTATION_CONTEXT(2)
PARAMETRIC_REPRESENTATION_CONTEXT() REPRESENTATION_CONTEXT('2D SPACE',''
  ) );
#6683 = PCURVE('',#4271,#6684);
#6684 = DEFINITIONAL_REPRESENTATION('',(#6685),#6689);
#6685 = LINE('',#6686,#6687);
#6686 = CARTESIAN_POINT('',(-1.665334536938E-15,15.));
#6687 = VECTOR('',#6688,1.);
#6688 = DIRECTION('',(1.,0.));
#6689 = ( GEOMETRIC_REPRESENTATION_CONTEXT(2)
PARAMETRIC_REPRESENTATION_CONTEXT() REPRESENTATION_CONTEXT('2D SPACE',''
  ) );
#6690 = ORIENTED_EDGE('',*,*,#5051,.T.);
#6691 = ORIENTED_EDGE('',*,*,#6623,.T.);
#6692 = ORIENTED_EDGE('',*,*,#4227,.F.);
#6693 = ADVANCED_FACE('',(#6694),#4297,.T.);
#6694 = FACE_BOUND('',#6695,.T.);
#6695 = EDGE_LOOP('',(#6696,#6717,#6718,#6719));
#6696 = ORIENTED_EDGE('',*,*,#6697,.F.);
#6697 = EDGE_CURVE('',#4983,#4256,#6698,.T.);
#6698 = SURFACE_CURVE('',#6699,(#6703,#6710),.PCURVE_S1.);
#6699 = LINE('',#6700,#6701);
#6700 = CARTESIAN_POINT('',(-7.5,18.3,525.));
#6701 = VECTOR('',#6702,1.);
#6702 = DIRECTION('',(1.110223024625E-16,1.,0.));
#6703 = PCURVE('',#4297,#6704);
#6704 = DEFINITIONAL_REPRESENTATION('',(#6705),#6709);
#6705 = LINE('',#6706,#6707);
#6706 = CARTESIAN_POINT('',(0.,0.));
#6707 = VECTOR('',#6708,1.);
#6708 = DIRECTION('',(0.,1.));
#6709 = ( GEOMETRIC_REPRESENTATION_CONTEXT(2)
PARAMETRIC_REPRESENTATION_CONTEXT() REPRESENTATION_CONTEXT('2D SPACE',''
  ) );
#6710 = PCURVE('',#4271,#6711);
#6711 = DEFINITIONAL_REPRESENTATION('',(#6712),#6716);
#6712 = LINE('',#6713,#6714);
#6713 = CARTESIAN_POINT('',(0.,0.));
#6714 = VECTOR('',#6715,1.);
#6715 = DIRECTION('',(1.,0.));
#6716 = ( GEOMETRIC_REPRESENTATION_CONTEXT(2)
PARAMETRIC_REPRESENTATION_CONTEXT() REPRESENTATION_CONTEXT('2D SPACE',''
  ) );
#6717 = ORIENTED_EDGE('',*,*,#5005,.T.);
#6718 = ORIENTED_EDGE('',*,*,#6645,.T.);
#6719 = ORIENTED_EDGE('',*,*,#4283,.F.);
#6720 = ADVANCED_FACE('',(#6721),#4271,.T.);
#6721 = FACE_BOUND('',#6722,.T.);
#6722 = EDGE_LOOP('',(#6723,#6724,#6725,#6726));
#6723 = ORIENTED_EDGE('',*,*,#6670,.F.);
#6724 = ORIENTED_EDGE('',*,*,#4980,.T.);
#6725 = ORIENTED_EDGE('',*,*,#6697,.T.);
#6726 = ORIENTED_EDGE('',*,*,#4255,.F.);
#6727 = ADVANCED_FACE('',(#6728),#4530,.T.);
#6728 = FACE_BOUND('',#6729,.T.);
#6729 = EDGE_LOOP('',(#6730));
#6730 = ORIENTED_EDGE('',*,*,#4515,.T.);
#6731 = ADVANCED_FACE('',(#6732),#4808,.F.);
#6732 = FACE_BOUND('',#6733,.F.);
#6733 = EDGE_LOOP('',(#6734,#6735,#6756,#6757));
#6734 = ORIENTED_EDGE('',*,*,#6051,.F.);
#6735 = ORIENTED_EDGE('',*,*,#6736,.F.);
#6736 = EDGE_CURVE('',#5813,#6052,#6737,.T.);
#6737 = SURFACE_CURVE('',#6738,(#6742,#6749),.PCURVE_S1.);
#6738 = LINE('',#6739,#6740);
#6739 = CARTESIAN_POINT('',(-7.,16.8,539.79));
#6740 = VECTOR('',#6741,1.);
#6741 = DIRECTION('',(-1.,1.110223024625E-16,0.));
#6742 = PCURVE('',#4808,#6743);
#6743 = DEFINITIONAL_REPRESENTATION('',(#6744),#6748);
#6744 = LINE('',#6745,#6746);
#6745 = CARTESIAN_POINT('',(0.2,2.22044604925E-17));
#6746 = VECTOR('',#6747,1.);
#6747 = DIRECTION('',(0.,1.));
#6748 = ( GEOMETRIC_REPRESENTATION_CONTEXT(2)
PARAMETRIC_REPRESENTATION_CONTEXT() REPRESENTATION_CONTEXT('2D SPACE',''
  ) );
#6749 = PCURVE('',#5851,#6750);
#6750 = DEFINITIONAL_REPRESENTATION('',(#6751),#6755);
#6751 = LINE('',#6752,#6753);
#6752 = CARTESIAN_POINT('',(1.1,0.));
#6753 = VECTOR('',#6754,1.);
#6754 = DIRECTION('',(0.,-1.));
#6755 = ( GEOMETRIC_REPRESENTATION_CONTEXT(2)
PARAMETRIC_REPRESENTATION_CONTEXT() REPRESENTATION_CONTEXT('2D SPACE',''
  ) );
#6756 = ORIENTED_EDGE('',*,*,#5812,.T.);
#6757 = ORIENTED_EDGE('',*,*,#4792,.F.);
#6758 = ADVANCED_FACE('',(#6759),#4711,.F.);
#6759 = FACE_BOUND('',#6760,.F.);
#6760 = EDGE_LOOP('',(#6761,#6762,#6783,#6784));
#6761 = ORIENTED_EDGE('',*,*,#6480,.F.);
#6762 = ORIENTED_EDGE('',*,*,#6763,.F.);
#6763 = EDGE_CURVE('',#6242,#6481,#6764,.T.);
#6764 = SURFACE_CURVE('',#6765,(#6769,#6776),.PCURVE_S1.);
#6765 = LINE('',#6766,#6767);
#6766 = CARTESIAN_POINT('',(-19.,16.8,539.79));
#6767 = VECTOR('',#6768,1.);
#6768 = DIRECTION('',(-1.,1.110223024625E-16,0.));
#6769 = PCURVE('',#4711,#6770);
#6770 = DEFINITIONAL_REPRESENTATION('',(#6771),#6775);
#6771 = LINE('',#6772,#6773);
#6772 = CARTESIAN_POINT('',(0.2,2.22044604925E-17));
#6773 = VECTOR('',#6774,1.);
#6774 = DIRECTION('',(0.,1.));
#6775 = ( GEOMETRIC_REPRESENTATION_CONTEXT(2)
PARAMETRIC_REPRESENTATION_CONTEXT() REPRESENTATION_CONTEXT('2D SPACE',''
  ) );
#6776 = PCURVE('',#6280,#6777);
#6777 = DEFINITIONAL_REPRESENTATION('',(#6778),#6782);
#6778 = LINE('',#6779,#6780);
#6779 = CARTESIAN_POINT('',(1.1,0.));
#6780 = VECTOR('',#6781,1.);
#6781 = DIRECTION('',(0.,-1.));
#6782 = ( GEOMETRIC_REPRESENTATION_CONTEXT(2)
PARAMETRIC_REPRESENTATION_CONTEXT() REPRESENTATION_CONTEXT('2D SPACE',''
  ) );
#6783 = ORIENTED_EDGE('',*,*,#6241,.T.);
#6784 = ORIENTED_EDGE('',*,*,#4695,.F.);
#6785 = ADVANCED_FACE('',(#6786),#4884,.F.);
#6786 = FACE_BOUND('',#6787,.F.);
#6787 = EDGE_LOOP('',(#6788,#6818,#6846,#6874,#6895,#6896,#6919,#6947));
#6788 = ORIENTED_EDGE('',*,*,#6789,.F.);
#6789 = EDGE_CURVE('',#6790,#6792,#6794,.T.);
#6790 = VERTEX_POINT('',#6791);
#6791 = CARTESIAN_POINT('',(-27.7,15.9,522.3));
#6792 = VERTEX_POINT('',#6793);
#6793 = CARTESIAN_POINT('',(-29.2,15.9,522.3));
#6794 = SURFACE_CURVE('',#6795,(#6799,#6806),.PCURVE_S1.);
#6795 = LINE('',#6796,#6797);
#6796 = CARTESIAN_POINT('',(-27.7,15.9,522.3));
#6797 = VECTOR('',#6798,1.);
#6798 = DIRECTION('',(-1.,1.110223024625E-16,0.));
#6799 = PCURVE('',#4884,#6800);
#6800 = DEFINITIONAL_REPRESENTATION('',(#6801),#6805);
#6801 = LINE('',#6802,#6803);
#6802 = CARTESIAN_POINT('',(0.,0.));
#6803 = VECTOR('',#6804,1.);
#6804 = DIRECTION('',(0.,1.));
#6805 = ( GEOMETRIC_REPRESENTATION_CONTEXT(2)
PARAMETRIC_REPRESENTATION_CONTEXT() REPRESENTATION_CONTEXT('2D SPACE',''
  ) );
#6806 = PCURVE('',#6807,#6812);
#6807 = PLANE('',#6808);
#6808 = AXIS2_PLACEMENT_3D('',#6809,#6810,#6811);
#6809 = CARTESIAN_POINT('',(-27.7,15.9,522.3));
#6810 = DIRECTION('',(1.110223024625E-16,1.,0.));
#6811 = DIRECTION('',(0.,0.,1.));
#6812 = DEFINITIONAL_REPRESENTATION('',(#6813),#6817);
#6813 = LINE('',#6814,#6815);
#6814 = CARTESIAN_POINT('',(0.,0.));
#6815 = VECTOR('',#6816,1.);
#6816 = DIRECTION('',(0.,-1.));
#6817 = ( GEOMETRIC_REPRESENTATION_CONTEXT(2)
PARAMETRIC_REPRESENTATION_CONTEXT() REPRESENTATION_CONTEXT('2D SPACE',''
  ) );
#6818 = ORIENTED_EDGE('',*,*,#6819,.T.);
#6819 = EDGE_CURVE('',#6790,#6820,#6822,.T.);
#6820 = VERTEX_POINT('',#6821);
#6821 = CARTESIAN_POINT('',(-27.7,16.8,522.3));
#6822 = SURFACE_CURVE('',#6823,(#6827,#6834),.PCURVE_S1.);
#6823 = LINE('',#6824,#6825);
#6824 = CARTESIAN_POINT('',(-27.7,15.9,522.3));
#6825 = VECTOR('',#6826,1.);
#6826 = DIRECTION('',(1.110223024625E-16,1.,0.));
#6827 = PCURVE('',#4884,#6828);
#6828 = DEFINITIONAL_REPRESENTATION('',(#6829),#6833);
#6829 = LINE('',#6830,#6831);
#6830 = CARTESIAN_POINT('',(0.,0.));
#6831 = VECTOR('',#6832,1.);
#6832 = DIRECTION('',(1.,0.));
#6833 = ( GEOMETRIC_REPRESENTATION_CONTEXT(2)
PARAMETRIC_REPRESENTATION_CONTEXT() REPRESENTATION_CONTEXT('2D SPACE',''
  ) );
#6834 = PCURVE('',#6835,#6840);
#6835 = PLANE('',#6836);
#6836 = AXIS2_PLACEMENT_3D('',#6837,#6838,#6839);
#6837 = CARTESIAN_POINT('',(-27.7,15.9,522.3));
#6838 = DIRECTION('',(-1.,1.110223024625E-16,0.));
#6839 = DIRECTION('',(0.,0.,1.));
#6840 = DEFINITIONAL_REPRESENTATION('',(#6841),#6845);
#6841 = LINE('',#6842,#6843);
#6842 = CARTESIAN_POINT('',(0.,0.));
#6843 = VECTOR('',#6844,1.);
#6844 = DIRECTION('',(0.,1.));
#6845 = ( GEOMETRIC_REPRESENTATION_CONTEXT(2)
PARAMETRIC_REPRESENTATION_CONTEXT() REPRESENTATION_CONTEXT('2D SPACE',''
  ) );
#6846 = ORIENTED_EDGE('',*,*,#6847,.T.);
#6847 = EDGE_CURVE('',#6820,#6848,#6850,.T.);
#6848 = VERTEX_POINT('',#6849);
#6849 = CARTESIAN_POINT('',(-27.9,16.8,522.3));
#6850 = SURFACE_CURVE('',#6851,(#6855,#6862),.PCURVE_S1.);
#6851 = LINE('',#6852,#6853);
#6852 = CARTESIAN_POINT('',(-27.7,16.8,522.3));
#6853 = VECTOR('',#6854,1.);
#6854 = DIRECTION('',(-1.,1.110223024625E-16,0.));
#6855 = PCURVE('',#4884,#6856);
#6856 = DEFINITIONAL_REPRESENTATION('',(#6857),#6861);
#6857 = LINE('',#6858,#6859);
#6858 = CARTESIAN_POINT('',(0.9,9.992007221626E-17));
#6859 = VECTOR('',#6860,1.);
#6860 = DIRECTION('',(0.,1.));
#6861 = ( GEOMETRIC_REPRESENTATION_CONTEXT(2)
PARAMETRIC_REPRESENTATION_CONTEXT() REPRESENTATION_CONTEXT('2D SPACE',''
  ) );
#6862 = PCURVE('',#6863,#6868);
#6863 = PLANE('',#6864);
#6864 = AXIS2_PLACEMENT_3D('',#6865,#6866,#6867);
#6865 = CARTESIAN_POINT('',(-27.7,16.8,522.3));
#6866 = DIRECTION('',(1.110223024625E-16,1.,0.));
#6867 = DIRECTION('',(0.,0.,1.));
#6868 = DEFINITIONAL_REPRESENTATION('',(#6869),#6873);
#6869 = LINE('',#6870,#6871);
#6870 = CARTESIAN_POINT('',(0.,0.));
#6871 = VECTOR('',#6872,1.);
#6872 = DIRECTION('',(0.,-1.));
#6873 = ( GEOMETRIC_REPRESENTATION_CONTEXT(2)
PARAMETRIC_REPRESENTATION_CONTEXT() REPRESENTATION_CONTEXT('2D SPACE',''
  ) );
#6874 = ORIENTED_EDGE('',*,*,#6875,.T.);
#6875 = EDGE_CURVE('',#6848,#4869,#6876,.T.);
#6876 = SURFACE_CURVE('',#6877,(#6881,#6888),.PCURVE_S1.);
#6877 = LINE('',#6878,#6879);
#6878 = CARTESIAN_POINT('',(-27.9,16.8,522.3));
#6879 = VECTOR('',#6880,1.);
#6880 = DIRECTION('',(1.110223024625E-16,1.,0.));
#6881 = PCURVE('',#4884,#6882);
#6882 = DEFINITIONAL_REPRESENTATION('',(#6883),#6887);
#6883 = LINE('',#6884,#6885);
#6884 = CARTESIAN_POINT('',(0.9,0.2));
#6885 = VECTOR('',#6886,1.);
#6886 = DIRECTION('',(1.,0.));
#6887 = ( GEOMETRIC_REPRESENTATION_CONTEXT(2)
PARAMETRIC_REPRESENTATION_CONTEXT() REPRESENTATION_CONTEXT('2D SPACE',''
  ) );
#6888 = PCURVE('',#4912,#6889);
#6889 = DEFINITIONAL_REPRESENTATION('',(#6890),#6894);
#6890 = LINE('',#6891,#6892);
#6891 = CARTESIAN_POINT('',(0.,0.));
#6892 = VECTOR('',#6893,1.);
#6893 = DIRECTION('',(0.,1.));
#6894 = ( GEOMETRIC_REPRESENTATION_CONTEXT(2)
PARAMETRIC_REPRESENTATION_CONTEXT() REPRESENTATION_CONTEXT('2D SPACE',''
  ) );
#6895 = ORIENTED_EDGE('',*,*,#4866,.F.);
#6896 = ORIENTED_EDGE('',*,*,#6897,.F.);
#6897 = EDGE_CURVE('',#6898,#4867,#6900,.T.);
#6898 = VERTEX_POINT('',#6899);
#6899 = CARTESIAN_POINT('',(-29.,16.8,522.3));
#6900 = SURFACE_CURVE('',#6901,(#6905,#6912),.PCURVE_S1.);
#6901 = LINE('',#6902,#6903);
#6902 = CARTESIAN_POINT('',(-29.,16.8,522.3));
#6903 = VECTOR('',#6904,1.);
#6904 = DIRECTION('',(1.110223024625E-16,1.,0.));
#6905 = PCURVE('',#4884,#6906);
#6906 = DEFINITIONAL_REPRESENTATION('',(#6907),#6911);
#6907 = LINE('',#6908,#6909);
#6908 = CARTESIAN_POINT('',(0.9,1.3));
#6909 = VECTOR('',#6910,1.);
#6910 = DIRECTION('',(1.,0.));
#6911 = ( GEOMETRIC_REPRESENTATION_CONTEXT(2)
PARAMETRIC_REPRESENTATION_CONTEXT() REPRESENTATION_CONTEXT('2D SPACE',''
  ) );
#6912 = PCURVE('',#4966,#6913);
#6913 = DEFINITIONAL_REPRESENTATION('',(#6914),#6918);
#6914 = LINE('',#6915,#6916);
#6915 = CARTESIAN_POINT('',(0.,0.));
#6916 = VECTOR('',#6917,1.);
#6917 = DIRECTION('',(0.,1.));
#6918 = ( GEOMETRIC_REPRESENTATION_CONTEXT(2)
PARAMETRIC_REPRESENTATION_CONTEXT() REPRESENTATION_CONTEXT('2D SPACE',''
  ) );
#6919 = ORIENTED_EDGE('',*,*,#6920,.T.);
#6920 = EDGE_CURVE('',#6898,#6921,#6923,.T.);
#6921 = VERTEX_POINT('',#6922);
#6922 = CARTESIAN_POINT('',(-29.2,16.8,522.3));
#6923 = SURFACE_CURVE('',#6924,(#6928,#6935),.PCURVE_S1.);
#6924 = LINE('',#6925,#6926);
#6925 = CARTESIAN_POINT('',(-27.7,16.8,522.3));
#6926 = VECTOR('',#6927,1.);
#6927 = DIRECTION('',(-1.,1.110223024625E-16,0.));
#6928 = PCURVE('',#4884,#6929);
#6929 = DEFINITIONAL_REPRESENTATION('',(#6930),#6934);
#6930 = LINE('',#6931,#6932);
#6931 = CARTESIAN_POINT('',(0.9,9.992007221626E-17));
#6932 = VECTOR('',#6933,1.);
#6933 = DIRECTION('',(0.,1.));
#6934 = ( GEOMETRIC_REPRESENTATION_CONTEXT(2)
PARAMETRIC_REPRESENTATION_CONTEXT() REPRESENTATION_CONTEXT('2D SPACE',''
  ) );
#6935 = PCURVE('',#6936,#6941);
#6936 = PLANE('',#6937);
#6937 = AXIS2_PLACEMENT_3D('',#6938,#6939,#6940);
#6938 = CARTESIAN_POINT('',(-27.7,16.8,522.3));
#6939 = DIRECTION('',(1.110223024625E-16,1.,0.));
#6940 = DIRECTION('',(0.,0.,1.));
#6941 = DEFINITIONAL_REPRESENTATION('',(#6942),#6946);
#6942 = LINE('',#6943,#6944);
#6943 = CARTESIAN_POINT('',(0.,0.));
#6944 = VECTOR('',#6945,1.);
#6945 = DIRECTION('',(0.,-1.));
#6946 = ( GEOMETRIC_REPRESENTATION_CONTEXT(2)
PARAMETRIC_REPRESENTATION_CONTEXT() REPRESENTATION_CONTEXT('2D SPACE',''
  ) );
#6947 = ORIENTED_EDGE('',*,*,#6948,.F.);
#6948 = EDGE_CURVE('',#6792,#6921,#6949,.T.);
#6949 = SURFACE_CURVE('',#6950,(#6954,#6961),.PCURVE_S1.);
#6950 = LINE('',#6951,#6952);
#6951 = CARTESIAN_POINT('',(-29.2,15.9,522.3));
#6952 = VECTOR('',#6953,1.);
#6953 = DIRECTION('',(1.110223024625E-16,1.,0.));
#6954 = PCURVE('',#4884,#6955);
#6955 = DEFINITIONAL_REPRESENTATION('',(#6956),#6960);
#6956 = LINE('',#6957,#6958);
#6957 = CARTESIAN_POINT('',(-1.665334536938E-16,1.5));
#6958 = VECTOR('',#6959,1.);
#6959 = DIRECTION('',(1.,0.));
#6960 = ( GEOMETRIC_REPRESENTATION_CONTEXT(2)
PARAMETRIC_REPRESENTATION_CONTEXT() REPRESENTATION_CONTEXT('2D SPACE',''
  ) );
#6961 = PCURVE('',#6962,#6967);
#6962 = PLANE('',#6963);
#6963 = AXIS2_PLACEMENT_3D('',#6964,#6965,#6966);
#6964 = CARTESIAN_POINT('',(-29.2,15.9,522.3));
#6965 = DIRECTION('',(-1.,1.110223024625E-16,0.));
#6966 = DIRECTION('',(0.,0.,1.));
#6967 = DEFINITIONAL_REPRESENTATION('',(#6968),#6972);
#6968 = LINE('',#6969,#6970);
#6969 = CARTESIAN_POINT('',(0.,0.));
#6970 = VECTOR('',#6971,1.);
#6971 = DIRECTION('',(0.,1.));
#6972 = ( GEOMETRIC_REPRESENTATION_CONTEXT(2)
PARAMETRIC_REPRESENTATION_CONTEXT() REPRESENTATION_CONTEXT('2D SPACE',''
  ) );
#6973 = ADVANCED_FACE('',(#6974),#4966,.T.);
#6974 = FACE_BOUND('',#6975,.T.);
#6975 = EDGE_LOOP('',(#6976,#6977,#7000,#7021));
#6976 = ORIENTED_EDGE('',*,*,#6897,.F.);
#6977 = ORIENTED_EDGE('',*,*,#6978,.T.);
#6978 = EDGE_CURVE('',#6898,#6979,#6981,.T.);
#6979 = VERTEX_POINT('',#6980);
#6980 = CARTESIAN_POINT('',(-29.,16.8,525.3));
#6981 = SURFACE_CURVE('',#6982,(#6986,#6993),.PCURVE_S1.);
#6982 = LINE('',#6983,#6984);
#6983 = CARTESIAN_POINT('',(-29.,16.8,522.3));
#6984 = VECTOR('',#6985,1.);
#6985 = DIRECTION('',(0.,0.,1.));
#6986 = PCURVE('',#4966,#6987);
#6987 = DEFINITIONAL_REPRESENTATION('',(#6988),#6992);
#6988 = LINE('',#6989,#6990);
#6989 = CARTESIAN_POINT('',(0.,0.));
#6990 = VECTOR('',#6991,1.);
#6991 = DIRECTION('',(1.,0.));
#6992 = ( GEOMETRIC_REPRESENTATION_CONTEXT(2)
PARAMETRIC_REPRESENTATION_CONTEXT() REPRESENTATION_CONTEXT('2D SPACE',''
  ) );
#6993 = PCURVE('',#6936,#6994);
#6994 = DEFINITIONAL_REPRESENTATION('',(#6995),#6999);
#6995 = LINE('',#6996,#6997);
#6996 = CARTESIAN_POINT('',(0.,-1.3));
#6997 = VECTOR('',#6998,1.);
#6998 = DIRECTION('',(1.,0.));
#6999 = ( GEOMETRIC_REPRESENTATION_CONTEXT(2)
PARAMETRIC_REPRESENTATION_CONTEXT() REPRESENTATION_CONTEXT('2D SPACE',''
  ) );
#7000 = ORIENTED_EDGE('',*,*,#7001,.T.);
#7001 = EDGE_CURVE('',#6979,#4925,#7002,.T.);
#7002 = SURFACE_CURVE('',#7003,(#7007,#7014),.PCURVE_S1.);
#7003 = LINE('',#7004,#7005);
#7004 = CARTESIAN_POINT('',(-29.,16.8,525.3));
#7005 = VECTOR('',#7006,1.);
#7006 = DIRECTION('',(1.110223024625E-16,1.,0.));
#7007 = PCURVE('',#4966,#7008);
#7008 = DEFINITIONAL_REPRESENTATION('',(#7009),#7013);
#7009 = LINE('',#7010,#7011);
#7010 = CARTESIAN_POINT('',(3.,0.));
#7011 = VECTOR('',#7012,1.);
#7012 = DIRECTION('',(0.,1.));
#7013 = ( GEOMETRIC_REPRESENTATION_CONTEXT(2)
PARAMETRIC_REPRESENTATION_CONTEXT() REPRESENTATION_CONTEXT('2D SPACE',''
  ) );
#7014 = PCURVE('',#4940,#7015);
#7015 = DEFINITIONAL_REPRESENTATION('',(#7016),#7020);
#7016 = LINE('',#7017,#7018);
#7017 = CARTESIAN_POINT('',(0.9,1.3));
#7018 = VECTOR('',#7019,1.);
#7019 = DIRECTION('',(1.,0.));
#7020 = ( GEOMETRIC_REPRESENTATION_CONTEXT(2)
PARAMETRIC_REPRESENTATION_CONTEXT() REPRESENTATION_CONTEXT('2D SPACE',''
  ) );
#7021 = ORIENTED_EDGE('',*,*,#4952,.F.);
#7022 = ADVANCED_FACE('',(#7023),#4912,.F.);
#7023 = FACE_BOUND('',#7024,.F.);
#7024 = EDGE_LOOP('',(#7025,#7026,#7049,#7070));
#7025 = ORIENTED_EDGE('',*,*,#6875,.F.);
#7026 = ORIENTED_EDGE('',*,*,#7027,.T.);
#7027 = EDGE_CURVE('',#6848,#7028,#7030,.T.);
#7028 = VERTEX_POINT('',#7029);
#7029 = CARTESIAN_POINT('',(-27.9,16.8,525.3));
#7030 = SURFACE_CURVE('',#7031,(#7035,#7042),.PCURVE_S1.);
#7031 = LINE('',#7032,#7033);
#7032 = CARTESIAN_POINT('',(-27.9,16.8,522.3));
#7033 = VECTOR('',#7034,1.);
#7034 = DIRECTION('',(0.,0.,1.));
#7035 = PCURVE('',#4912,#7036);
#7036 = DEFINITIONAL_REPRESENTATION('',(#7037),#7041);
#7037 = LINE('',#7038,#7039);
#7038 = CARTESIAN_POINT('',(0.,0.));
#7039 = VECTOR('',#7040,1.);
#7040 = DIRECTION('',(1.,0.));
#7041 = ( GEOMETRIC_REPRESENTATION_CONTEXT(2)
PARAMETRIC_REPRESENTATION_CONTEXT() REPRESENTATION_CONTEXT('2D SPACE',''
  ) );
#7042 = PCURVE('',#6863,#7043);
#7043 = DEFINITIONAL_REPRESENTATION('',(#7044),#7048);
#7044 = LINE('',#7045,#7046);
#7045 = CARTESIAN_POINT('',(0.,-0.2));
#7046 = VECTOR('',#7047,1.);
#7047 = DIRECTION('',(1.,0.));
#7048 = ( GEOMETRIC_REPRESENTATION_CONTEXT(2)
PARAMETRIC_REPRESENTATION_CONTEXT() REPRESENTATION_CONTEXT('2D SPACE',''
  ) );
#7049 = ORIENTED_EDGE('',*,*,#7050,.T.);
#7050 = EDGE_CURVE('',#7028,#4897,#7051,.T.);
#7051 = SURFACE_CURVE('',#7052,(#7056,#7063),.PCURVE_S1.);
#7052 = LINE('',#7053,#7054);
#7053 = CARTESIAN_POINT('',(-27.9,16.8,525.3));
#7054 = VECTOR('',#7055,1.);
#7055 = DIRECTION('',(1.110223024625E-16,1.,0.));
#7056 = PCURVE('',#4912,#7057);
#7057 = DEFINITIONAL_REPRESENTATION('',(#7058),#7062);
#7058 = LINE('',#7059,#7060);
#7059 = CARTESIAN_POINT('',(3.,0.));
#7060 = VECTOR('',#7061,1.);
#7061 = DIRECTION('',(0.,1.));
#7062 = ( GEOMETRIC_REPRESENTATION_CONTEXT(2)
PARAMETRIC_REPRESENTATION_CONTEXT() REPRESENTATION_CONTEXT('2D SPACE',''
  ) );
#7063 = PCURVE('',#4940,#7064);
#7064 = DEFINITIONAL_REPRESENTATION('',(#7065),#7069);
#7065 = LINE('',#7066,#7067);
#7066 = CARTESIAN_POINT('',(0.9,0.2));
#7067 = VECTOR('',#7068,1.);
#7068 = DIRECTION('',(1.,0.));
#7069 = ( GEOMETRIC_REPRESENTATION_CONTEXT(2)
PARAMETRIC_REPRESENTATION_CONTEXT() REPRESENTATION_CONTEXT('2D SPACE',''
  ) );
#7070 = ORIENTED_EDGE('',*,*,#4896,.F.);
#7071 = ADVANCED_FACE('',(#7072),#4940,.T.);
#7072 = FACE_BOUND('',#7073,.T.);
#7073 = EDGE_LOOP('',(#7074,#7099,#7122,#7143,#7144,#7145,#7146,#7169));
#7074 = ORIENTED_EDGE('',*,*,#7075,.F.);
#7075 = EDGE_CURVE('',#7076,#7078,#7080,.T.);
#7076 = VERTEX_POINT('',#7077);
#7077 = CARTESIAN_POINT('',(-27.7,15.9,525.3));
#7078 = VERTEX_POINT('',#7079);
#7079 = CARTESIAN_POINT('',(-29.2,15.9,525.3));
#7080 = SURFACE_CURVE('',#7081,(#7085,#7092),.PCURVE_S1.);
#7081 = LINE('',#7082,#7083);
#7082 = CARTESIAN_POINT('',(-27.7,15.9,525.3));
#7083 = VECTOR('',#7084,1.);
#7084 = DIRECTION('',(-1.,1.110223024625E-16,0.));
#7085 = PCURVE('',#4940,#7086);
#7086 = DEFINITIONAL_REPRESENTATION('',(#7087),#7091);
#7087 = LINE('',#7088,#7089);
#7088 = CARTESIAN_POINT('',(0.,0.));
#7089 = VECTOR('',#7090,1.);
#7090 = DIRECTION('',(0.,1.));
#7091 = ( GEOMETRIC_REPRESENTATION_CONTEXT(2)
PARAMETRIC_REPRESENTATION_CONTEXT() REPRESENTATION_CONTEXT('2D SPACE',''
  ) );
#7092 = PCURVE('',#6807,#7093);
#7093 = DEFINITIONAL_REPRESENTATION('',(#7094),#7098);
#7094 = LINE('',#7095,#7096);
#7095 = CARTESIAN_POINT('',(3.,0.));
#7096 = VECTOR('',#7097,1.);
#7097 = DIRECTION('',(0.,-1.));
#7098 = ( GEOMETRIC_REPRESENTATION_CONTEXT(2)
PARAMETRIC_REPRESENTATION_CONTEXT() REPRESENTATION_CONTEXT('2D SPACE',''
  ) );
#7099 = ORIENTED_EDGE('',*,*,#7100,.T.);
#7100 = EDGE_CURVE('',#7076,#7101,#7103,.T.);
#7101 = VERTEX_POINT('',#7102);
#7102 = CARTESIAN_POINT('',(-27.7,16.8,525.3));
#7103 = SURFACE_CURVE('',#7104,(#7108,#7115),.PCURVE_S1.);
#7104 = LINE('',#7105,#7106);
#7105 = CARTESIAN_POINT('',(-27.7,15.9,525.3));
#7106 = VECTOR('',#7107,1.);
#7107 = DIRECTION('',(1.110223024625E-16,1.,0.));
#7108 = PCURVE('',#4940,#7109);
#7109 = DEFINITIONAL_REPRESENTATION('',(#7110),#7114);
#7110 = LINE('',#7111,#7112);
#7111 = CARTESIAN_POINT('',(0.,0.));
#7112 = VECTOR('',#7113,1.);
#7113 = DIRECTION('',(1.,0.));
#7114 = ( GEOMETRIC_REPRESENTATION_CONTEXT(2)
PARAMETRIC_REPRESENTATION_CONTEXT() REPRESENTATION_CONTEXT('2D SPACE',''
  ) );
#7115 = PCURVE('',#6835,#7116);
#7116 = DEFINITIONAL_REPRESENTATION('',(#7117),#7121);
#7117 = LINE('',#7118,#7119);
#7118 = CARTESIAN_POINT('',(3.,0.));
#7119 = VECTOR('',#7120,1.);
#7120 = DIRECTION('',(0.,1.));
#7121 = ( GEOMETRIC_REPRESENTATION_CONTEXT(2)
PARAMETRIC_REPRESENTATION_CONTEXT() REPRESENTATION_CONTEXT('2D SPACE',''
  ) );
#7122 = ORIENTED_EDGE('',*,*,#7123,.T.);
#7123 = EDGE_CURVE('',#7101,#7028,#7124,.T.);
#7124 = SURFACE_CURVE('',#7125,(#7129,#7136),.PCURVE_S1.);
#7125 = LINE('',#7126,#7127);
#7126 = CARTESIAN_POINT('',(-27.7,16.8,525.3));
#7127 = VECTOR('',#7128,1.);
#7128 = DIRECTION('',(-1.,1.110223024625E-16,0.));
#7129 = PCURVE('',#4940,#7130);
#7130 = DEFINITIONAL_REPRESENTATION('',(#7131),#7135);
#7131 = LINE('',#7132,#7133);
#7132 = CARTESIAN_POINT('',(0.9,9.992007221626E-17));
#7133 = VECTOR('',#7134,1.);
#7134 = DIRECTION('',(0.,1.));
#7135 = ( GEOMETRIC_REPRESENTATION_CONTEXT(2)
PARAMETRIC_REPRESENTATION_CONTEXT() REPRESENTATION_CONTEXT('2D SPACE',''
  ) );
#7136 = PCURVE('',#6863,#7137);
#7137 = DEFINITIONAL_REPRESENTATION('',(#7138),#7142);
#7138 = LINE('',#7139,#7140);
#7139 = CARTESIAN_POINT('',(3.,0.));
#7140 = VECTOR('',#7141,1.);
#7141 = DIRECTION('',(0.,-1.));
#7142 = ( GEOMETRIC_REPRESENTATION_CONTEXT(2)
PARAMETRIC_REPRESENTATION_CONTEXT() REPRESENTATION_CONTEXT('2D SPACE',''
  ) );
#7143 = ORIENTED_EDGE('',*,*,#7050,.T.);
#7144 = ORIENTED_EDGE('',*,*,#4924,.F.);
#7145 = ORIENTED_EDGE('',*,*,#7001,.F.);
#7146 = ORIENTED_EDGE('',*,*,#7147,.T.);
#7147 = EDGE_CURVE('',#6979,#7148,#7150,.T.);
#7148 = VERTEX_POINT('',#7149);
#7149 = CARTESIAN_POINT('',(-29.2,16.8,525.3));
#7150 = SURFACE_CURVE('',#7151,(#7155,#7162),.PCURVE_S1.);
#7151 = LINE('',#7152,#7153);
#7152 = CARTESIAN_POINT('',(-27.7,16.8,525.3));
#7153 = VECTOR('',#7154,1.);
#7154 = DIRECTION('',(-1.,1.110223024625E-16,0.));
#7155 = PCURVE('',#4940,#7156);
#7156 = DEFINITIONAL_REPRESENTATION('',(#7157),#7161);
#7157 = LINE('',#7158,#7159);
#7158 = CARTESIAN_POINT('',(0.9,9.992007221626E-17));
#7159 = VECTOR('',#7160,1.);
#7160 = DIRECTION('',(0.,1.));
#7161 = ( GEOMETRIC_REPRESENTATION_CONTEXT(2)
PARAMETRIC_REPRESENTATION_CONTEXT() REPRESENTATION_CONTEXT('2D SPACE',''
  ) );
#7162 = PCURVE('',#6936,#7163);
#7163 = DEFINITIONAL_REPRESENTATION('',(#7164),#7168);
#7164 = LINE('',#7165,#7166);
#7165 = CARTESIAN_POINT('',(3.,0.));
#7166 = VECTOR('',#7167,1.);
#7167 = DIRECTION('',(0.,-1.));
#7168 = ( GEOMETRIC_REPRESENTATION_CONTEXT(2)
PARAMETRIC_REPRESENTATION_CONTEXT() REPRESENTATION_CONTEXT('2D SPACE',''
  ) );
#7169 = ORIENTED_EDGE('',*,*,#7170,.F.);
#7170 = EDGE_CURVE('',#7078,#7148,#7171,.T.);
#7171 = SURFACE_CURVE('',#7172,(#7176,#7183),.PCURVE_S1.);
#7172 = LINE('',#7173,#7174);
#7173 = CARTESIAN_POINT('',(-29.2,15.9,525.3));
#7174 = VECTOR('',#7175,1.);
#7175 = DIRECTION('',(1.110223024625E-16,1.,0.));
#7176 = PCURVE('',#4940,#7177);
#7177 = DEFINITIONAL_REPRESENTATION('',(#7178),#7182);
#7178 = LINE('',#7179,#7180);
#7179 = CARTESIAN_POINT('',(-1.665334536938E-16,1.5));
#7180 = VECTOR('',#7181,1.);
#7181 = DIRECTION('',(1.,0.));
#7182 = ( GEOMETRIC_REPRESENTATION_CONTEXT(2)
PARAMETRIC_REPRESENTATION_CONTEXT() REPRESENTATION_CONTEXT('2D SPACE',''
  ) );
#7183 = PCURVE('',#6962,#7184);
#7184 = DEFINITIONAL_REPRESENTATION('',(#7185),#7189);
#7185 = LINE('',#7186,#7187);
#7186 = CARTESIAN_POINT('',(3.,0.));
#7187 = VECTOR('',#7188,1.);
#7188 = DIRECTION('',(0.,1.));
#7189 = ( GEOMETRIC_REPRESENTATION_CONTEXT(2)
PARAMETRIC_REPRESENTATION_CONTEXT() REPRESENTATION_CONTEXT('2D SPACE',''
  ) );
#7190 = ADVANCED_FACE('',(#7191),#5092,.F.);
#7191 = FACE_BOUND('',#7192,.F.);
#7192 = EDGE_LOOP('',(#7193,#7223,#7251,#7279,#7300,#7301,#7324,#7352));
#7193 = ORIENTED_EDGE('',*,*,#7194,.F.);
#7194 = EDGE_CURVE('',#7195,#7197,#7199,.T.);
#7195 = VERTEX_POINT('',#7196);
#7196 = CARTESIAN_POINT('',(-0.8,15.9,522.3));
#7197 = VERTEX_POINT('',#7198);
#7198 = CARTESIAN_POINT('',(-2.3,15.9,522.3));
#7199 = SURFACE_CURVE('',#7200,(#7204,#7211),.PCURVE_S1.);
#7200 = LINE('',#7201,#7202);
#7201 = CARTESIAN_POINT('',(-0.8,15.9,522.3));
#7202 = VECTOR('',#7203,1.);
#7203 = DIRECTION('',(-1.,1.110223024625E-16,0.));
#7204 = PCURVE('',#5092,#7205);
#7205 = DEFINITIONAL_REPRESENTATION('',(#7206),#7210);
#7206 = LINE('',#7207,#7208);
#7207 = CARTESIAN_POINT('',(0.,0.));
#7208 = VECTOR('',#7209,1.);
#7209 = DIRECTION('',(0.,1.));
#7210 = ( GEOMETRIC_REPRESENTATION_CONTEXT(2)
PARAMETRIC_REPRESENTATION_CONTEXT() REPRESENTATION_CONTEXT('2D SPACE',''
  ) );
#7211 = PCURVE('',#7212,#7217);
#7212 = PLANE('',#7213);
#7213 = AXIS2_PLACEMENT_3D('',#7214,#7215,#7216);
#7214 = CARTESIAN_POINT('',(-0.8,15.9,522.3));
#7215 = DIRECTION('',(1.110223024625E-16,1.,0.));
#7216 = DIRECTION('',(0.,0.,1.));
#7217 = DEFINITIONAL_REPRESENTATION('',(#7218),#7222);
#7218 = LINE('',#7219,#7220);
#7219 = CARTESIAN_POINT('',(0.,0.));
#7220 = VECTOR('',#7221,1.);
#7221 = DIRECTION('',(0.,-1.));
#7222 = ( GEOMETRIC_REPRESENTATION_CONTEXT(2)
PARAMETRIC_REPRESENTATION_CONTEXT() REPRESENTATION_CONTEXT('2D SPACE',''
  ) );
#7223 = ORIENTED_EDGE('',*,*,#7224,.T.);
#7224 = EDGE_CURVE('',#7195,#7225,#7227,.T.);
#7225 = VERTEX_POINT('',#7226);
#7226 = CARTESIAN_POINT('',(-0.8,16.8,522.3));
#7227 = SURFACE_CURVE('',#7228,(#7232,#7239),.PCURVE_S1.);
#7228 = LINE('',#7229,#7230);
#7229 = CARTESIAN_POINT('',(-0.8,15.9,522.3));
#7230 = VECTOR('',#7231,1.);
#7231 = DIRECTION('',(1.110223024625E-16,1.,0.));
#7232 = PCURVE('',#5092,#7233);
#7233 = DEFINITIONAL_REPRESENTATION('',(#7234),#7238);
#7234 = LINE('',#7235,#7236);
#7235 = CARTESIAN_POINT('',(0.,0.));
#7236 = VECTOR('',#7237,1.);
#7237 = DIRECTION('',(1.,0.));
#7238 = ( GEOMETRIC_REPRESENTATION_CONTEXT(2)
PARAMETRIC_REPRESENTATION_CONTEXT() REPRESENTATION_CONTEXT('2D SPACE',''
  ) );
#7239 = PCURVE('',#7240,#7245);
#7240 = PLANE('',#7241);
#7241 = AXIS2_PLACEMENT_3D('',#7242,#7243,#7244);
#7242 = CARTESIAN_POINT('',(-0.8,15.9,522.3));
#7243 = DIRECTION('',(-1.,1.110223024625E-16,0.));
#7244 = DIRECTION('',(0.,0.,1.));
#7245 = DEFINITIONAL_REPRESENTATION('',(#7246),#7250);
#7246 = LINE('',#7247,#7248);
#7247 = CARTESIAN_POINT('',(0.,0.));
#7248 = VECTOR('',#7249,1.);
#7249 = DIRECTION('',(0.,1.));
#7250 = ( GEOMETRIC_REPRESENTATION_CONTEXT(2)
PARAMETRIC_REPRESENTATION_CONTEXT() REPRESENTATION_CONTEXT('2D SPACE',''
  ) );
#7251 = ORIENTED_EDGE('',*,*,#7252,.T.);
#7252 = EDGE_CURVE('',#7225,#7253,#7255,.T.);
#7253 = VERTEX_POINT('',#7254);
#7254 = CARTESIAN_POINT('',(-1.,16.8,522.3));
#7255 = SURFACE_CURVE('',#7256,(#7260,#7267),.PCURVE_S1.);
#7256 = LINE('',#7257,#7258);
#7257 = CARTESIAN_POINT('',(-0.8,16.8,522.3));
#7258 = VECTOR('',#7259,1.);
#7259 = DIRECTION('',(-1.,1.110223024625E-16,0.));
#7260 = PCURVE('',#5092,#7261);
#7261 = DEFINITIONAL_REPRESENTATION('',(#7262),#7266);
#7262 = LINE('',#7263,#7264);
#7263 = CARTESIAN_POINT('',(0.9,9.992007221626E-17));
#7264 = VECTOR('',#7265,1.);
#7265 = DIRECTION('',(0.,1.));
#7266 = ( GEOMETRIC_REPRESENTATION_CONTEXT(2)
PARAMETRIC_REPRESENTATION_CONTEXT() REPRESENTATION_CONTEXT('2D SPACE',''
  ) );
#7267 = PCURVE('',#7268,#7273);
#7268 = PLANE('',#7269);
#7269 = AXIS2_PLACEMENT_3D('',#7270,#7271,#7272);
#7270 = CARTESIAN_POINT('',(-0.8,16.8,522.3));
#7271 = DIRECTION('',(1.110223024625E-16,1.,0.));
#7272 = DIRECTION('',(0.,0.,1.));
#7273 = DEFINITIONAL_REPRESENTATION('',(#7274),#7278);
#7274 = LINE('',#7275,#7276);
#7275 = CARTESIAN_POINT('',(0.,0.));
#7276 = VECTOR('',#7277,1.);
#7277 = DIRECTION('',(0.,-1.));
#7278 = ( GEOMETRIC_REPRESENTATION_CONTEXT(2)
PARAMETRIC_REPRESENTATION_CONTEXT() REPRESENTATION_CONTEXT('2D SPACE',''
  ) );
#7279 = ORIENTED_EDGE('',*,*,#7280,.T.);
#7280 = EDGE_CURVE('',#7253,#5077,#7281,.T.);
#7281 = SURFACE_CURVE('',#7282,(#7286,#7293),.PCURVE_S1.);
#7282 = LINE('',#7283,#7284);
#7283 = CARTESIAN_POINT('',(-1.,16.8,522.3));
#7284 = VECTOR('',#7285,1.);
#7285 = DIRECTION('',(1.110223024625E-16,1.,0.));
#7286 = PCURVE('',#5092,#7287);
#7287 = DEFINITIONAL_REPRESENTATION('',(#7288),#7292);
#7288 = LINE('',#7289,#7290);
#7289 = CARTESIAN_POINT('',(0.9,0.2));
#7290 = VECTOR('',#7291,1.);
#7291 = DIRECTION('',(1.,0.));
#7292 = ( GEOMETRIC_REPRESENTATION_CONTEXT(2)
PARAMETRIC_REPRESENTATION_CONTEXT() REPRESENTATION_CONTEXT('2D SPACE',''
  ) );
#7293 = PCURVE('',#5120,#7294);
#7294 = DEFINITIONAL_REPRESENTATION('',(#7295),#7299);
#7295 = LINE('',#7296,#7297);
#7296 = CARTESIAN_POINT('',(0.,0.));
#7297 = VECTOR('',#7298,1.);
#7298 = DIRECTION('',(0.,1.));
#7299 = ( GEOMETRIC_REPRESENTATION_CONTEXT(2)
PARAMETRIC_REPRESENTATION_CONTEXT() REPRESENTATION_CONTEXT('2D SPACE',''
  ) );
#7300 = ORIENTED_EDGE('',*,*,#5074,.F.);
#7301 = ORIENTED_EDGE('',*,*,#7302,.F.);
#7302 = EDGE_CURVE('',#7303,#5075,#7305,.T.);
#7303 = VERTEX_POINT('',#7304);
#7304 = CARTESIAN_POINT('',(-2.1,16.8,522.3));
#7305 = SURFACE_CURVE('',#7306,(#7310,#7317),.PCURVE_S1.);
#7306 = LINE('',#7307,#7308);
#7307 = CARTESIAN_POINT('',(-2.1,16.8,522.3));
#7308 = VECTOR('',#7309,1.);
#7309 = DIRECTION('',(1.110223024625E-16,1.,0.));
#7310 = PCURVE('',#5092,#7311);
#7311 = DEFINITIONAL_REPRESENTATION('',(#7312),#7316);
#7312 = LINE('',#7313,#7314);
#7313 = CARTESIAN_POINT('',(0.9,1.3));
#7314 = VECTOR('',#7315,1.);
#7315 = DIRECTION('',(1.,0.));
#7316 = ( GEOMETRIC_REPRESENTATION_CONTEXT(2)
PARAMETRIC_REPRESENTATION_CONTEXT() REPRESENTATION_CONTEXT('2D SPACE',''
  ) );
#7317 = PCURVE('',#5174,#7318);
#7318 = DEFINITIONAL_REPRESENTATION('',(#7319),#7323);
#7319 = LINE('',#7320,#7321);
#7320 = CARTESIAN_POINT('',(0.,0.));
#7321 = VECTOR('',#7322,1.);
#7322 = DIRECTION('',(0.,1.));
#7323 = ( GEOMETRIC_REPRESENTATION_CONTEXT(2)
PARAMETRIC_REPRESENTATION_CONTEXT() REPRESENTATION_CONTEXT('2D SPACE',''
  ) );
#7324 = ORIENTED_EDGE('',*,*,#7325,.T.);
#7325 = EDGE_CURVE('',#7303,#7326,#7328,.T.);
#7326 = VERTEX_POINT('',#7327);
#7327 = CARTESIAN_POINT('',(-2.3,16.8,522.3));
#7328 = SURFACE_CURVE('',#7329,(#7333,#7340),.PCURVE_S1.);
#7329 = LINE('',#7330,#7331);
#7330 = CARTESIAN_POINT('',(-0.8,16.8,522.3));
#7331 = VECTOR('',#7332,1.);
#7332 = DIRECTION('',(-1.,1.110223024625E-16,0.));
#7333 = PCURVE('',#5092,#7334);
#7334 = DEFINITIONAL_REPRESENTATION('',(#7335),#7339);
#7335 = LINE('',#7336,#7337);
#7336 = CARTESIAN_POINT('',(0.9,9.992007221626E-17));
#7337 = VECTOR('',#7338,1.);
#7338 = DIRECTION('',(0.,1.));
#7339 = ( GEOMETRIC_REPRESENTATION_CONTEXT(2)
PARAMETRIC_REPRESENTATION_CONTEXT() REPRESENTATION_CONTEXT('2D SPACE',''
  ) );
#7340 = PCURVE('',#7341,#7346);
#7341 = PLANE('',#7342);
#7342 = AXIS2_PLACEMENT_3D('',#7343,#7344,#7345);
#7343 = CARTESIAN_POINT('',(-0.8,16.8,522.3));
#7344 = DIRECTION('',(1.110223024625E-16,1.,0.));
#7345 = DIRECTION('',(0.,0.,1.));
#7346 = DEFINITIONAL_REPRESENTATION('',(#7347),#7351);
#7347 = LINE('',#7348,#7349);
#7348 = CARTESIAN_POINT('',(0.,0.));
#7349 = VECTOR('',#7350,1.);
#7350 = DIRECTION('',(0.,-1.));
#7351 = ( GEOMETRIC_REPRESENTATION_CONTEXT(2)
PARAMETRIC_REPRESENTATION_CONTEXT() REPRESENTATION_CONTEXT('2D SPACE',''
  ) );
#7352 = ORIENTED_EDGE('',*,*,#7353,.F.);
#7353 = EDGE_CURVE('',#7197,#7326,#7354,.T.);
#7354 = SURFACE_CURVE('',#7355,(#7359,#7366),.PCURVE_S1.);
#7355 = LINE('',#7356,#7357);
#7356 = CARTESIAN_POINT('',(-2.3,15.9,522.3));
#7357 = VECTOR('',#7358,1.);
#7358 = DIRECTION('',(1.110223024625E-16,1.,0.));
#7359 = PCURVE('',#5092,#7360);
#7360 = DEFINITIONAL_REPRESENTATION('',(#7361),#7365);
#7361 = LINE('',#7362,#7363);
#7362 = CARTESIAN_POINT('',(-1.665334536938E-16,1.5));
#7363 = VECTOR('',#7364,1.);
#7364 = DIRECTION('',(1.,0.));
#7365 = ( GEOMETRIC_REPRESENTATION_CONTEXT(2)
PARAMETRIC_REPRESENTATION_CONTEXT() REPRESENTATION_CONTEXT('2D SPACE',''
  ) );
#7366 = PCURVE('',#7367,#7372);
#7367 = PLANE('',#7368);
#7368 = AXIS2_PLACEMENT_3D('',#7369,#7370,#7371);
#7369 = CARTESIAN_POINT('',(-2.3,15.9,522.3));
#7370 = DIRECTION('',(-1.,1.110223024625E-16,0.));
#7371 = DIRECTION('',(0.,0.,1.));
#7372 = DEFINITIONAL_REPRESENTATION('',(#7373),#7377);
#7373 = LINE('',#7374,#7375);
#7374 = CARTESIAN_POINT('',(0.,0.));
#7375 = VECTOR('',#7376,1.);
#7376 = DIRECTION('',(0.,1.));
#7377 = ( GEOMETRIC_REPRESENTATION_CONTEXT(2)
PARAMETRIC_REPRESENTATION_CONTEXT() REPRESENTATION_CONTEXT('2D SPACE',''
  ) );
#7378 = ADVANCED_FACE('',(#7379),#5174,.T.);
#7379 = FACE_BOUND('',#7380,.T.);
#7380 = EDGE_LOOP('',(#7381,#7382,#7405,#7426));
#7381 = ORIENTED_EDGE('',*,*,#7302,.F.);
#7382 = ORIENTED_EDGE('',*,*,#7383,.T.);
#7383 = EDGE_CURVE('',#7303,#7384,#7386,.T.);
#7384 = VERTEX_POINT('',#7385);
#7385 = CARTESIAN_POINT('',(-2.1,16.8,525.3));
#7386 = SURFACE_CURVE('',#7387,(#7391,#7398),.PCURVE_S1.);
#7387 = LINE('',#7388,#7389);
#7388 = CARTESIAN_POINT('',(-2.1,16.8,522.3));
#7389 = VECTOR('',#7390,1.);
#7390 = DIRECTION('',(0.,0.,1.));
#7391 = PCURVE('',#5174,#7392);
#7392 = DEFINITIONAL_REPRESENTATION('',(#7393),#7397);
#7393 = LINE('',#7394,#7395);
#7394 = CARTESIAN_POINT('',(0.,0.));
#7395 = VECTOR('',#7396,1.);
#7396 = DIRECTION('',(1.,0.));
#7397 = ( GEOMETRIC_REPRESENTATION_CONTEXT(2)
PARAMETRIC_REPRESENTATION_CONTEXT() REPRESENTATION_CONTEXT('2D SPACE',''
  ) );
#7398 = PCURVE('',#7341,#7399);
#7399 = DEFINITIONAL_REPRESENTATION('',(#7400),#7404);
#7400 = LINE('',#7401,#7402);
#7401 = CARTESIAN_POINT('',(0.,-1.3));
#7402 = VECTOR('',#7403,1.);
#7403 = DIRECTION('',(1.,0.));
#7404 = ( GEOMETRIC_REPRESENTATION_CONTEXT(2)
PARAMETRIC_REPRESENTATION_CONTEXT() REPRESENTATION_CONTEXT('2D SPACE',''
  ) );
#7405 = ORIENTED_EDGE('',*,*,#7406,.T.);
#7406 = EDGE_CURVE('',#7384,#5133,#7407,.T.);
#7407 = SURFACE_CURVE('',#7408,(#7412,#7419),.PCURVE_S1.);
#7408 = LINE('',#7409,#7410);
#7409 = CARTESIAN_POINT('',(-2.1,16.8,525.3));
#7410 = VECTOR('',#7411,1.);
#7411 = DIRECTION('',(1.110223024625E-16,1.,0.));
#7412 = PCURVE('',#5174,#7413);
#7413 = DEFINITIONAL_REPRESENTATION('',(#7414),#7418);
#7414 = LINE('',#7415,#7416);
#7415 = CARTESIAN_POINT('',(3.,0.));
#7416 = VECTOR('',#7417,1.);
#7417 = DIRECTION('',(0.,1.));
#7418 = ( GEOMETRIC_REPRESENTATION_CONTEXT(2)
PARAMETRIC_REPRESENTATION_CONTEXT() REPRESENTATION_CONTEXT('2D SPACE',''
  ) );
#7419 = PCURVE('',#5148,#7420);
#7420 = DEFINITIONAL_REPRESENTATION('',(#7421),#7425);
#7421 = LINE('',#7422,#7423);
#7422 = CARTESIAN_POINT('',(0.9,1.3));
#7423 = VECTOR('',#7424,1.);
#7424 = DIRECTION('',(1.,0.));
#7425 = ( GEOMETRIC_REPRESENTATION_CONTEXT(2)
PARAMETRIC_REPRESENTATION_CONTEXT() REPRESENTATION_CONTEXT('2D SPACE',''
  ) );
#7426 = ORIENTED_EDGE('',*,*,#5160,.F.);
#7427 = ADVANCED_FACE('',(#7428),#5120,.F.);
#7428 = FACE_BOUND('',#7429,.F.);
#7429 = EDGE_LOOP('',(#7430,#7431,#7454,#7475));
#7430 = ORIENTED_EDGE('',*,*,#7280,.F.);
#7431 = ORIENTED_EDGE('',*,*,#7432,.T.);
#7432 = EDGE_CURVE('',#7253,#7433,#7435,.T.);
#7433 = VERTEX_POINT('',#7434);
#7434 = CARTESIAN_POINT('',(-1.,16.8,525.3));
#7435 = SURFACE_CURVE('',#7436,(#7440,#7447),.PCURVE_S1.);
#7436 = LINE('',#7437,#7438);
#7437 = CARTESIAN_POINT('',(-1.,16.8,522.3));
#7438 = VECTOR('',#7439,1.);
#7439 = DIRECTION('',(0.,0.,1.));
#7440 = PCURVE('',#5120,#7441);
#7441 = DEFINITIONAL_REPRESENTATION('',(#7442),#7446);
#7442 = LINE('',#7443,#7444);
#7443 = CARTESIAN_POINT('',(0.,0.));
#7444 = VECTOR('',#7445,1.);
#7445 = DIRECTION('',(1.,0.));
#7446 = ( GEOMETRIC_REPRESENTATION_CONTEXT(2)
PARAMETRIC_REPRESENTATION_CONTEXT() REPRESENTATION_CONTEXT('2D SPACE',''
  ) );
#7447 = PCURVE('',#7268,#7448);
#7448 = DEFINITIONAL_REPRESENTATION('',(#7449),#7453);
#7449 = LINE('',#7450,#7451);
#7450 = CARTESIAN_POINT('',(0.,-0.2));
#7451 = VECTOR('',#7452,1.);
#7452 = DIRECTION('',(1.,0.));
#7453 = ( GEOMETRIC_REPRESENTATION_CONTEXT(2)
PARAMETRIC_REPRESENTATION_CONTEXT() REPRESENTATION_CONTEXT('2D SPACE',''
  ) );
#7454 = ORIENTED_EDGE('',*,*,#7455,.T.);
#7455 = EDGE_CURVE('',#7433,#5105,#7456,.T.);
#7456 = SURFACE_CURVE('',#7457,(#7461,#7468),.PCURVE_S1.);
#7457 = LINE('',#7458,#7459);
#7458 = CARTESIAN_POINT('',(-1.,16.8,525.3));
#7459 = VECTOR('',#7460,1.);
#7460 = DIRECTION('',(1.110223024625E-16,1.,0.));
#7461 = PCURVE('',#5120,#7462);
#7462 = DEFINITIONAL_REPRESENTATION('',(#7463),#7467);
#7463 = LINE('',#7464,#7465);
#7464 = CARTESIAN_POINT('',(3.,0.));
#7465 = VECTOR('',#7466,1.);
#7466 = DIRECTION('',(0.,1.));
#7467 = ( GEOMETRIC_REPRESENTATION_CONTEXT(2)
PARAMETRIC_REPRESENTATION_CONTEXT() REPRESENTATION_CONTEXT('2D SPACE',''
  ) );
#7468 = PCURVE('',#5148,#7469);
#7469 = DEFINITIONAL_REPRESENTATION('',(#7470),#7474);
#7470 = LINE('',#7471,#7472);
#7471 = CARTESIAN_POINT('',(0.9,0.2));
#7472 = VECTOR('',#7473,1.);
#7473 = DIRECTION('',(1.,0.));
#7474 = ( GEOMETRIC_REPRESENTATION_CONTEXT(2)
PARAMETRIC_REPRESENTATION_CONTEXT() REPRESENTATION_CONTEXT('2D SPACE',''
  ) );
#7475 = ORIENTED_EDGE('',*,*,#5104,.F.);
#7476 = ADVANCED_FACE('',(#7477),#5148,.T.);
#7477 = FACE_BOUND('',#7478,.T.);
#7478 = EDGE_LOOP('',(#7479,#7504,#7527,#7548,#7549,#7550,#7551,#7574));
#7479 = ORIENTED_EDGE('',*,*,#7480,.F.);
#7480 = EDGE_CURVE('',#7481,#7483,#7485,.T.);
#7481 = VERTEX_POINT('',#7482);
#7482 = CARTESIAN_POINT('',(-0.8,15.9,525.3));
#7483 = VERTEX_POINT('',#7484);
#7484 = CARTESIAN_POINT('',(-2.3,15.9,525.3));
#7485 = SURFACE_CURVE('',#7486,(#7490,#7497),.PCURVE_S1.);
#7486 = LINE('',#7487,#7488);
#7487 = CARTESIAN_POINT('',(-0.8,15.9,525.3));
#7488 = VECTOR('',#7489,1.);
#7489 = DIRECTION('',(-1.,1.110223024625E-16,0.));
#7490 = PCURVE('',#5148,#7491);
#7491 = DEFINITIONAL_REPRESENTATION('',(#7492),#7496);
#7492 = LINE('',#7493,#7494);
#7493 = CARTESIAN_POINT('',(0.,0.));
#7494 = VECTOR('',#7495,1.);
#7495 = DIRECTION('',(0.,1.));
#7496 = ( GEOMETRIC_REPRESENTATION_CONTEXT(2)
PARAMETRIC_REPRESENTATION_CONTEXT() REPRESENTATION_CONTEXT('2D SPACE',''
  ) );
#7497 = PCURVE('',#7212,#7498);
#7498 = DEFINITIONAL_REPRESENTATION('',(#7499),#7503);
#7499 = LINE('',#7500,#7501);
#7500 = CARTESIAN_POINT('',(3.,0.));
#7501 = VECTOR('',#7502,1.);
#7502 = DIRECTION('',(0.,-1.));
#7503 = ( GEOMETRIC_REPRESENTATION_CONTEXT(2)
PARAMETRIC_REPRESENTATION_CONTEXT() REPRESENTATION_CONTEXT('2D SPACE',''
  ) );
#7504 = ORIENTED_EDGE('',*,*,#7505,.T.);
#7505 = EDGE_CURVE('',#7481,#7506,#7508,.T.);
#7506 = VERTEX_POINT('',#7507);
#7507 = CARTESIAN_POINT('',(-0.8,16.8,525.3));
#7508 = SURFACE_CURVE('',#7509,(#7513,#7520),.PCURVE_S1.);
#7509 = LINE('',#7510,#7511);
#7510 = CARTESIAN_POINT('',(-0.8,15.9,525.3));
#7511 = VECTOR('',#7512,1.);
#7512 = DIRECTION('',(1.110223024625E-16,1.,0.));
#7513 = PCURVE('',#5148,#7514);
#7514 = DEFINITIONAL_REPRESENTATION('',(#7515),#7519);
#7515 = LINE('',#7516,#7517);
#7516 = CARTESIAN_POINT('',(0.,0.));
#7517 = VECTOR('',#7518,1.);
#7518 = DIRECTION('',(1.,0.));
#7519 = ( GEOMETRIC_REPRESENTATION_CONTEXT(2)
PARAMETRIC_REPRESENTATION_CONTEXT() REPRESENTATION_CONTEXT('2D SPACE',''
  ) );
#7520 = PCURVE('',#7240,#7521);
#7521 = DEFINITIONAL_REPRESENTATION('',(#7522),#7526);
#7522 = LINE('',#7523,#7524);
#7523 = CARTESIAN_POINT('',(3.,0.));
#7524 = VECTOR('',#7525,1.);
#7525 = DIRECTION('',(0.,1.));
#7526 = ( GEOMETRIC_REPRESENTATION_CONTEXT(2)
PARAMETRIC_REPRESENTATION_CONTEXT() REPRESENTATION_CONTEXT('2D SPACE',''
  ) );
#7527 = ORIENTED_EDGE('',*,*,#7528,.T.);
#7528 = EDGE_CURVE('',#7506,#7433,#7529,.T.);
#7529 = SURFACE_CURVE('',#7530,(#7534,#7541),.PCURVE_S1.);
#7530 = LINE('',#7531,#7532);
#7531 = CARTESIAN_POINT('',(-0.8,16.8,525.3));
#7532 = VECTOR('',#7533,1.);
#7533 = DIRECTION('',(-1.,1.110223024625E-16,0.));
#7534 = PCURVE('',#5148,#7535);
#7535 = DEFINITIONAL_REPRESENTATION('',(#7536),#7540);
#7536 = LINE('',#7537,#7538);
#7537 = CARTESIAN_POINT('',(0.9,9.992007221626E-17));
#7538 = VECTOR('',#7539,1.);
#7539 = DIRECTION('',(0.,1.));
#7540 = ( GEOMETRIC_REPRESENTATION_CONTEXT(2)
PARAMETRIC_REPRESENTATION_CONTEXT() REPRESENTATION_CONTEXT('2D SPACE',''
  ) );
#7541 = PCURVE('',#7268,#7542);
#7542 = DEFINITIONAL_REPRESENTATION('',(#7543),#7547);
#7543 = LINE('',#7544,#7545);
#7544 = CARTESIAN_POINT('',(3.,0.));
#7545 = VECTOR('',#7546,1.);
#7546 = DIRECTION('',(0.,-1.));
#7547 = ( GEOMETRIC_REPRESENTATION_CONTEXT(2)
PARAMETRIC_REPRESENTATION_CONTEXT() REPRESENTATION_CONTEXT('2D SPACE',''
  ) );
#7548 = ORIENTED_EDGE('',*,*,#7455,.T.);
#7549 = ORIENTED_EDGE('',*,*,#5132,.F.);
#7550 = ORIENTED_EDGE('',*,*,#7406,.F.);
#7551 = ORIENTED_EDGE('',*,*,#7552,.T.);
#7552 = EDGE_CURVE('',#7384,#7553,#7555,.T.);
#7553 = VERTEX_POINT('',#7554);
#7554 = CARTESIAN_POINT('',(-2.3,16.8,525.3));
#7555 = SURFACE_CURVE('',#7556,(#7560,#7567),.PCURVE_S1.);
#7556 = LINE('',#7557,#7558);
#7557 = CARTESIAN_POINT('',(-0.8,16.8,525.3));
#7558 = VECTOR('',#7559,1.);
#7559 = DIRECTION('',(-1.,1.110223024625E-16,0.));
#7560 = PCURVE('',#5148,#7561);
#7561 = DEFINITIONAL_REPRESENTATION('',(#7562),#7566);
#7562 = LINE('',#7563,#7564);
#7563 = CARTESIAN_POINT('',(0.9,9.992007221626E-17));
#7564 = VECTOR('',#7565,1.);
#7565 = DIRECTION('',(0.,1.));
#7566 = ( GEOMETRIC_REPRESENTATION_CONTEXT(2)
PARAMETRIC_REPRESENTATION_CONTEXT() REPRESENTATION_CONTEXT('2D SPACE',''
  ) );
#7567 = PCURVE('',#7341,#7568);
#7568 = DEFINITIONAL_REPRESENTATION('',(#7569),#7573);
#7569 = LINE('',#7570,#7571);
#7570 = CARTESIAN_POINT('',(3.,0.));
#7571 = VECTOR('',#7572,1.);
#7572 = DIRECTION('',(0.,-1.));
#7573 = ( GEOMETRIC_REPRESENTATION_CONTEXT(2)
PARAMETRIC_REPRESENTATION_CONTEXT() REPRESENTATION_CONTEXT('2D SPACE',''
  ) );
#7574 = ORIENTED_EDGE('',*,*,#7575,.F.);
#7575 = EDGE_CURVE('',#7483,#7553,#7576,.T.);
#7576 = SURFACE_CURVE('',#7577,(#7581,#7588),.PCURVE_S1.);
#7577 = LINE('',#7578,#7579);
#7578 = CARTESIAN_POINT('',(-2.3,15.9,525.3));
#7579 = VECTOR('',#7580,1.);
#7580 = DIRECTION('',(1.110223024625E-16,1.,0.));
#7581 = PCURVE('',#5148,#7582);
#7582 = DEFINITIONAL_REPRESENTATION('',(#7583),#7587);
#7583 = LINE('',#7584,#7585);
#7584 = CARTESIAN_POINT('',(-1.665334536938E-16,1.5));
#7585 = VECTOR('',#7586,1.);
#7586 = DIRECTION('',(1.,0.));
#7587 = ( GEOMETRIC_REPRESENTATION_CONTEXT(2)
PARAMETRIC_REPRESENTATION_CONTEXT() REPRESENTATION_CONTEXT('2D SPACE',''
  ) );
#7588 = PCURVE('',#7367,#7589);
#7589 = DEFINITIONAL_REPRESENTATION('',(#7590),#7594);
#7590 = LINE('',#7591,#7592);
#7591 = CARTESIAN_POINT('',(3.,0.));
#7592 = VECTOR('',#7593,1.);
#7593 = DIRECTION('',(0.,1.));
#7594 = ( GEOMETRIC_REPRESENTATION_CONTEXT(2)
PARAMETRIC_REPRESENTATION_CONTEXT() REPRESENTATION_CONTEXT('2D SPACE',''
  ) );
#7595 = ADVANCED_FACE('',(#7596),#5206,.F.);
#7596 = FACE_BOUND('',#7597,.F.);
#7597 = EDGE_LOOP('',(#7598,#7628,#7656,#7684,#7705,#7706,#7729,#7757));
#7598 = ORIENTED_EDGE('',*,*,#7599,.F.);
#7599 = EDGE_CURVE('',#7600,#7602,#7604,.T.);
#7600 = VERTEX_POINT('',#7601);
#7601 = CARTESIAN_POINT('',(-0.8,15.9,534.7));
#7602 = VERTEX_POINT('',#7603);
#7603 = CARTESIAN_POINT('',(-2.3,15.9,534.7));
#7604 = SURFACE_CURVE('',#7605,(#7609,#7616),.PCURVE_S1.);
#7605 = LINE('',#7606,#7607);
#7606 = CARTESIAN_POINT('',(-0.8,15.9,534.7));
#7607 = VECTOR('',#7608,1.);
#7608 = DIRECTION('',(-1.,1.110223024625E-16,0.));
#7609 = PCURVE('',#5206,#7610);
#7610 = DEFINITIONAL_REPRESENTATION('',(#7611),#7615);
#7611 = LINE('',#7612,#7613);
#7612 = CARTESIAN_POINT('',(0.,0.));
#7613 = VECTOR('',#7614,1.);
#7614 = DIRECTION('',(0.,1.));
#7615 = ( GEOMETRIC_REPRESENTATION_CONTEXT(2)
PARAMETRIC_REPRESENTATION_CONTEXT() REPRESENTATION_CONTEXT('2D SPACE',''
  ) );
#7616 = PCURVE('',#7617,#7622);
#7617 = PLANE('',#7618);
#7618 = AXIS2_PLACEMENT_3D('',#7619,#7620,#7621);
#7619 = CARTESIAN_POINT('',(-0.8,15.9,534.7));
#7620 = DIRECTION('',(1.110223024625E-16,1.,0.));
#7621 = DIRECTION('',(0.,0.,1.));
#7622 = DEFINITIONAL_REPRESENTATION('',(#7623),#7627);
#7623 = LINE('',#7624,#7625);
#7624 = CARTESIAN_POINT('',(0.,0.));
#7625 = VECTOR('',#7626,1.);
#7626 = DIRECTION('',(0.,-1.));
#7627 = ( GEOMETRIC_REPRESENTATION_CONTEXT(2)
PARAMETRIC_REPRESENTATION_CONTEXT() REPRESENTATION_CONTEXT('2D SPACE',''
  ) );
#7628 = ORIENTED_EDGE('',*,*,#7629,.T.);
#7629 = EDGE_CURVE('',#7600,#7630,#7632,.T.);
#7630 = VERTEX_POINT('',#7631);
#7631 = CARTESIAN_POINT('',(-0.8,16.8,534.7));
#7632 = SURFACE_CURVE('',#7633,(#7637,#7644),.PCURVE_S1.);
#7633 = LINE('',#7634,#7635);
#7634 = CARTESIAN_POINT('',(-0.8,15.9,534.7));
#7635 = VECTOR('',#7636,1.);
#7636 = DIRECTION('',(1.110223024625E-16,1.,0.));
#7637 = PCURVE('',#5206,#7638);
#7638 = DEFINITIONAL_REPRESENTATION('',(#7639),#7643);
#7639 = LINE('',#7640,#7641);
#7640 = CARTESIAN_POINT('',(0.,0.));
#7641 = VECTOR('',#7642,1.);
#7642 = DIRECTION('',(1.,0.));
#7643 = ( GEOMETRIC_REPRESENTATION_CONTEXT(2)
PARAMETRIC_REPRESENTATION_CONTEXT() REPRESENTATION_CONTEXT('2D SPACE',''
  ) );
#7644 = PCURVE('',#7645,#7650);
#7645 = PLANE('',#7646);
#7646 = AXIS2_PLACEMENT_3D('',#7647,#7648,#7649);
#7647 = CARTESIAN_POINT('',(-0.8,15.9,534.7));
#7648 = DIRECTION('',(-1.,1.110223024625E-16,0.));
#7649 = DIRECTION('',(0.,0.,1.));
#7650 = DEFINITIONAL_REPRESENTATION('',(#7651),#7655);
#7651 = LINE('',#7652,#7653);
#7652 = CARTESIAN_POINT('',(0.,0.));
#7653 = VECTOR('',#7654,1.);
#7654 = DIRECTION('',(0.,1.));
#7655 = ( GEOMETRIC_REPRESENTATION_CONTEXT(2)
PARAMETRIC_REPRESENTATION_CONTEXT() REPRESENTATION_CONTEXT('2D SPACE',''
  ) );
#7656 = ORIENTED_EDGE('',*,*,#7657,.T.);
#7657 = EDGE_CURVE('',#7630,#7658,#7660,.T.);
#7658 = VERTEX_POINT('',#7659);
#7659 = CARTESIAN_POINT('',(-1.,16.8,534.7));
#7660 = SURFACE_CURVE('',#7661,(#7665,#7672),.PCURVE_S1.);
#7661 = LINE('',#7662,#7663);
#7662 = CARTESIAN_POINT('',(-0.8,16.8,534.7));
#7663 = VECTOR('',#7664,1.);
#7664 = DIRECTION('',(-1.,1.110223024625E-16,0.));
#7665 = PCURVE('',#5206,#7666);
#7666 = DEFINITIONAL_REPRESENTATION('',(#7667),#7671);
#7667 = LINE('',#7668,#7669);
#7668 = CARTESIAN_POINT('',(0.9,9.992007221626E-17));
#7669 = VECTOR('',#7670,1.);
#7670 = DIRECTION('',(0.,1.));
#7671 = ( GEOMETRIC_REPRESENTATION_CONTEXT(2)
PARAMETRIC_REPRESENTATION_CONTEXT() REPRESENTATION_CONTEXT('2D SPACE',''
  ) );
#7672 = PCURVE('',#7673,#7678);
#7673 = PLANE('',#7674);
#7674 = AXIS2_PLACEMENT_3D('',#7675,#7676,#7677);
#7675 = CARTESIAN_POINT('',(-0.8,16.8,534.7));
#7676 = DIRECTION('',(1.110223024625E-16,1.,0.));
#7677 = DIRECTION('',(0.,0.,1.));
#7678 = DEFINITIONAL_REPRESENTATION('',(#7679),#7683);
#7679 = LINE('',#7680,#7681);
#7680 = CARTESIAN_POINT('',(0.,0.));
#7681 = VECTOR('',#7682,1.);
#7682 = DIRECTION('',(0.,-1.));
#7683 = ( GEOMETRIC_REPRESENTATION_CONTEXT(2)
PARAMETRIC_REPRESENTATION_CONTEXT() REPRESENTATION_CONTEXT('2D SPACE',''
  ) );
#7684 = ORIENTED_EDGE('',*,*,#7685,.T.);
#7685 = EDGE_CURVE('',#7658,#5191,#7686,.T.);
#7686 = SURFACE_CURVE('',#7687,(#7691,#7698),.PCURVE_S1.);
#7687 = LINE('',#7688,#7689);
#7688 = CARTESIAN_POINT('',(-1.,16.8,534.7));
#7689 = VECTOR('',#7690,1.);
#7690 = DIRECTION('',(1.110223024625E-16,1.,0.));
#7691 = PCURVE('',#5206,#7692);
#7692 = DEFINITIONAL_REPRESENTATION('',(#7693),#7697);
#7693 = LINE('',#7694,#7695);
#7694 = CARTESIAN_POINT('',(0.9,0.2));
#7695 = VECTOR('',#7696,1.);
#7696 = DIRECTION('',(1.,0.));
#7697 = ( GEOMETRIC_REPRESENTATION_CONTEXT(2)
PARAMETRIC_REPRESENTATION_CONTEXT() REPRESENTATION_CONTEXT('2D SPACE',''
  ) );
#7698 = PCURVE('',#5234,#7699);
#7699 = DEFINITIONAL_REPRESENTATION('',(#7700),#7704);
#7700 = LINE('',#7701,#7702);
#7701 = CARTESIAN_POINT('',(0.,0.));
#7702 = VECTOR('',#7703,1.);
#7703 = DIRECTION('',(0.,1.));
#7704 = ( GEOMETRIC_REPRESENTATION_CONTEXT(2)
PARAMETRIC_REPRESENTATION_CONTEXT() REPRESENTATION_CONTEXT('2D SPACE',''
  ) );
#7705 = ORIENTED_EDGE('',*,*,#5188,.F.);
#7706 = ORIENTED_EDGE('',*,*,#7707,.F.);
#7707 = EDGE_CURVE('',#7708,#5189,#7710,.T.);
#7708 = VERTEX_POINT('',#7709);
#7709 = CARTESIAN_POINT('',(-2.1,16.8,534.7));
#7710 = SURFACE_CURVE('',#7711,(#7715,#7722),.PCURVE_S1.);
#7711 = LINE('',#7712,#7713);
#7712 = CARTESIAN_POINT('',(-2.1,16.8,534.7));
#7713 = VECTOR('',#7714,1.);
#7714 = DIRECTION('',(1.110223024625E-16,1.,0.));
#7715 = PCURVE('',#5206,#7716);
#7716 = DEFINITIONAL_REPRESENTATION('',(#7717),#7721);
#7717 = LINE('',#7718,#7719);
#7718 = CARTESIAN_POINT('',(0.9,1.3));
#7719 = VECTOR('',#7720,1.);
#7720 = DIRECTION('',(1.,0.));
#7721 = ( GEOMETRIC_REPRESENTATION_CONTEXT(2)
PARAMETRIC_REPRESENTATION_CONTEXT() REPRESENTATION_CONTEXT('2D SPACE',''
  ) );
#7722 = PCURVE('',#5288,#7723);
#7723 = DEFINITIONAL_REPRESENTATION('',(#7724),#7728);
#7724 = LINE('',#7725,#7726);
#7725 = CARTESIAN_POINT('',(0.,0.));
#7726 = VECTOR('',#7727,1.);
#7727 = DIRECTION('',(0.,1.));
#7728 = ( GEOMETRIC_REPRESENTATION_CONTEXT(2)
PARAMETRIC_REPRESENTATION_CONTEXT() REPRESENTATION_CONTEXT('2D SPACE',''
  ) );
#7729 = ORIENTED_EDGE('',*,*,#7730,.T.);
#7730 = EDGE_CURVE('',#7708,#7731,#7733,.T.);
#7731 = VERTEX_POINT('',#7732);
#7732 = CARTESIAN_POINT('',(-2.3,16.8,534.7));
#7733 = SURFACE_CURVE('',#7734,(#7738,#7745),.PCURVE_S1.);
#7734 = LINE('',#7735,#7736);
#7735 = CARTESIAN_POINT('',(-0.8,16.8,534.7));
#7736 = VECTOR('',#7737,1.);
#7737 = DIRECTION('',(-1.,1.110223024625E-16,0.));
#7738 = PCURVE('',#5206,#7739);
#7739 = DEFINITIONAL_REPRESENTATION('',(#7740),#7744);
#7740 = LINE('',#7741,#7742);
#7741 = CARTESIAN_POINT('',(0.9,9.992007221626E-17));
#7742 = VECTOR('',#7743,1.);
#7743 = DIRECTION('',(0.,1.));
#7744 = ( GEOMETRIC_REPRESENTATION_CONTEXT(2)
PARAMETRIC_REPRESENTATION_CONTEXT() REPRESENTATION_CONTEXT('2D SPACE',''
  ) );
#7745 = PCURVE('',#7746,#7751);
#7746 = PLANE('',#7747);
#7747 = AXIS2_PLACEMENT_3D('',#7748,#7749,#7750);
#7748 = CARTESIAN_POINT('',(-0.8,16.8,534.7));
#7749 = DIRECTION('',(1.110223024625E-16,1.,0.));
#7750 = DIRECTION('',(0.,0.,1.));
#7751 = DEFINITIONAL_REPRESENTATION('',(#7752),#7756);
#7752 = LINE('',#7753,#7754);
#7753 = CARTESIAN_POINT('',(0.,0.));
#7754 = VECTOR('',#7755,1.);
#7755 = DIRECTION('',(0.,-1.));
#7756 = ( GEOMETRIC_REPRESENTATION_CONTEXT(2)
PARAMETRIC_REPRESENTATION_CONTEXT() REPRESENTATION_CONTEXT('2D SPACE',''
  ) );
#7757 = ORIENTED_EDGE('',*,*,#7758,.F.);
#7758 = EDGE_CURVE('',#7602,#7731,#7759,.T.);
#7759 = SURFACE_CURVE('',#7760,(#7764,#7771),.PCURVE_S1.);
#7760 = LINE('',#7761,#7762);
#7761 = CARTESIAN_POINT('',(-2.3,15.9,534.7));
#7762 = VECTOR('',#7763,1.);
#7763 = DIRECTION('',(1.110223024625E-16,1.,0.));
#7764 = PCURVE('',#5206,#7765);
#7765 = DEFINITIONAL_REPRESENTATION('',(#7766),#7770);
#7766 = LINE('',#7767,#7768);
#7767 = CARTESIAN_POINT('',(-1.665334536938E-16,1.5));
#7768 = VECTOR('',#7769,1.);
#7769 = DIRECTION('',(1.,0.));
#7770 = ( GEOMETRIC_REPRESENTATION_CONTEXT(2)
PARAMETRIC_REPRESENTATION_CONTEXT() REPRESENTATION_CONTEXT('2D SPACE',''
  ) );
#7771 = PCURVE('',#7772,#7777);
#7772 = PLANE('',#7773);
#7773 = AXIS2_PLACEMENT_3D('',#7774,#7775,#7776);
#7774 = CARTESIAN_POINT('',(-2.3,15.9,534.7));
#7775 = DIRECTION('',(-1.,1.110223024625E-16,0.));
#7776 = DIRECTION('',(0.,0.,1.));
#7777 = DEFINITIONAL_REPRESENTATION('',(#7778),#7782);
#7778 = LINE('',#7779,#7780);
#7779 = CARTESIAN_POINT('',(0.,0.));
#7780 = VECTOR('',#7781,1.);
#7781 = DIRECTION('',(0.,1.));
#7782 = ( GEOMETRIC_REPRESENTATION_CONTEXT(2)
PARAMETRIC_REPRESENTATION_CONTEXT() REPRESENTATION_CONTEXT('2D SPACE',''
  ) );
#7783 = ADVANCED_FACE('',(#7784),#5288,.T.);
#7784 = FACE_BOUND('',#7785,.T.);
#7785 = EDGE_LOOP('',(#7786,#7787,#7810,#7831));
#7786 = ORIENTED_EDGE('',*,*,#7707,.F.);
#7787 = ORIENTED_EDGE('',*,*,#7788,.T.);
#7788 = EDGE_CURVE('',#7708,#7789,#7791,.T.);
#7789 = VERTEX_POINT('',#7790);
#7790 = CARTESIAN_POINT('',(-2.1,16.8,537.7));
#7791 = SURFACE_CURVE('',#7792,(#7796,#7803),.PCURVE_S1.);
#7792 = LINE('',#7793,#7794);
#7793 = CARTESIAN_POINT('',(-2.1,16.8,534.7));
#7794 = VECTOR('',#7795,1.);
#7795 = DIRECTION('',(0.,0.,1.));
#7796 = PCURVE('',#5288,#7797);
#7797 = DEFINITIONAL_REPRESENTATION('',(#7798),#7802);
#7798 = LINE('',#7799,#7800);
#7799 = CARTESIAN_POINT('',(0.,0.));
#7800 = VECTOR('',#7801,1.);
#7801 = DIRECTION('',(1.,0.));
#7802 = ( GEOMETRIC_REPRESENTATION_CONTEXT(2)
PARAMETRIC_REPRESENTATION_CONTEXT() REPRESENTATION_CONTEXT('2D SPACE',''
  ) );
#7803 = PCURVE('',#7746,#7804);
#7804 = DEFINITIONAL_REPRESENTATION('',(#7805),#7809);
#7805 = LINE('',#7806,#7807);
#7806 = CARTESIAN_POINT('',(0.,-1.3));
#7807 = VECTOR('',#7808,1.);
#7808 = DIRECTION('',(1.,0.));
#7809 = ( GEOMETRIC_REPRESENTATION_CONTEXT(2)
PARAMETRIC_REPRESENTATION_CONTEXT() REPRESENTATION_CONTEXT('2D SPACE',''
  ) );
#7810 = ORIENTED_EDGE('',*,*,#7811,.T.);
#7811 = EDGE_CURVE('',#7789,#5247,#7812,.T.);
#7812 = SURFACE_CURVE('',#7813,(#7817,#7824),.PCURVE_S1.);
#7813 = LINE('',#7814,#7815);
#7814 = CARTESIAN_POINT('',(-2.1,16.8,537.7));
#7815 = VECTOR('',#7816,1.);
#7816 = DIRECTION('',(1.110223024625E-16,1.,0.));
#7817 = PCURVE('',#5288,#7818);
#7818 = DEFINITIONAL_REPRESENTATION('',(#7819),#7823);
#7819 = LINE('',#7820,#7821);
#7820 = CARTESIAN_POINT('',(3.,0.));
#7821 = VECTOR('',#7822,1.);
#7822 = DIRECTION('',(0.,1.));
#7823 = ( GEOMETRIC_REPRESENTATION_CONTEXT(2)
PARAMETRIC_REPRESENTATION_CONTEXT() REPRESENTATION_CONTEXT('2D SPACE',''
  ) );
#7824 = PCURVE('',#5262,#7825);
#7825 = DEFINITIONAL_REPRESENTATION('',(#7826),#7830);
#7826 = LINE('',#7827,#7828);
#7827 = CARTESIAN_POINT('',(0.9,1.3));
#7828 = VECTOR('',#7829,1.);
#7829 = DIRECTION('',(1.,0.));
#7830 = ( GEOMETRIC_REPRESENTATION_CONTEXT(2)
PARAMETRIC_REPRESENTATION_CONTEXT() REPRESENTATION_CONTEXT('2D SPACE',''
  ) );
#7831 = ORIENTED_EDGE('',*,*,#5274,.F.);
#7832 = ADVANCED_FACE('',(#7833),#5234,.F.);
#7833 = FACE_BOUND('',#7834,.F.);
#7834 = EDGE_LOOP('',(#7835,#7836,#7859,#7880));
#7835 = ORIENTED_EDGE('',*,*,#7685,.F.);
#7836 = ORIENTED_EDGE('',*,*,#7837,.T.);
#7837 = EDGE_CURVE('',#7658,#7838,#7840,.T.);
#7838 = VERTEX_POINT('',#7839);
#7839 = CARTESIAN_POINT('',(-1.,16.8,537.7));
#7840 = SURFACE_CURVE('',#7841,(#7845,#7852),.PCURVE_S1.);
#7841 = LINE('',#7842,#7843);
#7842 = CARTESIAN_POINT('',(-1.,16.8,534.7));
#7843 = VECTOR('',#7844,1.);
#7844 = DIRECTION('',(0.,0.,1.));
#7845 = PCURVE('',#5234,#7846);
#7846 = DEFINITIONAL_REPRESENTATION('',(#7847),#7851);
#7847 = LINE('',#7848,#7849);
#7848 = CARTESIAN_POINT('',(0.,0.));
#7849 = VECTOR('',#7850,1.);
#7850 = DIRECTION('',(1.,0.));
#7851 = ( GEOMETRIC_REPRESENTATION_CONTEXT(2)
PARAMETRIC_REPRESENTATION_CONTEXT() REPRESENTATION_CONTEXT('2D SPACE',''
  ) );
#7852 = PCURVE('',#7673,#7853);
#7853 = DEFINITIONAL_REPRESENTATION('',(#7854),#7858);
#7854 = LINE('',#7855,#7856);
#7855 = CARTESIAN_POINT('',(0.,-0.2));
#7856 = VECTOR('',#7857,1.);
#7857 = DIRECTION('',(1.,0.));
#7858 = ( GEOMETRIC_REPRESENTATION_CONTEXT(2)
PARAMETRIC_REPRESENTATION_CONTEXT() REPRESENTATION_CONTEXT('2D SPACE',''
  ) );
#7859 = ORIENTED_EDGE('',*,*,#7860,.T.);
#7860 = EDGE_CURVE('',#7838,#5219,#7861,.T.);
#7861 = SURFACE_CURVE('',#7862,(#7866,#7873),.PCURVE_S1.);
#7862 = LINE('',#7863,#7864);
#7863 = CARTESIAN_POINT('',(-1.,16.8,537.7));
#7864 = VECTOR('',#7865,1.);
#7865 = DIRECTION('',(1.110223024625E-16,1.,0.));
#7866 = PCURVE('',#5234,#7867);
#7867 = DEFINITIONAL_REPRESENTATION('',(#7868),#7872);
#7868 = LINE('',#7869,#7870);
#7869 = CARTESIAN_POINT('',(3.,0.));
#7870 = VECTOR('',#7871,1.);
#7871 = DIRECTION('',(0.,1.));
#7872 = ( GEOMETRIC_REPRESENTATION_CONTEXT(2)
PARAMETRIC_REPRESENTATION_CONTEXT() REPRESENTATION_CONTEXT('2D SPACE',''
  ) );
#7873 = PCURVE('',#5262,#7874);
#7874 = DEFINITIONAL_REPRESENTATION('',(#7875),#7879);
#7875 = LINE('',#7876,#7877);
#7876 = CARTESIAN_POINT('',(0.9,0.2));
#7877 = VECTOR('',#7878,1.);
#7878 = DIRECTION('',(1.,0.));
#7879 = ( GEOMETRIC_REPRESENTATION_CONTEXT(2)
PARAMETRIC_REPRESENTATION_CONTEXT() REPRESENTATION_CONTEXT('2D SPACE',''
  ) );
#7880 = ORIENTED_EDGE('',*,*,#5218,.F.);
#7881 = ADVANCED_FACE('',(#7882),#5262,.T.);
#7882 = FACE_BOUND('',#7883,.T.);
#7883 = EDGE_LOOP('',(#7884,#7909,#7932,#7953,#7954,#7955,#7956,#7979));
#7884 = ORIENTED_EDGE('',*,*,#7885,.F.);
#7885 = EDGE_CURVE('',#7886,#7888,#7890,.T.);
#7886 = VERTEX_POINT('',#7887);
#7887 = CARTESIAN_POINT('',(-0.8,15.9,537.7));
#7888 = VERTEX_POINT('',#7889);
#7889 = CARTESIAN_POINT('',(-2.3,15.9,537.7));
#7890 = SURFACE_CURVE('',#7891,(#7895,#7902),.PCURVE_S1.);
#7891 = LINE('',#7892,#7893);
#7892 = CARTESIAN_POINT('',(-0.8,15.9,537.7));
#7893 = VECTOR('',#7894,1.);
#7894 = DIRECTION('',(-1.,1.110223024625E-16,0.));
#7895 = PCURVE('',#5262,#7896);
#7896 = DEFINITIONAL_REPRESENTATION('',(#7897),#7901);
#7897 = LINE('',#7898,#7899);
#7898 = CARTESIAN_POINT('',(0.,0.));
#7899 = VECTOR('',#7900,1.);
#7900 = DIRECTION('',(0.,1.));
#7901 = ( GEOMETRIC_REPRESENTATION_CONTEXT(2)
PARAMETRIC_REPRESENTATION_CONTEXT() REPRESENTATION_CONTEXT('2D SPACE',''
  ) );
#7902 = PCURVE('',#7617,#7903);
#7903 = DEFINITIONAL_REPRESENTATION('',(#7904),#7908);
#7904 = LINE('',#7905,#7906);
#7905 = CARTESIAN_POINT('',(3.,0.));
#7906 = VECTOR('',#7907,1.);
#7907 = DIRECTION('',(0.,-1.));
#7908 = ( GEOMETRIC_REPRESENTATION_CONTEXT(2)
PARAMETRIC_REPRESENTATION_CONTEXT() REPRESENTATION_CONTEXT('2D SPACE',''
  ) );
#7909 = ORIENTED_EDGE('',*,*,#7910,.T.);
#7910 = EDGE_CURVE('',#7886,#7911,#7913,.T.);
#7911 = VERTEX_POINT('',#7912);
#7912 = CARTESIAN_POINT('',(-0.8,16.8,537.7));
#7913 = SURFACE_CURVE('',#7914,(#7918,#7925),.PCURVE_S1.);
#7914 = LINE('',#7915,#7916);
#7915 = CARTESIAN_POINT('',(-0.8,15.9,537.7));
#7916 = VECTOR('',#7917,1.);
#7917 = DIRECTION('',(1.110223024625E-16,1.,0.));
#7918 = PCURVE('',#5262,#7919);
#7919 = DEFINITIONAL_REPRESENTATION('',(#7920),#7924);
#7920 = LINE('',#7921,#7922);
#7921 = CARTESIAN_POINT('',(0.,0.));
#7922 = VECTOR('',#7923,1.);
#7923 = DIRECTION('',(1.,0.));
#7924 = ( GEOMETRIC_REPRESENTATION_CONTEXT(2)
PARAMETRIC_REPRESENTATION_CONTEXT() REPRESENTATION_CONTEXT('2D SPACE',''
  ) );
#7925 = PCURVE('',#7645,#7926);
#7926 = DEFINITIONAL_REPRESENTATION('',(#7927),#7931);
#7927 = LINE('',#7928,#7929);
#7928 = CARTESIAN_POINT('',(3.,0.));
#7929 = VECTOR('',#7930,1.);
#7930 = DIRECTION('',(0.,1.));
#7931 = ( GEOMETRIC_REPRESENTATION_CONTEXT(2)
PARAMETRIC_REPRESENTATION_CONTEXT() REPRESENTATION_CONTEXT('2D SPACE',''
  ) );
#7932 = ORIENTED_EDGE('',*,*,#7933,.T.);
#7933 = EDGE_CURVE('',#7911,#7838,#7934,.T.);
#7934 = SURFACE_CURVE('',#7935,(#7939,#7946),.PCURVE_S1.);
#7935 = LINE('',#7936,#7937);
#7936 = CARTESIAN_POINT('',(-0.8,16.8,537.7));
#7937 = VECTOR('',#7938,1.);
#7938 = DIRECTION('',(-1.,1.110223024625E-16,0.));
#7939 = PCURVE('',#5262,#7940);
#7940 = DEFINITIONAL_REPRESENTATION('',(#7941),#7945);
#7941 = LINE('',#7942,#7943);
#7942 = CARTESIAN_POINT('',(0.9,9.992007221626E-17));
#7943 = VECTOR('',#7944,1.);
#7944 = DIRECTION('',(0.,1.));
#7945 = ( GEOMETRIC_REPRESENTATION_CONTEXT(2)
PARAMETRIC_REPRESENTATION_CONTEXT() REPRESENTATION_CONTEXT('2D SPACE',''
  ) );
#7946 = PCURVE('',#7673,#7947);
#7947 = DEFINITIONAL_REPRESENTATION('',(#7948),#7952);
#7948 = LINE('',#7949,#7950);
#7949 = CARTESIAN_POINT('',(3.,0.));
#7950 = VECTOR('',#7951,1.);
#7951 = DIRECTION('',(0.,-1.));
#7952 = ( GEOMETRIC_REPRESENTATION_CONTEXT(2)
PARAMETRIC_REPRESENTATION_CONTEXT() REPRESENTATION_CONTEXT('2D SPACE',''
  ) );
#7953 = ORIENTED_EDGE('',*,*,#7860,.T.);
#7954 = ORIENTED_EDGE('',*,*,#5246,.F.);
#7955 = ORIENTED_EDGE('',*,*,#7811,.F.);
#7956 = ORIENTED_EDGE('',*,*,#7957,.T.);
#7957 = EDGE_CURVE('',#7789,#7958,#7960,.T.);
#7958 = VERTEX_POINT('',#7959);
#7959 = CARTESIAN_POINT('',(-2.3,16.8,537.7));
#7960 = SURFACE_CURVE('',#7961,(#7965,#7972),.PCURVE_S1.);
#7961 = LINE('',#7962,#7963);
#7962 = CARTESIAN_POINT('',(-0.8,16.8,537.7));
#7963 = VECTOR('',#7964,1.);
#7964 = DIRECTION('',(-1.,1.110223024625E-16,0.));
#7965 = PCURVE('',#5262,#7966);
#7966 = DEFINITIONAL_REPRESENTATION('',(#7967),#7971);
#7967 = LINE('',#7968,#7969);
#7968 = CARTESIAN_POINT('',(0.9,9.992007221626E-17));
#7969 = VECTOR('',#7970,1.);
#7970 = DIRECTION('',(0.,1.));
#7971 = ( GEOMETRIC_REPRESENTATION_CONTEXT(2)
PARAMETRIC_REPRESENTATION_CONTEXT() REPRESENTATION_CONTEXT('2D SPACE',''
  ) );
#7972 = PCURVE('',#7746,#7973);
#7973 = DEFINITIONAL_REPRESENTATION('',(#7974),#7978);
#7974 = LINE('',#7975,#7976);
#7975 = CARTESIAN_POINT('',(3.,0.));
#7976 = VECTOR('',#7977,1.);
#7977 = DIRECTION('',(0.,-1.));
#7978 = ( GEOMETRIC_REPRESENTATION_CONTEXT(2)
PARAMETRIC_REPRESENTATION_CONTEXT() REPRESENTATION_CONTEXT('2D SPACE',''
  ) );
#7979 = ORIENTED_EDGE('',*,*,#7980,.F.);
#7980 = EDGE_CURVE('',#7888,#7958,#7981,.T.);
#7981 = SURFACE_CURVE('',#7982,(#7986,#7993),.PCURVE_S1.);
#7982 = LINE('',#7983,#7984);
#7983 = CARTESIAN_POINT('',(-2.3,15.9,537.7));
#7984 = VECTOR('',#7985,1.);
#7985 = DIRECTION('',(1.110223024625E-16,1.,0.));
#7986 = PCURVE('',#5262,#7987);
#7987 = DEFINITIONAL_REPRESENTATION('',(#7988),#7992);
#7988 = LINE('',#7989,#7990);
#7989 = CARTESIAN_POINT('',(-1.665334536938E-16,1.5));
#7990 = VECTOR('',#7991,1.);
#7991 = DIRECTION('',(1.,0.));
#7992 = ( GEOMETRIC_REPRESENTATION_CONTEXT(2)
PARAMETRIC_REPRESENTATION_CONTEXT() REPRESENTATION_CONTEXT('2D SPACE',''
  ) );
#7993 = PCURVE('',#7772,#7994);
#7994 = DEFINITIONAL_REPRESENTATION('',(#7995),#7999);
#7995 = LINE('',#7996,#7997);
#7996 = CARTESIAN_POINT('',(3.,0.));
#7997 = VECTOR('',#7998,1.);
#7998 = DIRECTION('',(0.,1.));
#7999 = ( GEOMETRIC_REPRESENTATION_CONTEXT(2)
PARAMETRIC_REPRESENTATION_CONTEXT() REPRESENTATION_CONTEXT('2D SPACE',''
  ) );
#8000 = ADVANCED_FACE('',(#8001),#5479,.T.);
#8001 = FACE_BOUND('',#8002,.T.);
#8002 = EDGE_LOOP('',(#8003));
#8003 = ORIENTED_EDGE('',*,*,#5462,.T.);
#8004 = ADVANCED_FACE('',(#8005),#5851,.T.);
#8005 = FACE_BOUND('',#8006,.T.);
#8006 = EDGE_LOOP('',(#8007,#8008,#8029,#8030));
#8007 = ORIENTED_EDGE('',*,*,#5835,.F.);
#8008 = ORIENTED_EDGE('',*,*,#8009,.T.);
#8009 = EDGE_CURVE('',#5836,#6075,#8010,.T.);
#8010 = SURFACE_CURVE('',#8011,(#8015,#8022),.PCURVE_S1.);
#8011 = LINE('',#8012,#8013);
#8012 = CARTESIAN_POINT('',(-7.,16.8,538.69));
#8013 = VECTOR('',#8014,1.);
#8014 = DIRECTION('',(-1.,1.110223024625E-16,0.));
#8015 = PCURVE('',#5851,#8016);
#8016 = DEFINITIONAL_REPRESENTATION('',(#8017),#8021);
#8017 = LINE('',#8018,#8019);
#8018 = CARTESIAN_POINT('',(0.,0.));
#8019 = VECTOR('',#8020,1.);
#8020 = DIRECTION('',(0.,-1.));
#8021 = ( GEOMETRIC_REPRESENTATION_CONTEXT(2)
PARAMETRIC_REPRESENTATION_CONTEXT() REPRESENTATION_CONTEXT('2D SPACE',''
  ) );
#8022 = PCURVE('',#5879,#8023);
#8023 = DEFINITIONAL_REPRESENTATION('',(#8024),#8028);
#8024 = LINE('',#8025,#8026);
#8025 = CARTESIAN_POINT('',(0.9,9.992007221626E-17));
#8026 = VECTOR('',#8027,1.);
#8027 = DIRECTION('',(0.,1.));
#8028 = ( GEOMETRIC_REPRESENTATION_CONTEXT(2)
PARAMETRIC_REPRESENTATION_CONTEXT() REPRESENTATION_CONTEXT('2D SPACE',''
  ) );
#8029 = ORIENTED_EDGE('',*,*,#6074,.T.);
#8030 = ORIENTED_EDGE('',*,*,#6736,.F.);
#8031 = ADVANCED_FACE('',(#8032),#5879,.F.);
#8032 = FACE_BOUND('',#8033,.F.);
#8033 = EDGE_LOOP('',(#8034,#8055,#8056,#8057));
#8034 = ORIENTED_EDGE('',*,*,#8035,.F.);
#8035 = EDGE_CURVE('',#5864,#6098,#8036,.T.);
#8036 = SURFACE_CURVE('',#8037,(#8041,#8048),.PCURVE_S1.);
#8037 = LINE('',#8038,#8039);
#8038 = CARTESIAN_POINT('',(-7.,15.9,538.69));
#8039 = VECTOR('',#8040,1.);
#8040 = DIRECTION('',(-1.,1.110223024625E-16,0.));
#8041 = PCURVE('',#5879,#8042);
#8042 = DEFINITIONAL_REPRESENTATION('',(#8043),#8047);
#8043 = LINE('',#8044,#8045);
#8044 = CARTESIAN_POINT('',(0.,0.));
#8045 = VECTOR('',#8046,1.);
#8046 = DIRECTION('',(0.,1.));
#8047 = ( GEOMETRIC_REPRESENTATION_CONTEXT(2)
PARAMETRIC_REPRESENTATION_CONTEXT() REPRESENTATION_CONTEXT('2D SPACE',''
  ) );
#8048 = PCURVE('',#5907,#8049);
#8049 = DEFINITIONAL_REPRESENTATION('',(#8050),#8054);
#8050 = LINE('',#8051,#8052);
#8051 = CARTESIAN_POINT('',(0.,0.));
#8052 = VECTOR('',#8053,1.);
#8053 = DIRECTION('',(0.,-1.));
#8054 = ( GEOMETRIC_REPRESENTATION_CONTEXT(2)
PARAMETRIC_REPRESENTATION_CONTEXT() REPRESENTATION_CONTEXT('2D SPACE',''
  ) );
#8055 = ORIENTED_EDGE('',*,*,#5863,.T.);
#8056 = ORIENTED_EDGE('',*,*,#8009,.T.);
#8057 = ORIENTED_EDGE('',*,*,#6097,.F.);
#8058 = ADVANCED_FACE('',(#8059),#5907,.F.);
#8059 = FACE_BOUND('',#8060,.F.);
#8060 = EDGE_LOOP('',(#8061,#8062,#8063,#8064));
#8061 = ORIENTED_EDGE('',*,*,#5891,.F.);
#8062 = ORIENTED_EDGE('',*,*,#8035,.T.);
#8063 = ORIENTED_EDGE('',*,*,#6120,.T.);
#8064 = ORIENTED_EDGE('',*,*,#8065,.F.);
#8065 = EDGE_CURVE('',#5892,#6121,#8066,.T.);
#8066 = SURFACE_CURVE('',#8067,(#8071,#8078),.PCURVE_S1.);
#8067 = LINE('',#8068,#8069);
#8068 = CARTESIAN_POINT('',(-7.,15.9,540.59));
#8069 = VECTOR('',#8070,1.);
#8070 = DIRECTION('',(-1.,1.110223024625E-16,0.));
#8071 = PCURVE('',#5907,#8072);
#8072 = DEFINITIONAL_REPRESENTATION('',(#8073),#8077);
#8073 = LINE('',#8074,#8075);
#8074 = CARTESIAN_POINT('',(1.9,0.));
#8075 = VECTOR('',#8076,1.);
#8076 = DIRECTION('',(0.,-1.));
#8077 = ( GEOMETRIC_REPRESENTATION_CONTEXT(2)
PARAMETRIC_REPRESENTATION_CONTEXT() REPRESENTATION_CONTEXT('2D SPACE',''
  ) );
#8078 = PCURVE('',#5935,#8079);
#8079 = DEFINITIONAL_REPRESENTATION('',(#8080),#8084);
#8080 = LINE('',#8081,#8082);
#8081 = CARTESIAN_POINT('',(0.,0.));
#8082 = VECTOR('',#8083,1.);
#8083 = DIRECTION('',(0.,1.));
#8084 = ( GEOMETRIC_REPRESENTATION_CONTEXT(2)
PARAMETRIC_REPRESENTATION_CONTEXT() REPRESENTATION_CONTEXT('2D SPACE',''
  ) );
#8085 = ADVANCED_FACE('',(#8086),#5935,.T.);
#8086 = FACE_BOUND('',#8087,.T.);
#8087 = EDGE_LOOP('',(#8088,#8089,#8090,#8091));
#8088 = ORIENTED_EDGE('',*,*,#6143,.F.);
#8089 = ORIENTED_EDGE('',*,*,#8065,.F.);
#8090 = ORIENTED_EDGE('',*,*,#5919,.T.);
#8091 = ORIENTED_EDGE('',*,*,#8092,.F.);
#8092 = EDGE_CURVE('',#6144,#5920,#8093,.T.);
#8093 = SURFACE_CURVE('',#8094,(#8098,#8105),.PCURVE_S1.);
#8094 = LINE('',#8095,#8096);
#8095 = CARTESIAN_POINT('',(-7.,16.6,540.59));
#8096 = VECTOR('',#8097,1.);
#8097 = DIRECTION('',(1.,-1.110223024625E-16,0.));
#8098 = PCURVE('',#5935,#8099);
#8099 = DEFINITIONAL_REPRESENTATION('',(#8100),#8104);
#8100 = LINE('',#8101,#8102);
#8101 = CARTESIAN_POINT('',(0.7,7.771561172376E-17));
#8102 = VECTOR('',#8103,1.);
#8103 = DIRECTION('',(0.,-1.));
#8104 = ( GEOMETRIC_REPRESENTATION_CONTEXT(2)
PARAMETRIC_REPRESENTATION_CONTEXT() REPRESENTATION_CONTEXT('2D SPACE',''
  ) );
#8105 = PCURVE('',#5963,#8106);
#8106 = DEFINITIONAL_REPRESENTATION('',(#8107),#8111);
#8107 = LINE('',#8108,#8109);
#8108 = CARTESIAN_POINT('',(0.8,0.));
#8109 = VECTOR('',#8110,1.);
#8110 = DIRECTION('',(0.,1.));
#8111 = ( GEOMETRIC_REPRESENTATION_CONTEXT(2)
PARAMETRIC_REPRESENTATION_CONTEXT() REPRESENTATION_CONTEXT('2D SPACE',''
  ) );
#8112 = ADVANCED_FACE('',(#8113),#5963,.F.);
#8113 = FACE_BOUND('',#8114,.F.);
#8114 = EDGE_LOOP('',(#8115,#8116,#8117,#8118));
#8115 = ORIENTED_EDGE('',*,*,#5947,.F.);
#8116 = ORIENTED_EDGE('',*,*,#8092,.F.);
#8117 = ORIENTED_EDGE('',*,*,#6166,.T.);
#8118 = ORIENTED_EDGE('',*,*,#6002,.F.);
#8119 = ADVANCED_FACE('',(#8120),#6280,.T.);
#8120 = FACE_BOUND('',#8121,.T.);
#8121 = EDGE_LOOP('',(#8122,#8123,#8144,#8145));
#8122 = ORIENTED_EDGE('',*,*,#6264,.F.);
#8123 = ORIENTED_EDGE('',*,*,#8124,.T.);
#8124 = EDGE_CURVE('',#6265,#6504,#8125,.T.);
#8125 = SURFACE_CURVE('',#8126,(#8130,#8137),.PCURVE_S1.);
#8126 = LINE('',#8127,#8128);
#8127 = CARTESIAN_POINT('',(-19.,16.8,538.69));
#8128 = VECTOR('',#8129,1.);
#8129 = DIRECTION('',(-1.,1.110223024625E-16,0.));
#8130 = PCURVE('',#6280,#8131);
#8131 = DEFINITIONAL_REPRESENTATION('',(#8132),#8136);
#8132 = LINE('',#8133,#8134);
#8133 = CARTESIAN_POINT('',(0.,0.));
#8134 = VECTOR('',#8135,1.);
#8135 = DIRECTION('',(0.,-1.));
#8136 = ( GEOMETRIC_REPRESENTATION_CONTEXT(2)
PARAMETRIC_REPRESENTATION_CONTEXT() REPRESENTATION_CONTEXT('2D SPACE',''
  ) );
#8137 = PCURVE('',#6308,#8138);
#8138 = DEFINITIONAL_REPRESENTATION('',(#8139),#8143);
#8139 = LINE('',#8140,#8141);
#8140 = CARTESIAN_POINT('',(0.9,9.992007221626E-17));
#8141 = VECTOR('',#8142,1.);
#8142 = DIRECTION('',(0.,1.));
#8143 = ( GEOMETRIC_REPRESENTATION_CONTEXT(2)
PARAMETRIC_REPRESENTATION_CONTEXT() REPRESENTATION_CONTEXT('2D SPACE',''
  ) );
#8144 = ORIENTED_EDGE('',*,*,#6503,.T.);
#8145 = ORIENTED_EDGE('',*,*,#6763,.F.);
#8146 = ADVANCED_FACE('',(#8147),#6308,.F.);
#8147 = FACE_BOUND('',#8148,.F.);
#8148 = EDGE_LOOP('',(#8149,#8170,#8171,#8172));
#8149 = ORIENTED_EDGE('',*,*,#8150,.F.);
#8150 = EDGE_CURVE('',#6293,#6527,#8151,.T.);
#8151 = SURFACE_CURVE('',#8152,(#8156,#8163),.PCURVE_S1.);
#8152 = LINE('',#8153,#8154);
#8153 = CARTESIAN_POINT('',(-19.,15.9,538.69));
#8154 = VECTOR('',#8155,1.);
#8155 = DIRECTION('',(-1.,1.110223024625E-16,0.));
#8156 = PCURVE('',#6308,#8157);
#8157 = DEFINITIONAL_REPRESENTATION('',(#8158),#8162);
#8158 = LINE('',#8159,#8160);
#8159 = CARTESIAN_POINT('',(0.,0.));
#8160 = VECTOR('',#8161,1.);
#8161 = DIRECTION('',(0.,1.));
#8162 = ( GEOMETRIC_REPRESENTATION_CONTEXT(2)
PARAMETRIC_REPRESENTATION_CONTEXT() REPRESENTATION_CONTEXT('2D SPACE',''
  ) );
#8163 = PCURVE('',#6336,#8164);
#8164 = DEFINITIONAL_REPRESENTATION('',(#8165),#8169);
#8165 = LINE('',#8166,#8167);
#8166 = CARTESIAN_POINT('',(0.,0.));
#8167 = VECTOR('',#8168,1.);
#8168 = DIRECTION('',(0.,-1.));
#8169 = ( GEOMETRIC_REPRESENTATION_CONTEXT(2)
PARAMETRIC_REPRESENTATION_CONTEXT() REPRESENTATION_CONTEXT('2D SPACE',''
  ) );
#8170 = ORIENTED_EDGE('',*,*,#6292,.T.);
#8171 = ORIENTED_EDGE('',*,*,#8124,.T.);
#8172 = ORIENTED_EDGE('',*,*,#6526,.F.);
#8173 = ADVANCED_FACE('',(#8174),#6336,.F.);
#8174 = FACE_BOUND('',#8175,.F.);
#8175 = EDGE_LOOP('',(#8176,#8177,#8178,#8179));
#8176 = ORIENTED_EDGE('',*,*,#6320,.F.);
#8177 = ORIENTED_EDGE('',*,*,#8150,.T.);
#8178 = ORIENTED_EDGE('',*,*,#6549,.T.);
#8179 = ORIENTED_EDGE('',*,*,#8180,.F.);
#8180 = EDGE_CURVE('',#6321,#6550,#8181,.T.);
#8181 = SURFACE_CURVE('',#8182,(#8186,#8193),.PCURVE_S1.);
#8182 = LINE('',#8183,#8184);
#8183 = CARTESIAN_POINT('',(-19.,15.9,540.59));
#8184 = VECTOR('',#8185,1.);
#8185 = DIRECTION('',(-1.,1.110223024625E-16,0.));
#8186 = PCURVE('',#6336,#8187);
#8187 = DEFINITIONAL_REPRESENTATION('',(#8188),#8192);
#8188 = LINE('',#8189,#8190);
#8189 = CARTESIAN_POINT('',(1.9,0.));
#8190 = VECTOR('',#8191,1.);
#8191 = DIRECTION('',(0.,-1.));
#8192 = ( GEOMETRIC_REPRESENTATION_CONTEXT(2)
PARAMETRIC_REPRESENTATION_CONTEXT() REPRESENTATION_CONTEXT('2D SPACE',''
  ) );
#8193 = PCURVE('',#6364,#8194);
#8194 = DEFINITIONAL_REPRESENTATION('',(#8195),#8199);
#8195 = LINE('',#8196,#8197);
#8196 = CARTESIAN_POINT('',(0.,0.));
#8197 = VECTOR('',#8198,1.);
#8198 = DIRECTION('',(0.,1.));
#8199 = ( GEOMETRIC_REPRESENTATION_CONTEXT(2)
PARAMETRIC_REPRESENTATION_CONTEXT() REPRESENTATION_CONTEXT('2D SPACE',''
  ) );
#8200 = ADVANCED_FACE('',(#8201),#6364,.T.);
#8201 = FACE_BOUND('',#8202,.T.);
#8202 = EDGE_LOOP('',(#8203,#8204,#8205,#8206));
#8203 = ORIENTED_EDGE('',*,*,#6572,.F.);
#8204 = ORIENTED_EDGE('',*,*,#8180,.F.);
#8205 = ORIENTED_EDGE('',*,*,#6348,.T.);
#8206 = ORIENTED_EDGE('',*,*,#8207,.F.);
#8207 = EDGE_CURVE('',#6573,#6349,#8208,.T.);
#8208 = SURFACE_CURVE('',#8209,(#8213,#8220),.PCURVE_S1.);
#8209 = LINE('',#8210,#8211);
#8210 = CARTESIAN_POINT('',(-19.,16.6,540.59));
#8211 = VECTOR('',#8212,1.);
#8212 = DIRECTION('',(1.,-1.110223024625E-16,0.));
#8213 = PCURVE('',#6364,#8214);
#8214 = DEFINITIONAL_REPRESENTATION('',(#8215),#8219);
#8215 = LINE('',#8216,#8217);
#8216 = CARTESIAN_POINT('',(0.7,7.771561172376E-17));
#8217 = VECTOR('',#8218,1.);
#8218 = DIRECTION('',(0.,-1.));
#8219 = ( GEOMETRIC_REPRESENTATION_CONTEXT(2)
PARAMETRIC_REPRESENTATION_CONTEXT() REPRESENTATION_CONTEXT('2D SPACE',''
  ) );
#8220 = PCURVE('',#6392,#8221);
#8221 = DEFINITIONAL_REPRESENTATION('',(#8222),#8226);
#8222 = LINE('',#8223,#8224);
#8223 = CARTESIAN_POINT('',(0.8,0.));
#8224 = VECTOR('',#8225,1.);
#8225 = DIRECTION('',(0.,1.));
#8226 = ( GEOMETRIC_REPRESENTATION_CONTEXT(2)
PARAMETRIC_REPRESENTATION_CONTEXT() REPRESENTATION_CONTEXT('2D SPACE',''
  ) );
#8227 = ADVANCED_FACE('',(#8228),#6392,.F.);
#8228 = FACE_BOUND('',#8229,.F.);
#8229 = EDGE_LOOP('',(#8230,#8231,#8232,#8233));
#8230 = ORIENTED_EDGE('',*,*,#6376,.F.);
#8231 = ORIENTED_EDGE('',*,*,#8207,.F.);
#8232 = ORIENTED_EDGE('',*,*,#6595,.T.);
#8233 = ORIENTED_EDGE('',*,*,#6431,.F.);
#8234 = ADVANCED_FACE('',(#8235),#6807,.F.);
#8235 = FACE_BOUND('',#8236,.F.);
#8236 = EDGE_LOOP('',(#8237,#8258,#8259,#8280));
#8237 = ORIENTED_EDGE('',*,*,#8238,.F.);
#8238 = EDGE_CURVE('',#6790,#7076,#8239,.T.);
#8239 = SURFACE_CURVE('',#8240,(#8244,#8251),.PCURVE_S1.);
#8240 = LINE('',#8241,#8242);
#8241 = CARTESIAN_POINT('',(-27.7,15.9,522.3));
#8242 = VECTOR('',#8243,1.);
#8243 = DIRECTION('',(0.,0.,1.));
#8244 = PCURVE('',#6807,#8245);
#8245 = DEFINITIONAL_REPRESENTATION('',(#8246),#8250);
#8246 = LINE('',#8247,#8248);
#8247 = CARTESIAN_POINT('',(0.,0.));
#8248 = VECTOR('',#8249,1.);
#8249 = DIRECTION('',(1.,0.));
#8250 = ( GEOMETRIC_REPRESENTATION_CONTEXT(2)
PARAMETRIC_REPRESENTATION_CONTEXT() REPRESENTATION_CONTEXT('2D SPACE',''
  ) );
#8251 = PCURVE('',#6835,#8252);
#8252 = DEFINITIONAL_REPRESENTATION('',(#8253),#8257);
#8253 = LINE('',#8254,#8255);
#8254 = CARTESIAN_POINT('',(0.,0.));
#8255 = VECTOR('',#8256,1.);
#8256 = DIRECTION('',(1.,0.));
#8257 = ( GEOMETRIC_REPRESENTATION_CONTEXT(2)
PARAMETRIC_REPRESENTATION_CONTEXT() REPRESENTATION_CONTEXT('2D SPACE',''
  ) );
#8258 = ORIENTED_EDGE('',*,*,#6789,.T.);
#8259 = ORIENTED_EDGE('',*,*,#8260,.T.);
#8260 = EDGE_CURVE('',#6792,#7078,#8261,.T.);
#8261 = SURFACE_CURVE('',#8262,(#8266,#8273),.PCURVE_S1.);
#8262 = LINE('',#8263,#8264);
#8263 = CARTESIAN_POINT('',(-29.2,15.9,522.3));
#8264 = VECTOR('',#8265,1.);
#8265 = DIRECTION('',(0.,0.,1.));
#8266 = PCURVE('',#6807,#8267);
#8267 = DEFINITIONAL_REPRESENTATION('',(#8268),#8272);
#8268 = LINE('',#8269,#8270);
#8269 = CARTESIAN_POINT('',(0.,-1.5));
#8270 = VECTOR('',#8271,1.);
#8271 = DIRECTION('',(1.,0.));
#8272 = ( GEOMETRIC_REPRESENTATION_CONTEXT(2)
PARAMETRIC_REPRESENTATION_CONTEXT() REPRESENTATION_CONTEXT('2D SPACE',''
  ) );
#8273 = PCURVE('',#6962,#8274);
#8274 = DEFINITIONAL_REPRESENTATION('',(#8275),#8279);
#8275 = LINE('',#8276,#8277);
#8276 = CARTESIAN_POINT('',(0.,0.));
#8277 = VECTOR('',#8278,1.);
#8278 = DIRECTION('',(1.,0.));
#8279 = ( GEOMETRIC_REPRESENTATION_CONTEXT(2)
PARAMETRIC_REPRESENTATION_CONTEXT() REPRESENTATION_CONTEXT('2D SPACE',''
  ) );
#8280 = ORIENTED_EDGE('',*,*,#7075,.F.);
#8281 = ADVANCED_FACE('',(#8282),#6835,.F.);
#8282 = FACE_BOUND('',#8283,.F.);
#8283 = EDGE_LOOP('',(#8284,#8285,#8286,#8287));
#8284 = ORIENTED_EDGE('',*,*,#6819,.F.);
#8285 = ORIENTED_EDGE('',*,*,#8238,.T.);
#8286 = ORIENTED_EDGE('',*,*,#7100,.T.);
#8287 = ORIENTED_EDGE('',*,*,#8288,.F.);
#8288 = EDGE_CURVE('',#6820,#7101,#8289,.T.);
#8289 = SURFACE_CURVE('',#8290,(#8294,#8301),.PCURVE_S1.);
#8290 = LINE('',#8291,#8292);
#8291 = CARTESIAN_POINT('',(-27.7,16.8,522.3));
#8292 = VECTOR('',#8293,1.);
#8293 = DIRECTION('',(0.,0.,1.));
#8294 = PCURVE('',#6835,#8295);
#8295 = DEFINITIONAL_REPRESENTATION('',(#8296),#8300);
#8296 = LINE('',#8297,#8298);
#8297 = CARTESIAN_POINT('',(0.,0.9));
#8298 = VECTOR('',#8299,1.);
#8299 = DIRECTION('',(1.,0.));
#8300 = ( GEOMETRIC_REPRESENTATION_CONTEXT(2)
PARAMETRIC_REPRESENTATION_CONTEXT() REPRESENTATION_CONTEXT('2D SPACE',''
  ) );
#8301 = PCURVE('',#6863,#8302);
#8302 = DEFINITIONAL_REPRESENTATION('',(#8303),#8307);
#8303 = LINE('',#8304,#8305);
#8304 = CARTESIAN_POINT('',(0.,0.));
#8305 = VECTOR('',#8306,1.);
#8306 = DIRECTION('',(1.,0.));
#8307 = ( GEOMETRIC_REPRESENTATION_CONTEXT(2)
PARAMETRIC_REPRESENTATION_CONTEXT() REPRESENTATION_CONTEXT('2D SPACE',''
  ) );
#8308 = ADVANCED_FACE('',(#8309),#6863,.T.);
#8309 = FACE_BOUND('',#8310,.T.);
#8310 = EDGE_LOOP('',(#8311,#8312,#8313,#8314));
#8311 = ORIENTED_EDGE('',*,*,#7123,.F.);
#8312 = ORIENTED_EDGE('',*,*,#8288,.F.);
#8313 = ORIENTED_EDGE('',*,*,#6847,.T.);
#8314 = ORIENTED_EDGE('',*,*,#7027,.T.);
#8315 = ADVANCED_FACE('',(#8316),#6936,.T.);
#8316 = FACE_BOUND('',#8317,.T.);
#8317 = EDGE_LOOP('',(#8318,#8319,#8320,#8321));
#8318 = ORIENTED_EDGE('',*,*,#7147,.F.);
#8319 = ORIENTED_EDGE('',*,*,#6978,.F.);
#8320 = ORIENTED_EDGE('',*,*,#6920,.T.);
#8321 = ORIENTED_EDGE('',*,*,#8322,.T.);
#8322 = EDGE_CURVE('',#6921,#7148,#8323,.T.);
#8323 = SURFACE_CURVE('',#8324,(#8328,#8335),.PCURVE_S1.);
#8324 = LINE('',#8325,#8326);
#8325 = CARTESIAN_POINT('',(-29.2,16.8,522.3));
#8326 = VECTOR('',#8327,1.);
#8327 = DIRECTION('',(0.,0.,1.));
#8328 = PCURVE('',#6936,#8329);
#8329 = DEFINITIONAL_REPRESENTATION('',(#8330),#8334);
#8330 = LINE('',#8331,#8332);
#8331 = CARTESIAN_POINT('',(0.,-1.5));
#8332 = VECTOR('',#8333,1.);
#8333 = DIRECTION('',(1.,0.));
#8334 = ( GEOMETRIC_REPRESENTATION_CONTEXT(2)
PARAMETRIC_REPRESENTATION_CONTEXT() REPRESENTATION_CONTEXT('2D SPACE',''
  ) );
#8335 = PCURVE('',#6962,#8336);
#8336 = DEFINITIONAL_REPRESENTATION('',(#8337),#8341);
#8337 = LINE('',#8338,#8339);
#8338 = CARTESIAN_POINT('',(0.,0.9));
#8339 = VECTOR('',#8340,1.);
#8340 = DIRECTION('',(1.,0.));
#8341 = ( GEOMETRIC_REPRESENTATION_CONTEXT(2)
PARAMETRIC_REPRESENTATION_CONTEXT() REPRESENTATION_CONTEXT('2D SPACE',''
  ) );
#8342 = ADVANCED_FACE('',(#8343),#6962,.T.);
#8343 = FACE_BOUND('',#8344,.T.);
#8344 = EDGE_LOOP('',(#8345,#8346,#8347,#8348));
#8345 = ORIENTED_EDGE('',*,*,#6948,.F.);
#8346 = ORIENTED_EDGE('',*,*,#8260,.T.);
#8347 = ORIENTED_EDGE('',*,*,#7170,.T.);
#8348 = ORIENTED_EDGE('',*,*,#8322,.F.);
#8349 = ADVANCED_FACE('',(#8350),#7212,.F.);
#8350 = FACE_BOUND('',#8351,.F.);
#8351 = EDGE_LOOP('',(#8352,#8373,#8374,#8395));
#8352 = ORIENTED_EDGE('',*,*,#8353,.F.);
#8353 = EDGE_CURVE('',#7195,#7481,#8354,.T.);
#8354 = SURFACE_CURVE('',#8355,(#8359,#8366),.PCURVE_S1.);
#8355 = LINE('',#8356,#8357);
#8356 = CARTESIAN_POINT('',(-0.8,15.9,522.3));
#8357 = VECTOR('',#8358,1.);
#8358 = DIRECTION('',(0.,0.,1.));
#8359 = PCURVE('',#7212,#8360);
#8360 = DEFINITIONAL_REPRESENTATION('',(#8361),#8365);
#8361 = LINE('',#8362,#8363);
#8362 = CARTESIAN_POINT('',(0.,0.));
#8363 = VECTOR('',#8364,1.);
#8364 = DIRECTION('',(1.,0.));
#8365 = ( GEOMETRIC_REPRESENTATION_CONTEXT(2)
PARAMETRIC_REPRESENTATION_CONTEXT() REPRESENTATION_CONTEXT('2D SPACE',''
  ) );
#8366 = PCURVE('',#7240,#8367);
#8367 = DEFINITIONAL_REPRESENTATION('',(#8368),#8372);
#8368 = LINE('',#8369,#8370);
#8369 = CARTESIAN_POINT('',(0.,0.));
#8370 = VECTOR('',#8371,1.);
#8371 = DIRECTION('',(1.,0.));
#8372 = ( GEOMETRIC_REPRESENTATION_CONTEXT(2)
PARAMETRIC_REPRESENTATION_CONTEXT() REPRESENTATION_CONTEXT('2D SPACE',''
  ) );
#8373 = ORIENTED_EDGE('',*,*,#7194,.T.);
#8374 = ORIENTED_EDGE('',*,*,#8375,.T.);
#8375 = EDGE_CURVE('',#7197,#7483,#8376,.T.);
#8376 = SURFACE_CURVE('',#8377,(#8381,#8388),.PCURVE_S1.);
#8377 = LINE('',#8378,#8379);
#8378 = CARTESIAN_POINT('',(-2.3,15.9,522.3));
#8379 = VECTOR('',#8380,1.);
#8380 = DIRECTION('',(0.,0.,1.));
#8381 = PCURVE('',#7212,#8382);
#8382 = DEFINITIONAL_REPRESENTATION('',(#8383),#8387);
#8383 = LINE('',#8384,#8385);
#8384 = CARTESIAN_POINT('',(0.,-1.5));
#8385 = VECTOR('',#8386,1.);
#8386 = DIRECTION('',(1.,0.));
#8387 = ( GEOMETRIC_REPRESENTATION_CONTEXT(2)
PARAMETRIC_REPRESENTATION_CONTEXT() REPRESENTATION_CONTEXT('2D SPACE',''
  ) );
#8388 = PCURVE('',#7367,#8389);
#8389 = DEFINITIONAL_REPRESENTATION('',(#8390),#8394);
#8390 = LINE('',#8391,#8392);
#8391 = CARTESIAN_POINT('',(0.,0.));
#8392 = VECTOR('',#8393,1.);
#8393 = DIRECTION('',(1.,0.));
#8394 = ( GEOMETRIC_REPRESENTATION_CONTEXT(2)
PARAMETRIC_REPRESENTATION_CONTEXT() REPRESENTATION_CONTEXT('2D SPACE',''
  ) );
#8395 = ORIENTED_EDGE('',*,*,#7480,.F.);
#8396 = ADVANCED_FACE('',(#8397),#7240,.F.);
#8397 = FACE_BOUND('',#8398,.F.);
#8398 = EDGE_LOOP('',(#8399,#8400,#8401,#8402));
#8399 = ORIENTED_EDGE('',*,*,#7224,.F.);
#8400 = ORIENTED_EDGE('',*,*,#8353,.T.);
#8401 = ORIENTED_EDGE('',*,*,#7505,.T.);
#8402 = ORIENTED_EDGE('',*,*,#8403,.F.);
#8403 = EDGE_CURVE('',#7225,#7506,#8404,.T.);
#8404 = SURFACE_CURVE('',#8405,(#8409,#8416),.PCURVE_S1.);
#8405 = LINE('',#8406,#8407);
#8406 = CARTESIAN_POINT('',(-0.8,16.8,522.3));
#8407 = VECTOR('',#8408,1.);
#8408 = DIRECTION('',(0.,0.,1.));
#8409 = PCURVE('',#7240,#8410);
#8410 = DEFINITIONAL_REPRESENTATION('',(#8411),#8415);
#8411 = LINE('',#8412,#8413);
#8412 = CARTESIAN_POINT('',(0.,0.9));
#8413 = VECTOR('',#8414,1.);
#8414 = DIRECTION('',(1.,0.));
#8415 = ( GEOMETRIC_REPRESENTATION_CONTEXT(2)
PARAMETRIC_REPRESENTATION_CONTEXT() REPRESENTATION_CONTEXT('2D SPACE',''
  ) );
#8416 = PCURVE('',#7268,#8417);
#8417 = DEFINITIONAL_REPRESENTATION('',(#8418),#8422);
#8418 = LINE('',#8419,#8420);
#8419 = CARTESIAN_POINT('',(0.,0.));
#8420 = VECTOR('',#8421,1.);
#8421 = DIRECTION('',(1.,0.));
#8422 = ( GEOMETRIC_REPRESENTATION_CONTEXT(2)
PARAMETRIC_REPRESENTATION_CONTEXT() REPRESENTATION_CONTEXT('2D SPACE',''
  ) );
#8423 = ADVANCED_FACE('',(#8424),#7268,.T.);
#8424 = FACE_BOUND('',#8425,.T.);
#8425 = EDGE_LOOP('',(#8426,#8427,#8428,#8429));
#8426 = ORIENTED_EDGE('',*,*,#7528,.F.);
#8427 = ORIENTED_EDGE('',*,*,#8403,.F.);
#8428 = ORIENTED_EDGE('',*,*,#7252,.T.);
#8429 = ORIENTED_EDGE('',*,*,#7432,.T.);
#8430 = ADVANCED_FACE('',(#8431),#7341,.T.);
#8431 = FACE_BOUND('',#8432,.T.);
#8432 = EDGE_LOOP('',(#8433,#8434,#8435,#8436));
#8433 = ORIENTED_EDGE('',*,*,#7552,.F.);
#8434 = ORIENTED_EDGE('',*,*,#7383,.F.);
#8435 = ORIENTED_EDGE('',*,*,#7325,.T.);
#8436 = ORIENTED_EDGE('',*,*,#8437,.T.);
#8437 = EDGE_CURVE('',#7326,#7553,#8438,.T.);
#8438 = SURFACE_CURVE('',#8439,(#8443,#8450),.PCURVE_S1.);
#8439 = LINE('',#8440,#8441);
#8440 = CARTESIAN_POINT('',(-2.3,16.8,522.3));
#8441 = VECTOR('',#8442,1.);
#8442 = DIRECTION('',(0.,0.,1.));
#8443 = PCURVE('',#7341,#8444);
#8444 = DEFINITIONAL_REPRESENTATION('',(#8445),#8449);
#8445 = LINE('',#8446,#8447);
#8446 = CARTESIAN_POINT('',(0.,-1.5));
#8447 = VECTOR('',#8448,1.);
#8448 = DIRECTION('',(1.,0.));
#8449 = ( GEOMETRIC_REPRESENTATION_CONTEXT(2)
PARAMETRIC_REPRESENTATION_CONTEXT() REPRESENTATION_CONTEXT('2D SPACE',''
  ) );
#8450 = PCURVE('',#7367,#8451);
#8451 = DEFINITIONAL_REPRESENTATION('',(#8452),#8456);
#8452 = LINE('',#8453,#8454);
#8453 = CARTESIAN_POINT('',(0.,0.9));
#8454 = VECTOR('',#8455,1.);
#8455 = DIRECTION('',(1.,0.));
#8456 = ( GEOMETRIC_REPRESENTATION_CONTEXT(2)
PARAMETRIC_REPRESENTATION_CONTEXT() REPRESENTATION_CONTEXT('2D SPACE',''
  ) );
#8457 = ADVANCED_FACE('',(#8458),#7367,.T.);
#8458 = FACE_BOUND('',#8459,.T.);
#8459 = EDGE_LOOP('',(#8460,#8461,#8462,#8463));
#8460 = ORIENTED_EDGE('',*,*,#7353,.F.);
#8461 = ORIENTED_EDGE('',*,*,#8375,.T.);
#8462 = ORIENTED_EDGE('',*,*,#7575,.T.);
#8463 = ORIENTED_EDGE('',*,*,#8437,.F.);
#8464 = ADVANCED_FACE('',(#8465),#7617,.F.);
#8465 = FACE_BOUND('',#8466,.F.);
#8466 = EDGE_LOOP('',(#8467,#8488,#8489,#8510));
#8467 = ORIENTED_EDGE('',*,*,#8468,.F.);
#8468 = EDGE_CURVE('',#7600,#7886,#8469,.T.);
#8469 = SURFACE_CURVE('',#8470,(#8474,#8481),.PCURVE_S1.);
#8470 = LINE('',#8471,#8472);
#8471 = CARTESIAN_POINT('',(-0.8,15.9,534.7));
#8472 = VECTOR('',#8473,1.);
#8473 = DIRECTION('',(0.,0.,1.));
#8474 = PCURVE('',#7617,#8475);
#8475 = DEFINITIONAL_REPRESENTATION('',(#8476),#8480);
#8476 = LINE('',#8477,#8478);
#8477 = CARTESIAN_POINT('',(0.,0.));
#8478 = VECTOR('',#8479,1.);
#8479 = DIRECTION('',(1.,0.));
#8480 = ( GEOMETRIC_REPRESENTATION_CONTEXT(2)
PARAMETRIC_REPRESENTATION_CONTEXT() REPRESENTATION_CONTEXT('2D SPACE',''
  ) );
#8481 = PCURVE('',#7645,#8482);
#8482 = DEFINITIONAL_REPRESENTATION('',(#8483),#8487);
#8483 = LINE('',#8484,#8485);
#8484 = CARTESIAN_POINT('',(0.,0.));
#8485 = VECTOR('',#8486,1.);
#8486 = DIRECTION('',(1.,0.));
#8487 = ( GEOMETRIC_REPRESENTATION_CONTEXT(2)
PARAMETRIC_REPRESENTATION_CONTEXT() REPRESENTATION_CONTEXT('2D SPACE',''
  ) );
#8488 = ORIENTED_EDGE('',*,*,#7599,.T.);
#8489 = ORIENTED_EDGE('',*,*,#8490,.T.);
#8490 = EDGE_CURVE('',#7602,#7888,#8491,.T.);
#8491 = SURFACE_CURVE('',#8492,(#8496,#8503),.PCURVE_S1.);
#8492 = LINE('',#8493,#8494);
#8493 = CARTESIAN_POINT('',(-2.3,15.9,534.7));
#8494 = VECTOR('',#8495,1.);
#8495 = DIRECTION('',(0.,0.,1.));
#8496 = PCURVE('',#7617,#8497);
#8497 = DEFINITIONAL_REPRESENTATION('',(#8498),#8502);
#8498 = LINE('',#8499,#8500);
#8499 = CARTESIAN_POINT('',(0.,-1.5));
#8500 = VECTOR('',#8501,1.);
#8501 = DIRECTION('',(1.,0.));
#8502 = ( GEOMETRIC_REPRESENTATION_CONTEXT(2)
PARAMETRIC_REPRESENTATION_CONTEXT() REPRESENTATION_CONTEXT('2D SPACE',''
  ) );
#8503 = PCURVE('',#7772,#8504);
#8504 = DEFINITIONAL_REPRESENTATION('',(#8505),#8509);
#8505 = LINE('',#8506,#8507);
#8506 = CARTESIAN_POINT('',(0.,0.));
#8507 = VECTOR('',#8508,1.);
#8508 = DIRECTION('',(1.,0.));
#8509 = ( GEOMETRIC_REPRESENTATION_CONTEXT(2)
PARAMETRIC_REPRESENTATION_CONTEXT() REPRESENTATION_CONTEXT('2D SPACE',''
  ) );
#8510 = ORIENTED_EDGE('',*,*,#7885,.F.);
#8511 = ADVANCED_FACE('',(#8512),#7645,.F.);
#8512 = FACE_BOUND('',#8513,.F.);
#8513 = EDGE_LOOP('',(#8514,#8515,#8516,#8517));
#8514 = ORIENTED_EDGE('',*,*,#7629,.F.);
#8515 = ORIENTED_EDGE('',*,*,#8468,.T.);
#8516 = ORIENTED_EDGE('',*,*,#7910,.T.);
#8517 = ORIENTED_EDGE('',*,*,#8518,.F.);
#8518 = EDGE_CURVE('',#7630,#7911,#8519,.T.);
#8519 = SURFACE_CURVE('',#8520,(#8524,#8531),.PCURVE_S1.);
#8520 = LINE('',#8521,#8522);
#8521 = CARTESIAN_POINT('',(-0.8,16.8,534.7));
#8522 = VECTOR('',#8523,1.);
#8523 = DIRECTION('',(0.,0.,1.));
#8524 = PCURVE('',#7645,#8525);
#8525 = DEFINITIONAL_REPRESENTATION('',(#8526),#8530);
#8526 = LINE('',#8527,#8528);
#8527 = CARTESIAN_POINT('',(0.,0.9));
#8528 = VECTOR('',#8529,1.);
#8529 = DIRECTION('',(1.,0.));
#8530 = ( GEOMETRIC_REPRESENTATION_CONTEXT(2)
PARAMETRIC_REPRESENTATION_CONTEXT() REPRESENTATION_CONTEXT('2D SPACE',''
  ) );
#8531 = PCURVE('',#7673,#8532);
#8532 = DEFINITIONAL_REPRESENTATION('',(#8533),#8537);
#8533 = LINE('',#8534,#8535);
#8534 = CARTESIAN_POINT('',(0.,0.));
#8535 = VECTOR('',#8536,1.);
#8536 = DIRECTION('',(1.,0.));
#8537 = ( GEOMETRIC_REPRESENTATION_CONTEXT(2)
PARAMETRIC_REPRESENTATION_CONTEXT() REPRESENTATION_CONTEXT('2D SPACE',''
  ) );
#8538 = ADVANCED_FACE('',(#8539),#7673,.T.);
#8539 = FACE_BOUND('',#8540,.T.);
#8540 = EDGE_LOOP('',(#8541,#8542,#8543,#8544));
#8541 = ORIENTED_EDGE('',*,*,#7933,.F.);
#8542 = ORIENTED_EDGE('',*,*,#8518,.F.);
#8543 = ORIENTED_EDGE('',*,*,#7657,.T.);
#8544 = ORIENTED_EDGE('',*,*,#7837,.T.);
#8545 = ADVANCED_FACE('',(#8546),#7746,.T.);
#8546 = FACE_BOUND('',#8547,.T.);
#8547 = EDGE_LOOP('',(#8548,#8549,#8550,#8551));
#8548 = ORIENTED_EDGE('',*,*,#7957,.F.);
#8549 = ORIENTED_EDGE('',*,*,#7788,.F.);
#8550 = ORIENTED_EDGE('',*,*,#7730,.T.);
#8551 = ORIENTED_EDGE('',*,*,#8552,.T.);
#8552 = EDGE_CURVE('',#7731,#7958,#8553,.T.);
#8553 = SURFACE_CURVE('',#8554,(#8558,#8565),.PCURVE_S1.);
#8554 = LINE('',#8555,#8556);
#8555 = CARTESIAN_POINT('',(-2.3,16.8,534.7));
#8556 = VECTOR('',#8557,1.);
#8557 = DIRECTION('',(0.,0.,1.));
#8558 = PCURVE('',#7746,#8559);
#8559 = DEFINITIONAL_REPRESENTATION('',(#8560),#8564);
#8560 = LINE('',#8561,#8562);
#8561 = CARTESIAN_POINT('',(0.,-1.5));
#8562 = VECTOR('',#8563,1.);
#8563 = DIRECTION('',(1.,0.));
#8564 = ( GEOMETRIC_REPRESENTATION_CONTEXT(2)
PARAMETRIC_REPRESENTATION_CONTEXT() REPRESENTATION_CONTEXT('2D SPACE',''
  ) );
#8565 = PCURVE('',#7772,#8566);
#8566 = DEFINITIONAL_REPRESENTATION('',(#8567),#8571);
#8567 = LINE('',#8568,#8569);
#8568 = CARTESIAN_POINT('',(0.,0.9));
#8569 = VECTOR('',#8570,1.);
#8570 = DIRECTION('',(1.,0.));
#8571 = ( GEOMETRIC_REPRESENTATION_CONTEXT(2)
PARAMETRIC_REPRESENTATION_CONTEXT() REPRESENTATION_CONTEXT('2D SPACE',''
  ) );
#8572 = ADVANCED_FACE('',(#8573),#7772,.T.);
#8573 = FACE_BOUND('',#8574,.T.);
#8574 = EDGE_LOOP('',(#8575,#8576,#8577,#8578));
#8575 = ORIENTED_EDGE('',*,*,#7758,.F.);
#8576 = ORIENTED_EDGE('',*,*,#8490,.T.);
#8577 = ORIENTED_EDGE('',*,*,#7980,.T.);
#8578 = ORIENTED_EDGE('',*,*,#8552,.F.);
#8579 = ( GEOMETRIC_REPRESENTATION_CONTEXT(3)
GLOBAL_UNCERTAINTY_ASSIGNED_CONTEXT((#8583))
GLOBAL_UNIT_ASSIGNED_CONTEXT((#8580,#8581,#8582)) REPRESENTATION_CONTEXT
('Context #1','3D Context with UNIT and UNCERTAINTY') );
#8580 = ( LENGTH_UNIT() NAMED_UNIT(*) SI_UNIT(.MILLI.,.METRE.) );
#8581 = ( NAMED_UNIT(*) PLANE_ANGLE_UNIT() SI_UNIT($,.RADIAN.) );
#8582 = ( NAMED_UNIT(*) SI_UNIT($,.STERADIAN.) SOLID_ANGLE_UNIT() );
#8583 = UNCERTAINTY_MEASURE_WITH_UNIT(LENGTH_MEASURE(1.E-07),#8580,
  'distance_accuracy_value','confusion accuracy');
#8584 = PRODUCT_RELATED_PRODUCT_CATEGORY('part',$,(#7));
ENDSEC;
END-ISO-10303-21;
